affine,,,,,,,,,,,,,,,,,,,,,,,,,,,,,,,,,,,,,,,,,,,,,,,
,Unknown,Left-Cerebral-White-Matter,Left-Cerebral-Cortex,Left-Lateral-Ventricle,Left-Inf-Lat-Vent,Left-Cerebellum-White-Matter,Left-Cerebellum-Cortex,Left-Thalamus-Proper*,Left-Caudate,Left-Putamen,Left-Pallidum,3rd-Ventricle,4th-Ventricle,Brain-Stem,Left-Hippocampus,Left-Amygdala,CSF,Left-Accumbens-area,Left-VentralDC,Left-vessel,Left-choroid-plexus,Right-Cerebral-White-Matter,Right-Cerebral-Cortex,Right-Lateral-Ventricle,Right-Inf-Lat-Vent,Right-Cerebellum-White-Matter,Right-Cerebellum-Cortex,Right-Thalamus-Proper*,Right-Caudate,Right-Putamen,Right-Pallidum,Right-Hippocampus,Right-Amygdala,Right-Accumbens-area,Right-VentralDC,Right-vessel,Right-choroid-plexus,5th-Ventricle,WM-hypointensities,non-WM-hypointensities,Optic-Chiasm,CC_Posterior,CC_Mid_Posterior,CC_Central,CC_Mid_Anterior,CC_Anterior,non_jec
p_0,0.953814726,0.633593025,0.521126365,0.316649061,0.016336056,0.6303902,0.664162785,0.504456685,0.280332554,0.371262674,0.200790146,0.109001837,0.060823755,0.568188343,0.458284158,0.293206197,0.145871899,0.476119399,0.491236855,0,0.066066066,0.585480278,0.393027618,0.351106586,0.012332991,0.530661908,0.653259687,0.677272478,0.301776717,0.514370837,0.607518093,0.516579406,0.283592167,0.188172042,0.581387478,0.272727231,0.079461279,0,0,0,0.168807336,0,0,0,0,0,0
p_1,0.955228259,0.644037249,0.501554643,0.350941275,0,0.626890756,0.691248033,0.625100644,0.407858918,0.428704422,0.414914716,0.000825083,0.241214057,0.646298148,0.640288452,0.624878047,0.142312579,0.443181815,0.451810216,0,0.074652777,0.611770178,0.449268627,0.193361859,0,0.593175283,0.678312728,0.512405609,0.142872771,0.344362553,0.268255188,0.511826008,0.454229431,0,0.412383177,0,0.001515152,0,0.001699235,0,0,0,0,0,0,0,0
p_2,0.953569725,0.632703245,0.506646437,0.353035144,0.060416666,0.609467288,0.644754782,0.534808566,0.484507746,0.496075069,0.369186046,0.048648648,0.144815601,0.604554712,0.356233582,0.278131634,0.118305355,0.603248255,0.522201542,0,0.088060965,0.580976249,0.407466132,0.3328125,0.028011204,0.509752547,0.614197489,0.624950042,0.187057387,0.482746225,0.59241593,0.399597585,0.306182531,0.07821229,0.544101633,0,0.028328612,0,0.002503129,0,0.109533466,0,0,0,0,0,0
p_3,0.951941728,0.620655395,0.498433163,0.232699551,0.03125,0.581420073,0.549423036,0.483255311,0.398227782,0.363395005,0.242198801,0.10760795,0.069096072,0.549614797,0.402836618,0.205366357,0.071779373,0.384775084,0.428431532,0,0.00672495,0.57983881,0.404006477,0.456990145,0.00921659,0.575443749,0.630865069,0.609752038,0.475864597,0.570021881,0.554316397,0.49251132,0.273330175,0.005072923,0.508607068,0,0.003284072,0,0,0,0.064171121,0,0,0,0,0,0
p_4,0.946493459,0.588819029,0.47013092,0.434327791,0.080610021,0.506378391,0.581164003,0.409664735,0.390443535,0.269056032,0.126213592,0.063357972,0.071107638,0.511249661,0.456986416,0.236583309,0.12345679,0.322535209,0.394880174,0,0.018055555,0.582772819,0.396500776,0.49661383,0.069026548,0.48672189,0.614922391,0.601300166,0.400396869,0.562342251,0.494218997,0.531645569,0.274001037,0.004175365,0.406826568,0,0.003232759,0,0.00177305,0,0.04074074,0,0,0,0,0,0
p_5,0.951763516,0.60371528,0.479058379,0.482238427,0.035595105,0.607001746,0.624507944,0.615923009,0.245417396,0.442837465,0.353958143,0.275165849,0.061496099,0.634895024,0.628742514,0.571264035,0.306220095,0.59276366,0.578670845,0,0.202988791,0.596437693,0.42646829,0.487466884,0.132608694,0.491492311,0.590703015,0.738343141,0.636311765,0.685151593,0.687635052,0.566391811,0.666162379,0.235478805,0.612477099,0.393442558,0.007799443,0,0,0,0.304431593,0,0,0,0,0,0
p_6,0.945891969,0.587780666,0.458318679,0.376744872,0.003913894,0.616912161,0.671496141,0.401036538,0.164788732,0.232836905,0.11292517,0.116002379,0.202075582,0.621377044,0.404952522,0.21483887,0.040983606,0.413672214,0.454330176,0,0.012413793,0.564221939,0.368710665,0.495141171,0.002166847,0.508514712,0.625182505,0.602916433,0.654311396,0.598012147,0.576599869,0.484223624,0.230603962,0,0.520270849,0,0.013013013,0,0,0,0.089330023,0,0,0,0,0,0
p_7,0.949095104,0.60888733,0.479991789,0.307034101,0.012024048,0.603010235,0.645957281,0.489096737,0.431222984,0.511826159,0.265581395,0.09009009,0.173844949,0.631745115,0.493496557,0.347443649,0.051710421,0.269065979,0.363059634,0,0.019863439,0.572221367,0.388910707,0.466045805,0,0.518710954,0.623894337,0.597291518,0.527090623,0.514535844,0.489843027,0.498492657,0.273863068,0.003134796,0.400381133,0,0.011641443,0,0,0,0.03642384,0,0,0,0,0,0
p_8,0.952488992,0.62169386,0.491477822,0.291218371,0.043010752,0.625613137,0.708617525,0.453893336,0.464864864,0.376218494,0.175238095,0.088255733,0.110196327,0.557477979,0.30023192,0.123833757,0.110032362,0.33935585,0.421319353,0,0.022692889,0.589569731,0.41865114,0.333878123,0.019113814,0.516312791,0.654605663,0.649028657,0.250586927,0.518787021,0.590795737,0.499950597,0.331517509,0.028614458,0.530335861,0,0.114987079,0,0,0,0.028985507,0,0,0,0,0,0
p_9,0.952855994,0.633375661,0.483905471,0.384754651,0.12121212,0.543479548,0.637840047,0.432387032,0.327295132,0.349700399,0.238410596,0.017749092,0.060396894,0.576753419,0.571798188,0.403449337,0.0243309,0.391401035,0.415338914,0,0.017675051,0.604787128,0.415856252,0.367876569,0.024365482,0.511490795,0.641481234,0.505001724,0.221151586,0.439036973,0.419899188,0.388363636,0.233497281,0,0.377995848,0,0,0,0,0,0.066914497,0,0,0,0,0,0
p_10,0.954476662,0.638290653,0.480080818,0.231960846,0,0.70865479,0.795806093,0.452008811,0.465332472,0.483731395,0.277970812,0.151291512,0.276007005,0.631331519,0.348986346,0.230399094,0.116129032,0.208877283,0.385406593,0,0.039138943,0.601637586,0.38300337,0.391735706,0.042813455,0.611881575,0.727078052,0.610397908,0.485867073,0.560451596,0.498360655,0.57261171,0.21756487,0.027095681,0.439329406,0.048192765,0.002222222,0,0,0,0.030172413,0,0,0,0,0,0
p_11,0.949624288,0.620066357,0.507136585,0.421665454,0.154630415,0.54902992,0.585235225,0.4380984,0.452115545,0.510484335,0.318543799,0.076197387,0.02027027,0.51958199,0.546210172,0.403914106,0.08846426,0.511749343,0.397490732,0,0.100422832,0.568378356,0.39498554,0.409493447,0.136463682,0.436864191,0.57620535,0.552472015,0.386055217,0.531902504,0.572297612,0.610314906,0.445404367,0.036866359,0.463435454,0,0.005623243,0,0.00259909,0,0.124763703,0,0,0,0,0,0
p_12,0.947900391,0.612169871,0.486052369,0.362164593,0.049382715,0.598282919,0.657987386,0.513393573,0.419717288,0.351589781,0.221933246,0.04415182,0.13552717,0.576037952,0.491873898,0.330546264,0.144380639,0.375979109,0.459001622,0,0.058276503,0.572518158,0.37452017,0.379303839,0.047945205,0.53821745,0.630193181,0.623887982,0.292867475,0.555404054,0.48153153,0.60504518,0.328381962,0.007794232,0.451003542,0,0.004904966,0,0,0,0.03030303,0,0,0,0,0,0
p_13,0.950576221,0.632583385,0.465991357,0.394682289,0.068235293,0.550925553,0.613934536,0.517701149,0.516920876,0.381558575,0.223444029,0.022959184,0.042239686,0.564083444,0.485842921,0.210409745,0.09492635,0.559804715,0.440733345,0,0.158878503,0.593372565,0.388114102,0.164298883,0.066052227,0.445116253,0.588498349,0.59378695,0.106706963,0.441621294,0.491416308,0.565029469,0.254862842,0,0.455973693,0,0.002770083,0,0,0,0.003703704,0,0,0,0,0,0
p_14,0.950757141,0.621148919,0.475381328,0.254289485,0.068093385,0.597949614,0.669287156,0.512882279,0.487810883,0.430520109,0.245529873,0.011695906,0.030150754,0.518301242,0.445936739,0.295005202,0.104689204,0.446909664,0.466894566,0,0.011267606,0.580107503,0.403339384,0.251775113,0.069035532,0.496189108,0.653162987,0.62575431,0.143155823,0.469499956,0.537715041,0.477537277,0.270859751,0.031650339,0.522766518,0,0.041635687,0,0,0,0.141818179,0,0,0,0,0,0
p_15,0.943509284,0.587170562,0.440219683,0.35102217,0.065199673,0.621027364,0.670574082,0.422882463,0.229981243,0.458255534,0.23176776,0.263186514,0.319951338,0.608817224,0.421582733,0.313503866,0.01532567,0.521983157,0.464394516,0,0.024822695,0.545731738,0.357287513,0.509878229,0.03930461,0.543061326,0.60324034,0.588172679,0.616571892,0.584546672,0.460343609,0.471071832,0.250615594,0.001982161,0.460219152,0,0.008653846,0,0.002906977,0,0.153846151,0,0,0,0,0,0
p_16,0.94818016,0.596654828,0.47673853,0.329907981,0.055096418,0.663582913,0.71703476,0.428662828,0.410421772,0.375483158,0.226376335,0.278206026,0.186066826,0.649816426,0.456798522,0.316924778,0.126210111,0.57602574,0.515775519,0,0.025848142,0.565716618,0.381167333,0.53295324,0.054450261,0.564387175,0.679943178,0.598034786,0.523218276,0.558122065,0.510073476,0.57356465,0.377766069,0.171292624,0.5141379,0,0.047571853,0,0,0,0.175131345,0,0,0,0,0,0
p_17,0.948279395,0.60957774,0.473528934,0.247646825,0.022857143,0.533786725,0.647215511,0.445157785,0.37804595,0.165067787,0.139093374,0.046804052,0.151889263,0.570611276,0.360058845,0.101549463,0.085703155,0.378690627,0.402553511,0,0.044926413,0.593998267,0.406490293,0.326348506,0.039823008,0.466735499,0.609562305,0.690220174,0.292499724,0.607254383,0.589807214,0.432086344,0.359134507,0.060419235,0.544627015,0,0.025526484,0,0.002232143,0,0.017482517,0,0,0,0,0,0
p_18,0.951095562,0.613924851,0.463158023,0.118681073,0.014302741,0.604194049,0.628669604,0.515385339,0.484709848,0.39329719,0.252072968,0.078574321,0.122851249,0.629153056,0.460939724,0.297974413,0.134162594,0.407490634,0.428656716,0,0.001784121,0.614564093,0.403279875,0.287324946,0.071984435,0.509853856,0.631821821,0.650615188,0.270110176,0.617987253,0.574941451,0.562045123,0.326482951,0,0.442784788,0,0.064046579,0,0,0,0.078947367,0,0,0,0,0,0
p_19,0.949356285,0.606226351,0.494021808,0.226823799,0.006841505,0.545362027,0.542928901,0.485625067,0.470822446,0.508869565,0.3229927,0.030990174,0.034985423,0.520356623,0.337303111,0.274266365,0.04380133,0.467980292,0.458972766,0,0.001777778,0.541917445,0.363515203,0.262744894,0.035971223,0.507562347,0.553173434,0.609383962,0.208289054,0.353885061,0.425167707,0.477274939,0.346589412,0.00300075,0.499595651,0,0.014012739,0,0,0,0.040920715,0,0,0,0,0,0
p_20,0.952225396,0.63280003,0.499803688,0.29557305,0.002840909,0.597340607,0.648263642,0.594977463,0.525006039,0.387183308,0.307833762,0.048837209,0.073890516,0.558042222,0.570337364,0.376532398,0.15247678,0.419955321,0.460399127,0,0.021505376,0.5894149,0.386421333,0.219786526,0.275430358,0.537125838,0.641063202,0.617567847,0.191674291,0.553914656,0.52852737,0.643484369,0.380884109,0.018915511,0.512124756,0.038461531,0.002587322,0,0,0,0.098876402,0,0,0,0,0,0
p_21,0.948931546,0.613771132,0.467163497,0.469617351,0.092145014,0.643004061,0.691436062,0.503756386,0.364931019,0.367283699,0.20968421,0.061019382,0.152474364,0.609285841,0.431020105,0.328820115,0.132118451,0.24739195,0.444231272,0,0.029182879,0.575179287,0.380774904,0.42944585,0.126696832,0.598374758,0.673619407,0.617954509,0.324391343,0.591790562,0.532904004,0.572620883,0.426372498,0,0.494680383,0,0.020063839,0,0.001903855,0,0.061711079,0,0,0,0,0,0
p_22,0.94853269,0.598587938,0.459855741,0.161980913,0.02059202,0.57771237,0.685383274,0.38687202,0.432148165,0.225715506,0.037974683,0.039548022,0.04953271,0.518828899,0.417213712,0.22785433,0.09608091,0.116322701,0.344393876,0,0.004592422,0.589305828,0.412115205,0.144273674,0,0.503097382,0.566428427,0.546413934,0.120105693,0.494188409,0.469518095,0.455368018,0.106780061,0,0.345171754,0,0.01665405,0,0,0,0,0,0,0,0,0,0
p_23,0.949348391,0.612279334,0.471730214,0.380061507,0.080173347,0.591400127,0.60574332,0.473365136,0.400048373,0.31967286,0.141911932,0.030502885,0.034288104,0.502959026,0.399038461,0.336209295,0.073791348,0.382329314,0.453872894,0,0.051969824,0.56618194,0.368349873,0.401247106,0.134697356,0.429268542,0.600280406,0.622943792,0.332533589,0.589727444,0.571674187,0.595125786,0.395520488,0,0.492034757,0.374999967,0.035805626,0,0.00178731,0,0.068100357,0,0,0,0,0,0
p_24,0.943540702,0.592685895,0.41252046,0.35084889,0.052899287,0.574172353,0.616448346,0.395137122,0.287289916,0.309944114,0.146999325,0.080078766,0.112183083,0.590676297,0.30536315,0.120380739,0.135404454,0.386678997,0.375449267,0,0.061699098,0.56651169,0.372987582,0.497625996,0.027675276,0.550357603,0.654837596,0.636794879,0.416161616,0.501323596,0.539355992,0.419770069,0.26641651,0,0.489682311,0,0.010896483,0,0,0,0.003139717,0,0,0,0,0,0
p_25,0.948781792,0.610434718,0.461754631,0.388647386,0.006857143,0.630918554,0.675451668,0.542867528,0.355374078,0.451624849,0.267456622,0.216929277,0.246425567,0.682611971,0.572189077,0.507640506,0.219349784,0.531197297,0.582977207,0,0.028657617,0.588635699,0.389358372,0.4963229,0.034514078,0.600688875,0.669363534,0.700578944,0.603957976,0.559064542,0.486263168,0.569649235,0.333765896,0.097447795,0.557986481,0,0.058754406,0,0,0,0.136622388,0,0,0,0,0,0
p_26,0.952891624,0.658278201,0.515566114,0.205515966,0.129458387,0.566441078,0.639885948,0.615850159,0.544895043,0.705064391,0.554843719,0.070484581,0.065992549,0.589258724,0.55744062,0.532305867,0.125740318,0.313455655,0.454066985,0,0.017094017,0.601305059,0.405836373,0.249634096,0.22352941,0.483184253,0.632576974,0.569399683,0.177265677,0.444707674,0.423534072,0.636454381,0.521018014,0.001568627,0.353846154,0.043478251,0.059077809,0,0,0,0.004273504,0,0,0,0,0,0
p_27,0.938409544,0.563212464,0.394160631,0.437522581,0.06360424,0.631738616,0.708618192,0.315107161,0.130547713,0.213787891,0.061598105,0.273656732,0.218269038,0.657401771,0.4818,0.272954403,0.072008471,0.153061223,0.404822224,0,0.073050345,0.538855068,0.357355486,0.556963429,0.289635588,0.53956607,0.6234452,0.643010752,0.626878868,0.585655703,0.500914076,0.567239537,0.304118267,0.01607717,0.532220992,0,0.076204706,0,0.003548196,0,0.080114448,0,0,0,0,0,0
p_28,0.951351896,0.620379848,0.505757468,0.345445544,0.028537455,0.640516058,0.695710504,0.593930297,0.597905426,0.460233784,0.430491551,0.03620309,0.018319812,0.57681498,0.597183098,0.477136137,0.156972111,0.531561458,0.523076923,0,0.178017531,0.551251592,0.369316822,0.19911265,0.034696406,0.469949125,0.602723254,0.604483461,0.143955131,0.564744801,0.50229885,0.479037413,0.469894322,0.008353222,0.49152109,0.163265273,0.006756757,0,0,0,0,0,0,0,0,0,0
p_29,0.950839925,0.651359339,0.489103846,0.406096012,0.065189047,0.63146458,0.666275783,0.692527854,0.691066508,0.613213718,0.366056572,0.353377875,0.388461538,0.736661788,0.515547024,0.46895787,0.312549959,0.610852708,0.661298439,0,0.04296875,0.605946083,0.384754066,0.469420259,0.095982142,0.615515635,0.653026769,0.797508125,0.351058823,0.657701711,0.686283184,0.56816281,0.43415542,0.160617759,0.68839278,0,0.27391874,0,0.00317965,0,0.306122443,0,0,0,0,0,0
p_30,0.94854161,0.612496623,0.466360452,0.211532686,0.012300123,0.553077423,0.654919504,0.471244677,0.458480063,0.235936466,0.087559601,0,0.081363152,0.541980237,0.397966867,0.246040723,0.048570309,0.328593994,0.470176024,0,0.024864025,0.568937572,0.370051513,0.193091922,0.037578288,0.419506146,0.573140449,0.544535284,0.073587682,0.492699545,0.526852214,0.536554354,0.28006012,0,0.452337683,0.063492053,0.008279125,0,0.001731602,0,0.064400714,0,0,0,0,0,0
p_31,0.944005431,0.584285786,0.42900246,0.36494681,0.095419846,0.600713742,0.698186848,0.414406548,0.293264913,0.312420208,0.143628996,0.206093189,0.115858074,0.56540719,0.374779021,0.169613425,0.141959799,0.205083259,0.42426405,0.025157231,0.08057727,0.574902543,0.365079621,0.458712048,0.083133493,0.458661593,0.625689408,0.642743728,0.472880336,0.508261792,0.437107648,0.534670994,0.258286926,0.001784121,0.517697919,0,0.018191005,0,0,0,0,0,0,0,0,0,0
p_32,0.949810294,0.61482604,0.458032918,0.347387317,0,0.604024318,0.607789195,0.552831693,0.596513714,0.546618078,0.339588514,0.107032286,0.076190476,0.620021771,0.52387726,0.422734254,0.124610591,0.630434777,0.464848592,0,0.095423563,0.581336317,0.384803918,0.292295037,0.077777777,0.465087383,0.605754595,0.640210192,0.285964692,0.551362114,0.591610518,0.545352429,0.332632684,0.016143498,0.500134977,0.075471684,0.00422833,0,0,0,0.24444444,0,0,0,0,0,0
p_33,0.945454862,0.603435598,0.449950752,0.461228172,0.004672897,0.568565117,0.631003857,0.420980223,0.24227318,0.306762641,0.188972973,0.198424277,0.084351785,0.545809607,0.414891373,0.370670826,0.119695321,0.301247769,0.445054945,0,0.001273885,0.589559126,0.382784323,0.571580841,0.067245119,0.55597703,0.614780129,0.642522116,0.64277631,0.630777219,0.610438228,0.471059113,0.526431717,0.052631579,0.512429327,0,0.00640615,0,0.001386963,0,0.13103448,0,0,0,0,0,0
p_34,0.955304451,0.623037447,0.510248913,0.434792083,0.084759576,0.645939122,0.709545021,0.56270938,0.413094981,0.393055335,0.302094351,0.06323185,0.185253118,0.635124527,0.561217609,0.305019304,0.146525679,0.466115699,0.493748899,0,0.081841432,0.631661184,0.446460131,0.499677544,0.025423729,0.588917336,0.694048335,0.692894765,0.418075491,0.667357678,0.631884057,0.604205433,0.370110095,0.042643923,0.545998767,0.039999992,0.064312736,0,0,0,0.067857142,0,0,0,0,0,0
p_35,0.949305217,0.608301232,0.474603394,0.382270169,0.007611798,0.577776471,0.676907962,0.43780116,0.470348169,0.432030113,0.219132893,0.02137931,0.12652889,0.602010284,0.368031854,0.333944953,0.151908114,0.530749785,0.438356164,0,0.009821977,0.570561843,0.380949488,0.337316428,0.05921938,0.499526739,0.626894681,0.618486869,0.122143125,0.370229666,0.460504979,0.542396636,0.220751595,0.001549187,0.501247956,0,0.035575319,0,0.005063291,0,0.064030131,0,0,0,0,0,0
p_36,0.951725505,0.613279667,0.479191398,0.262492474,0.046568627,0.628152427,0.722385996,0.598082768,0.516449704,0.407525617,0.321573398,0.02296023,0.169885864,0.623660509,0.530407191,0.425806451,0.177650429,0.560518728,0.479033515,0,0,0.597871438,0.422831861,0.365426348,0.131736526,0.467593916,0.622249405,0.658407433,0.194592148,0.531012145,0.50696488,0.628373819,0.357289527,0.01884253,0.487389708,0,0.120973043,0,0,0,0,0,0,0,0,0,0
p_37,0.943688553,0.56504976,0.437975873,0.316198551,0.048689138,0.558426863,0.630864416,0.207243112,0.126439723,0.236455036,0.033489288,0.106040622,0.109443954,0.570128654,0.434609751,0.232073787,0.009155937,0.295432456,0.34696756,0,0.075776397,0.552058569,0.367879299,0.445886361,0.017123288,0.469805583,0.590736697,0.45907707,0.580810546,0.484325396,0.384466955,0.362667246,0.234771241,0,0.34074074,0.03636363,0,0,0.003084833,0,0.048442906,0,0,0,0,0,0
p_38,0.94503923,0.583130219,0.43951729,0.422000861,0.055155875,0.64280769,0.750474489,0.239009993,0.175107881,0.088751478,0,0.2583078,0.09370352,0.575113139,0.358061137,0.126242277,0.159682899,0.099159663,0.402592912,0,0.115535613,0.586051792,0.399802577,0.457123358,0.01001001,0.559224208,0.67447856,0.519936744,0.453105123,0.505339932,0.354745925,0.453789194,0.121470937,0,0.40253594,0,0.026605504,0,0.000723851,0,0.003454231,0,0,0,0,0,0
p_39,0.952517731,0.642271759,0.497079307,0.316827815,0.012861736,0.562581031,0.627240048,0.540417417,0.501365498,0.286567646,0.249531347,0.022943038,0.090248734,0.521239013,0.356954354,0.157662624,0.080745341,0.523668635,0.504115226,0,0.001886792,0.614287785,0.439536478,0.259703196,0.109391124,0.570116042,0.634817415,0.664403066,0.071389705,0.578682634,0.662479739,0.454381124,0.440057775,0.044207317,0.542884904,0,0.124910265,0,0.002277904,0,0.131868129,0,0,0,0,0,0
p_40,0.952554869,0.630500921,0.52459448,0.186913849,0,0.485593177,0.550061805,0.537945882,0.525908739,0.42886403,0.28238719,0.007772021,0.008290661,0.473485167,0.453477239,0.232103591,0.078111588,0.352353778,0.426890492,0,0.004048583,0.580873923,0.402601478,0.165218441,0.062953994,0.518958428,0.583652321,0.598968053,0.141842445,0.542226412,0.53445906,0.522683275,0.388678403,0,0.506374681,0,0.044785668,0,0,0,0.024640657,0,0,0,0,0,0
p_41,0.947922607,0.591000955,0.464559678,0.324190223,0.073260073,0.58793303,0.6519431,0.355982029,0.386902315,0.333974471,0.163004961,0.191097922,0.102597402,0.555620268,0.296200517,0.189462189,0.112071947,0.481481477,0.424684069,0,0.016545012,0.568206134,0.377718149,0.480121704,0.003693444,0.426707963,0.5659901,0.646182174,0.431818181,0.64508268,0.646692785,0.466060723,0.382360849,0.053586862,0.537903379,0,0.033408578,0,0.002094241,0,0.06270627,0,0,0,0,0,0
p_42,0.952818878,0.628117577,0.479508134,0.219603304,0,0.693912502,0.73901798,0.579932838,0.590745501,0.582610979,0.394946185,0.123908523,0.345549738,0.619378519,0.493863237,0.443076922,0.135623073,0.400911159,0.540761836,0,0.001687764,0.603480965,0.404229204,0.234697488,0.009039548,0.580151424,0.674270609,0.697724079,0.228084902,0.488370082,0.529899215,0.500941265,0.227150865,0.002994012,0.517976513,0,0.06722689,0,0,0,0.111317252,0,0,0,0,0,0
p_43,0.948706663,0.573879012,0.417459903,0.34992611,0.041216879,0.565332239,0.631926644,0.497643471,0.303003435,0.202171586,0.115092291,0.083779527,0.112657677,0.593407741,0.370376432,0.19033746,0.123332131,0.364932285,0.412522419,0,0,0.637193124,0.506696487,0.46462644,0.370062367,0.545482097,0.688423133,0.709327658,0.382372286,0.677478535,0.597921661,0.628141089,0.490843948,0.041265474,0.515857659,0.035714279,0.338158655,0,0.001813237,0,0.014409222,0,0,0,0,0,0
p_44,0.949293432,0.59335046,0.480372596,0.225098705,0.035087719,0.589966193,0.706301874,0.479686785,0.543192812,0.492281449,0.254887762,0.025337838,0.119594455,0.589197916,0.402896642,0.367446923,0.11887608,0.352247602,0.408070937,0,0.002921841,0.552637678,0.386773078,0.23679049,0.014783527,0.520172014,0.662209439,0.620885601,0.151141552,0.437467921,0.504153808,0.440494012,0.317660818,0,0.482319925,0.022471908,0.082382762,0,0,0,0.075134167,0,0,0,0,0,0
p_45,0.950029269,0.610372905,0.47819721,0.416236436,0.041152263,0.626952608,0.681433992,0.455256037,0.275153519,0.346198207,0.183612577,0.14564037,0.101679528,0.573565098,0.423547697,0.312142211,0.109514031,0.525889963,0.470211511,0,0.002737851,0.59448523,0.404975878,0.520690989,0.052246603,0.527176662,0.597044278,0.730496454,0.706550218,0.608175289,0.636498201,0.544509544,0.319086806,0.224184781,0.608841259,0,0.054807692,0,0.003448276,0,0.195227761,0,0,0,0,0,0
p_46,0.950712755,0.620037523,0.473536464,0.458846294,0.104046242,0.637677419,0.656016715,0.442951015,0.258593272,0.352300134,0.20506965,0.146036161,0.143262411,0.61662515,0.44754316,0.187054306,0.088796392,0.37337662,0.47935858,0,0.060229445,0.616087807,0.385302524,0.48493993,0.122335495,0.572008974,0.635981931,0.641821512,0.609688581,0.563684644,0.495503596,0.577202275,0.272581506,0.019060585,0.486389039,0,0.005647059,0,0.000613309,0,0.157894734,0,0,0,0,0,0
p_47,0.943826065,0.575468706,0.451167066,0.490008168,0.08224674,0.605790646,0.661182639,0.444517113,0.294512618,0.353542601,0.224414303,0.109831709,0.100731113,0.601680545,0.458067092,0.237950977,0.167542937,0.437908493,0.427858924,0,0.036231884,0.524475229,0.332458588,0.433365958,0.060393258,0.506911365,0.680827278,0.646931077,0.562132148,0.56179164,0.599507498,0.471057088,0.237665782,0.064822134,0.580953223,0.133333311,0.012897282,0,0,0,0,0,0,0,0,0,0
p_48,0.954382453,0.648241599,0.507092481,0.233360627,0,0.647378477,0.709627498,0.667544971,0.56991744,0.48085576,0.365791032,0.179605538,0.377112604,0.722027732,0.495269357,0.273125341,0.225563909,0.456652357,0.625969818,0,0.102803737,0.594798163,0.395754786,0.24856214,0,0.553977333,0.64628418,0.688308204,0.30328068,0.615790399,0.580973951,0.439919759,0.475076296,0.08881298,0.602009689,0,0.010719755,0,0,0,0.044444443,0,0,0,0,0,0
p_49,0.948138565,0.594833053,0.437163776,0.448791637,0.031007752,0.583547558,0.64224756,0.478620689,0.417579855,0.399000775,0.238785369,0.14973262,0.177542232,0.590824319,0.341448752,0.196832579,0.064990329,0.376271183,0.443303611,0,0.011200996,0.584830435,0.391630154,0.440232216,0.047528517,0.613751983,0.716696944,0.627282255,0.527372262,0.556185959,0.503015411,0.546373711,0.24683053,0.017915309,0.467688937,0,0.01936525,0,0.002219756,0,0.031304347,0,0,0,0,0,0
p_50,0.947799759,0.584613342,0.437152238,0.421132361,0.045026178,0.570830426,0.631229382,0.30154724,0.182406209,0.225919274,0.059330143,0.319287261,0.255374171,0.628765425,0.44795539,0.131118881,0.056705957,0.189338234,0.469459144,0,0.032539221,0.570839163,0.384173026,0.441410307,0.148087206,0.563426961,0.654308632,0.448991523,0.427698095,0.548256742,0.317040358,0.435735356,0.212161094,0.02137998,0.477998111,0,0.029290618,0,0,0,0.014234875,0,0,0,0,0,0
p_51,0.945104483,0.554114903,0.452748212,0.339361149,0.052834342,0.619069527,0.701682808,0.240293284,0.176439514,0.103420523,0.010288526,0.258185219,0.195656427,0.598237283,0.348312362,0.088540207,0.076119905,0.04137931,0.342334011,0,0.0418154,0.567095479,0.385871761,0.510606535,0.063380281,0.527543008,0.647410262,0.486034151,0.462227912,0.509054726,0.273424784,0.493941142,0.128497409,0,0.389827362,0,0.02972973,0,0,0,0.014362657,0,0,0,0,0,0
p_52,0.949902407,0.604849247,0.463496283,0.188561258,0.013289036,0.631063471,0.691730645,0.430451321,0.428184948,0.288099525,0.098116513,0.004971002,0.069644572,0.519464762,0.285658839,0.080021627,0.034210526,0.221686745,0.414944086,0,0.008561644,0.575416151,0.403339084,0.231687106,0.032183908,0.413066446,0.565738858,0.581649372,0.123866348,0.440806643,0.437968359,0.467139656,0.07325467,0,0.4351779,0,0.004008016,0,0,0,0,0,0,0,0,0,0
p_53,0.949110638,0.608770263,0.460854536,0.365783184,0.016498625,0.566898301,0.683669051,0.454939341,0.329394387,0.283160469,0.147475642,0.061409179,0.228048402,0.603918151,0.421606864,0.267716535,0.049494597,0.358301156,0.437253354,0,0.057825267,0.571938303,0.369568559,0.378277007,0.044158233,0.536497084,0.668633575,0.583361515,0.327920972,0.522931206,0.470588234,0.460876076,0.18081761,0,0.467539454,0.035714283,0.00931195,0,0.002022245,0,0.017271157,0,0,0,0,0,0
p_54,0.947983648,0.609758791,0.461258293,0.272945858,0.023054755,0.593623383,0.636177674,0.432465509,0.396003155,0.383578219,0.18774033,0.02607362,0.056993588,0.523256458,0.422484985,0.27480916,0.025462012,0.280575537,0.406848306,0,0.026136363,0.578252389,0.385009906,0.303138602,0.029644268,0.470846342,0.589547959,0.545117572,0.181818182,0.45356862,0.491521785,0.497653463,0.20224719,0,0.416045634,0,0.006806028,0,0,0,0.024221453,0,0,0,0,0,0
p_55,0.953015019,0.616643744,0.497938894,0.366861757,0,0.623206772,0.683011434,0.535673788,0.47688243,0.314134445,0.276599668,0.088602802,0.224778427,0.6464777,0.550262727,0.323080648,0.198446327,0.534255182,0.511681403,0,0.001881468,0.615206807,0.440775789,0.490849483,0.030624263,0.474452555,0.592638602,0.74581231,0.455131592,0.680152493,0.653109574,0.542457011,0.363509424,0.040946897,0.599607689,0,0.201063315,0,0.002344666,0,0.0861244,0,0,0,0,0,0
p_56,0.945488602,0.568830698,0.4701967,0.170792457,0,0.562810664,0.54760521,0.422961561,0.418115055,0.293781726,0.092122256,0.098693759,0.23959778,0.608457809,0.406623894,0.095950477,0.154609929,0.047973531,0.367756555,0,0,0.576457279,0.436086144,0.195735505,0,0.524900954,0.582555109,0.595977707,0.201213592,0.535371702,0.409250464,0.489758227,0.149160134,0,0.365630713,0,0.018258427,0,0,0,0,0,0,0,0,0,0
p_57,0.947806172,0.600025628,0.446449785,0.311180305,0.023913043,0.540518041,0.589566177,0.556390977,0.492456524,0.228946712,0.096341239,0.175202156,0.185042969,0.616434442,0.439993181,0.181997533,0.145007923,0.213883675,0.456781802,0,0.062166962,0.588347175,0.402004381,0.376471599,0.060189165,0.427244182,0.648991181,0.680564895,0.341268123,0.643505234,0.575178536,0.535744042,0.199266767,0,0.47712527,0,0.023268698,0,0.002635046,0,0.003724395,0,0,0,0,0,0
p_58,0.94864373,0.59167193,0.464469432,0.436682916,0.035789473,0.590797662,0.686478877,0.368724032,0.215785662,0.010131332,0.007329843,0.187915216,0.02708919,0.550570948,0.508279205,0.220371912,0.103723404,0.098389981,0.423235814,0,0.069100391,0.601775094,0.414537251,0.531195725,0.095676172,0.532899837,0.677378099,0.561908679,0.542428555,0.454272598,0.274901083,0.54055007,0.349356448,0,0.387031748,0,0.058322117,0,0.00307377,0,0.039669421,0,0,0,0,0,0
p_59,0.947586315,0.617907821,0.480827793,0.306340193,0.048618784,0.588625215,0.656527758,0.45995829,0.433111418,0.448044178,0.238084057,0.054326736,0.162489196,0.601286344,0.490227363,0.289046941,0.031476997,0.364757706,0.430700179,0,0.015384615,0.549244304,0.35925271,0.30847905,0.025688073,0.550493189,0.675775085,0.565450822,0.256403879,0.4129274,0.445199274,0.427254509,0.178041543,0,0.440797403,0,0,0,0,0,0.083182639,0,0,0,0,0,0
p_60,0.956723637,0.64884176,0.499848199,0.484543919,0.069819819,0.608608092,0.680296156,0.669302968,0.512739571,0.477128675,0.462406014,0.023235031,0.094820922,0.653204742,0.595717655,0.462022253,0.194023386,0.510364542,0.559156458,0,0.017271157,0.647274076,0.469232183,0.405064501,0.017811705,0.585814952,0.703503426,0.65460975,0.179043525,0.593955121,0.560985144,0.602310654,0.494559419,0.018122977,0.563625077,0,0.163793102,0,0,0,0.064516128,0,0,0,0,0,0
p_61,0.9510504,0.58722124,0.464344513,0.414682866,0.060714285,0.631663228,0.685591201,0.35284112,0.064484371,0.005453426,0.027549915,0.066729768,0.067945895,0.647474358,0.496842496,0.474459416,0.127395411,0.50176678,0.389100914,0,0.019230769,0.599826574,0.409843457,0.493053487,0.156171283,0.367496293,0.552335049,0.614836025,0.536340852,0.57616618,0.417173648,0.566168428,0.447957838,0,0.423395818,0,0.02027575,0,0,0,0.080133555,0,0,0,0,0,0
p_62,0.943663253,0.558407621,0.437696607,0.387510234,0.096518987,0.625615907,0.660847171,0.422536769,0.232174847,0.326886042,0.182113821,0.175142943,0.140670554,0.585260733,0.387975385,0.109931293,0.157251404,0.089795917,0.421372952,0,0.0304038,0.537895012,0.364299966,0.464445453,0.031645569,0.477758065,0.600295902,0.636050248,0.491723012,0.484712385,0.589954337,0.451012695,0.132060461,0.005267779,0.526691042,0,0.010171059,0,0.001397624,0,0,0,0,0,0,0,0
p_63,0.946050968,0.584670611,0.449498057,0.384978824,0.046278924,0.595835274,0.673480026,0.299816345,0.152092312,0.380596317,0.155520169,0.270943918,0.069634419,0.604125862,0.479835953,0.370902817,0.149362477,0.449315064,0.458972046,0,0.011867089,0.571109605,0.356070441,0.56292735,0.150968603,0.468198962,0.58665192,0.597982878,0.620812122,0.630288505,0.558887022,0.587631699,0.371856743,0.103247293,0.548410802,0,0.043298969,0,0.002503129,0,0.204958674,0,0,0,0,0,0
p_64,0.953795505,0.619752168,0.478426573,0.355754972,0.066907775,0.536605272,0.584064755,0.39953671,0.384904714,0.24174304,0.073270013,0.03342246,0.019946485,0.481209882,0.338117048,0.058358331,0.020934579,0.490566034,0.369003032,0,0.101063829,0.605444677,0.41942631,0.340646651,0.060544904,0.469025805,0.624660751,0.597580908,0.189484127,0.531341233,0.542417009,0.401997258,0.202688728,0,0.454794021,0.033898299,0.025272832,0,0,0,0,0,0,0,0,0,0
p_65,0.949489052,0.614796124,0.483631579,0.341144414,0.039957939,0.531927728,0.652015181,0.528850785,0.524445533,0.442133069,0.236624619,0.027486438,0.089873145,0.584639079,0.313111546,0.249141736,0.12997243,0.577200573,0.462372768,0,0.009991674,0.576651532,0.391822307,0.346393862,0,0.49153525,0.628733516,0.714738909,0.114116251,0.403298835,0.506821739,0.454746136,0.199195647,0.001372684,0.544484282,0,0.178142766,0,0.001980198,0,0.191406246,0,0,0,0,0,0
p_66,0.947554817,0.6265004,0.46227041,0.459384785,0.047505938,0.62102113,0.643158888,0.593511655,0.417218543,0.625380376,0.464068483,0.334179049,0.13598052,0.607344582,0.38426015,0.320884373,0.27118644,0.406563351,0.563864042,0,0.019077901,0.585680912,0.390417394,0.522318818,0.028328612,0.388432448,0.602709289,0.683467971,0.570907765,0.537499999,0.59276121,0.472474821,0.311960219,0.09325562,0.60730301,0.107142838,0.033613445,0,0.001976285,0,0.150313149,0,0,0,0,0,0
p_67,0.955471398,0.629665216,0.508813205,0.398980402,0.016203704,0.57875,0.676789812,0.524078887,0.437596642,0.324775035,0.250158999,0.162092347,0.116,0.601801222,0.43634991,0.373188405,0.102049351,0.559877951,0.514060356,0,0,0.627660293,0.447769575,0.424273994,0.071357779,0.418864994,0.599579274,0.72003375,0.331476323,0.69685202,0.695973704,0.493394495,0.409551374,0.109289617,0.609149209,0.038461531,0.073924731,0,0.00241838,0,0.174957115,0,0,0,0,0,0
p_68,0.951057293,0.630044267,0.476440261,0.407435832,0,0.579879136,0.649514636,0.543844767,0.551127731,0.438469493,0.303030302,0.08692337,0.065222682,0.507186349,0.351474371,0.18988648,0.106750392,0.505098035,0.443397049,0,0.027008778,0.584638684,0.386562386,0.44111988,0.064995357,0.459724601,0.602400993,0.633169709,0.436655798,0.576144834,0.552160627,0.531732756,0.363938315,0.026418026,0.481200289,0,0.016051364,0,0,0,0.103585655,0,0,0,0,0,0
p_69,0.94915998,0.612389838,0.457147502,0.25304878,0.015825915,0.596887758,0.667419256,0.505617349,0.521694479,0.489452257,0.32774252,0.155570652,0.095529412,0.561313682,0.317935648,0.153297682,0.092075471,0.476272645,0.471538875,0,0,0.592921055,0.385775039,0.400558471,0.057971014,0.537182706,0.623520346,0.688513359,0.270036991,0.494587988,0.531138789,0.464714946,0.157981349,0.003381234,0.480346927,0,0.050233645,0,0,0,0,0,0,0,0,0,0
p_70,0.950328107,0.611621272,0.473565911,0.359021368,0.016786571,0.605398587,0.682672755,0.355577157,0.353014038,0.135994807,0.034124338,0.032994924,0.052188552,0.556961148,0.461643169,0.321587052,0.130259787,0.110378912,0.377208555,0,0.001336898,0.599805228,0.425227616,0.341538758,0.030495552,0.482967059,0.54501711,0.588097302,0.185938536,0.600386722,0.530723007,0.47226415,0.297260273,0,0.323393316,0,0.013577732,0,0.001154734,0,0.024439918,0,0,0,0,0,0
p_71,0.949164567,0.614644333,0.456635637,0.417506436,0.00297619,0.569096877,0.656160874,0.43423082,0.343293492,0.105957964,0.001234822,0.021095335,0.018449264,0.545245567,0.512358609,0.295120516,0.212885153,0.186161448,0.379393108,0,0.021937843,0.593644562,0.415381098,0.240285933,0.0430839,0.37116003,0.592613238,0.561726006,0.119066961,0.524567827,0.458341204,0.472479123,0.215917649,0,0.345156077,0,0.011461318,0,0,0,0.057724957,0,0,0,0,0,0
p_72,0.946987639,0.573012293,0.468557885,0.423443869,0.003490401,0.552460089,0.656017702,0.264490156,0.18212441,0.077307624,0.012479871,0.054195389,0.015492617,0.511066257,0.377238433,0.194309927,0.103909465,0.170111286,0.422994423,0,0.006232957,0.557741443,0.387143883,0.51499668,0.062818336,0.509273761,0.631610729,0.560790623,0.35700747,0.528289025,0.44608446,0.551515151,0.314462033,0,0.41317419,0,0.094195688,0,0.000796654,0,0.04293381,0,0,0,0,0,0
p_73,0.950864548,0.616317349,0.471234864,0.197451267,0.04054054,0.617748918,0.71763573,0.465930297,0.447811447,0.292994761,0.144983818,0,0.071332436,0.549681437,0.270105644,0.157777226,0.068181818,0.360165972,0.407140405,0,0.003144654,0.573083125,0.393149732,0.263407305,0.053191489,0.49223734,0.644316921,0.647604002,0.142375421,0.486664357,0.514977972,0.530672038,0.226700251,0.003378378,0.437246249,0.035087713,0.076416337,0,0,0,0.039285714,0,0,0,0,0,0
p_74,0.940271038,0.574221072,0.425408195,0.40132654,0.089743589,0.620011534,0.663964306,0.326449886,0.185872764,0.27663845,0.087627696,0.296592244,0.198266522,0.574607138,0.4,0.121920404,0.045903955,0.17841213,0.378019895,0,0.022540983,0.549059746,0.35402587,0.487996852,0.098165137,0.536257208,0.629139073,0.525973228,0.49553416,0.556778523,0.465394853,0.458213256,0.205487121,0.015652174,0.440754717,0,0.008156607,0,0.000421852,0,0,0,0,0,0,0,0
p_75,0.947467341,0.614524909,0.468333323,0.286122374,0.006451613,0.592941698,0.633411687,0.557345096,0.519903955,0.523131046,0.35842956,0.256283185,0.091699976,0.569171477,0.331835134,0.263979562,0.178621659,0.296491225,0.49090909,0,0,0.581841043,0.386098053,0.43056452,0.074139452,0.505119077,0.615478192,0.699185237,0.28686462,0.54648687,0.568884722,0.508849557,0.305014289,0.02800659,0.557660118,0,0.098159509,0,0,0,0.085324231,0,0,0,0,0,0
p_76,0.949553875,0.615326421,0.485914045,0.255701138,0.033854166,0.627766124,0.731428728,0.440936368,0.335107798,0.334741743,0.191463414,0.085495283,0.183654729,0.644503145,0.502445705,0.404810794,0.036307454,0.432480137,0.491836909,0,0.119752236,0.566273928,0.367441236,0.382375888,0.053677932,0.476649701,0.662517308,0.659864738,0.317743132,0.506216074,0.554872694,0.543507883,0.389447235,0.078864353,0.548269264,0,0.001091107,0,0,0,0.321931583,0,0,0,0,0,0
p_77,0.954156856,0.651506482,0.513471329,0.402231972,0.033734939,0.603896284,0.652909188,0.616616519,0.549010081,0.399334996,0.262159934,0.113114754,0.068460812,0.608217102,0.518974358,0.324986958,0.092863284,0.529758008,0.540121931,0,0.066406249,0.597516106,0.394474444,0.332241868,0.11460674,0.429702343,0.578013467,0.663406856,0.234324199,0.60573564,0.579139609,0.553505535,0.402091254,0.010057471,0.523971112,0,0.066852367,0,0.002222222,0,0,0,0,0,0,0,0
p_78,0.955685504,0.65346979,0.525170226,0.315451745,0.103404791,0.61893796,0.666023706,0.545359749,0.42438778,0.402507313,0.272108843,0.05218726,0.046267087,0.595214826,0.547184618,0.430689206,0.159381044,0.588421883,0.54450709,0,0.142525173,0.612798394,0.425023254,0.406731854,0.002506266,0.491704628,0.605450295,0.666150271,0.275845352,0.543127248,0.507367582,0.475411395,0.459556191,0.0168185,0.578884325,0.27450975,0.029550827,0,0,0,0.164858999,0,0,0,0,0,0
p_79,0.949292943,0.612460754,0.469347115,0.382121524,0.030409356,0.586614284,0.645756813,0.541823112,0.418194808,0.442017237,0.277881911,0.066958948,0.04770017,0.586932285,0.386184278,0.46997115,0.110723626,0.556942273,0.517941834,0,0.047233468,0.57399837,0.377425485,0.371866887,0.244036695,0.504678727,0.614879185,0.672861833,0.256181882,0.578777009,0.686560564,0.581920903,0.660465115,0.109324758,0.601074974,0.041666658,0.02618099,0,0,0,0.264347821,0,0,0,0,0,0
p_80,0.942126992,0.575241161,0.443988521,0.407099314,0.091629955,0.540482128,0.569747024,0.495680052,0.41661664,0.50569476,0.322533495,0.172656539,0.115479115,0.582019234,0.347471792,0.093837973,0.187771202,0.391228067,0.463214733,0,0.018773467,0.550758269,0.382141703,0.427859595,0.017582417,0.508734991,0.560246281,0.663662293,0.371161548,0.470578039,0.567689744,0.385408245,0.198489751,0.008628128,0.551923076,0,0.011733333,0,0.001851852,0,0,0,0,0,0,0,0
p_81,0.946684133,0.610001076,0.479930789,0.420867661,0.051768766,0.567071253,0.635886436,0.511054327,0.183963529,0.443373055,0.312331232,0.182093163,0.104928458,0.619192492,0.571781707,0.457062936,0.12761109,0.570685164,0.51668369,0,0.008174387,0.551957662,0.376547386,0.595723143,0.111013215,0.486604926,0.554413557,0.686642135,0.720395492,0.647182359,0.633484162,0.598282791,0.664692818,0.151685392,0.657564264,0,0.053710937,0,0,0,0.127999997,0,0,0,0,0,0
p_82,0.943459339,0.542793733,0.454140538,0.388324448,0.054151624,0.599608738,0.658604608,0.422885305,0.037825059,0.155105558,0.096678121,0.124431818,0.291973361,0.633711305,0.384655048,0.240518638,0.10692771,0.284805089,0.445445275,0,0.016891892,0.551684362,0.366452935,0.552348033,0.25232558,0.510040386,0.602226547,0.701251819,0.567143984,0.621133339,0.533484162,0.639787589,0.435653736,0.082771895,0.628761371,0,0.049900199,0,0,0,0,0,0,0,0,0,0
p_83,0.950251911,0.591656932,0.455285498,0.315714768,0.098236775,0.680748892,0.719730461,0.39317725,0.201852291,0.196201962,0.0765588,0.193611314,0.237435367,0.666113346,0.498980008,0.29996976,0.141770401,0.256157633,0.480948644,0,0.038429407,0.589134123,0.391044089,0.564905466,0,0.547869129,0.627452675,0.73262621,0.713846853,0.65369152,0.585311156,0.438462283,0.256123535,0.001663893,0.532991672,0,0.114678898,0,0.003853565,0,0.077328645,0,0,0,0,0,0
p_84,0.949968914,0.607135556,0.487228851,0.316171004,0,0.586006109,0.623703395,0.505225982,0.528112214,0.474488948,0.340453074,0.153846153,0.026406126,0.518397813,0.423956308,0.240692186,0.121024049,0.538405263,0.461054161,0,0,0.590535119,0.4016349,0.369540764,0.070446735,0.399110413,0.602919293,0.704170708,0.407061958,0.584670815,0.599411896,0.531321284,0.222274657,0.09813407,0.545196086,0,0.079655543,0,0,0,0.194895587,0,0,0,0,0,0
p_85,0.947912183,0.598590764,0.46280577,0.474652393,0.029666254,0.53842462,0.603389346,0.445479239,0.298910576,0.135478105,0.076421905,0.209011263,0.009821659,0.575400389,0.431899004,0.194931773,0.155271565,0.111313868,0.403457186,0,0.100396301,0.57657112,0.404586409,0.48922145,0.097864768,0.544711757,0.619724802,0.615095628,0.608119843,0.501821335,0.369988966,0.530663538,0.275862068,0,0.501361049,0,0.054807245,0,0.004013042,0,0.050874403,0,0,0,0,0,0
p_86,0.951790593,0.627171426,0.509877343,0.339065392,0.006444683,0.54140075,0.588523731,0.495361076,0.460879425,0.440978376,0.260326608,0.031321619,0.02723226,0.468384917,0.266577232,0.267973855,0.077572964,0.566613158,0.444162666,0,0,0.580577892,0.411569175,0.437452403,0.153439152,0.430829268,0.55827185,0.587155963,0.280875262,0.531652219,0.584259258,0.534121235,0.548286603,0.012288786,0.535451445,0.027397257,0.033526011,0,0.00115141,0,0.084249083,0,0,0,0,0,0
p_87,0.949481944,0.622112044,0.472247227,0.325698489,0,0.561886275,0.658615611,0.609627852,0.591363747,0.579717211,0.42483806,0.129366106,0.0358473,0.531498389,0.389882331,0.189062929,0.098517872,0.308276383,0.482764608,0,0.078393881,0.58784053,0.397874145,0.321223905,0.073786407,0.48320112,0.628763384,0.595305477,0.145985401,0.54706316,0.552457969,0.48078708,0.242929292,0.007385524,0.498631636,0,0.007317073,0,0,0,0.004048583,0,0,0,0,0,0
p_88,0.9483252,0.591602862,0.457985576,0.329907132,0.040281973,0.627294308,0.675900975,0.538814196,0.525824964,0.463240486,0.332197227,0.179573512,0.258536585,0.659729637,0.479183187,0.296296296,0.159934047,0.550588231,0.505298855,0,0.041086812,0.575461032,0.377592504,0.319006185,0.012048193,0.572355577,0.673670766,0.703716103,0.256330863,0.558008012,0.632684997,0.490231931,0.288561936,0.116339869,0.601860544,0,0.04122497,0,0,0,0.056925995,0,0,0,0,0,0
p_89,0.94938947,0.619293044,0.4827397,0.250046083,0.046855733,0.603490569,0.671355246,0.389854776,0.419963201,0.271211837,0.061958405,0.051830522,0.063691306,0.571605262,0.477266309,0.236584642,0.092493297,0.116959063,0.380228771,0,0.016260162,0.587086781,0.40554186,0.233768938,0.005063291,0.588622575,0.68069048,0.480732124,0.361865335,0.499852984,0.355840512,0.538664723,0.27837699,0,0.352145242,0,0.001429593,0,0,0,0,0,0,0,0,0,0
p_90,0.952355187,0.615010032,0.495390737,0.114613813,0,0.623718656,0.714660991,0.447579447,0.42632835,0.365671641,0.105636928,0.075501376,0.138823022,0.590661154,0.404191887,0.200269178,0.142212972,0.004769475,0.370925684,0,0,0.597739258,0.437649221,0.14554816,0,0.615006341,0.736224381,0.556105181,0.233909871,0.500760263,0.354206198,0.492482875,0.216582914,0,0.318414644,0,0.00304878,0,0,0,0,0,0,0,0,0,0
p_91,0.951267185,0.604692815,0.479220646,0.320017238,0.057208237,0.557032175,0.673628594,0.511565717,0.378168051,0.282346049,0.191121412,0.027962716,0.280451127,0.6192971,0.448261758,0.348380765,0.15893056,0.455922862,0.413035297,0,0.021066491,0.599160326,0.441356922,0.405665912,0.047774158,0.348910475,0.586284154,0.688912395,0.308496732,0.607426453,0.530142162,0.579111644,0.29861264,0.002751032,0.452478399,0.039999992,0.137055837,0,0,0,0.033254156,0,0,0,0,0,0
p_92,0.94829716,0.591340662,0.449525987,0.416468391,0.026755853,0.579671812,0.648360835,0.438524157,0.381148534,0.366666666,0.174527227,0.246874999,0.062735849,0.518868931,0.398713826,0.157423971,0.196552988,0.153550862,0.395294117,0,0.039952996,0.606103306,0.430791958,0.504511929,0.136082473,0.517154521,0.670587242,0.631521442,0.522550894,0.550448928,0.474254143,0.560789012,0.304894356,0.008628128,0.466870174,0,0.109551833,0,0,0,0.023217247,0,0,0,0,0,0
p_93,0.947380877,0.604055335,0.460941584,0.279432043,0.091703056,0.610330268,0.651428319,0.427938144,0.366511399,0.279710644,0.124228887,0.026435045,0.083315976,0.546072438,0.41344364,0.185742686,0.085982659,0.215439854,0.40003548,0,0.039007092,0.57384494,0.366047031,0.328478885,0.046046046,0.467061734,0.556709253,0.607400236,0.123386296,0.476123472,0.489803998,0.472519771,0.24258616,0,0.456257701,0,0.007629428,0,0.001883239,0,0.06095238,0,0,0,0,0,0
p_94,0.946338149,0.577487047,0.443401124,0.437202223,0.053075995,0.595157895,0.631234409,0.454972759,0.281978249,0.335048011,0.17594759,0.086743616,0.011876485,0.515835223,0.333133012,0.15813686,0.074165636,0.480933848,0.437940379,0,0.040793826,0.551348575,0.364785327,0.514255975,0.097385031,0.523793112,0.598914039,0.662282978,0.512713425,0.5866713,0.599090908,0.464699074,0.166952264,0.029244516,0.555330136,0.054054047,0.005,0,0.001425517,0,0,0,0,0,0,0,0
p_95,0.950420629,0.613315887,0.479426352,0.166491154,0.004158004,0.573308152,0.66754537,0.513875927,0.539603342,0.50709758,0.34937323,0.054607508,0.169574944,0.658558912,0.552308802,0.46555118,0.089232089,0.596380798,0.535549083,0,0.003707136,0.566733658,0.382265492,0.244038748,0.017110266,0.389276041,0.571211279,0.7061501,0.197559831,0.381649165,0.484130531,0.669665809,0.365705981,0.033030553,0.587376933,0.03278688,0.157241378,0,0,0,0.142548593,0,0,0,0,0,0
p_96,0.951996195,0.609884007,0.477649521,0.393237714,0.072312083,0.602681615,0.601615436,0.579999027,0.518630295,0.24461408,0.174381855,0.066020811,0.161317567,0.670443917,0.57839965,0.236507555,0.177596741,0.521462635,0.562368888,0,0.249163878,0.583627601,0.42115979,0.311345917,0.019300362,0.45882139,0.6444426,0.726272912,0.174502612,0.585694776,0.638431661,0.493917058,0.356109503,0.037821482,0.576817157,0,0.14236824,0,0,0,0.068126519,0,0,0,0,0,0
p_97,0.950634638,0.606114355,0.46057242,0.391074916,0.006072874,0.673776143,0.723401817,0.486588769,0.415639929,0.223885982,0.006392499,0.168899968,0.311457174,0.69620165,0.373113854,0.228202971,0.19364599,0.508071364,0.52109969,0,0.005751258,0.606844224,0.4162676,0.449941586,0.010432191,0.57475293,0.703329582,0.743337713,0.32585801,0.593284764,0.586524063,0.557778979,0.101202405,0.034141958,0.574853442,0,0.161556603,0,0.005633803,0,0,0,0,0,0,0,0
p_98,0.951042652,0.596825073,0.476731322,0.249601457,0.030567685,0.556364463,0.645075116,0.54147291,0.373914107,0.388776542,0.29384109,0.066220238,0.041053101,0.539733954,0.330864197,0.171113689,0.038896427,0.496519718,0.475554368,0,0.111192391,0.565560445,0.397591632,0.224931521,0.03821656,0.541218846,0.677845171,0.623423832,0.14423901,0.479726917,0.577525538,0.379428341,0.19090909,0.031358885,0.496644295,0,0.009296149,0,0,0,0.003831418,0,0,0,0,0,0
p_99,0.951179855,0.630246181,0.469224538,0.214293935,0.004756243,0.62299641,0.696106708,0.603236554,0.57120743,0.410852109,0.277847835,0.065484311,0.113547196,0.601983198,0.523247094,0.294282083,0.199999999,0.372355428,0.527549824,0,0.050052137,0.59809175,0.386765091,0.211672474,0.014846235,0.551888434,0.696215267,0.680950684,0.204003407,0.619733497,0.580199226,0.478319418,0.249821555,0,0.499448825,0,0.153736654,0,0,0,0.024347826,0,0,0,0,0,0
p_100,0.948302919,0.622184201,0.481847308,0.11638076,0.077594568,0.537298051,0.585608267,0.44317933,0.452568134,0.44293903,0.298780487,0.022003929,0.048537083,0.552907158,0.393378168,0.270213875,0.024295011,0.523676875,0.514098001,0,0.039436619,0.580432833,0.372844372,0.264754658,0.016057092,0.40713898,0.536009462,0.539249546,0.240271152,0.473203303,0.51880207,0.40590482,0.199155699,0.010058676,0.486353711,0,0.001157407,0,0,0,0.188764041,0,0,0,0,0,0
p_101,0.944715672,0.582509441,0.42324161,0.375238974,0.024904214,0.629003584,0.692892349,0.413023884,0.384147131,0.411567788,0.182785299,0.189074255,0.092273236,0.577787235,0.19696646,0.123731587,0.057663126,0.345029236,0.371295132,0,0.006311993,0.576427658,0.374793038,0.524878936,0.044230769,0.645215283,0.707113305,0.594022416,0.586327045,0.59692421,0.53702422,0.455752641,0.260345299,0.039056143,0.419614584,0,0.036682615,0,0.003159558,0,0.012841091,0,0,0,0,0,0
p_102,0.94852273,0.603529336,0.488451107,0.407048822,0.080046403,0.648651763,0.720188063,0.423313223,0.241365515,0.337929766,0.232092314,0.188562596,0.093212237,0.596403507,0.478861788,0.287280701,0.129622266,0.462511288,0.475371787,0,0.109779179,0.559709978,0.36668553,0.566247481,0.066259808,0.507911981,0.633887728,0.725326311,0.685984003,0.661694788,0.712051516,0.468854391,0.34680382,0.266165412,0.612587412,0.136363621,0.041529023,0,0.002118644,0,0.047244094,0,0,0,0,0,0
p_103,0.9497391,0.628717587,0.451603322,0.345689533,0.004784689,0.611144455,0.627931355,0.617687652,0.460893854,0.267671823,0.048120899,0.064978903,0.057184046,0.612959849,0.439741886,0.108137334,0.06390639,0.552652411,0.570086139,0,0.117424241,0.598980597,0.381957401,0.379197298,0.024615384,0.374075341,0.623306309,0.66537931,0.367700072,0.549190639,0.553578991,0.529610194,0.236829148,0.049921996,0.481083086,0.166666639,0.014678899,0,0,0,0.007393715,0,0,0,0,0,0
p_104,0.952285283,0.630059792,0.491179276,0.293522661,0.065739569,0.587604323,0.657696255,0.572613693,0.502474975,0.372518329,0.26744186,0.003401361,0.045657802,0.511677793,0.484647626,0.301915708,0.115183246,0.635772353,0.448632864,0,0.079242032,0.585973388,0.381730856,0.215357664,0.045045045,0.485968363,0.600147397,0.562381053,0.184663889,0.507510548,0.500103927,0.513167795,0.332001996,0.017142857,0.455574676,0,0.010342599,0,0,0,0.133037691,0,0,0,0,0,0
p_105,0.949645047,0.614589565,0.446044404,0.195354916,0.064642507,0.607796292,0.712250397,0.474457662,0.486465781,0.373992197,0.201149425,0.023346303,0.082820634,0.580145119,0.4266,0.240976933,0.083761939,0.339403971,0.419625915,0,0.02103418,0.56919227,0.375397347,0.213670942,0.097279472,0.444516932,0.583068827,0.533200861,0.135386819,0.413881969,0.443679091,0.526935701,0.265617064,0,0.410040307,0,0,0,0,0,0.092526689,0,0,0,0,0,0
p_106,0.9460736,0.552820644,0.462725552,0.308639671,0,0.63615149,0.682757751,0.413318139,0.239569313,0.235056839,0.081708449,0.041254592,0.091083209,0.552586471,0.306961411,0.13474979,0.063944286,0.31102733,0.399636093,0,0.001295337,0.530027418,0.374900992,0.48916262,0.042696629,0.557156192,0.659544605,0.634351949,0.454027861,0.45045855,0.470304623,0.454812781,0.315707215,0.001552795,0.518639972,0,0.033232628,0,0.002378121,0,0,0,0,0,0,0,0
p_107,0.952590094,0.615818778,0.495021867,0.395274054,0.084282459,0.607501078,0.700026748,0.424026042,0.369057597,0.3790949,0.173814386,0.050168476,0.029907429,0.525924143,0.427182519,0.287452911,0.022108843,0.228915661,0.379458963,0,0.060982495,0.580979688,0.41547852,0.327428546,0.022667829,0.482313006,0.63351207,0.599927757,0.320330538,0.493858109,0.492682926,0.4422,0.21109902,0,0.422482435,0.055555548,0.002216066,0,0,0,0.057657657,0,0,0,0,0,0
p_108,0.947052665,0.5990949,0.464280794,0.297355913,0.044543429,0.61092662,0.681976484,0.497076023,0.539312039,0.525378755,0.33740942,0.024019215,0.130920919,0.563210351,0.452434039,0.400106269,0.148327009,0.317841077,0.410224102,0,0.003169572,0.564440167,0.397171879,0.337937054,0.023575638,0.503990746,0.63101597,0.638188533,0.353613906,0.458212271,0.430748839,0.592456975,0.325091798,0.0140625,0.476026153,0,0.011056511,0,0,0,0.106007065,0,0,0,0,0,0
p_109,0.950607237,0.609373766,0.465167759,0.255364912,0.062761506,0.673401433,0.764782659,0.543101604,0.505817513,0.518771331,0.456762748,0.269077535,0.453999075,0.71400789,0.487497538,0.265482358,0.115487571,0.567330673,0.550711822,0,0.024772915,0.607943077,0.40044929,0.376687622,0.130518233,0.595755937,0.724289993,0.686679602,0.494767783,0.699548513,0.626323751,0.560350576,0.385278359,0.201959305,0.56760473,0.096774178,0.060674157,0,0.001614205,0,0.257425737,0,0,0,0,0,0
p_110,0.953658832,0.629285481,0.518136417,0.386877921,0.074534161,0.5566277,0.631356225,0.572957,0.496650605,0.470902203,0.331444116,0.023752969,0.005711022,0.569637883,0.532928064,0.291655698,0.107064502,0.585873602,0.456077766,0,0.105836575,0.58326322,0.418996459,0.287496317,0.002207505,0.510405194,0.631750777,0.569513881,0.284040672,0.550500217,0.555677094,0.486231465,0.346524606,0.019417476,0.458243727,0.027397257,0.00128783,0,0.001449275,0,0.109589039,0,0,0,0,0,0
p_111,0.948641231,0.61258357,0.482020208,0.48942673,0.015727392,0.648318389,0.641659286,0.571098033,0.549076421,0.551982942,0.37330367,0.20299965,0.108775313,0.634423844,0.436295251,0.228269924,0.240025332,0.347094799,0.514665485,0,0.055696202,0.54589912,0.389239226,0.380390298,0,0.511172758,0.534791282,0.665395718,0.492627345,0.592022744,0.567145269,0.494148735,0.402116401,0.076335877,0.551282051,0,0.003731343,0,0.005952381,0,0.095477385,0,0,0,0,0,0
p_112,0.953841786,0.646582418,0.50534095,0.427087308,0.062430323,0.605170816,0.624146797,0.573819051,0.536264786,0.438190784,0.296705632,0.151366503,0.14070169,0.597198059,0.471659722,0.446977729,0.1890307,0.553359679,0.525165952,0,0.02484472,0.623697279,0.431718471,0.397959183,0.03821656,0.516764037,0.587223394,0.668006345,0.242452178,0.619806637,0.623321252,0.513446023,0.405650857,0.055764883,0.55205214,0,0.055522027,0,0.002515723,0,0.153846151,0,0,0,0,0,0
p_113,0.954216037,0.613389094,0.495793525,0.364418392,0.058407079,0.608903973,0.719557698,0.443367347,0.39645359,0.340009462,0.236014355,0.040258806,0.116788321,0.629659397,0.52018665,0.332052688,0.028834601,0.398283258,0.476080997,0,0.115259739,0.600266012,0.441690866,0.406275602,0.090990187,0.501904432,0.680426697,0.599807959,0.286154184,0.580457916,0.5278076,0.480811733,0.352436253,0.00331675,0.437941473,0.081632636,0,0,0,0,0.066797641,0,0,0,0,0,0
p_114,0.94685425,0.596466745,0.445164585,0.396755213,0,0.5607885,0.622624866,0.435094196,0.393160431,0.285855182,0.174900147,0.07606264,0.032414127,0.520184877,0.533426045,0.313552733,0.076335878,0.392070482,0.459645755,0,0.093637454,0.589981405,0.419897566,0.431584884,0.116319443,0.448794053,0.599870454,0.630596802,0.31249318,0.624664661,0.574932445,0.540673943,0.386542923,0.006920415,0.4615245,0,0.012738853,0,0,0,0.08170515,0,0,0,0,0,0
