SyN,,,,,,,,,,,,,,,,,,,,,,,,,,,,,,,,,,,,,,,,,,,,,,,
,Unknown,Left-Cerebral-White-Matter,Left-Cerebral-Cortex,Left-Lateral-Ventricle,Left-Inf-Lat-Vent,Left-Cerebellum-White-Matter,Left-Cerebellum-Cortex,Left-Thalamus-Proper*,Left-Caudate,Left-Putamen,Left-Pallidum,3rd-Ventricle,4th-Ventricle,Brain-Stem,Left-Hippocampus,Left-Amygdala,CSF,Left-Accumbens-area,Left-VentralDC,Left-vessel,Left-choroid-plexus,Right-Cerebral-White-Matter,Right-Cerebral-Cortex,Right-Lateral-Ventricle,Right-Inf-Lat-Vent,Right-Cerebellum-White-Matter,Right-Cerebellum-Cortex,Right-Thalamus-Proper*,Right-Caudate,Right-Putamen,Right-Pallidum,Right-Hippocampus,Right-Amygdala,Right-Accumbens-area,Right-VentralDC,Right-vessel,Right-choroid-plexus,5th-Ventricle,WM-hypointensities,non-WM-hypointensities,Optic-Chiasm,CC_Posterior,CC_Mid_Posterior,CC_Central,CC_Mid_Anterior,CC_Anterior,non_jec
p_0,0.974610939692448,0.7644645635764598,0.6350111761088326,0.8560046074416796,0.07366071346360811,0.6056107064331615,0.6759753961690557,0.847993713055354,0.7668862188210175,0.6286031037150751,0.6683917184148255,0.6764622755680636,0.6501912308026148,0.7790742599831428,0.6094139646123644,0.40331778053686235,0.6429712434386132,0.04197530838286847,0.6708065958250145,0.0,0.2626609419514082,0.76164591272281,0.6244817957814447,0.8121087242950245,0.19479266928840241,0.6269559591190174,0.714808016980045,0.8644882523011136,0.711197255537204,0.6461440301091442,0.6150618824941014,0.6097560971209727,0.4235523740670911,0.07874927574551664,0.6946193469557675,0.0,0.22735042540726133,0.0,0.006606110597802555,0.0,0.0,0.0,0.0,0.0,0.0,0.0,2.906436011904762e-07
p_1,0.972892032222421,0.7751268697215095,0.6536335301007459,0.8297729404609883,0.01807228888445348,0.6627683196404943,0.6760121715711591,0.8734931143691366,0.7465581219363605,0.5542977487466778,0.5247740721022529,0.5332001970384413,0.691368786636075,0.7776719094713097,0.5273088376966991,0.26184411570411936,0.6214014089005898,0.03477218204573032,0.6030439117994986,0.0,0.30272451763143776,0.7648111038523309,0.6443081785669296,0.8190345897801108,0.0,0.6482867125284413,0.7305424017550141,0.8774115140627822,0.6849095481052101,0.5216355195524673,0.49978118089018064,0.46650381192797113,0.20221563394879757,0.05630752541252017,0.6146979313417377,0.0,0.31230609811472493,0.0,0.003418803389582877,0.0,0.0,0.0,0.0,0.0,0.0,0.0,0.0
p_2,0.9776936670058555,0.7848010710265702,0.6682598838187522,0.8725449654369728,0.22336065344917364,0.6298298615380367,0.7580562147400812,0.869909054471045,0.8366380953861609,0.6552701499953321,0.6833930688568863,0.6793791544151699,0.7447384856329684,0.8373897705754162,0.613233008413157,0.4153929141963803,0.6253077271033594,0.3043197917194082,0.7558250871721792,0.0,0.3884057933487363,0.7734884530551285,0.6533860357834136,0.8617683679863978,0.32879377112068314,0.6137844460490197,0.763779081246013,0.8863569272764881,0.7884640815075221,0.656684299599494,0.6906235109694824,0.5916756662028116,0.4128219373488569,0.36389280420385894,0.7403984057845431,0.0,0.35059036920444714,0.0,0.005031446477591868,0.0,0.0,0.0,0.0,0.0,0.0,0.0,0.0
p_3,0.9677170120841374,0.7484850981484344,0.6004752712722278,0.8285767115647065,0.0,0.6831975945875477,0.5514397644953147,0.8512463412800251,0.7562406209845306,0.6140376054155033,0.6059550746892651,0.6557017519893942,0.5648729839801339,0.732324291812929,0.3827059259167306,0.24491836013842327,0.5930851037540553,0.147132168658777,0.6217953049977709,0.0,0.29355077617827446,0.7401317350946456,0.587567008828132,0.8472532988505168,0.02938090210513219,0.6660248253849285,0.6347844790648627,0.8611700675585469,0.7253307431419702,0.5909150067741019,0.5359498141612518,0.3522453749038956,0.1642036122098463,0.16062465052635444,0.5806946571483508,0.0,0.3579418324499898,0.0,0.005888125555563047,0.0,0.0,0.0,0.0,0.0,0.0,0.0,0.0
p_4,0.9723919065515493,0.761931956977979,0.6167183786949988,0.8600135407285,0.14838709517863338,0.5855602143259777,0.7390940634214421,0.8429624280559901,0.7864518785765677,0.6410523777644562,0.6733535187862348,0.6235294094723183,0.7155526698776711,0.8378062206100663,0.5442799456758367,0.35846911641063073,0.6124595444479791,0.20833333205678106,0.6787026176797948,0.0,0.34486873302584287,0.7683313731915333,0.6151752893245748,0.8396369694981897,0.24050632693936413,0.5718601991319899,0.7201162505675287,0.8561971308484226,0.7575561304430526,0.6735809610278333,0.6653433889135701,0.5637681154881095,0.33293697922042303,0.24970963850342834,0.6842479268185963,0.0,0.5144303771421247,0.0,0.001782531178408813,0.0,0.0,0.0,0.0,0.0,0.0,0.0,0.0
p_5,0.9736739163542338,0.7606374186248734,0.6247017669652779,0.892916642473454,0.08640406497580604,0.6112002933974222,0.7303345101106284,0.874481100680314,0.8079763654695333,0.5992534213195742,0.6746359472405218,0.6790478663901441,0.6001154050775666,0.8043140224065399,0.6673120923540644,0.3783031980104238,0.6311573863389772,0.28539198936609145,0.7203728356188641,0.0,0.39218081617482703,0.7646724314705456,0.6170063647335767,0.8816478237938213,0.04846938713687007,0.5768854701829769,0.7292308923626352,0.8628680949858465,0.7787069133400909,0.6402737803217906,0.7118047906972856,0.60719675859306,0.2926027391915932,0.2751937966718747,0.6679072909254717,0.0,0.42498719700467386,0.0,0.003984063718565314,0.0,0.0,0.0,0.0,0.0,0.0,0.0,0.0
p_6,0.9714111271150688,0.7595779264168114,0.5959206464332232,0.8730115639087324,0.2537764324896633,0.7172288805215974,0.7474345109234645,0.8256202163307719,0.6800227653044704,0.48049772634561877,0.5870467245407781,0.6325474392393691,0.7062006748450943,0.7563922080935681,0.5607846114492628,0.15722636533516154,0.5831120521342961,0.03795811493482909,0.5612929731808705,0.0,0.44857332150913526,0.7462949284014162,0.5781603619615996,0.8497555598534202,0.12018140453309066,0.6756390721727376,0.7292623634317142,0.8479722155232062,0.6183819475857106,0.523187458749847,0.6069146925837755,0.5602855285137667,0.27240356042670094,0.06010518362054708,0.6231106772841745,0.0,0.4528301865432538,0.0,0.0012106537456982218,0.0,0.0,0.0,0.0,0.0,0.0,0.0,0.0
p_7,0.9755543160086454,0.7687341073643174,0.6367798798397875,0.8515047376593228,0.26178010197088897,0.6460424160561345,0.7724614945256374,0.8928939233301267,0.8321414629669205,0.6025545936526127,0.664803266685007,0.6690504542350001,0.711197577364467,0.8328735630588364,0.701118805983734,0.47408742570056916,0.6549815467943655,0.30922362104032103,0.753153453551789,0.0,0.4115281473758167,0.7700450708528161,0.6337414103003836,0.8631570203175467,0.16728167075914305,0.5894639636362816,0.7511872148876257,0.8820885008492182,0.7914230010418266,0.6606650440708313,0.6583423021348929,0.6436202548044643,0.41347869095445255,0.37830858374235904,0.7374341570061297,0.0,0.46200240975873097,0.0,0.004127966933663912,0.0,0.0,0.0,0.0,0.0,0.0,0.0,0.0
p_8,0.9739659648510404,0.7761538449880471,0.6409333188361954,0.8455433780459195,0.3094777532932519,0.6687561053669904,0.777501893725451,0.8445942383250333,0.8439116708594174,0.7068159768037952,0.7502234120861855,0.6571428546723952,0.6868105499117253,0.8444935774470952,0.6990496297407607,0.4391614427508938,0.6085552840655557,0.5126835746816851,0.7712295524996247,0.07843135717032212,0.40963855069157873,0.7661811745968058,0.6279372805536175,0.8027888438219235,0.3732845345536639,0.6560991275240672,0.7888961056000585,0.8777621791307845,0.7525202317868519,0.6660869559425331,0.6819371712872226,0.6561394846153964,0.38690138105829763,0.46524063860133263,0.7581331827792327,0.0,0.32006773649392267,0.0,0.006841505053118529,0.0,0.0,0.0,0.0,0.0,0.0,0.0,3.923688616071428e-06
p_9,0.9724346392118346,0.7904386484939405,0.62311038439219,0.892099090081784,0.047091412090146646,0.674828417576788,0.7883355895658165,0.8807062371467614,0.8404929162265428,0.687894216363026,0.7165775387383928,0.6555709632197366,0.7048365994644794,0.8553558589404464,0.4882486727745938,0.3515323719270705,0.6411824636025358,0.2632821708188774,0.7089820353620903,0.1573033531119828,0.3961290297023934,0.7708078284414167,0.5934789994420534,0.882111633866136,0.0989473673795014,0.6164115342167115,0.7440609659456957,0.8740899863503461,0.7997380761762107,0.6727063334566554,0.7409948527901756,0.44462796230520446,0.29258868933510945,0.3081607776604094,0.6734791628025874,0.0,0.4711751636852818,0.0,0.004746835405483897,0.0,0.0,0.0,0.0,0.0,0.0,0.0,0.0
p_10,0.974604240164946,0.7968962482891453,0.6238557196828044,0.8533839037256229,0.30769230314064644,0.6566495373778726,0.7532541978976516,0.8679285180988007,0.8150096914774166,0.6164430679253156,0.6923573720293706,0.6455445518988334,0.7008610993993615,0.8511675521456039,0.6111054709053848,0.4926353943062874,0.6443914050387044,0.38662316160992527,0.7285573192064444,0.0,0.40386042758826707,0.8075445166277224,0.6384540764483435,0.8419593980170724,0.26599748725222727,0.6548765802500608,0.7657985284942934,0.9028173099606057,0.766768715882593,0.6704925867443866,0.7440876740163668,0.5690338025522393,0.45325778951226103,0.35182250117414815,0.7183212262160442,0.0,0.4198675468882944,0.0,0.009033423585967267,0.0,0.0,0.0,0.0,0.0,0.0,0.0,0.0
p_11,0.9685601211109602,0.7472397652682188,0.6104225292426011,0.8828542835365052,0.2707355221382197,0.5998097806728871,0.7224974612485385,0.8861201934343668,0.7871617655064288,0.5487047412901798,0.6491952112067784,0.6242331264408238,0.6066790333745237,0.8048850849495365,0.5906125691403241,0.30788804015287524,0.6461415407991141,0.06633020860612683,0.6837344250864188,0.0,0.43841335888093236,0.755380218622539,0.5956114575968251,0.8700120916062031,0.24761904593456432,0.5714618899684061,0.7382388042826089,0.8894862599226486,0.7290832085051125,0.6472805595451339,0.6780985442194518,0.5903844679428385,0.3111258054039911,0.2862619790015209,0.6966992976724428,0.0,0.5330979676385791,0.0,0.006514657938015258,0.0,0.0,0.0,0.0,0.0,0.0,0.0,2.906436011904762e-07
p_12,0.9728178599980282,0.760239041810961,0.6079350163361134,0.8794326237570689,0.12602100203009334,0.6723759103350503,0.730716184845181,0.8973548314377938,0.8173280103107209,0.6173053575365829,0.7177937273936651,0.6487912059393792,0.6641084659398606,0.8460977604573918,0.5394217600552293,0.3054630892785136,0.6957773479089377,0.199999998540146,0.6927331964137811,0.0,0.47870967433090533,0.768905905901787,0.6031651973900776,0.8576978001384189,0.04651162736614387,0.6720027188933634,0.7535044301761703,0.8750959418333439,0.7617157340812485,0.6539058452716797,0.7635919349142906,0.4895305763931283,0.3145616906969898,0.21357943168372162,0.7167904442869685,0.0,0.3331010429749056,0.0,0.0006882312433302434,0.0,0.0,0.0,0.0,0.0,0.0,0.0,0.0
p_13,0.9794710798305645,0.8037965813536785,0.6738602513301074,0.8649857906372902,0.22864651473526262,0.6612863962810062,0.7687333816194757,0.8766168144317822,0.8247199122699435,0.719918422229845,0.7544154736029952,0.5805455451335793,0.6938775486202783,0.8394945507006961,0.6321916647273564,0.44268316171915106,0.6329346797013123,0.26731980218810497,0.7001733096977069,0.0,0.29885057127757964,0.810416115315844,0.6732547658969057,0.8342536876005492,0.4340962870237073,0.6219213173610391,0.7504022715970439,0.8898023710725679,0.8029730995717637,0.6575036503242817,0.7205912528832042,0.629773361821039,0.4900662242884084,0.30068027006339954,0.7295725952784627,0.0,0.342226307799206,0.0,0.008298755100635321,0.0,0.0,0.0,0.0,0.0,0.0,0.0,0.0
p_14,0.9752102278061714,0.7742948337627674,0.6407986461810341,0.8303190701144545,0.24424778544913464,0.635533473294803,0.7277406207069874,0.8847358525345919,0.7910486588719118,0.6429393386133986,0.7482161044888561,0.6456483097440128,0.5529923084152714,0.8227556503818055,0.575095874951009,0.4193313945869706,0.71537290443161,0.31698113008187967,0.6826530607269292,0.0,0.21744626779461104,0.7646829506248634,0.6278218548944584,0.8043122525706881,0.10892857045599491,0.6005901752009508,0.7296426927898734,0.8721054883833054,0.7472289797955813,0.6807115331742671,0.7063864503032311,0.5007040684053182,0.3485519585203544,0.265251987630955,0.6696642680832852,0.0,0.1780104693402045,0.0,0.007788161933114004,0.0,0.0,0.0,0.0,0.0,0.0,0.0,0.0
p_15,0.9608518235375783,0.7522567448526198,0.5264564084149694,0.8899271911683978,0.30831315328237974,0.6150249450206008,0.697100155561753,0.883851695142124,0.7714285703153989,0.5992643755277076,0.6732318695764731,0.7237394938977428,0.7119190724059242,0.8066933755600791,0.6285125026823817,0.39634418101572855,0.6293393021873499,0.12180052849249313,0.7618351299928394,0.06666665925926007,0.4651972130789025,0.7288071201959465,0.5027757231451315,0.8685612786602408,0.21787709345057896,0.5532034600292558,0.6766454131091733,0.8730795329961871,0.7111440564478082,0.6707498462938579,0.7247804653570776,0.4844009039303686,0.2551652888168642,0.12188841097091493,0.7352523092259663,0.0,0.4182124771576202,0.0,0.0014566642282835818,0.0,0.0,0.0,0.0,0.0,0.0,0.0,1.8891834077380953e-06
p_16,0.9687235737883759,0.7396223173936685,0.598590008239001,0.854249162026253,0.13109243587317282,0.5611365495131819,0.6902694307049586,0.8549658707577301,0.7444700763407924,0.5544096723378292,0.6329113912439711,0.6636771275647342,0.6818663820735249,0.735917969707278,0.5706184377572087,0.3029197074150047,0.633290540721906,0.023676880057960446,0.6188470827622733,0.0,0.4144527076809102,0.7455700207473887,0.5998662878060186,0.8374834932854728,0.10224948770706045,0.5728568353545004,0.6577087918029197,0.8548764476089274,0.6036937817514538,0.6117625664832629,0.6008791195585075,0.5499846668583375,0.2147453572076754,0.03007518774379558,0.6743971734953178,0.0,0.4154002005298875,0.0,0.0032414910333631924,0.0,0.0,0.0,0.0,0.0,0.0,0.0,0.0
p_17,0.9704728157706206,0.7703443119712825,0.6181763092817922,0.7768584596874513,0.3416149041800085,0.5699546411917915,0.7191855127669445,0.8293948122817508,0.7421368538509762,0.6606060601510978,0.5726308692600053,0.6712477371745108,0.6843423785295567,0.7843295528400896,0.630401703720023,0.3802376479358386,0.6088435348263455,0.27036198942102946,0.6156600065737037,0.0,0.36565096615280734,0.7692746145408207,0.6212962591311154,0.7812657131087812,0.16482164618915565,0.5550276407358392,0.7090371959770178,0.813017043350435,0.6620950571505143,0.6509459455061176,0.5191682902547624,0.5346874549172598,0.2530434778941399,0.23875624520401864,0.5853218725820029,0.0,0.38929440073564964,0.0,0.006741572957959854,0.0,0.0,0.0,0.0,0.0,0.0,0.0,1.060849144345238e-05
p_18,0.9738789363388811,0.7826133357834122,0.631689424321751,0.7143603125698587,0.1912442374280618,0.6638068389106981,0.7747203128036839,0.8755155435382875,0.6986695916902077,0.7248071072209438,0.7663950314970993,0.6589755391833154,0.7131147521499597,0.8530683967198789,0.6147567739024186,0.5110236210412921,0.7062670261238855,0.47002067215699056,0.7680271601092131,0.12307690414201475,0.18393480577491494,0.7820905605174676,0.6240449722063562,0.7741935476303093,0.2759856606094475,0.6938554838291909,0.778647945779956,0.9055724412839046,0.6812040124666168,0.7137266479260677,0.7282491931109037,0.5880959427094344,0.4446686840822928,0.5010238873650247,0.7512645694954442,0.0,0.22580644933662855,0.0,0.004971002444316467,0.0,0.0,0.0,0.0,0.0,0.0,0.0,2.4704706101190477e-06
p_19,0.9694690316227872,0.7440104306311106,0.6074114933981872,0.8203080427693183,0.046659596535953377,0.7174649030654291,0.6303532378305836,0.8503094158162963,0.6942743000076241,0.5367376336347546,0.5283617601579498,0.6539243568364198,0.4987405527603119,0.7239314269481208,0.49670915563050144,0.22978547807387484,0.6737918184303353,0.013898540556646695,0.5976272479160909,0.0,0.2700329278810875,0.7397818314804507,0.6092853269546973,0.8038206098023875,0.08104886673362495,0.6908980581476186,0.5589842962821673,0.8562311641811552,0.7110720111712052,0.5324402207863228,0.4912348285662978,0.5533540643684104,0.2863829781140788,0.024226110200362652,0.6604018141117938,0.0,0.3113582183371071,0.0,0.0,0.0,0.0,0.0,0.0,0.0,0.0,0.0,0.0
p_20,0.97368306481641,0.7557421722010668,0.6062965979480249,0.7808973036275559,0.0,0.564726204773756,0.679526704072823,0.8331669195427971,0.6390438238525314,0.5674469108545808,0.6271597877664433,0.5818353804075904,0.6054769768116852,0.784806768153641,0.4178931698214874,0.14826789804095175,0.5635255482253841,0.15003641551320893,0.6579618226338607,0.0,0.21112695847179802,0.7615898881550701,0.5967730350899829,0.7700310085325288,0.32939322041455305,0.5580817764097077,0.7033531327301511,0.8385787802659448,0.5326525120496473,0.5940378706537629,0.5846202824635882,0.508914813626154,0.29431556526595437,0.17188459071894052,0.6487777978013982,0.0,0.32610441505137017,0.0,0.0037629350716701076,0.0,0.0,0.0,0.0,0.0,0.0,0.0,0.0
p_21,0.9734737254168825,0.7903527538079833,0.6343449356505514,0.8870825231005186,0.3379844935039962,0.6655716991849884,0.7219579059202622,0.881956314870866,0.8183458957231703,0.66450672228697,0.6942846170036736,0.5701459013462554,0.6802059477110813,0.8155727718794242,0.6982658953771546,0.4608907590053385,0.6724286919946901,0.47226173206072736,0.6949417443201608,0.1621621183345626,0.4901960761428754,0.7842659927435334,0.6136540068921591,0.8735710335839654,0.36797273962544513,0.671481960494559,0.7493373961855181,0.8731347028723636,0.7817661299474057,0.6862553046961677,0.7069158865291292,0.643666169416046,0.4043534395787614,0.5802382580221566,0.6933142647884775,0.040816318200751385,0.4906666644859259,0.0,0.004766444209883487,0.0,0.0,0.0,0.0,0.0,0.0,0.0,8.28334263392857e-06
p_22,0.9722702314696036,0.7373087132225976,0.625077250649103,0.7401175931794504,0.07682458288316796,0.621316970727624,0.7305300990291366,0.8277824975243065,0.6282282274735997,0.6062851844892145,0.6383796042633497,0.5602605837121424,0.6670464236199191,0.7568861548503247,0.40108907008861217,0.2111711707906826,0.48327696173139056,0.19558359518620613,0.6323010579953606,0.0,0.084639497105964,0.762115084376169,0.6411228246003287,0.700540063153819,0.23320658766531574,0.7398309792174999,0.6621241122967693,0.8753937368559414,0.6797730562346311,0.6285833560892128,0.6215139432326471,0.46262446094321263,0.33908256818516963,0.155597721975979,0.6655350348550142,0.0,0.16702819775457486,0.0,0.002624671898788242,0.0,0.0,0.0,0.0,0.0,0.0,0.0,0.0
p_23,0.9766054000162359,0.7917064471266234,0.655858251218812,0.8795632154589641,0.32375978689608637,0.7072185354100533,0.7469961349396804,0.8639495386395198,0.8290392477377327,0.7295694760423052,0.7674762391394377,0.628423769362151,0.7337278087632421,0.8314859494527718,0.7232555936896841,0.5415768019612346,0.6666666628744786,0.3627906952638492,0.7441417104264503,0.08571427346938951,0.37076270793683574,0.7888963975554714,0.6403880659788137,0.8756425802139187,0.3636363601928375,0.6479322203426,0.7242350669132342,0.892159932721495,0.8286193662168991,0.7542528127416446,0.7971802602272301,0.6263996725570906,0.42707554146021776,0.4989604955026993,0.7507736247315928,0.0,0.4702242809727434,0.0,0.007174887828027912,0.0,0.0,0.0,0.0,0.0,0.0,0.0,0.0
p_24,0.9634983582780556,0.7548600292568749,0.5418182944051306,0.8656653620826853,0.13765978232389595,0.5921774798096987,0.6788921027023556,0.8509861637615624,0.7329317258563802,0.628289762672045,0.6635863571758276,0.6408471992712641,0.6405049378690864,0.8018332526269163,0.5862122865513426,0.3201754380113753,0.6434927679546919,0.22203810917946887,0.6432647950564735,0.0,0.42194092629188495,0.7329973400417971,0.5218747089550644,0.8531613153175294,0.05797101396765386,0.6009648247883899,0.6831794737945377,0.8408904505911596,0.6640442880768586,0.6666051654367111,0.6997811800880062,0.5093845804910009,0.2790240702816046,0.3868904845172623,0.6484882503420577,0.0,0.46412213504263544,0.0,0.01122019619607018,0.0,0.0020725388386265407,0.0,0.0,0.0,0.0,0.0,8.719308035714285e-07
p_25,0.9707248282287866,0.7619326186713334,0.5858314447265611,0.8468886352266644,0.16598639229950488,0.6246540502983293,0.7071756408293463,0.8539652317749786,0.750883391278542,0.45846618521692717,0.5400696854702619,0.6618473869002113,0.6633089885084135,0.8106777397581673,0.6077909100983928,0.2554660523464533,0.6465956431375838,0.001291989655736501,0.5533291144249953,0.0,0.3761097629046831,0.749196008705139,0.5754913519009438,0.8297506021792757,0.10460250936608254,0.6322794180590053,0.6906821367337757,0.8600569000697531,0.6918583851569218,0.5459256159248428,0.6272189338803108,0.31352992171615357,0.18422686776189845,0.018766755906389036,0.5124592299331643,0.0,0.3395755284670691,0.0,0.010899182412817678,0.0,0.0,0.0,0.0,0.0,0.0,0.0,1.1625744047619049e-06
p_26,0.9791361335456845,0.7746573891762242,0.6681227861182397,0.7472174649537484,0.14040114412032745,0.6314907274194916,0.7394892603780595,0.8864545813893284,0.6049140041708674,0.5336309519839055,0.5780445959210213,0.5348035800495963,0.6500195058524404,0.8212146887419087,0.634667144594772,0.378417967826128,0.6658446321464573,0.03172413771224733,0.6708012895864541,0.0,0.16666666423001952,0.7799088200340323,0.6650834062701876,0.7759129277022552,0.21845174741832718,0.6130451616366213,0.6891171657587488,0.9023558739620638,0.6300928784766652,0.6325352216240394,0.6586680565837801,0.6174256000202353,0.30690970685267127,0.015953589441960916,0.7038860788502223,0.0,0.24782187562611932,0.0,0.0,0.0,0.0,0.0,0.0,0.0,0.0,0.0,0.0
p_27,0.954645119120445,0.72897014053632,0.4988782092060322,0.8581032945551862,0.15999999891525424,0.5278983933044039,0.607133221773737,0.793003801879339,0.6433038810252121,0.5612862141346019,0.6730732981475913,0.6120110616119893,0.6174305375981227,0.7596639148957954,0.5527325019553112,0.17849504145733028,0.5117029842142736,0.0983102911036076,0.6271608550929089,0.0,0.4676006984781055,0.7109086388909595,0.48584693582199706,0.8459123914626581,0.3259911879912282,0.45840149756996584,0.5353373565958773,0.8106276551333149,0.6012597818273909,0.6122004352535011,0.5891986730567388,0.557215352328486,0.22412611339251867,0.09327846300906405,0.612466506407794,0.0,0.5108418351057339,0.0,0.0011827321076796802,0.0,0.0,0.0,0.0,0.0,0.0,0.0,1.453218005952381e-07
p_28,0.9778210471285737,0.7445135186344259,0.6554203258066269,0.7733153834617341,0.09987819610379786,0.6415235543088224,0.6943536285171585,0.8190594275001951,0.6108768028736107,0.5234215882393608,0.4417158340907099,0.5378947340110803,0.5952890771046071,0.7927924906482077,0.5801935022573794,0.31688409847441085,0.6209560568761174,0.023952095664957512,0.5654408853529452,0.0,0.25387453687177464,0.7516882120365153,0.6466384074757616,0.7898854201581309,0.036984352247733256,0.6197183097385965,0.6958033070204234,0.8701603437279232,0.6134708050952922,0.5908540681971391,0.5370625087313732,0.5085700486774201,0.2584493036611346,0.054112553819737265,0.5723452033542861,0.0,0.38607594692356995,0.0,0.0,0.0,0.0,0.0,0.0,0.0,0.0,0.0,1.598539806547619e-06
p_29,0.9698675003599111,0.771220250367032,0.592074435816782,0.7914256543114787,0.05095541336362531,0.7130782676362741,0.7489599124492791,0.8702145662019144,0.7540322569786402,0.6033356253410114,0.6510445038128165,0.6216696242377014,0.6972747343548373,0.7998654179330643,0.4854620551668729,0.3182245621248363,0.6676272782534712,0.0848990947467008,0.6661190960533065,0.0,0.08808290041343393,0.7694215586975441,0.5867079210994921,0.8012218397852449,0.006036217243096406,0.7249286486123553,0.7793404321934402,0.8494278682229559,0.7101646642191846,0.6489852393534862,0.5952899255980805,0.40139921265019735,0.2790482072326202,0.11103202767948735,0.6478754728313872,0.0,0.16486261311521555,0.0,0.015948963063014944,0.0,0.0,0.0,0.0,0.0,0.0,0.0,4.069010416666667e-06
p_30,0.9754125081657616,0.7826580531838476,0.6440223973445098,0.8102943436505669,0.12865496925549744,0.6811662134281117,0.8059521035254217,0.8624994107765324,0.7875479140579069,0.7163465241716065,0.7201581013435611,0.5999999974468084,0.7104353819156062,0.7905830450163962,0.598802394743913,0.42573283410243395,0.6579775251326853,0.3892339517651211,0.6559301032431831,0.21212117998163937,0.36799999672888895,0.779656532744921,0.6410797250351639,0.8189415035073394,0.17051153289356538,0.6568431378708646,0.7751018992341949,0.88992440670502,0.7861730692675779,0.6976117386407039,0.6791232470730808,0.5879735931486987,0.4130714146997037,0.4261294235279034,0.6957852447262736,0.0,0.31936415954216646,0.0,0.008695652098298678,0.0,0.0,0.0,0.0,0.0,0.0,0.0,0.0
p_31,0.9701420641437292,0.7667767608376793,0.585834731760782,0.8843216607832759,0.14571948865464948,0.5661473460775307,0.6982935737431306,0.8569369764109878,0.7950999345001936,0.6260669409935102,0.7224590515538276,0.6960996730874873,0.6044474373165517,0.8257425741114316,0.4820643920411725,0.30096739465967864,0.6678711211446217,0.4341692755942847,0.6805333328148317,0.06802720625665264,0.5017584964726934,0.7611646525422135,0.5686438468759857,0.8670149604737533,0.21829855362521225,0.5505122231910257,0.686691527743948,0.8188026039813654,0.7486669889133943,0.6833544358786847,0.7407071606058315,0.526215895194768,0.30493576689497,0.6091205162123736,0.693773628042764,0.0,0.5258449278039516,0.0,0.005725190785064974,0.0,0.0,0.0,0.0,0.0,0.0,0.0,0.0
p_32,0.9720078196600462,0.7612875017196137,0.6016492294424501,0.8265764102519488,0.03647416357942001,0.6706842384717384,0.6896204231922298,0.8977582228693912,0.7740203961701283,0.5211763737845693,0.6026863916630594,0.6089049301509932,0.6096361828592717,0.6380924041552027,0.5568222296430155,0.2534001425592934,0.6169491490567844,0.0030581039521551685,0.7232431574073325,0.0,0.19843341777502066,0.7743086818975338,0.6243936840669618,0.8253915075576657,0.029885057127757964,0.7387859476945614,0.7613230276703098,0.8532049875009817,0.758703801876401,0.5641786121567156,0.5788468870201472,0.5151768729439506,0.2328820111549671,0.0032706459258328214,0.6973876353258254,0.0,0.21467889711303764,0.0,0.006764374219116413,0.0,0.0,0.0,0.0,0.0,0.0,0.0,0.0
p_33,0.9691023347008775,0.7829463040543686,0.5826493150771048,0.8873599635877877,0.07510431049924464,0.6224422441102966,0.7136656366962987,0.8879898272523467,0.7923008048429937,0.6583850925835093,0.7412298787840903,0.6889069685681937,0.6315789453165076,0.8253761075727526,0.6360591126738334,0.37295930013115824,0.610559743507107,0.34317861924628257,0.7475759014881769,0.19047616024187933,0.46115906004217594,0.7625176127094261,0.5567768066415387,0.8738589717350184,0.07253885916400442,0.6195261775418693,0.7256766747810375,0.899730296134414,0.7396694206385797,0.6318432129641698,0.6820646702509245,0.5262580050079981,0.29174274641561626,0.30053191289539954,0.7302504811093044,0.0,0.39509202211599986,0.0,0.002781641148945472,0.0,0.0,0.0,0.0,0.0,0.0,0.0,1.453218005952381e-07
p_34,0.9706039095751694,0.7551445173971003,0.6076094354750035,0.8568459936670338,0.2435362782023663,0.666206492497865,0.758765941922246,0.8788767161040597,0.8203219307642636,0.6020537342790451,0.6779039928950092,0.6196345065038907,0.7077769035589614,0.8516169730972147,0.7115400609771695,0.46846122846833826,0.6006247184264849,0.25874999838281254,0.7203877607388763,0.0,0.4305834981181523,0.7560945574571213,0.5843382511348835,0.8589058396371073,0.2162764747349334,0.6279853539510724,0.7399523626498965,0.887448804558324,0.7846784670620277,0.6553470780799407,0.6687488505075347,0.6645610619820529,0.44238795056725105,0.33062644819822246,0.7379989309791659,0.0,0.38633193593910786,0.0,0.003949967057603904,0.0,0.0,0.0,0.0,0.0,0.0,0.0,0.0
p_35,0.9676454762291992,0.7488874294478376,0.5656190596989826,0.8496059042099385,0.35147189695386355,0.5673573190651212,0.6797793750485375,0.8292032020447945,0.7156797210056414,0.5226343912899761,0.6102172151845994,0.6028233475664885,0.6678784713895651,0.8086589023439915,0.576044740891685,0.35357577805189533,0.6107114284144227,0.03511235930398624,0.6517935253340671,0.0,0.4111321922129526,0.7463698924176706,0.5563861800628176,0.8292281524882176,0.4597402567549334,0.5523757006612672,0.6858810983622194,0.8763721249310227,0.7332305310547025,0.5412447998263521,0.6395674796965009,0.6161117377143681,0.38606626952240225,0.07706885611453661,0.6968115936979626,0.0,0.3864734276179141,0.0,0.005115089448656145,0.0,0.0,0.0,0.0,0.0,0.0,0.0,0.0
p_36,0.9734946695248617,0.775744414750076,0.6457029310758748,0.7881840683102672,0.14372716024692864,0.6128221795574569,0.7543592572640312,0.8794459640563244,0.6700953328272763,0.5971634361051731,0.624252490657388,0.5584944020422462,0.6650178602225395,0.8062925122887872,0.5814623781997403,0.3988909419613846,0.6543778768337026,0.0651890478149345,0.6713785183814314,0.0,0.18049490275844393,0.7835025054500226,0.6599516552141432,0.7936262370098807,0.32208922391633055,0.6283289669348062,0.7510778187987912,0.8697529159227736,0.6080197401505,0.6522272755380643,0.6642372028089495,0.6786535642353798,0.4943191741053677,0.09457755299761947,0.710656095442502,0.0,0.27444535518122143,0.0,0.0030349013196524837,0.0,0.0,0.0,0.0,0.0,0.0,0.0,0.0
p_37,0.9639840775508698,0.7395306418132741,0.5307651851558574,0.8820278967591126,0.21465428055052344,0.5617269359958782,0.6848851906752936,0.8220276265281034,0.7657623222955517,0.6493850514196925,0.7708537763227336,0.6624548721515008,0.6697432919822807,0.8315501460833002,0.5949827137709577,0.3577235765086919,0.6234931297350907,0.3086103980510623,0.7320398525327392,0.19607841214917526,0.37909247341130115,0.719272242769773,0.4979650943361718,0.8620669113745524,0.19223985721128875,0.6104289749789487,0.6702711861279703,0.8040935667403423,0.6875871679595686,0.6415444965501296,0.7364705865024221,0.485241306398142,0.3388848654256248,0.5292740005521155,0.6833879263608911,0.0,0.3570843556220952,0.0,0.004113110518698661,0.0,0.0,0.0,0.0,0.0,0.0,0.0,0.0
p_38,0.9707953227822813,0.7640554749143812,0.636342237904998,0.8243179350823711,0.1078431359332949,0.5542948747016708,0.6652192496953492,0.7895325010292734,0.711432298794106,0.5213779619501767,0.6693592791089421,0.6066775231948748,0.5437352227499654,0.6611231893354712,0.523907211200957,0.37976122725078415,0.5389017779754033,0.13862633813089895,0.6604464713107703,0.0,0.39609053294192115,0.7620820488385985,0.6337756075497666,0.7844152348860675,0.14956855081909348,0.6210688605158652,0.6182635585670667,0.8358071916165227,0.738070430570879,0.6094637219168267,0.6735802458048062,0.41535950002458694,0.3318019392006093,0.28532235743949,0.626818118418882,0.0,0.3673289167005345,0.0,0.0014508523705083337,0.0,0.0,0.0,0.0,0.0,0.0,0.0,0.0
p_39,0.9738340456169627,0.7885437042510419,0.6474308255467252,0.8057887114285176,0.18730488878975143,0.6869730070078589,0.7850885743530815,0.874821361946318,0.754052801350101,0.6701593533652337,0.7086644684848528,0.6560509524292495,0.6728317903703279,0.8664672626546084,0.5869990220047254,0.353121997400342,0.6766334403287185,0.353361092484467,0.7301330583473256,0.0,0.30545454175206616,0.7885334529319459,0.6424651874095894,0.7956815107551224,0.1547277922184547,0.7168522743592065,0.7856625283260531,0.8757441690557954,0.6979213729124251,0.655824238065608,0.6547574263731527,0.5188073390528996,0.3355559554233989,0.3073200223392618,0.7109709388668838,0.0,0.19047618866213153,0.0,0.006872852154950147,0.0,0.0,0.0,0.0,0.0,0.0,0.0,0.0
p_40,0.9743801993426959,0.7606713388981831,0.6545927877034584,0.7350297772224907,0.015286624009087592,0.7315777420733252,0.6424613663682861,0.8432327162594553,0.6158206005226459,0.5272106469742801,0.4769592995678451,0.5455450445717022,0.5598631683014162,0.7608309248502964,0.532488355705514,0.3183023866648307,0.6483050813119434,0.03463203438216426,0.5710958422201609,0.0,0.14634146143168753,0.7533744546298575,0.6361251967026913,0.754850869547787,0.00895522374693696,0.695556964133515,0.6207047411519416,0.8452015547139341,0.5853244383440577,0.5308625149673917,0.3869801079159432,0.41513811323487415,0.19522209743332944,0.09056603716625133,0.5290020674017836,0.0,0.2502113250193464,0.0,0.006410256307527944,0.0,0.0,0.0,0.0,0.0,0.0,0.0,0.0
p_41,0.9659242342065478,0.7705702356876035,0.5724849303423531,0.8656918202349266,0.19963031238788992,0.6024707740973729,0.694429627318873,0.839906663912181,0.7993061104893167,0.5798165132548567,0.6621499533375115,0.6697956911380571,0.6361983883765298,0.7800910748657633,0.620947842575557,0.27322867994648137,0.6420218761145912,0.1806069564721913,0.6541984727830547,0.0,0.4117073150648423,0.7510166482418761,0.5414907683402995,0.859696213452586,0.12813370354564807,0.5597157483457408,0.68465988956329,0.8396422007940038,0.7433649857032323,0.6395777474534369,0.6730523612748992,0.562996031280592,0.1745807230257007,0.22013033873909965,0.6383283007799712,0.0,0.5134907229616749,0.0,0.004201680628133607,0.0,0.0,0.0,0.0,0.0,0.0,0.0,4.6502976190476195e-06
p_42,0.9727898504501131,0.7892724966438287,0.6215320413889757,0.784398091119261,0.15546771863678896,0.7041019999380622,0.7639728663133489,0.8586939657418469,0.7945205468114719,0.6697000331397877,0.6963725913650413,0.6734589879090219,0.7498048997193618,0.837029608424379,0.6808872264120955,0.42679992517712395,0.6548880997945342,0.2935779798557922,0.7077608039396939,0.13793102655568812,0.296874996686663,0.7774319088240695,0.6099260830164581,0.7969955748564713,0.2668500651052261,0.696289992361905,0.7828563093710469,0.8707721011950245,0.7577021380900012,0.6709563253672032,0.6748936155853328,0.6257257333995211,0.44598540064601205,0.38655461935000246,0.7356377793446627,0.0,0.3389162528185591,0.0,0.0034692107244647815,0.0,0.0,0.0,0.0,0.0,0.0,0.0,0.0
p_43,0.9644813739151538,0.7587414450794723,0.5982111908159642,0.8680203041951217,0.20512820310524454,0.6089476836398018,0.6879772641002646,0.8845402796607502,0.7976987439354616,0.6372264693928115,0.6719225933131651,0.7130434758761087,0.6810865174016938,0.7932769666198652,0.6633823723421634,0.40027183078445155,0.6322115359286397,0.4873846123853255,0.7468198002858037,0.0,0.2760646088394669,0.7473154782249898,0.5950271267693654,0.8489674480009768,0.25388251010207624,0.6912688668027342,0.7202002930630055,0.8962621510217416,0.7275126896167384,0.629426751191448,0.6180113816236836,0.5960678626838563,0.34585358617491,0.5441919157563642,0.7466825698921407,0.0,0.32192191998845693,0.0,0.0036330608372703863,0.0,0.0,0.0,0.0,0.0,0.0,0.0,2.906436011904762e-07
p_44,0.9741189220068041,0.7464931652024079,0.6257746131030282,0.8208538581109575,0.2636363606404959,0.6339062833189668,0.7167601687321141,0.8500351789878203,0.7088856152320991,0.559912486906839,0.5921516741795598,0.553128100530645,0.6885165088996635,0.8331167817277139,0.695876288061962,0.4645075411168866,0.554654304539767,0.21330275107051175,0.7023704998783857,0.0,0.35924006598238284,0.751739242451472,0.6158858484494036,0.7923301908868702,0.2148337568435581,0.5828632543975464,0.6993859905114389,0.8518498854228729,0.6532310484290326,0.5795972482144716,0.576394848548509,0.6589904041226613,0.36635726393946344,0.21083627673241298,0.6916524696263061,0.0,0.33638634191185396,0.0,0.0,0.0,0.0,0.0,0.0,0.0,0.0,0.0,0.0
p_45,0.9659503818177251,0.7627299295060065,0.5559192426883891,0.852504831023486,0.14870689494927916,0.5492772666553962,0.6653632546353928,0.8254337497211235,0.6827403072939562,0.5213855907290733,0.573020752165602,0.6386271849305949,0.6276026156228357,0.786040875549553,0.5245929296173181,0.21256454343252035,0.5703999977184,0.033542976704801004,0.6426018580110066,0.0,0.37285811944579766,0.7348990943750034,0.5469075844660359,0.8375003704844736,0.04403244444921849,0.5507570945364245,0.6409589487324345,0.8242195679739055,0.6187792524417048,0.5143280628175823,0.5201184453577453,0.44296342185139226,0.19621212084050735,0.09021675401161831,0.5790403693223866,0.0,0.35466178996955305,0.0,0.0027614773808716693,0.0,0.0,0.0,0.0,0.0,0.0,0.0,0.0
p_46,0.9622005110975793,0.7670242355278641,0.5303349639942647,0.8609553372569207,0.1966893846476204,0.6058597237401491,0.6443576872525595,0.8342591269836874,0.6642926506266401,0.47779882982305066,0.5422205569327456,0.6919504617184579,0.5945273613354248,0.6954020417772707,0.5422467054699273,0.29621168799502823,0.5433006513754058,0.0420462505813157,0.6622016382884206,0.0,0.42319891063344395,0.7886418700844766,0.537665494467108,0.833597464135896,0.17115384450813612,0.520445827509509,0.6246604864914487,0.8411028564385986,0.6163387919213695,0.523277156246223,0.6096997679699774,0.5265752576439876,0.3055446317232705,0.08660035057577326,0.6299441174033354,0.0,0.44099632322990473,0.0,0.001226241565830038,0.0,0.0,0.0,0.0,0.0,0.0,0.0,9.736560639880952e-06
p_47,0.9692418661340257,0.7187801229150395,0.5529495739093269,0.8701323704283676,0.3146819688441799,0.5499377334080634,0.657642900202773,0.856086187031095,0.699842848926304,0.5224779340736798,0.5254714924659192,0.6050328211022078,0.5930090427939158,0.7297020950852291,0.571566032738701,0.18695194635750273,0.5437824848309376,0.029806259092352766,0.5433962260353625,0.0,0.48148147925240053,0.7305712370573281,0.5647032840276571,0.8445087539156391,0.2256637151499726,0.5246377323511319,0.6618420555664006,0.8198594521968465,0.6061695112247484,0.5582056070592856,0.5371931100454506,0.4559486641901243,0.048922056283329074,0.08074534111338298,0.49455587357123504,0.0,0.4649956764693358,0.0,0.0012903225764828302,0.0,0.0,0.0,0.0,0.0,0.0,0.0,0.0
p_48,0.9672938878616442,0.7540354995006704,0.5933887952396076,0.6590198114454904,0.008163265222823825,0.6417128114754247,0.7011377434730784,0.8171367798566178,0.6379647739907199,0.536077974588247,0.56052848792646,0.5929549873143103,0.6691449799493878,0.7356714676084748,0.36228287813949706,0.1730175074270211,0.6040268422593578,0.007968127426548786,0.5783425709217639,0.0,0.18320610337392934,0.7532873542816207,0.590675658218141,0.7257176324244667,0.0,0.7660688801780017,0.7658735017097348,0.7992102871782668,0.6495653403882495,0.5823878979838019,0.6010329234973646,0.31570688818789666,0.21825530444887958,0.008058017662707351,0.5823457583980853,0.0,0.16608996348223803,0.0,0.0,0.0,0.0,0.0,0.0,0.0,0.0,0.0,2.4704706101190477e-06
p_49,0.9723329950719575,0.7715712827791646,0.6006517109729239,0.876864915656226,0.28172588474967153,0.6506362086663388,0.7288443129506634,0.8810065016223468,0.8096209590791142,0.6044812464649446,0.6781059933142789,0.6657920607878253,0.7296492377073971,0.8544006870532574,0.7020960854182007,0.4258862706973917,0.6179009513044027,0.2657952050414292,0.698932272855637,0.0,0.4541429446290769,0.7781701793934012,0.5989444442528664,0.8746365315640244,0.29232386653707815,0.649838162785161,0.7519528391423568,0.8679497158371623,0.7895615858146539,0.6511172723445463,0.7530347409940671,0.672821397176168,0.3501460557932891,0.4271977992637514,0.7029687494508057,0.0,0.4190894107565035,0.0,0.0,0.0,0.0,0.0,0.0,0.0,0.0,0.0,0.0
p_50,0.9694322616652212,0.7618159342906956,0.5674668046525143,0.8997116307433977,0.4911365980649812,0.5846517929300051,0.6592743406802934,0.8504444439719753,0.7362475433002854,0.6769712786663485,0.7203814047189955,0.6801571695871176,0.7029113709137665,0.8173022009859673,0.7070925819282687,0.49016853817844447,0.6269841249107667,0.4621676844359133,0.6868506970266766,0.0,0.3994589702459018,0.73896378365079,0.549351379900568,0.8825787056976061,0.41935483697537285,0.5942520057244242,0.6858483405256294,0.8267178313786319,0.6838349356874186,0.6622673095023468,0.6787429055461744,0.6551483414876542,0.4195944581015972,0.40040444488974275,0.6703686559691743,0.0,0.33391506592811204,0.0,0.0018461538404733727,0.0,0.0,0.0,0.0,0.0,0.0,0.0,0.0
p_51,0.9665196234765501,0.7399302518529935,0.5632283534117015,0.8745137586843852,0.41910631525882736,0.5935459158108692,0.6914846414638034,0.8560534890556151,0.7393221904139715,0.5810922625350722,0.746827541612591,0.7245283003678652,0.687852150804931,0.8592179306977028,0.5939307385976932,0.4510250560914483,0.5925925903978052,0.2498048380186976,0.7194774738574129,0.0,0.43186582628148495,0.739426865072607,0.5472855279379203,0.8802303974581511,0.4630738492144122,0.575850805117014,0.6993843222070992,0.8536983827087498,0.7153382443454586,0.577166156394326,0.7621380829351045,0.6044572463580524,0.435186906387973,0.43980514655667957,0.7509369669923877,0.0,0.4745279641092698,0.0,0.0011607661022612708,0.0,0.010389610119750387,0.0,0.0,0.0,0.0,0.0,1.453218005952381e-07
p_52,0.9617338930480833,0.7605747064708009,0.5778437456977705,0.8241436023570453,0.1492227963811109,0.6101986350575489,0.6678525151488685,0.8534262005257471,0.7182830742756274,0.6401973628554488,0.7108410101728269,0.5936715188665419,0.6291469175676927,0.7019432772187574,0.47424960468068755,0.40526115058089757,0.6618384364242984,0.31240657464569077,0.6882793012817421,0.0,0.15949632571357475,0.7659135489650231,0.5693348173619643,0.8014981266585818,0.42390548697772423,0.5773138326490801,0.6822106423732677,0.8857465450369663,0.6510650215091578,0.6610928630478554,0.6848072549417853,0.5046473085203205,0.46311404189704214,0.37685250263336273,0.6901368296107919,0.0,0.26878129992670036,0.0,0.0,0.0,0.0,0.0,0.0,0.0,0.0,0.0,0.0
p_53,0.9668808260678737,0.7714327993891874,0.5658557479168944,0.8827950584600406,0.10270270177745314,0.6417028601475715,0.7337506139104474,0.8762975773808945,0.7979564520156229,0.6157461804812016,0.6531724393671225,0.6709401688921239,0.7044874670501464,0.8051085215227269,0.5596834109516368,0.24348810826068687,0.6057502930061036,0.35170969747585695,0.6540075381167716,0.04081632236568139,0.4104193112425711,0.774612980740701,0.5574412106402288,0.8631434117581971,0.050678732573043145,0.6105806251712266,0.7537012813264286,0.8697415099004666,0.7804611509338202,0.676671850173661,0.7184316726534083,0.49845084221382085,0.19127725826903855,0.40337315247102495,0.6395281090594757,0.0,0.46067415495059166,0.0,0.0020304568321781033,0.0,0.0,0.0,0.0,0.0,0.0,0.0,0.0
p_54,0.9697325877196309,0.7716665348794601,0.5759284287411386,0.8718206490038098,0.3803278646958703,0.6562414495703824,0.7416873647350622,0.884550772817847,0.8211028471711761,0.6920580694346217,0.7541412363684803,0.6509349926494434,0.6688697928986457,0.8523743292718288,0.7062407371099615,0.4979973286648925,0.6334484428542257,0.45462114525710956,0.7191853354629855,0.17647056228374083,0.3965087257075516,0.7725579078198141,0.5678836951370396,0.8530559163128218,0.44794188319682954,0.6372772126397589,0.7230664032272401,0.8838076894615755,0.7675070017773683,0.7255781837024696,0.7519348253524749,0.7179402262455996,0.4599774510485289,0.5153846114201184,0.7310834221213933,0.032786879871003295,0.458811259338836,0.0,0.004744958425326709,0.0,0.0,0.0,0.0,0.0,0.0,0.0,0.0
p_55,0.9738348059754752,0.769855964852818,0.6575274942741115,0.793351655023327,0.014367815885519887,0.6370862458253456,0.732865245049846,0.7997318020367381,0.6547513314223453,0.532041219864846,0.4604040695171744,0.6655764486280602,0.6975789891309417,0.7927128206209894,0.6039098684117847,0.362371888063009,0.5939637803059807,0.053191489047331626,0.6292682923174981,0.0,0.18261825981718086,0.7744264757064825,0.6596633174088203,0.8245239281804645,0.15089163030326982,0.6516051169600764,0.7687589698631998,0.8545345562937274,0.699175403950753,0.5823163134605751,0.49502699560240554,0.5632671612643831,0.3211483887144911,0.05963302718100329,0.6316578203985902,0.0,0.4456157142040454,0.0,0.009400704942412397,0.0,0.0,0.0,0.0,0.0,0.0,0.0,0.0
p_56,0.964582228297834,0.7063513681415191,0.6075164497946969,0.7371923979882719,0.02005012506202851,0.5605636520489212,0.6824010751026223,0.8573574196431402,0.7007395658997101,0.5417907343384871,0.5664618076093735,0.5948169453113248,0.6574663824177878,0.5033068950237516,0.49304998630509894,0.36714285648724493,0.5472719677331446,0.11207576864975716,0.692579504878409,0.0,0.08628659343163955,0.7183499711704036,0.6184996576096935,0.7177131182054997,0.06679764177998387,0.5832182183006633,0.7371346287925167,0.858869039484127,0.69905709704157,0.5713374980419881,0.5698576963618084,0.5133558087958014,0.35287081286951133,0.1678060896966682,0.6829903293559445,0.0,0.15384615238512675,0.0,0.003401360524935598,0.0,0.0,0.0,0.0,0.0,0.0,0.0,1.0172526041666667e-06
p_57,0.9660503547515364,0.7685404013762578,0.6102699048586029,0.8035613335192472,0.22696411031072639,0.6792725453020725,0.7287164452883972,0.8730663454481495,0.7969254753292576,0.6559660806662886,0.721327799632651,0.6009158133113215,0.741721853011987,0.6411820823285357,0.5857173125763104,0.419475654716589,0.62930638204269,0.30274509566474433,0.7338276302742482,0.027397256520923764,0.13114753955030012,0.7719893545173235,0.6158979431859106,0.8678723007621921,0.30174926893768755,0.7619226200447023,0.7686088202228983,0.8467051558596929,0.7790129862036229,0.7304576606449784,0.7162253891442203,0.5380300061721918,0.4409722215842416,0.5037707352656807,0.6800925291331524,0.057142848979593,0.36984687650266856,0.0,0.0026490065874303762,0.0,0.0,0.0,0.0,0.0,0.0,0.0,8.138020833333333e-06
p_58,0.9667399576898199,0.7530562416819305,0.628826616610258,0.8486985220291804,0.21581395148080046,0.5624464365112096,0.6823078849945532,0.8419977716106583,0.7093947414821737,0.6624123527437072,0.706379127271333,0.5761875367791871,0.48748201298566324,0.6067950406924743,0.523206117925166,0.3327793160982838,0.5590909069731405,0.24234354033060226,0.6316506654495815,0.0,0.48600357066108657,0.746296593543313,0.6153390099840564,0.8436780213226821,0.11175020450492848,0.5299075774469647,0.6266199078530226,0.8324163991616436,0.6569751182024275,0.5907343996990186,0.6054024696546729,0.4944861046210218,0.17625155114552846,0.1713306672111327,0.558631041393797,0.0,0.4071807408927754,0.0,0.004094165803239084,0.0,0.0,0.0,0.0,0.0,0.0,0.0,2.906436011904762e-07
p_59,0.9640465243892038,0.7628295073319168,0.559357011599828,0.8519946491258185,0.2806122413187214,0.6036364881662234,0.7092634153075982,0.8756683793408772,0.8182831650956482,0.5992786288554747,0.6515118061101042,0.6654772494849364,0.6698564575495575,0.8269930001398355,0.5658866442157784,0.3412636498805311,0.6426099819940189,0.20505415014401335,0.6746577985657275,0.0,0.4495289337178403,0.7704401649510341,0.5645786640084941,0.8134248234078211,0.19556451415761578,0.5798368497952299,0.7148456638429198,0.8575778073649201,0.791960055316912,0.6806676442767171,0.7543645944897187,0.5259839831947657,0.3731834908483172,0.45580110182457806,0.6738093370815599,0.0,0.5103611574282939,0.0,0.005270092157179287,0.0,0.0,0.0,0.0,0.0,0.0,0.0,0.0
p_60,0.9770079294677947,0.7799325092420378,0.6536891280778293,0.8489978186473165,0.13318534813334798,0.6953361597714763,0.7739373136592309,0.889905484920847,0.7602717558931611,0.5161796427298296,0.4701504603298003,0.5791081210805857,0.6118959085059631,0.8113015180219129,0.576139225573514,0.3499999992943549,0.6292654677312581,0.017879948800255754,0.6712786255538653,0.0,0.2854477585312709,0.7880708418448669,0.6594920165176653,0.833372530083859,0.05142083827576674,0.6745637395805215,0.7926722679039788,0.8842949147032857,0.7383883306730233,0.563726435975213,0.48771041190568987,0.4989506082979218,0.28114126603837636,0.032565973988961404,0.6128568962986978,0.0,0.329491523189888,0.0,0.01014198772675469,0.0,0.0,0.0,0.0,0.0,0.0,0.0,0.0
p_61,0.9619234266478414,0.7472620184978793,0.6093975524605969,0.881432102299185,0.26122448766347356,0.5062774580418967,0.5964086295809775,0.8543198310211567,0.6662717213010746,0.6650004025921145,0.6939799321432832,0.6456049846430153,0.42352940959831503,0.5144057427522596,0.6495438161086071,0.36952757761680044,0.5589616112704733,0.055045871198913035,0.6636989631608131,0.0,0.44140290658082587,0.7507538119860505,0.5984000136738771,0.8744217627478628,0.26731078689765875,0.4365871389140527,0.5502118795841262,0.8617751590331686,0.6582791516859925,0.6897619818309733,0.7787208233120327,0.6563160575433223,0.3513682883823516,0.23513870386302047,0.6810787666373582,0.0,0.48532423042551454,0.0,0.0032493907304376097,0.0,0.0,0.0,0.0,0.0,0.0,0.0,0.0
p_62,0.9600516380420272,0.707649873773872,0.5227008387762632,0.8597340709502896,0.28876127736865237,0.5408113349851039,0.47687000153414477,0.84195743716001,0.6751606462717032,0.4942959708860822,0.5594868600052,0.613528102211724,0.6168004687354602,0.6407735790244411,0.5116088942841654,0.18169790478126152,0.5161994884739735,0.02165354309396119,0.6068369468270415,0.0,0.49261511514936956,0.7221326182169971,0.53243069363973,0.8412474059960763,0.2001787292209229,0.48897403650262944,0.602618850961219,0.8509510081550715,0.6719571038370433,0.5637946035127984,0.47627012235778776,0.4851493071130019,0.140502354512358,0.27077977488620586,0.5855393120619997,0.0,0.45340268550757395,0.0,0.0041928720881001256,0.0,0.0,0.0,0.0,0.0,0.0,0.0,0.0
p_63,0.9617769229070986,0.7354603075693948,0.5099107054335561,0.8663136721942466,0.47218934631840626,0.46911662175697305,0.6056685660775851,0.8305525080361685,0.6568525265022765,0.4660993682257303,0.524164461350891,0.6172523948514327,0.4545773396893113,0.7806638522008668,0.6903069461306083,0.28966425216224656,0.5798780470125668,0.02656249979248047,0.6568010070396718,0.022988503104769756,0.5448504965287359,0.7344654681190004,0.5111673751359369,0.8379117183872032,0.22747047714437243,0.481309418704046,0.6105268302517636,0.8242071569251049,0.6097091524703709,0.5364300135649914,0.5411246737219839,0.4507082760834772,0.09734069226067789,0.06810739968495481,0.5686196142845339,0.0,0.4825842683073475,0.0,0.0025078369748724955,0.0,0.0,0.0,0.0,0.0,0.0,0.0,0.0
p_64,0.9771283867515679,0.7801979492036349,0.6528115914527618,0.8653157548562355,0.266666664498645,0.6332985887120552,0.7522600513713367,0.8473962259887314,0.8303000481673635,0.6977038790992052,0.7165818907088873,0.6909207962301326,0.6609880730806699,0.8239450301478556,0.5112571173795383,0.3432721705977214,0.7084398946784317,0.33785617138496493,0.6306187003379543,0.06315788808864335,0.41742796614597355,0.7804829778331676,0.6418608971208969,0.8362774150348089,0.18933823355387652,0.6145509866797509,0.7659254423387643,0.8824004735859503,0.7922791757736429,0.7554347819866315,0.7616717619537783,0.5316516320494519,0.4278420687068719,0.5347274045203331,0.6970114937187651,0.1355931973570852,0.4826203176295433,0.0,0.0076335877134199644,0.0,0.0,0.0,0.0,0.0,0.0,0.0,2.1798270089285713e-06
p_65,0.9738450430281631,0.7513747089133573,0.6206386829436569,0.8336515204062291,0.19999999793814435,0.6158432072777696,0.7481389255863268,0.8368879262808568,0.7369755346216561,0.5516365262654039,0.6197486523882431,0.640611722002499,0.6280487787470932,0.8202253716281038,0.6499412532656429,0.4556305129637943,0.621043624375348,0.020026702136003324,0.6711563063700207,0.0,0.3175217781459654,0.7484899929613147,0.6161915387778495,0.8216302296064643,0.07086614080228162,0.569910752130275,0.7106450883350813,0.8335810515253483,0.7137427967221494,0.5281139770882399,0.5222644105587428,0.578512396305508,0.33243457520628933,0.022458628708873354,0.6441952682591309,0.0,0.3506594231911604,0.0,0.0,0.0,0.0,0.0,0.0,0.0,0.0,0.0,0.0
p_66,0.961736762891385,0.7447510205925453,0.5170050960326616,0.8415241570473501,0.044237484933207394,0.5492944370597507,0.6326672951006976,0.8600288595692219,0.6677030694808873,0.4271181403229241,0.4938271595412285,0.6466346127939318,0.6375027464552588,0.771791007163434,0.3939649356085933,0.12203389802930194,0.5932977890582719,0.05734766983980165,0.5969930321987583,0.0,0.42769500063369853,0.7451118643146286,0.5301448696886276,0.8480402255087829,0.03649635003196761,0.5150069924131303,0.642789055002673,0.850442224907023,0.6795856176970315,0.49169869919710585,0.5363380271618066,0.35972032439144874,0.10869565198335265,0.030434782388153753,0.5920766864434385,0.0,0.3879408396590396,0.0,0.0,0.0,0.0,0.0,0.0,0.0,0.0,0.0,0.0
p_67,0.9693921490531086,0.7739608396086172,0.6409738774334782,0.867605633374052,0.15619047470294786,0.5685684258263001,0.6771888237864987,0.8753507009642532,0.8229002822450453,0.6758682764414761,0.7660140643109408,0.6688642473213537,0.6082621068179912,0.6193614878697855,0.5430262972993073,0.4432828011094567,0.6891348053866458,0.320505454793191,0.726924168753959,0.022471907587426114,0.364326372254968,0.7701053644559736,0.6437092113475134,0.8759955587797482,0.23570190437000083,0.5646764090914945,0.7142848687097579,0.8744772030389439,0.8178946287395347,0.6765671636742037,0.7429325278120382,0.6270814138545444,0.39471483459656326,0.3913595909062288,0.7594602517164416,0.0,0.326865669202495,0.0,0.007272727184573004,0.0,0.0,0.0,0.0,0.0,0.0,0.0,0.0
p_68,0.9713452610211655,0.7840945979947805,0.6079916674461385,0.8484456651859029,0.1057985747121203,0.6040129675626017,0.7229173958170781,0.8805770767402741,0.8149964951938841,0.6517187365825416,0.6698386415601187,0.6299212570869586,0.6651771443818156,0.823784373713935,0.5333114264903381,0.3010752682864882,0.6220322857453358,0.44415414471486514,0.699203623365819,0.0,0.4274252339356292,0.7829436704915674,0.5932866272333973,0.864010376205257,0.1719148921539158,0.739538491848384,0.7654499943388913,0.8658584273613842,0.8058340920626321,0.700827551031658,0.7441206015193557,0.5618265386468039,0.3484543004898281,0.4892812075076847,0.7090295870695772,0.0,0.5293150655927942,0.0,0.003996003956083877,0.0,0.0,0.0,0.0,0.0,0.0,0.0,0.0
p_69,0.9686862875454894,0.7821450579176692,0.5915526537407747,0.8475879294973491,0.23828124767303469,0.5962724678657839,0.6989430616619117,0.8778198672031323,0.8154825015701451,0.6278388272638838,0.7339805809407107,0.6799873115128852,0.6216450198509523,0.8270855645386705,0.510220504981313,0.3350066928798416,0.6672496691418903,0.2508809002756808,0.7275851290787371,0.0,0.3664259894726896,0.7761925382208191,0.5680581168190424,0.8538516913523808,0.26740946826917855,0.6376061295014276,0.7094533818430886,0.8755319764032344,0.8126288649321793,0.6913454168229551,0.7140454148148752,0.5466384498236705,0.3650216443895729,0.3719298219513697,0.7390568313268385,0.0,0.4425887234336206,0.0,0.005847953173626073,0.0,0.0,0.0,0.0,0.0,0.0,0.0,0.0
p_70,0.9795625658416762,0.7828884869312842,0.674873362274596,0.8827111461528222,0.1351351336133431,0.6415551284948326,0.7061181966862831,0.8306205257691057,0.7901534998220203,0.6023535847000865,0.6821608029488682,0.5105740155560221,0.5471264342660853,0.8043722060363657,0.16612060553783706,0.2073339936425491,0.4650735272744782,0.357499997765625,0.49381093192364395,0.0,0.446846844163082,0.7895220771839545,0.6821033564351549,0.7944849753960153,0.022959183380622663,0.7020151858677449,0.730296996786934,0.8649687646011683,0.6976430968601087,0.620906171515586,0.6776359961758966,0.4067474456270314,0.22327790935989497,0.29402432419870794,0.6039676704604655,0.0,0.37605525421292973,0.0,0.0011594202831337955,0.0,0.0,0.0,0.0,0.0,0.0,0.0,0.0
p_71,0.9776598067477139,0.771769236738235,0.665700758580409,0.8456523443383661,0.0,0.5627688922958792,0.7111635116619606,0.795614596352587,0.7942194170626711,0.6555247404353198,0.6995530529721022,0.546909735229392,0.6036762315263584,0.7052957860769518,0.36390416303622924,0.4056244032277779,0.406281321729765,0.25407165958259503,0.646956296787195,0.0,0.2757973707711316,0.7679844619432478,0.6644002304560811,0.8098415902865914,0.06855791881137212,0.6739981613370334,0.7185222491616904,0.8681629403251026,0.7674679838604045,0.6302328899626854,0.6866645932753115,0.3885174987113508,0.4021655057962771,0.2685552392716417,0.6547125259047205,0.0,0.2602854722058315,0.0,0.005625879017225133,0.0,0.0,0.0,0.0,0.0,0.0,0.0,0.0
p_72,0.9631243904527305,0.713022320815718,0.535051346395218,0.8301681842188807,0.2491961394759153,0.5320964268084744,0.6036344755523191,0.8519403891704693,0.648055831856375,0.617900731799918,0.7049965764801565,0.5613415698116911,0.5401755552323579,0.7618171726374665,0.5756290223993351,0.2385867402965726,0.5097050655162464,0.13872053778639368,0.6253524733239217,0.0,0.5078665811583808,0.7031929114143509,0.518284354485217,0.8294190045893297,0.12016460806448882,0.5353539963580356,0.613832023220334,0.8382621782781685,0.5905195784895113,0.636072889076926,0.6984239406792564,0.47291771255260945,0.11133566027680386,0.1290751821086149,0.6140762066469724,0.0,0.568763324710119,0.0,0.0015936254948334153,0.0,0.0,0.0,0.0,0.0,0.0,0.0,0.0
p_73,0.9662917195712493,0.7694638701137364,0.5852963331761853,0.8071469545060675,0.252516008668655,0.5941286694754834,0.6961042231748269,0.8487478794528844,0.7893607882320023,0.6985218282068393,0.7404747641323065,0.6451352416425706,0.5912542534923952,0.8308669842269263,0.43932696389610226,0.3726235735777588,0.6384883110965276,0.33131618508837984,0.70166596618951,0.049999993750000776,0.2063037229579396,0.7537894040188409,0.5644966740493054,0.7868539210978753,0.3208469029246995,0.5966898142727664,0.7322797531896944,0.8432666415861972,0.705197262039311,0.6862309639227229,0.7308385016393066,0.4915542934765406,0.3002723917637039,0.22772277066674138,0.7055295489280796,0.0,0.22610141125435237,0.0,0.004454342934806872,0.0,0.0,0.0,0.0,0.0,0.0,0.0,2.906436011904762e-07
p_74,0.9626578984986709,0.7410959799714856,0.5065862010842487,0.9060023939451628,0.4202708588017874,0.5907614508235415,0.6980750056984374,0.8541538456282131,0.808739836576484,0.7146943146990576,0.7435897419172521,0.6870615730961388,0.6889106954094001,0.8124674782647401,0.5407361633500432,0.3611446989900349,0.6191780797683832,0.4952380913076342,0.6259726519407928,0.08888886913580685,0.393979635263481,0.7279830878548789,0.5008206254640027,0.8863493273134886,0.43980008886960426,0.5571036751586937,0.6941478477105437,0.8450360076870911,0.7301999992698001,0.6388312906325813,0.6925256031978088,0.5521635248631418,0.32541478068360713,0.5865970357998518,0.6741335925053701,0.0,0.41244387295560014,0.0,0.0029523407782531827,0.0,0.0,0.0,0.0,0.0,0.0,0.0,0.0
p_75,0.9723809108530773,0.7736730270846903,0.6020083065304531,0.8435710561923666,0.20881670291395937,0.5887603673543421,0.7066539603742745,0.8823150483710842,0.8034666655953778,0.6434264687365977,0.7217332414314304,0.7357512924043391,0.6090881715043991,0.8478568209101158,0.6495176843378595,0.4654226114919372,0.7022451207131206,0.39490445545458236,0.7757024786977665,0.0,0.30092118422803293,0.7645241727132527,0.5921599795300235,0.8360830223283109,0.38979963215118735,0.6267962424270601,0.7361178304079908,0.8772840416941454,0.7784113502474322,0.6670088974443799,0.7176991134564179,0.6730188235548696,0.4014296455955048,0.4403948334062655,0.7624459734573027,0.0,0.3120204576980353,0.0,0.0,0.0,0.02144772060461875,0.0,0.0,0.0,0.0,0.0,5.812872023809524e-07
p_76,0.9656080833434937,0.7359642536107048,0.5810753548023164,0.8183414873802901,0.05955334913705523,0.6003677286484214,0.6901636868157447,0.8165673942110262,0.7174103226634437,0.5059481600047678,0.49560439469669526,0.6251415610839707,0.6594223601389123,0.8078828276651353,0.5824521748466768,0.2780867625545296,0.6554850378264504,0.0027510316179433863,0.6478812643235956,0.0,0.3454124876992098,0.7453004121337725,0.5763486270731277,0.8519849186728832,0.17328519699201086,0.580493817227845,0.7235600827315048,0.8282541927543975,0.6778968853013057,0.5985897962682789,0.5814416555526849,0.5751346426646935,0.31032298874236386,0.021413276078420584,0.6645410049944083,0.0,0.3981640826267121,0.0,0.005979073154273944,0.0,0.0,0.0,0.0,0.0,0.0,0.0,3.385997953869048e-05
p_77,0.9739035793520849,0.7692005499790692,0.6554876140210621,0.8140710771351697,0.12990195919237796,0.596469941305388,0.6191184025331974,0.848636616189651,0.7432550034275084,0.5811001406123524,0.5421412291183788,0.608341807689004,0.61165577175475,0.7201745453497927,0.5909454482555228,0.3385426466982816,0.6390403454796055,0.09883720872769065,0.6501792110034558,0.0,0.1960784288094323,0.7741124547111755,0.6489216717944468,0.806534684688126,0.12958435049407885,0.5900342097878236,0.5839677563425171,0.8680629868684386,0.7145980073905781,0.6090569754144257,0.6074198977952447,0.4738735916193104,0.32014787371506864,0.10418006363871342,0.6221576457521557,0.0,0.2028469732842796,0.0,0.0022321428322305487,0.0,0.0,0.0,0.0,0.0,0.0,0.0,0.0
p_78,0.9734037935003181,0.7711766502906467,0.6429343795541752,0.8380858730262832,0.0439276480112707,0.7286589515437952,0.7064018623085697,0.8472622473946753,0.7559642799467357,0.5833572861574036,0.6515539293390239,0.5879099147060058,0.5427586188180737,0.7744995577177426,0.521012835835227,0.31431513838452085,0.6925858919865013,0.059442724090137934,0.568135842231266,0.0,0.3221936561937133,0.7698784262749758,0.6424407093279264,0.8424555359481035,0.011188811032324322,0.6003162054149572,0.6503860915079223,0.8520831085950678,0.7054899939642253,0.6129949678312587,0.5859720793565337,0.4144669177112899,0.233032561331831,0.07363420383827671,0.5128395058562719,0.0,0.38743455243825553,0.0,0.01129943486865205,0.0,0.0,0.0,0.0,0.0,0.0,0.0,1.1625744047619049e-06
p_79,0.9715688327569323,0.7745150753616062,0.6265391561855481,0.8767986042939787,0.12082262055497918,0.6028913804815809,0.6862057979793057,0.8804164909126965,0.8037338429826067,0.6437782070891536,0.7038019436255484,0.6068669501851204,0.6030303012029384,0.8212925121525779,0.6284779045022023,0.3437931708233804,0.7016393404282003,0.2525125612279362,0.6908140398126855,0.0,0.3973607008991151,0.7843728468086656,0.6315165766411224,0.8620630268859061,0.19105690862747043,0.572451414825084,0.6812970976567329,0.8846110543258972,0.7934481503150089,0.685606060041497,0.6995689640095497,0.6150830842649484,0.2912934426884747,0.35286103301865784,0.698813392261497,0.0,0.45466320949052325,0.0,0.002207505494398394,0.0,0.0,0.0,0.0,0.0,0.0,0.0,2.9064360119047617e-06
p_80,0.966772220485107,0.7396437115076787,0.5741493249132723,0.8997505639328451,0.2782018636284829,0.6709760025048581,0.7346372204206885,0.8763782153489375,0.7975872859325052,0.6572922912995864,0.6944444427815029,0.6556717592289952,0.7128981235308378,0.8121756908986756,0.5822476979483692,0.33347788305837406,0.6890676730285485,0.2522796333413402,0.7088069487951142,0.3296702934428249,0.44177670803255276,0.7278916386506402,0.561747006326646,0.8799453804017588,0.006833712906221949,0.6470849841014221,0.7475458334642562,0.8600481979309657,0.7339788915961496,0.7017106787064352,0.7271899869688511,0.47974977906828953,0.3095414195459663,0.2933709429240413,0.6713056210663747,0.1860464683612864,0.43175920896855624,0.0,0.004638218902420135,0.0,0.0,0.0,0.0,0.0,0.0,0.0,8.28334263392857e-06
p_81,0.9581474255201332,0.72452341781385,0.5106298943151115,0.8478237446542167,0.16711110962567902,0.49110081021706575,0.5154354092214055,0.8791982660459381,0.7046772791500959,0.4579685503969668,0.46582564401087245,0.6491442522947913,0.504877326323153,0.78673457075899,0.6182682148730481,0.17675544751390934,0.5682656800356749,0.005801305251622152,0.5761998311982881,0.0,0.4587155933242753,0.7114648644135804,0.49593320288805076,0.8369672652953755,0.059645852193421695,0.5225186051471663,0.5617399726533931,0.8585444676755674,0.6040296918302973,0.49894514730338674,0.41310824162014526,0.5362080311584858,0.03191728471135697,0.041617122225819723,0.5100201047344055,0.0,0.4176672366309295,0.0,0.001826484001584621,0.0,0.0,0.0,0.0,0.0,0.0,0.0,0.0
p_82,0.9681400855560568,0.7257226204534816,0.5736775941597622,0.8862050246420973,0.47254780707866867,0.6358729177884348,0.7234114704146996,0.8799748633850153,0.6780439769412056,0.615331191409557,0.6353528463005381,0.6994478025257749,0.7105594518608394,0.819004168832061,0.703076072294091,0.3848336332606819,0.6716157175911976,0.20732464179190166,0.7438152006379917,0.2222221869488592,0.474961277878362,0.7393538572878737,0.5625546674362072,0.8752523386929926,0.42310030137932947,0.7026439851609542,0.7304440449428763,0.8858951275269177,0.6303576559302353,0.6726643592797021,0.6652369704798693,0.686730736227676,0.3894531242393494,0.1840120649772846,0.7158512110542898,0.058823512110731724,0.4292035379238781,0.0,0.0013335555903758033,0.0,0.0,0.0,0.0,0.0,0.0,0.0,1.453218005952381e-07
p_83,0.9648590744698189,0.7530960826487287,0.5893829832145109,0.8318753317400831,0.007832898070066605,0.5006221675242918,0.5142558550488869,0.8252702272928585,0.748240730229765,0.5047207549170101,0.6432128503723489,0.5824742255531052,0.6180116944607914,0.573819327599489,0.12903877208295764,0.07766103225751249,0.545829890397069,0.1247182560126352,0.45496254111448836,0.0,0.24869565001134217,0.7421682054259404,0.5861828036582181,0.8144807712996448,0.0,0.47953235046884213,0.5506989938764405,0.8256839749717008,0.7034055720295093,0.5305328030731223,0.6238675404188261,0.14542038502074178,0.09233239644252832,0.29386236643606717,0.4264211278456078,0.0,0.3094117628858132,0.0,0.000771604935294734,0.0,0.0,0.0,0.0,0.0,0.0,0.0,0.0
p_84,0.9677989112058338,0.734575651040029,0.579927334792192,0.8174120132194945,0.04284103672107061,0.6492993065866205,0.7083514107237827,0.7948979588149824,0.6317231067832133,0.4595727948764429,0.4114479144307618,0.5852199889567706,0.569832400112356,0.7810790387213119,0.4214708502217864,0.028889805965972338,0.525035093471993,0.033898304879550215,0.5370298561864871,0.0,0.1998114967030019,0.7337378992637583,0.5826124774957617,0.8063094700770742,0.17985012339841697,0.5790019204677923,0.67193224854977,0.7975090393744932,0.6255824783019776,0.553658368954496,0.45771995813467997,0.48434903013549235,0.17386474076674804,0.03771213049835242,0.6005741086602436,0.0,0.3387582860834341,0.0,0.009404388567329332,0.0,0.0,0.0,0.0,0.0,0.0,0.0,0.0
p_85,0.9666004555788594,0.737665505957326,0.5982805161575964,0.8280822121428538,0.009248554806375089,0.4301859843465417,0.5693512798916787,0.8607163761452359,0.7266881021636976,0.6103463919147282,0.6892177579444009,0.4734837372590573,0.3641437029503184,0.5149649076889554,0.47684098151772253,0.21407407367764061,0.5093031721659862,0.21652421498202126,0.5574280525295385,0.0,0.38297872093501795,0.7216854968411892,0.5872705318987649,0.825194284852481,0.24900239226654117,0.5895729172053531,0.6443162815654154,0.8357785651291091,0.676646138629421,0.6275924251370661,0.6651039214485015,0.5724971611751171,0.2780370067931826,0.25730267086822456,0.563445452593317,0.0,0.40631855898938757,0.0,0.001505646169371026,0.0,0.0,0.0,0.0,0.0,0.0,0.0,0.0
p_86,0.9782570697466493,0.7837812844795546,0.6684782115779412,0.879510652785619,0.13835198231584964,0.6580487489746288,0.7756226862220104,0.9038419554115684,0.8674639367926718,0.7376311837572703,0.7671361484339527,0.729382508373881,0.579374998189453,0.8272176929813192,0.5881679072185845,0.43628779888156877,0.7506053238474361,0.3026666646488889,0.7510355898630183,0.24516127450572422,0.3560399604356044,0.769378218623113,0.6486566269269776,0.886180444341661,0.27573858302830273,0.6606465287417813,0.7857422639450634,0.9075302374964995,0.8537916608363818,0.7261894623149294,0.7515784873686513,0.6390464441931389,0.4054332158768611,0.34074941252488633,0.75794780001793,0.0,0.3971031961550803,0.0,0.0057703404167897265,0.0,0.0,0.0,0.0,0.0,0.0,0.0,0.0
p_87,0.9734716112213853,0.776925700998043,0.6366283989422301,0.8353262986828244,0.28628230331727333,0.5792288416583962,0.7150241954656723,0.8693883772080999,0.760948904117637,0.5893771489572968,0.637842288165859,0.5785036850447646,0.6568509595647507,0.8553885486837784,0.6153380266368854,0.3665876338380674,0.6524495639628267,0.3195488701782652,0.715741622761389,0.0,0.34234233793639207,0.783036898845739,0.6296247580072263,0.848688351977133,0.26652892286643676,0.5511474761710453,0.6959787269774176,0.8951392371811266,0.7430620093705192,0.6637260760588173,0.6955845152779916,0.6125974616934738,0.35759052862536467,0.3636363613246258,0.7130121983789395,0.0,0.44115574037240496,0.0,0.004119464427193981,0.0,0.0,0.0,0.0,0.0,0.0,0.0,0.0
p_88,0.9693482568173749,0.7421087479596583,0.5764279647851425,0.8292187593899735,0.23915343662271496,0.5769209542545352,0.6834101243199168,0.8171757862118538,0.6356020934088978,0.556681400505487,0.6235547704809823,0.6083946317248177,0.6307251893351021,0.7486345579771855,0.5994460787610818,0.2983380618193392,0.5985330044081516,0.01870251304089706,0.6406382373336358,0.0,0.3404580126682594,0.7492507401939889,0.5717797168718721,0.8052330075822628,0.16766466898538254,0.6087106808488228,0.6855899898286715,0.8335547976003497,0.5807093956680655,0.6305480304017864,0.5407407396866653,0.5080742343471726,0.21308980180656042,0.15544041361289343,0.6322580640578049,0.0,0.3581661865460875,0.0,0.003132341400686442,0.0,0.0,0.0,0.0,0.0,0.0,0.0,0.0
p_89,0.9701384792748674,0.7507698727206236,0.6109361392366812,0.8006799824332909,0.042424241781450885,0.545122298689815,0.5952075148209928,0.8492960535151219,0.7052706207690019,0.5711082358162068,0.6985956055120713,0.5554959755737481,0.5849985502896075,0.6479329073469826,0.3607662288393347,0.3697287431736295,0.47451963043224876,0.139808681826279,0.6679539337508076,0.0,0.23015872711430255,0.7639847608102156,0.632171079995371,0.8079664872433553,0.007092198455812084,0.5958837200465046,0.6283420481064805,0.8793002910790881,0.7365728890836664,0.6058114029552162,0.6521287631496561,0.487544780065363,0.32986688783305557,0.2779369607597639,0.6990417171993359,0.0,0.29225351855410636,0.0,0.007905138295284369,0.0,0.0,0.0,0.0,0.0,0.0,0.0,0.0
p_90,0.9694103278849892,0.7311825815460892,0.6030806872436013,0.6222080401805914,0.0,0.527472204601837,0.6718103145779174,0.8104445072455481,0.6909406145196639,0.560601635104701,0.5922997583494333,0.536888886502716,0.6382978708314472,0.6608523188744848,0.0864882243497402,0.23172469918199004,0.5052809442108959,0.4260614902923756,0.5625667102639752,0.0,0.09873060509547807,0.7403446330028742,0.6156285287286903,0.6663618691663483,0.057471263707226855,0.598998998906753,0.724675118911356,0.8456194708153234,0.6536468703950487,0.602484471614557,0.6114801556609093,0.3780403054759939,0.2670944450228706,0.3559322010695424,0.6455473878582272,0.0,0.19087136731461238,0.0,0.0,0.0,0.0,0.0,0.0,0.0,0.0,0.0,0.0
p_91,0.9603784044377416,0.7307908272627123,0.6188075845361464,0.8189533971262934,0.22653721438471183,0.6149858041132513,0.5875496082974448,0.8242576256880583,0.6643013663108616,0.5914435823170856,0.5706034343052083,0.7154696107891242,0.7268698047518564,0.7549079465579903,0.6946490613657755,0.4521362890713245,0.6700232352051771,0.09968454195782624,0.6935575642071458,0.0,0.2228116696100022,0.746876440004846,0.6294799874259733,0.8388952815619655,0.20062047362336635,0.6176239180690275,0.5925864507831443,0.8607347628537971,0.692039511241488,0.6146309597553031,0.6143271718125445,0.6115159867300138,0.42413539304763004,0.14116177300960792,0.7445470870255664,0.0,0.3142580004158196,0.0,0.0051546391309738905,0.0,0.0,0.0,0.0,0.0,0.0,0.0,3.211611793154762e-05
p_92,0.9709774870407762,0.7619421252141534,0.596911234882067,0.8984558038076528,0.33684210253569147,0.6916117733903919,0.7632647346518785,0.8693526092966128,0.8379114632940846,0.7122917598268422,0.7657397090862298,0.7041369452093097,0.6852637941623293,0.858389606799557,0.6140609631153221,0.38454068676531233,0.6800160164997355,0.4540636002291201,0.6990602790900295,0.16216214024835943,0.427515631452441,0.7802817791994682,0.6199520201104071,0.8742545574739076,0.5436766587765537,0.6696443690369084,0.7801595036475154,0.8719528966753134,0.8127515348308075,0.8123648154178399,0.8014626784223217,0.6682221180057379,0.5101527741052935,0.6694701373467609,0.737853459820455,0.0930232341806432,0.49999999763257574,0.0,0.003316749571655267,0.0,0.0,0.0,0.0,0.0,0.0,0.0,1.453218005952381e-07
p_93,0.9668748241453466,0.778974301453452,0.5810102021565218,0.8728145625633869,0.24206815226711925,0.6388588086966142,0.7119620901069447,0.8789349877989415,0.7965765308898828,0.6654961954138482,0.7091126129942049,0.6931260200772257,0.7081199690121435,0.8239562480654925,0.5929593944422802,0.40565639424724276,0.6646502810410196,0.22870662280199824,0.6655062368251333,0.0,0.5034965005623747,0.7752608077737813,0.5688129836735809,0.8429001161256676,0.15225563766677033,0.6363151762776026,0.7114676872670014,0.8762660536304343,0.728684281219444,0.6750506408887149,0.7211466851802929,0.5155794316841293,0.2936467377045704,0.40098602792944926,0.6887330113336746,0.0,0.485285282370659,0.0,0.003787878752008724,0.0,0.0,0.0,0.0,0.0,0.0,0.0,1.0172526041666666e-05
p_94,0.9654706613338583,0.7562872156233169,0.6088448225037204,0.8772635812042372,0.012180267817536325,0.5947450273234435,0.5417412219836804,0.8476247219285928,0.7312379721215677,0.5178415318144787,0.5393120382077968,0.6278126129553204,0.6025888168477311,0.6034836352572716,0.4447651110752244,0.19168041013069378,0.5837723889158463,0.08607594882230413,0.5887059543093507,0.0,0.4287999977130667,0.7528546563474692,0.5939051532175949,0.8482280139327854,0.0695187159579437,0.5914014093566978,0.5211680461941369,0.8666509872609061,0.657385732835548,0.5393457113259821,0.5603362005996875,0.5033227844119282,0.19395918335680135,0.10448760814140919,0.5921052627049378,0.0,0.4143348040533392,0.0,0.0042949176500005895,0.0,0.0,0.0,0.0,0.0,0.0,0.0,2.906436011904762e-07
p_95,0.9697129427072803,0.7495730809374567,0.5963609829216663,0.7500246516615475,0.15400410519502972,0.59189083468952,0.7415282793989317,0.8303529628169868,0.6285632009378589,0.5430331275653129,0.5655221992350851,0.6202352911988926,0.6730379360757661,0.7850250477784646,0.5955589005678894,0.33982061204971975,0.5304540391447727,0.013138686035484045,0.6902512263310253,0.0,0.2329615832346768,0.7468248109309796,0.5917683599227425,0.7133182835298241,0.24522612818868214,0.5952405521877276,0.7125503586914361,0.8320500970988348,0.5977552991578837,0.5694861655577185,0.5272206293653856,0.5888412012572445,0.2801091772771935,0.015723270316640958,0.6243804208299408,0.0,0.18217821601803746,0.0,0.0,0.0,0.0,0.0,0.0,0.0,0.0,0.0,0.0
p_96,0.9711433879219752,0.7521850871615782,0.6359658181175579,0.8206097555971892,0.12244897850533294,0.6939510276283636,0.6709700952527036,0.8279907617422676,0.7445627015912046,0.5727916722764265,0.6351060549721702,0.6398390316304263,0.6986170703418764,0.745648495439469,0.5744635342022788,0.3588992014999199,0.5955463459578129,0.054945054567685066,0.667972319710163,0.0,0.27740057926866557,0.7505534281108716,0.6358378250554785,0.8184562305458846,0.009913258861050076,0.6753657129918091,0.7164403831211261,0.8371463115660719,0.68802423032616,0.5815664840935764,0.6591852411080934,0.5170145835594692,0.3508719176926159,0.10741687910858773,0.7061116520213618,0.0,0.2567901213432912,0.0,0.006514657909721413,0.0,0.0,0.0,0.0,0.0,0.0,0.0,7.120768229166667e-06
p_97,0.9666437033469794,0.7662990085169169,0.630396125059396,0.8625206166379545,0.21167883018541214,0.6653569088508046,0.7126993930452294,0.8002043941096277,0.8138397883742763,0.646745803809459,0.49847211516716555,0.6716822128447721,0.707859267096343,0.5103745107448914,0.6082781451918228,0.4759671737476218,0.7077586176389714,0.23961878666018527,0.7254639097400241,0.05970148362664423,0.2138157877153307,0.768600269698708,0.6237100079845215,0.8337778928932549,0.39382715806279533,0.6206749615176677,0.7337278106047986,0.8864519983618523,0.774585494526534,0.6825492254001584,0.7419548256207179,0.5037878784588637,0.44651162721471066,0.25648854766039275,0.7264185563191525,0.0,0.30188679034320903,0.0,0.008474576151489038,0.0,0.0,0.0,0.0,0.0,0.0,0.0,7.266090029761904e-06
p_98,0.9755422295790572,0.7663762710404821,0.6489155056770326,0.8225384462877045,0.09575625575890909,0.5971657610658474,0.7403546981430422,0.8736818731969798,0.7857972875586865,0.6198649632962947,0.6552567222599317,0.6653225779624089,0.610928960079429,0.8412578437993253,0.5700681537017382,0.37968397205488946,0.6737967874403044,0.24447334041304722,0.6910164744396826,0.0,0.38006756435753747,0.7571997655726179,0.6285445925302122,0.8166046099844692,0.08163265226790425,0.5540987178015293,0.719998904832892,0.8689630885106725,0.7240356073320264,0.6144284473177339,0.6417878966017544,0.4893634359040155,0.31299999947833335,0.13609467354959562,0.708854817968668,0.0,0.3576051751002818,0.0,0.0019193857781248966,0.0,0.0,0.0,0.0,0.0,0.0,0.0,0.0
p_99,0.9775366565486934,0.7970046851030169,0.6647906548477163,0.7194186506265393,0.24691357685989607,0.6923647991372347,0.7816653996547255,0.8453300795963444,0.681148925077059,0.6637937326245025,0.6880630617716534,0.4685848475127138,0.6565366953654338,0.8143220849120215,0.6787958975530963,0.5145691247890698,0.5961352628206026,0.3522167465996506,0.7224334595855286,0.0,0.12693498255518604,0.7950197503071946,0.6464417324615708,0.7542758696268292,0.26137689309945283,0.6773445649605192,0.794794394525532,0.8607508528226471,0.6839935874925652,0.7005423917352681,0.676928647814327,0.6197247007867761,0.4251046017989881,0.39272727034710747,0.7295299199821942,0.0,0.2700421912442807,0.0,0.003330557840711425,0.0,0.0,0.0,0.0,0.0,0.0,0.0,0.0
p_100,0.9789483172497424,0.784848336865631,0.6654977583785268,0.8158981645230563,0.2538812762202623,0.6473330140221892,0.7679224491138251,0.8728721885153019,0.6995910652727414,0.6251325551209503,0.6644311361330991,0.7036864176216219,0.696044595975459,0.8440844434966867,0.5727092487089827,0.46073298343168856,0.693787791677912,0.2194690246064688,0.7689701286054658,0.0,0.47123719092799693,0.7807374692225528,0.6454154255535072,0.8312049864847758,0.38235293766219725,0.6359072065099751,0.780022651071175,0.8754680511683367,0.7255567014812614,0.6691973963582815,0.6864253378135173,0.6621596924336198,0.4665291571975827,0.33816424848498994,0.7691221872350047,0.0,0.49548386777107184,0.0,0.0016326530478967098,0.0,0.0,0.0,0.0,0.0,0.0,0.0,1.453218005952381e-07
p_101,0.9671176264937488,0.7550162721035631,0.5602612554649372,0.8796509970980777,0.26503567517802573,0.48692708558090547,0.5960504893908128,0.8830352546237157,0.8240321759376167,0.5304806559881979,0.6473162850787462,0.6846011110556551,0.5980504570010021,0.8356180276756422,0.5682977512107522,0.3494212702567782,0.6633744828667716,0.19408502593267074,0.6794244389164966,0.0,0.452349580797762,0.7580739364687866,0.5685028391198951,0.8803824992423794,0.29052631273130197,0.4976561664201713,0.6425297084576952,0.8812361018979211,0.7817337452656637,0.6144264727510443,0.6790737920816409,0.6630444302313168,0.3715043878924181,0.3270440228718098,0.7103374555578429,0.0,0.5383491580045684,0.0,0.0015860428105785663,0.0,0.0,0.0,0.0,0.0,0.0,0.0,0.0
p_102,0.9598161901299449,0.7087489576125489,0.5084282841246384,0.851003581008022,0.2801302916388149,0.5893727103384998,0.7062160479355608,0.835861290760721,0.6986042993856353,0.5427231672953081,0.5520344277151127,0.6292622423147481,0.5767412525157855,0.7848190756499744,0.5899092316706932,0.2651098896546877,0.5901970662445828,0.04435483841159383,0.6217921142496114,0.0,0.37810945038489147,0.7043360149702421,0.5046872296874294,0.8332317689643064,0.10576164083850323,0.5713084012878433,0.6908914286924631,0.8331010448123688,0.6613457752193691,0.5825438076779209,0.5183132042797205,0.5222147295105906,0.1569839305361806,0.04499703940203056,0.628500036283898,0.0,0.45891043186098596,0.0,0.0,0.0,0.0,0.0,0.0,0.0,0.0,0.0,0.0
p_103,0.9710981317988122,0.78865445665714,0.6106428528212269,0.8350853236620578,0.14788732220789527,0.696319867062756,0.7273193512477897,0.8835678253870094,0.7812333854582225,0.5290743840738777,0.4080029910097177,0.6821448276277234,0.6581818161873277,0.8390179713911461,0.5200164401808332,0.11306582306173983,0.6325639386614851,0.3679565487579325,0.7261603713792639,0.0,0.21182265748986875,0.7775534692391188,0.5983158750483203,0.8440957030845796,0.13640729936208165,0.6617103148164325,0.7349570712141607,0.8767817900294204,0.7792044300362482,0.6844365221709175,0.6775100388001807,0.4911819303131328,0.34161598550544575,0.5963520967775409,0.756891798107433,0.0,0.27405247613664374,0.0,0.006309148165470849,0.0,0.0,0.0,0.0,0.0,0.0,0.0,0.0
p_104,0.9783465240092434,0.7806877731418017,0.6601738495737226,0.8249963746375262,0.18404907749633034,0.6681157565809751,0.7668092955165025,0.900690183617384,0.8051920180163141,0.6703441840802237,0.7089801518786006,0.6110311721293469,0.7013062388931603,0.8477251123818215,0.6366706055743115,0.4965258206638013,0.7286314772133046,0.1987577626034661,0.7113447862030918,0.0,0.2616033727678969,0.7871839184238449,0.6482877273369925,0.8055555547839507,0.1442841271444603,0.6501660248425989,0.7628235643586119,0.9089256861324083,0.7468036793561911,0.684605065347901,0.7026305743373417,0.6032936567721395,0.47574517733149196,0.2295857974580722,0.7236313016365363,0.0,0.3097643071568661,0.0,0.011627906807733913,0.0,0.0,0.0,0.0,0.0,0.0,0.0,0.0
p_105,0.9704895129324249,0.7815729377518326,0.6155848771643929,0.8057787510707096,0.1903864261038037,0.5964112661025264,0.7207314362920563,0.870778840098195,0.776315788387016,0.6614927339320569,0.7562604324785884,0.6309111843661408,0.7038264516305319,0.6854231530306505,0.5525495149156768,0.4332061060434998,0.6423236487870387,0.3533378263429681,0.7155991890949048,0.03030302571166277,0.33224755339579204,0.7848254747614624,0.6251392796146166,0.8163231376194123,0.3796610137316863,0.6204381136030132,0.7631236646674942,0.8906155945878984,0.7219421587663277,0.6912139387760221,0.7558296381656782,0.6363495741404875,0.44857684924368724,0.40521977743667736,0.7644832120107939,0.0,0.38189300097207407,0.0,0.0017467248755744552,0.0,0.0,0.0,0.0,0.0,0.0,0.0,0.0
p_106,0.9680994681638635,0.7163421612604369,0.5879033538661703,0.8550167427942384,0.0,0.6096541238214375,0.6605693935330751,0.8108443507179398,0.720070200927579,0.4847042823889325,0.4982670733980284,0.629908101838184,0.6592372445288824,0.7223000964516867,0.38207392837579823,0.13306370043869828,0.593997928271825,0.057192373854485494,0.6042918450613077,0.0,0.4027118616765298,0.7210511197079909,0.5746493663443466,0.8339329035246662,0.0,0.5482840638058737,0.5922640169958263,0.8132177169846648,0.6640086980016809,0.43642637428818065,0.44039046176925833,0.21317975810689221,0.00872981228998295,0.09523809452947847,0.4775754452882212,0.0,0.4253393643773788,0.0,0.007177033406973285,0.0,0.0,0.0,0.0,0.0,0.0,0.0,0.0
p_107,0.9737254903455848,0.766540777869767,0.6343673826754609,0.8840661190883968,0.08653846049833581,0.5961379634647936,0.7198369755660293,0.8788974475297923,0.8219688144961964,0.6726538677822742,0.731717507873553,0.6753832250884435,0.6184642945370054,0.8222660604130257,0.6444304588290655,0.4691239816440307,0.6342301051274751,0.3579638722663065,0.7425870212783954,0.14285712827988487,0.3932714594357804,0.7558657042625436,0.6211310972961833,0.8484507037908063,0.19277108255077774,0.5738456954475532,0.7350731319373425,0.8504739573690379,0.8044164028094923,0.6971813619055129,0.7136946613287244,0.6814666539155066,0.5096543492022543,0.3536585338897978,0.7590027694048764,0.061538452071007374,0.3355542075375275,0.0,0.007490636610603788,0.0,0.0,0.0,0.0,0.0,0.0,0.0,8.719308035714285e-07
p_108,0.968786713755999,0.7562945797725703,0.5924753304579036,0.8448982327904224,0.20891719479086376,0.6253055901513364,0.7208982551619825,0.8701845902537196,0.7431440701131143,0.5542941752597119,0.6257237373330775,0.5812356952803858,0.6720892385031624,0.833224308624659,0.6542970391715468,0.43797790901024236,0.6096909553235751,0.29564032496157816,0.6706879432918318,0.04166666377314835,0.3064516098139959,0.7513914041693703,0.5670296589994201,0.8353207982768888,0.27409988067247526,0.593208776936899,0.7423189917394966,0.8805698534391048,0.7379653773559813,0.5900023837002286,0.5937376127749948,0.6296760051419033,0.3720930225901735,0.2519137073631614,0.723559214120045,0.0,0.43107387333530944,0.0,0.008633093400962685,0.0,0.0,0.0,0.0,0.0,0.0,0.0,0.0
p_109,0.9720743962600429,0.7697590142761099,0.6044106208634505,0.8319071353285906,0.3684820351276705,0.6693356083504329,0.7620956432589254,0.879096165731904,0.7532194471048365,0.6238365862582682,0.6387283223808251,0.7039042442179987,0.7305579636736659,0.8317962834081561,0.7538968551225645,0.5678283115419801,0.6284674823625853,0.135546333779071,0.7461912982988917,0.18749998046875202,0.3829787195240251,0.7772399761064784,0.6122689414366225,0.8417648743591802,0.18541854018525167,0.6657298511186159,0.7789121246515375,0.8564379155058309,0.7443381973523676,0.6728292639070639,0.6843144988456845,0.6140076075080125,0.43380653609473996,0.22236340392399362,0.7275931111513071,0.0,0.5654450224774541,0.0,0.004870129830599596,0.0,0.0,0.0,0.0,0.0,0.0,0.0,0.0
p_110,0.9799932548738597,0.7739683447392426,0.6922529173166081,0.8547967149735647,0.22091310425753896,0.6117846065866961,0.7599991036650311,0.8902930489624892,0.8355114907215959,0.6042574584275415,0.6566729113956425,0.5495495460131947,0.5330915660331298,0.8119782212682435,0.6672735542400787,0.46626279409596244,0.6069594945410183,0.3038575649622696,0.6968244452540261,0.0,0.42628474788302656,0.7676610372890107,0.6706638228844691,0.852665365439823,0.28940568101543046,0.6058838203370082,0.7432521157625054,0.885954381290279,0.7940232420652759,0.6778354827627446,0.7040756040478922,0.6351097685178244,0.40359796557763405,0.3638568807528388,0.719753085864388,0.0,0.4098728465978097,0.0,0.004354136398010622,0.0,0.0,0.0,0.0,0.0,0.0,0.0,0.0
p_111,0.9712499893794166,0.7234628705827806,0.6014016456587424,0.840049983942492,0.01709401688529894,0.6130256146940128,0.6942546092799766,0.8579997139724855,0.7098598466807723,0.489176187245057,0.5761140809694937,0.6111566833012441,0.639912279298438,0.7420257596612235,0.44120770714519214,0.28227872997776715,0.518416521451234,0.04755244721991296,0.6887252997375239,0.0,0.3401869127085335,0.7253052479937173,0.5953115877940316,0.8389447598314411,0.0,0.6050616535698509,0.6983884072053587,0.8483171964303483,0.6431978189379993,0.5618057529465923,0.5754303061501345,0.46638464989697487,0.25609065107442747,0.020525978059486992,0.6493486466897799,0.0,0.34664948230251624,0.0,0.005997001409340309,0.0,0.0,0.0,0.0,0.0,0.0,0.0,0.0
p_112,0.9774759872378388,0.7989940131960933,0.6640923076820909,0.8711726127582111,0.14206437134223784,0.7368616439507037,0.797192105494712,0.8795387878630835,0.8004816366038753,0.6814483963299981,0.7296926977300985,0.6377245485115098,0.7466515737659846,0.864144105957369,0.680806281323722,0.4752719054478311,0.6845448105697077,0.30976863554133266,0.7677293423207335,0.0,0.4474348154126593,0.7958737614917785,0.6598915016671748,0.85990029345526,0.31922611464055484,0.7009576767066159,0.7885071685824856,0.8679206596955971,0.7305610227232271,0.696723330297509,0.7742316769617186,0.7192997653875555,0.4752556227499885,0.3426751570530245,0.7767230062694119,0.0,0.47761193705826366,0.0,0.005056889948711884,0.0,0.0,0.0,0.0,0.0,0.0,0.0,0.0
p_113,0.9758549805219286,0.7753838409871491,0.6583597618244065,0.8716958962525401,0.2574447621763231,0.6534588350007278,0.7818310757547812,0.851846269353506,0.7296999109336939,0.6121780552239259,0.669131956657976,0.6760015531855248,0.705188677166307,0.8482486365715016,0.7066691089165729,0.44674119289866865,0.5704433469436289,0.31272727045289256,0.7196079950846948,0.0,0.4339457529838517,0.7664729213010799,0.644213248172833,0.8494869378278949,0.2962962932479805,0.6186656306460783,0.7561684691007978,0.8295418469846885,0.7197996120689973,0.6381504626567133,0.6867331275177663,0.6890433503849979,0.4725616059793713,0.23581429450394772,0.7227317386810255,0.0,0.34185303241331444,0.0,0.011560693507968862,0.0,0.0,0.0,0.0,0.0,0.0,0.0,0.0
p_114,0.9738517092761193,0.7710046918004213,0.6300240862346581,0.8683101104436192,0.03851851794787381,0.6938940556751287,0.7387799810584492,0.8843245557546391,0.8003869710841804,0.6217340128507384,0.6523042325734278,0.6141861393432302,0.6320526111732343,0.849191335472299,0.6692470085597757,0.4040131190352824,0.6113726888396498,0.20361990835056612,0.7041919710382225,0.0,0.4939903816466924,0.7645913507839793,0.6083843514829617,0.8659617243033876,0.3436563402232134,0.6555175137033903,0.7377095332827809,0.8741483186698866,0.7615927927509543,0.6551195580509507,0.689212165710916,0.7336294827791795,0.40955004516152427,0.33774038258569483,0.7278370199523818,0.0,0.44640998727154013,0.0,0.002737850768392534,0.0,0.0,0.0,0.0,0.0,0.0,0.0,0.0
