CoTr_ncc_1_diffusion_1,,,,,,,,,,,,,,,,,,,,,,,,,,,,,,,,,,,,,,,,,,,,,,,
,Unknown,Left-Cerebral-White-Matter,Left-Cerebral-Cortex,Left-Lateral-Ventricle,Left-Inf-Lat-Vent,Left-Cerebellum-White-Matter,Left-Cerebellum-Cortex,Left-Thalamus-Proper*,Left-Caudate,Left-Putamen,Left-Pallidum,3rd-Ventricle,4th-Ventricle,Brain-Stem,Left-Hippocampus,Left-Amygdala,CSF,Left-Accumbens-area,Left-VentralDC,Left-vessel,Left-choroid-plexus,Right-Cerebral-White-Matter,Right-Cerebral-Cortex,Right-Lateral-Ventricle,Right-Inf-Lat-Vent,Right-Cerebellum-White-Matter,Right-Cerebellum-Cortex,Right-Thalamus-Proper*,Right-Caudate,Right-Putamen,Right-Pallidum,Right-Hippocampus,Right-Amygdala,Right-Accumbens-area,Right-VentralDC,Right-vessel,Right-choroid-plexus,5th-Ventricle,WM-hypointensities,non-WM-hypointensities,Optic-Chiasm,CC_Posterior,CC_Mid_Posterior,CC_Central,CC_Mid_Anterior,CC_Anterior,non_jec
p_0,0.973931455465717,0.8190297814250043,0.6898297539173207,0.8522566538715629,0.27953110658673486,0.7614968334458269,0.7694012692725883,0.829829724180245,0.7877768421814174,0.7275335580207669,0.7244340340243715,0.8225013631280683,0.7104682502807839,0.8033170043218203,0.7790960444641281,0.7589178818316547,0.6709677393891167,0.6638297815844274,0.823973986445229,0.26086950850662854,0.17847285944367194,0.7932067010115943,0.6501789546781047,0.8159734730656862,0.4494602507413126,0.7145758687522362,0.798258807138438,0.8879828084809175,0.7578051076035871,0.6535514118111044,0.7135549853873273,0.7943632560939777,0.7817575066034316,0.6194444401427469,0.8290613392000519,0.5714284693877733,0.2547528492894216,0.0,0.0,0.0,0.3733333262222224,0.0,0.0,0.0,0.0,0.0,0.011519513811383929
p_1,0.9715865031295287,0.816384939259738,0.6911501228956407,0.8110502384828941,0.1342925643370196,0.7867929835881265,0.7607278729240569,0.8329348471643082,0.7595712088315835,0.6986685347769197,0.6206457081124773,0.533273378897152,0.8102601404215752,0.798626830647664,0.7641814433583017,0.7089571156839454,0.5006941207742058,0.46892210488652947,0.784598679708846,0.0,0.23971797603151615,0.8045009247958641,0.6818259717015255,0.7670157061788156,0.02846975038310053,0.7609979227610917,0.8092116590327628,0.8544206936592681,0.68033504102971,0.5598384723202657,0.5707665561483558,0.7045643915335947,0.6167946479643431,0.45583276833558484,0.722408026166565,0.0,0.1367088590290018,0.0,0.003418803389582877,0.0,0.020725388064109118,0.0,0.0,0.0,0.0,0.0,0.013194202241443452
p_2,0.9755249740459714,0.8337480906180985,0.711187733538167,0.8683220462432647,0.44593301008676545,0.8086824275380388,0.8421782138827352,0.8747614498599944,0.8585107712504589,0.7755186713946902,0.7360912960453886,0.7871986667198725,0.8093056030854677,0.8697063057864279,0.8183602258849104,0.819782493993313,0.6773633968891439,0.6465364063362664,0.8662529824665843,0.41935477107181107,0.3409090873873028,0.8074619641652614,0.6789524900471182,0.8585055638192199,0.5928030246893653,0.7847538613221596,0.856203477152463,0.8790488894340356,0.8186255100664483,0.6633698331998471,0.7217391284735349,0.805670664334056,0.8174794765391611,0.6078767071243433,0.8343201001316897,0.19512190362880397,0.34410844271002666,0.0,0.0,0.0,0.49450548092017915,0.0,0.0,0.0,0.0,0.0,0.009857613699776786
p_3,0.9688890563956934,0.8151617086160855,0.6677937645903887,0.8159762332530252,0.3948667285797954,0.7255567822818065,0.6334216514857197,0.8437349328527697,0.7616244838704761,0.7044613279714969,0.6729487458677345,0.7731208840556948,0.6810018887499956,0.7740522324003902,0.7670560510777893,0.7484593816569765,0.6481909135943382,0.6330578460077864,0.8348092635943382,0.14545451900826925,0.24918032582639077,0.7923684372267789,0.6476801764310667,0.8719862464371729,0.25961538149500746,0.7735952738989799,0.7608254201068312,0.8686728121594058,0.7407016608537303,0.6282404324107488,0.7154793300011448,0.7785113495717543,0.7454684688652834,0.5956320278250693,0.8349681631087866,0.0,0.40869564963543076,0.0,0.003937007835265671,0.0,0.12448132263562976,0.0,0.0,0.0,0.0,0.0,0.01627197265625
p_4,0.9747280521500505,0.8240104735051541,0.6916225772901861,0.8840394086492513,0.4197002096391841,0.7830076876286098,0.8418071439616099,0.8387417213914229,0.8261650630601659,0.786701049192576,0.7522935762119652,0.7949505261175348,0.7619219639416149,0.8571428569906898,0.8080996150260682,0.808726835598545,0.695888282793296,0.6019417433984623,0.8196177839122292,0.1428571173469433,0.3016678730843519,0.8113373008639825,0.6837295851026838,0.872628172075412,0.5491183832987542,0.7711662292001054,0.837447274352909,0.8716645484383931,0.82329016287778,0.7423682668263968,0.7513786747440748,0.8237579218730752,0.7899884902474439,0.6226834646205822,0.8316965137380161,0.17142852244899356,0.4985803492414517,0.0,0.0035682426086686655,0.0,0.5397412099862993,0.0,0.0,0.0,0.0,0.0,0.009656633649553572
p_5,0.9734321276795899,0.8194207694942245,0.6905565032158001,0.8937853697092366,0.25303643468586606,0.7564667794800473,0.793506593599637,0.8632803496525684,0.819043320375628,0.790471909401823,0.7306471288628885,0.8282776328321911,0.726126124490707,0.8451732621636263,0.7783541849472544,0.732454793955088,0.573394493220969,0.6990131521462735,0.8365298610389249,0.18181814876033658,0.3230562981028398,0.8060719169687706,0.6718184485864941,0.904564792197147,0.4081632600999584,0.7441361237667279,0.8130071544739838,0.8752238800744933,0.8381326343388605,0.8215883661245448,0.7956712167078814,0.8177320395629012,0.7989677398736316,0.6061562698803767,0.8259900192950526,0.40740733196160517,0.3616766445408584,0.0,0.0013306719805011844,0.0,0.5394990262138917,0.0,0.0,0.0,0.0,0.0,0.01141938709077381
p_6,0.9706060038100701,0.809334413197741,0.6456689107341763,0.8944437804051991,0.4244966407340886,0.7381039030256337,0.8104118549390745,0.7959066340140815,0.758439608954189,0.7165446240936596,0.6018087130671178,0.8356445792613133,0.794756687385964,0.8090402661878247,0.8075679779353794,0.7571682294920877,0.6401194592328548,0.6382978651926331,0.8219576471671748,0.2857142346938866,0.24981301234246064,0.7883824263555985,0.61300550702674,0.8852428274000741,0.2726347886812331,0.7542508285230604,0.8218574418294965,0.8492726704739878,0.7361495836378699,0.6886164615427712,0.7295774630761093,0.793774318347865,0.7652043849321924,0.5819592572069907,0.8002168602148578,0.23529407151096635,0.3639143712338717,0.0,0.003631961237094666,0.0,0.14330217622111602,0.0,0.0,0.0,0.0,0.0,0.013347080775669642
p_7,0.976049078286353,0.8255760364692682,0.7073769464125852,0.8262788640866613,0.42577487417801896,0.798343917071864,0.8371996713109124,0.8695989789397088,0.8472698485264181,0.7800829868482023,0.7398315264986005,0.7855579840059883,0.7999275085177102,0.8434670619646684,0.7965394393928352,0.7881745097928401,0.6492728800287729,0.5440805999657381,0.8528493356236834,0.21874996582031783,0.28451296226690287,0.8064894397436179,0.6860004204663918,0.8799572091082918,0.2961165012607221,0.7729273886113576,0.8384926726560717,0.8870203155265123,0.8307584259939625,0.7346080298904321,0.7354685629051755,0.8158399830125872,0.787284766126398,0.5998300713693282,0.8444809182965932,0.1851851508916387,0.4255319120642825,0.0,0.006198347043405506,0.0,0.4236111037567517,0.0,0.0,0.0,0.0,0.0,0.008519490559895834
p_8,0.9742935619952215,0.8315665720109712,0.7015528592502046,0.8221902013342026,0.4158415807273797,0.8013119913929907,0.84352692997972,0.8459060099733885,0.8498833916166891,0.7937254894179162,0.7777777757956733,0.7906652706699224,0.7536850256910687,0.8622338112302198,0.807722704292963,0.7787209938349717,0.7014322412727424,0.6295681010833214,0.8566189944475441,0.39285707270409415,0.3134328328970818,0.8025862638446407,0.6771232570616944,0.7806016590762433,0.5398981278446678,0.8034102304682351,0.8539408914363393,0.8844784808087162,0.8285556769176465,0.699801192070023,0.71461129218888,0.8239291589539445,0.8072902685411678,0.6587712756567633,0.8330644388032036,0.1081080788897084,0.31818181516873284,0.0,0.0,0.0,0.5530145415173692,0.0,0.0,0.0,0.0,0.0,0.009752546037946428
p_9,0.9722260487993737,0.8360904804149327,0.6720666763311,0.8944897185777727,0.2910052871560147,0.8086427191391505,0.8456942296657549,0.8760922324780994,0.8307769665190131,0.7720938588761181,0.7217568469056898,0.69614710728482,0.7731868114875016,0.8740650897928836,0.7865815486461616,0.8066643498553823,0.5083293645486465,0.620262949572599,0.8229485525595452,0.345678969669263,0.31159420064062177,0.8182012232058896,0.655008031023199,0.888740031614437,0.30808080419089895,0.7743378250539213,0.8206153890154199,0.8876234319454634,0.7781176461433911,0.7103923323246558,0.7303271425059082,0.7700246794143767,0.8245901616814476,0.5775577510102496,0.8038171764903896,0.0,0.3491461078485382,0.0,0.0015873015747039558,0.0,0.45019919421913956,0.0,0.0,0.0,0.0,0.0,0.012341453915550596
p_10,0.9716129238364457,0.8346914546769524,0.6576105330974427,0.8090927788474117,0.22001981942497703,0.8025106594977327,0.8356751806627886,0.8638507949183485,0.8398064950382772,0.7560163599771555,0.7728613550322975,0.7673438069477048,0.8058128380616212,0.8555930408057827,0.8080267549520326,0.7840571065316564,0.6639928669162528,0.5389671310895106,0.8472054302546216,0.0,0.32408101782384835,0.8179386479059721,0.6418139416821549,0.8380316513118005,0.4050367218778938,0.8156746647928548,0.8561885495966917,0.8966868537604282,0.8378489879826035,0.746096008534706,0.7082802532732904,0.8055105340300744,0.7913743809005601,0.6146616483584432,0.8166415654963841,0.6279069037317554,0.3607272701038017,0.0,0.0,0.0,0.4774535682373059,0.0,0.0,0.0,0.0,0.0,0.01406613304501488
p_11,0.9699591631126141,0.8240742437916455,0.6984114281048056,0.8764066191090917,0.5218617734706504,0.7846841475611787,0.8172049140027076,0.8778154511517223,0.8484055201708645,0.6988955271601526,0.7174683526140041,0.7668508259047851,0.6783656346821224,0.8372252054873941,0.8202951275315392,0.7578548191824084,0.6400310293249378,0.5565217337534132,0.84321283379184,0.0,0.32600112619288707,0.7968033906400113,0.6545474510418432,0.886767053536998,0.6023936130159999,0.7756584920281373,0.8349182026503434,0.891752576759019,0.8007159894979523,0.6525860285878982,0.723149111774898,0.7957711680705749,0.793261129258096,0.631166792238318,0.8451678526498801,0.33333326388890333,0.44773175321631287,0.0,0.0013071895339399377,0.0,0.5669642730588332,0.0,0.0,0.0,0.0,0.0,0.012486485072544642
p_12,0.971691452140763,0.8193962733577022,0.6620880609043536,0.8546736572573952,0.3442622915546896,0.8131466284308895,0.8150479186996887,0.8761777326887563,0.815395751911926,0.7189182987064073,0.7375618940401748,0.7681401135607168,0.7480885296819144,0.8723433344667917,0.8267668553749321,0.7723112106055171,0.6227436795002541,0.5060690895791868,0.8120497700326974,0.0,0.33058984684094755,0.8004423013810498,0.629271824367949,0.8421052627203692,0.3398532965788106,0.8009098144431002,0.8406075204588653,0.8733233974487314,0.8016157980233216,0.751018609458189,0.7563306240890334,0.8129019483398615,0.815669437038719,0.617809293791889,0.8355373432338077,0.0,0.37593984679744474,0.0,0.005496392973217475,0.0,0.5924170475730558,0.0,0.0,0.0,0.0,0.0,0.010734921409970238
p_13,0.978068410594797,0.8408073887988362,0.7001577768779677,0.8362912763061787,0.3227222796627631,0.8046050368686226,0.8397256545816286,0.8553567574610063,0.852722195378406,0.7608102836376994,0.7232824410227041,0.6871227329621593,0.6977231073077124,0.8519826527746193,0.804922810315316,0.7951739596095007,0.657442345251814,0.5420560697004105,0.8381798851915951,0.38554212222384066,0.22906403658788133,0.8336774667669633,0.6878026416077198,0.8032611021931909,0.6775568133696249,0.7654255573514219,0.8322397945469939,0.8912877543935843,0.8185808329449149,0.6463236114780727,0.7176230421464662,0.8232882320384499,0.8395921391703751,0.4726631351617008,0.839007500635692,0.2641508935564352,0.30399999696,0.0,0.0020703933533085576,0.0,0.5162790577609522,0.0,0.0,0.0,0.0,0.0,0.006480625697544643
p_14,0.9762606726388743,0.830526872429276,0.705922178138871,0.7815840304046465,0.4691136932039956,0.7657539970828314,0.8107491319532381,0.8683293395402258,0.8141479089207101,0.7440233228921056,0.7265719086326864,0.7262672777591369,0.6192052963046211,0.8530122108373706,0.8028891439308184,0.8079868686871255,0.6733149908070323,0.6056945590535413,0.827122550108411,0.4731182286969646,0.2663043442078214,0.8131658008159269,0.6869765845308832,0.7831941360293215,0.4576457595418508,0.757641344887916,0.82163032620557,0.8658241753484482,0.8020649357396211,0.712400501976958,0.735168484254465,0.8152992461203932,0.7917933110643532,0.6278166229384878,0.8290366342032985,0.11538459319527053,0.28223843938882676,0.0,0.0,0.0,0.6172839379159684,0.0,0.0,0.0,0.0,0.0,0.011307489304315476
p_15,0.9655147737163385,0.8165490949015454,0.6202490715153661,0.9067995462820534,0.5737817393700636,0.7982608102183292,0.82190720890961,0.8540547531848717,0.8171731776536852,0.7858465328267368,0.7388098980020803,0.8300322412942602,0.796226414092797,0.8347002466187581,0.8179726018433178,0.8237844508399366,0.6381405143257236,0.5843714543106291,0.8383688983325915,0.5806450988553657,0.31994901007043336,0.7857382839213625,0.5974280019407628,0.9246691040852162,0.5554072059051588,0.8002367767679108,0.8081778910873606,0.8566296315237645,0.819014390436089,0.7344115998500708,0.7578181799810468,0.814631521447411,0.8128738228058279,0.5220500533724666,0.8252267097843913,0.35294107266439034,0.43139054414231043,0.0,0.004373177810691124,0.0,0.5919999881600002,0.0,0.0,0.0,0.0,0.0,0.01587102980840774
p_16,0.97047385398419,0.7975047216348143,0.660153284768825,0.8715621559159921,0.41474654059334454,0.797917183040437,0.798564446151137,0.8145636261439921,0.7900878824519697,0.6312174317489135,0.6448138594127515,0.8114640855957731,0.7405049846371632,0.7890789847748675,0.8112209236186274,0.8105109465386541,0.6368078149967108,0.5696087300308578,0.8084785673024225,0.4262294383230429,0.2566215405731516,0.783255612461428,0.640197533000177,0.8712059061045698,0.4105263114681441,0.7594983484399616,0.7974345605147567,0.8504637748492957,0.6771300438308968,0.6898734168482615,0.7233578612064381,0.8260476325735628,0.8175750811524608,0.6286215923738228,0.7973597352217259,0.13636360537190786,0.4143384269143994,0.0,0.0,0.0,0.4427767271524066,0.0,0.0,0.0,0.0,0.0,0.012762015206473215
p_17,0.9707068397487145,0.8169141965498167,0.6610829341152966,0.75682263750897,0.27209944563467237,0.8125395202070772,0.8403966962785593,0.7947876047636017,0.7494600422972642,0.7084226135582474,0.6154766641095399,0.7891708941144808,0.7692820243723438,0.8172631174781868,0.7733545640716962,0.7559198525593811,0.7012797049313356,0.6223207640626699,0.7846699152380225,0.039999992000001594,0.2693877523531862,0.7987236905449335,0.6475254057620876,0.7815209309007178,0.32516703424090165,0.7671805472679265,0.8306264500693457,0.7967539649065953,0.672946225500243,0.5943609016970293,0.5920577605454117,0.7799868078959891,0.7380480265740295,0.5712374543729937,0.78066739716382,0.04347825141777143,0.36993242930800313,0.0,0.011198208161274264,0.0,0.46843176235373196,0.0,0.0,0.0,0.0,0.0,0.01111203148251488
p_18,0.9746721545936611,0.8292359134384092,0.6842155126881619,0.6314152405119965,0.2737704895592583,0.8218877579605484,0.8302395562731346,0.8359165210176113,0.7680895357000397,0.7596660003996497,0.7539045995063222,0.7032967002052891,0.7456445975710927,0.855115153247013,0.7928808910689606,0.7995724190284008,0.6151761489829441,0.5273708517550436,0.8325877487675605,0.4507041618726532,0.1395908527125048,0.8316183845531947,0.6862483188126752,0.7499568884721876,0.4676616876644968,0.8085724239724206,0.8348810341443618,0.8889835467286175,0.7932903215570448,0.6826444779934481,0.714570856857144,0.7997803799416359,0.77549066353401,0.5958466406082537,0.8279245925558022,0.3157894182825582,0.2535787295135099,0.0,0.0,0.0,0.40848805282525064,0.0,0.0,0.0,0.0,0.0,0.010440935407366072
p_19,0.9702215874793986,0.7997434413673669,0.6668406983141753,0.7941362310159634,0.33367451040251267,0.7876444904530139,0.7235468125481773,0.8208188096999948,0.7754429325979358,0.6635679496861798,0.6482147781671331,0.6967278503721953,0.6914153114426004,0.7569927353619325,0.7860655729650967,0.8061077476055668,0.6528286501716375,0.5231788021724194,0.8026120502596101,0.0,0.1164383548351786,0.782033085989576,0.6448255789744873,0.8263349592286888,0.3265306074849766,0.783856717215932,0.6867111007837857,0.8667644536934578,0.7403110984177286,0.62118450954307,0.6334100776837808,0.8076311597163421,0.8088404109964397,0.5240464301488688,0.8165100931276134,0.0,0.3851976418402217,0.0,0.003067484615529377,0.0,0.24113474322217224,0.0,0.0,0.0,0.0,0.0,0.01618158249627976
p_20,0.9710578243477073,0.8116225524937976,0.6482919023643859,0.7304360170924329,0.04895960772387261,0.762444834441597,0.8047858494879548,0.8363749940491835,0.7097404399808256,0.6623397430590227,0.655687474807186,0.708421495097666,0.6966899331306239,0.8177804655552191,0.7497378198591498,0.7808090285957697,0.6314465382329285,0.5612510811359593,0.8298382722047216,0.4210525761772926,0.10279001317488967,0.8003437079273295,0.620243323572737,0.7612179481079985,0.6249232619710051,0.7320228786542391,0.8041165636944992,0.8768820177869571,0.6002501033760593,0.5817665833790647,0.6849368305443405,0.7806232084700724,0.7921917450155874,0.5939947741906346,0.8211256740006742,0.14814812071331096,0.2605570506688495,0.0,0.0,0.0,0.2485207027064881,0.0,0.0,0.0,0.0,0.0,0.011485653831845239
p_21,0.974860877042764,0.8283327656591851,0.6743498415376958,0.8706173777722886,0.4652849716824613,0.8023733001724663,0.8099743911910259,0.8607798737807397,0.8333862929420758,0.7655781256830564,0.7631522422951423,0.7392807719941882,0.7252927866749687,0.8534853911240863,0.7874499573713342,0.797807900785094,0.6561014237079975,0.6153846107437058,0.8428584039900553,0.2499999553571508,0.34271356611701725,0.8102316449035105,0.6609743679518413,0.8770610132675857,0.5982587027471474,0.783830839296553,0.8249726851484552,0.8672196944783411,0.8226747376745462,0.7124724055256877,0.7651725490575714,0.8170534261404448,0.783310899641155,0.6013771950927529,0.8524104255492891,0.4745761907497982,0.4744141536374263,0.0,0.004761904739229024,0.0,0.6091644122754123,0.0,0.0,0.0,0.0,0.0,0.008548990885416666
p_22,0.9684043549814123,0.7975760084784661,0.6800898763501131,0.6831514803151825,0.13468634562097467,0.7630467976369696,0.7866753540363812,0.7976239808455938,0.7065165300592758,0.623564604242435,0.6036245339135118,0.5833333309027777,0.6242452377514045,0.7308089499717088,0.7901096850807681,0.6527079825440871,0.4439447464055742,0.6402116359774362,0.7959063830249926,0.0,0.07308969978256313,0.7983158452517448,0.6760277798575016,0.6495820697624854,0.25979381175470295,0.7821561846036913,0.7094822436294017,0.8608485819119,0.7107203620097556,0.6053125302603807,0.7152395901114698,0.769217253123766,0.7359564446029289,0.5634860964426289,0.7547295601677394,0.4210525761772926,0.18142548400188463,0.0,0.0,0.0,0.5494949383940417,0.0,0.0,0.0,0.0,0.0,0.012537928989955358
p_23,0.973859547278349,0.8238219229534913,0.6757164673260603,0.8593148571693058,0.3563432802579918,0.8139294034663999,0.8167193293211041,0.8366957325026079,0.8574850289131916,0.7773237990017122,0.7548923660594609,0.7275892048407779,0.750526757794929,0.8465886828890153,0.8029086164500666,0.7852906263781416,0.6574239684372809,0.605915262942324,0.829055058752739,0.5176469979238826,0.224917307332775,0.8048080253845771,0.648336025939066,0.8696020765805108,0.592074587474168,0.7370652898672385,0.7961104182733945,0.8895129058810277,0.8358644140008937,0.7303345881560663,0.7454080429076773,0.8261851007324184,0.8446753224813628,0.5888888842151676,0.8305196634626807,0.5128204689897035,0.40677965756966394,0.0,0.003597122269810052,0.0,0.47654783346064106,0.0,0.0,0.0,0.0,0.0,0.011645071847098214
p_24,0.9675863489887534,0.816176253487433,0.6221815211645456,0.8585228565990253,0.4062499962660846,0.7862084048926233,0.8010635852804344,0.8430332838158607,0.8242967783336095,0.7695580690749849,0.7166751122233271,0.7797022158015733,0.7508320373844419,0.8388727922123622,0.8189040529446893,0.7937154472106038,0.6736842086097177,0.5301478893043471,0.8290008115058887,0.2592592112482942,0.29399999853000003,0.7943260013053186,0.614401108794868,0.8778759470431556,0.4251308856007237,0.7907537798999204,0.8073231303367161,0.8596996239926786,0.7974119327140016,0.7464221816341434,0.7449004061797447,0.8107142849100057,0.7620388601463282,0.6958139470156842,0.8096380506835944,0.23255808545160803,0.5610526286260388,0.0,0.0,0.0,0.43875684755471944,0.0,0.0,0.0,0.0,0.0,0.01426028297061012
p_25,0.9708911363664194,0.8194187637192585,0.6465005765841402,0.87469441891643,0.32783704822660475,0.7784118860625769,0.8054225146248649,0.8435103972400516,0.8114538652490609,0.6665910114995562,0.6630511656141214,0.812570142863561,0.7684336373686058,0.8380118224694357,0.8271493205184169,0.7717782558872612,0.6449339178637272,0.60399999396,0.8336838072704227,0.14814812071331096,0.24825174608171552,0.8070051827602406,0.6395836492845636,0.8700645444602428,0.49757985965556767,0.7704723030272951,0.7866633240866089,0.8750148081536461,0.754381442326828,0.6546494273313658,0.7200873346722985,0.803903344977785,0.8365535226199646,0.6076986027215512,0.8031909893916556,0.0,0.37635183578693704,0.0,0.0027397259898667673,0.0,0.4543610455504859,0.0,0.0,0.0,0.0,0.0,0.010883004324776785
p_26,0.9760609485171802,0.8215552966386722,0.7027978437483489,0.676648234218079,0.16717634895844702,0.7483304711254573,0.7756591602936759,0.8721160532775997,0.6765607743449519,0.6349684581160263,0.65179119620923,0.5643693071237367,0.6069006174966068,0.8139521340456017,0.7554126465644023,0.8079556543594533,0.6235864263673321,0.5330812804056589,0.7857373339902087,0.11320752580990079,0.09569377837808966,0.800258974805021,0.6674225419033762,0.7764870287566713,0.45259938376555164,0.6917038696884024,0.7619866484385736,0.8735644810849144,0.6829890325389072,0.6360969242246041,0.6896120135802837,0.7740004267970917,0.7536868504747823,0.5948717897874206,0.7184598341268764,0.0,0.19867549449585548,0.0,0.0,0.0,0.07164178890621527,0.0,0.0,0.0,0.0,0.0,0.01168489002046131
p_27,0.9615085426850662,0.7977867167105072,0.5952468781091035,0.8811635466474608,0.5164585668759446,0.7888845355155077,0.7829740233773053,0.7761722538259339,0.7627866902521948,0.6670533636242717,0.6748007951324682,0.8181208039964416,0.7439523618460135,0.791534006368972,0.7715194410880072,0.76482758356956,0.638329602392507,0.5843780078652072,0.8105055568209882,0.4137930321046496,0.241604008814015,0.7719846354296421,0.5781336964982614,0.8973614336007796,0.6576168904313088,0.726438980271637,0.748522049284265,0.8596036855630887,0.7590462238453815,0.8005491983519001,0.7440746929756412,0.780469268756085,0.7926616167948118,0.6650980339992311,0.8312478268758708,0.2807017051400517,0.4286217820633705,0.0,0.010017678226229586,0.0,0.589562756141569,0.0,0.0,0.0,0.0,0.0,0.017530023484002975
p_28,0.9757509934471542,0.8002428779571521,0.700327338251494,0.7465455471171024,0.29206348897287315,0.7610695089250782,0.7405512618329423,0.799793358944351,0.6177924210193076,0.5858639668035305,0.5817732964785574,0.614694331942264,0.6302496310418513,0.784673520667142,0.76871785028699,0.7729393448083479,0.6030061865472759,0.5716498793830374,0.7883443701648174,0.041666657986112916,0.20872273980745532,0.7801021478921644,0.6649210013705094,0.7409629732614057,0.26881719948356275,0.6994929213914844,0.7425825525890902,0.8761668983051385,0.6463203954320852,0.5916466628980829,0.6942724444770271,0.7432973181839763,0.7294241369197366,0.5208845176849846,0.8043208776303162,0.13333330370371027,0.3596358091074673,0.0,0.0,0.0,0.0,0.0,0.0,0.0,0.0,0.0,0.010376703171502976
p_29,0.9697600486766452,0.8256254279238164,0.6489998148980847,0.7419513908122921,0.19826517722100154,0.819719012955419,0.8104990766943319,0.8552127655025464,0.8016157977234952,0.6510816461373788,0.5925069366500765,0.7972027939234767,0.7628617348013229,0.8411301931389866,0.771378346839646,0.802989534221257,0.6891295600115139,0.6355851509459073,0.8420780556198173,0.17241376337693734,0.052269600381436035,0.8042617998108449,0.6131281890162003,0.8241632427610188,0.33333332952815836,0.8262917854893269,0.8413445821764717,0.8468998955969865,0.7511053306227499,0.6877384188689499,0.6846153829696746,0.7770092539921976,0.7874740944336309,0.6373626319749567,0.8352456855257548,0.2105262936288112,0.1375464671231741,0.0,0.0032102728216649628,0.0,0.3167848624873555,0.0,0.0,0.0,0.0,0.0,0.012734694707961309
p_30,0.9744174130567121,0.8299511960623396,0.6847102355677084,0.717480481197909,0.22446915849879517,0.8287475931984627,0.8550638252164356,0.8411568515898468,0.7979797970841978,0.7670058911203305,0.7415273367791972,0.6913275762789659,0.7023076909571007,0.8580444417092722,0.7890610051739712,0.7885915883899101,0.5910569081664353,0.535165719198337,0.8183102095054331,0.2222221869488592,0.17578124828338626,0.812651888594076,0.6649907086775109,0.768951231362053,0.4348739450118283,0.8067181293790617,0.8360242147507451,0.8845380458860524,0.7650712449578965,0.7568179831342529,0.7259908522751699,0.8066830102545328,0.8179012324642457,0.6497252702628759,0.8076451843439965,0.45901631819404615,0.25081967007524864,0.0,0.0,0.0,0.5648854854029488,0.0,0.0,0.0,0.0,0.0,0.010559808640252976
p_31,0.9739678004315716,0.815915942793351,0.6628877238138912,0.8882167528771318,0.4506627360039563,0.8403919993007071,0.8297818042088949,0.8485279303071335,0.8171277986599107,0.7511823969245504,0.7526510462326731,0.815136791574695,0.6893131646682044,0.8645069418183504,0.7998784063229523,0.7830882328949502,0.724992532920297,0.5402184653404324,0.8424901548448434,0.2467532307303097,0.39550841924199365,0.8046668613547793,0.6414175741887326,0.8964629301897418,0.5866050763155883,0.7866142640195889,0.8187428633014285,0.8308900808591635,0.8045776827906734,0.7279346858694454,0.7844416542423045,0.8105316447488288,0.8030865938751455,0.7043650723773307,0.8428263105537898,0.1694914966963565,0.47525772950898076,0.0,0.00575815733437469,0.0,0.583333320540936,0.0,0.0,0.0,0.0,0.0,0.008208647228422619
p_32,0.97226676431894,0.8151449383968811,0.6524435744462699,0.8053408287195165,0.1460234661535402,0.8184059159835646,0.7512798154287186,0.8858360430156802,0.8231173368946284,0.6719411626120558,0.7118126254790921,0.7183939190537497,0.6348940896463375,0.7008829676607776,0.7840758703307501,0.6972538489710185,0.7029164572273038,0.4576271143349613,0.8468705874382395,0.0,0.19089573875336655,0.8031551545760641,0.6561091277478893,0.8358477814037021,0.3060573825073605,0.778428158698606,0.7941647342043517,0.8575251609415759,0.8218461950449221,0.6216450208761348,0.7291568517919057,0.780648920943609,0.7400112528418367,0.5338491244308595,0.8352918870021874,0.285714217687091,0.3066270988464184,0.0,0.004509582812744275,0.0,0.5132743249275592,0.0,0.0,0.0,0.0,0.0,0.014135015578497024
p_33,0.9724646646382743,0.8276249803081693,0.6509685141201793,0.9025786783443361,0.33902438610945873,0.7835253990017246,0.805725806937837,0.869221601411766,0.8276899914375596,0.808167960111046,0.7569882760212168,0.8013516755941307,0.6985328899703435,0.8546975635580548,0.8123831766210478,0.7861311335869168,0.6626554325605477,0.6673796720066345,0.8337507216010878,0.4166666087963043,0.31237590792603637,0.8082369436734516,0.6351686644197234,0.9049997159908632,0.37749120307747713,0.7914470263094396,0.8376785603708665,0.8905363583738162,0.8195726377297097,0.7584196232447777,0.7643020577475926,0.7967260894755847,0.7959057047273396,0.6547406023726243,0.8241933958948421,0.05714284081633119,0.39560439288733246,0.0,0.005574912853136496,0.0,0.5843478159243858,0.0,0.0,0.0,0.0,0.0,0.009727986653645833
p_34,0.9712281188797058,0.8217010707381975,0.6830307638372235,0.8587456443000886,0.3879245253741545,0.8297501450347942,0.8495033284240754,0.8784854069228136,0.8362333665954623,0.7367779029913933,0.7403143663043739,0.7529215327507448,0.7991543327384057,0.8589528724175516,0.8147517722791946,0.7853515081920569,0.622698070138338,0.6585152780915696,0.8538095657777891,0.14814812071331096,0.334059547319829,0.8143661410674663,0.6582981471702674,0.8681230491002573,0.4103138967453599,0.8157142450494709,0.8436003914061153,0.8894356950517084,0.8347581204518173,0.6778242671521857,0.722385550771975,0.820997958800781,0.8114206750830747,0.682137829239537,0.8317815014349725,0.21739125708885715,0.33858267449934903,0.0,0.003944773149607014,0.0,0.5906313525329664,0.0,0.0,0.0,0.0,0.0,0.013489350818452381
p_35,0.9684345030183096,0.7992196395931701,0.6408584033812609,0.8390421817162059,0.3194748335559823,0.7563953956502155,0.8194552312756952,0.8026411558684408,0.780616494334051,0.6514733934158645,0.7249866219235243,0.7016899312943059,0.7741255778042023,0.8351849341493047,0.7810685242149937,0.8098516927705198,0.5998498475981612,0.5122189588248391,0.8164278884274806,0.2711863947141704,0.28203476959410967,0.7913454356640485,0.6106810657562577,0.8452885313633852,0.6013589999923047,0.7530915297891313,0.8152838641019798,0.863748620217672,0.7843816620677216,0.5701584400203369,0.6554298081978575,0.790443685332386,0.7966804960887955,0.4876385295171481,0.7986067689572146,0.5684209927977902,0.3335423176580419,0.0,0.0,0.0,0.5123339561226954,0.0,0.0,0.0,0.0,0.0,0.014038667224702381
p_36,0.9684818352175486,0.8209037134480047,0.6775247914334516,0.7331339310514231,0.20850039929029351,0.7895771643279457,0.8358165756678938,0.8585339214367139,0.75418275321212,0.7070425334126481,0.7050141074343085,0.694727101319486,0.6625233050289553,0.8021225654478077,0.7529848759591538,0.7854250992271632,0.577328274010416,0.5127782315517047,0.7982401969757331,0.16129029656608118,0.052307691502958595,0.8104226037776509,0.6728035836706782,0.8049539699285025,0.44748858038823214,0.7547244613112364,0.8310171002401553,0.8789870477097491,0.7021864781324624,0.6406312418691258,0.7201412027453595,0.7824001316827391,0.7733878274900368,0.5942936632269056,0.7979992298591773,0.045454535123969284,0.24500907218685053,0.0,0.0,0.0,0.0,0.0,0.0,0.0,0.0,0.0,0.014890252976190475
p_37,0.9687706775620388,0.7989850944643015,0.6216538396114698,0.8830772950567128,0.46823324222599444,0.7996052547956561,0.8345123227388507,0.8125934986994469,0.7887581689035841,0.8075936369342293,0.78176422772656,0.8259058708331823,0.7177806886898631,0.8466139299929357,0.7906282292516043,0.8114573471468135,0.5785714268494898,0.5141509373331258,0.8069269648199129,0.5048543199170563,0.36997318786881245,0.7689238319539926,0.5932399397268665,0.8939856906964552,0.48144623709375606,0.7837823885661757,0.8216227911416067,0.8416926852842007,0.7420767833778965,0.776417685765154,0.741776739855538,0.7448377571966105,0.7838534188839008,0.6812748936127999,0.7989799303703515,0.12499997395833876,0.37168141399437055,0.0,0.005146680364659391,0.0,0.5412541164809552,0.0,0.0,0.0,0.0,0.0,0.014171636672247023
p_38,0.9690805998248401,0.804589215457637,0.6848731892721645,0.8073718170026758,0.2548837185592212,0.7389093083300048,0.7818237841872346,0.7859018037279217,0.7781109436944625,0.6576996392102313,0.5544209201633352,0.7635161400942899,0.5994166246975775,0.7334502614224703,0.7675372753251903,0.630519841725769,0.44084682362418287,0.5768087157898046,0.7779251784045944,0.3703703017832774,0.24986765352108178,0.7975681955502186,0.6674686580604112,0.7778305525209788,0.32612612318805295,0.7730256767328932,0.7223251975699075,0.8610279137049072,0.7672743633048904,0.5804813418188548,0.6633457852566506,0.7823696675048629,0.7383635454719168,0.4350042443924873,0.782937165300408,0.27906970254192964,0.2784918582755276,0.0,0.0065170166310028355,0.0,0.5263157795805304,0.0,0.0,0.0,0.0,0.0,0.01295500255766369
p_39,0.9726445293959539,0.8457602458072287,0.7067823901039896,0.7657931378872053,0.37416903728234535,0.8059270131417466,0.8426376043313608,0.8559293983144349,0.8072064145806807,0.7535334943936326,0.6705148910863199,0.7535362162300204,0.7602463351874149,0.8948663117361181,0.801300283623222,0.7933927614226723,0.6163873341881408,0.6946564832468971,0.8438298239726681,0.3188405335013719,0.2664974585469866,0.82779750772288,0.6866115660354729,0.7493717152163798,0.3725910024347859,0.7897431388478074,0.8424949197627203,0.8771475238679955,0.7544076353122879,0.7640995552131907,0.7131355917094585,0.8053483181810404,0.7820895504429632,0.5987460768123348,0.8367422140807609,0.20833328993056457,0.2381930160349793,0.0,0.0022727272469008266,0.0,0.44117646131982224,0.0,0.0,0.0,0.0,0.0,0.011561366489955358
p_40,0.970609141234587,0.8135647853325417,0.6804929041414491,0.6700985946513406,0.28855721105913223,0.7506233681318573,0.6980742093544547,0.8105037616171689,0.6778416729746217,0.6604390465572733,0.6592255110268211,0.6451937561892614,0.5759717299950233,0.7921503034054547,0.768890461184843,0.7653345707125127,0.5388692555703655,0.6051011380378089,0.8037428016604744,0.0,0.05555555478395063,0.7934408746208337,0.6541166569098678,0.7251515701587805,0.20487804628197506,0.7790517776233641,0.7173909115115855,0.8599802475255238,0.6338974606347717,0.5911245964430831,0.5966625954483871,0.7561736192531195,0.7307602322087481,0.5956489077595731,0.7816793887162753,0.0,0.3060380454421998,0.0,0.0,0.0,0.39694655478507496,0.0,0.0,0.0,0.0,0.0,0.013686988467261905
p_41,0.9684051293668168,0.8231538165901386,0.6529334523774069,0.8613437438255325,0.46913579906219466,0.8086855455938187,0.8029367081292917,0.8032891376827581,0.814676794016516,0.7589424564940295,0.7308319719118217,0.8234122021832821,0.7353367860407528,0.8322363021547567,0.8087510262851777,0.7657931013357431,0.6853735507352734,0.5932203333971721,0.8335044130224755,0.48101259734017754,0.2995951401842351,0.7956345292438741,0.6239429351855525,0.9046997764910556,0.5137777732108643,0.7978710749292723,0.81322307310757,0.8423505694763805,0.8324139731646782,0.7260864982362554,0.7644422291722056,0.8226880869683698,0.7704280134229349,0.5989010934166566,0.828047775094679,0.23809518140590918,0.5101475991229354,0.0,0.0021052631357340724,0.0,0.6395563652577382,0.0,0.0,0.0,0.0,0.0,0.013508678617931548
p_42,0.9718427985118242,0.8385733024885973,0.6736547312897198,0.7048188150579799,0.252469810620529,0.7830250821426336,0.8111529139092282,0.8430459673339509,0.8073929949869469,0.779994217230419,0.761194027891935,0.7323279890088219,0.829579374722416,0.844718227867579,0.8122042082245452,0.7718825726585441,0.6088992945719002,0.6330275180961199,0.8437412219420081,0.5876288356892353,0.23724792126633545,0.8211184862924984,0.6591723498297478,0.759372274839257,0.23343848212242144,0.7913952508953048,0.8438320297064574,0.8828980618107486,0.8035550897875375,0.7395227584324015,0.7481751807751479,0.7963915017980489,0.7504451774346345,0.6482649791146295,0.8451812298911855,0.4444443950617339,0.342857139229025,0.0,0.0,0.0,0.5766871047712249,0.0,0.0,0.0,0.0,0.0,0.012095133463541666
p_43,0.9612000956456196,0.802479966022476,0.655639427066607,0.8321429903779894,0.2575107280348821,0.788809602384384,0.770214984260349,0.8323636851881281,0.7825509291601518,0.7084078706225339,0.717503517790935,0.7880939355868543,0.7094634132498275,0.8168941772141679,0.6816527850880143,0.6760707856474204,0.6853097320873991,0.6666666617173967,0.8296907877370158,0.038461531065090176,0.12677230920123178,0.7967603676124556,0.6561736072310764,0.8537850794537438,0.4700265227054296,0.7749544537779356,0.7802920878991957,0.8920514036687047,0.7022714673659042,0.6414838649602068,0.6790971527397505,0.6882186048318512,0.7379576093680972,0.6786666621422223,0.8296779446965529,0.4888887802469377,0.17618719768625465,0.0,0.0027272727148760327,0.0,0.5227963446383534,0.0,0.0,0.0,0.0,0.0,0.019655790783110118
p_44,0.974832489136913,0.8056630646400966,0.6932192520783632,0.7380588582089558,0.3584229358564253,0.8358031714119385,0.8317344049279243,0.8451602610720458,0.8114613171215344,0.7455148198659177,0.7609860644132206,0.6557530371573758,0.7830453981859273,0.8492590698554685,0.7761311986009374,0.8192296856361267,0.7128437148874217,0.5887708604797355,0.837395202927086,0.1739130182734756,0.2348816806758836,0.7913983707678036,0.6634870674619266,0.7361438415500184,0.4205816507764916,0.7975044831407379,0.8354908692360244,0.8750275994286666,0.7162910486589942,0.6843185543059128,0.7343674242986733,0.7921412293164947,0.802613157250086,0.5282758584256837,0.8399683097247294,0.46153841081995484,0.3048264157084978,0.0,0.0,0.0,0.6168582257306854,0.0,0.0,0.0,0.0,0.0,0.009081595284598214
p_45,0.9671451521690978,0.8182034501268045,0.6313396571126186,0.8762372436951744,0.38372092704550725,0.7849231275734492,0.8261486337024744,0.7980264200763826,0.7458027893759721,0.6858827375413443,0.6934213850814798,0.834486733464571,0.699616337847853,0.8247220955712898,0.803857200652588,0.7844660168787507,0.6710382489215364,0.6092254081007362,0.8292248813480245,0.2962962414266219,0.2590233527316111,0.7847955790961908,0.6026723827229071,0.8866929819888486,0.3461538422380787,0.7245390357280085,0.7958842994153014,0.8427849518007945,0.6742498096909871,0.6738708102551351,0.6796769836705318,0.8104118870944331,0.8208450681102956,0.6135231273058852,0.8359760845368893,0.09756095181440198,0.3565737034035174,0.0,0.004137931020214031,0.0,0.33014353277168584,0.0,0.0,0.0,0.0,0.0,0.015254138764880952
p_46,0.9638705449451549,0.8268557588326753,0.6074008263616042,0.8904347824151229,0.4233226803248987,0.7547396783864065,0.7633357103484877,0.8000421514305063,0.7500975663456517,0.7249274419811594,0.7070030877780559,0.7859199974850559,0.6518958413615902,0.7577399379583107,0.8017190849758555,0.7976122774371452,0.6215199374660649,0.5996168524940915,0.8435714278182398,0.20408159100375692,0.3127649537787802,0.8264567710188432,0.5877324448071347,0.8928342998846883,0.4557988608613231,0.7342840264578842,0.7768682296582132,0.8355317164711665,0.6917019979506942,0.6672330088989891,0.7554092174143716,0.8204093971761527,0.8069364138527849,0.610644253426861,0.8180963122478402,0.0,0.3574108801247144,0.0,0.0030712530618204757,0.0,0.436036028179531,0.0,0.0,0.0,0.0,0.0,0.0186981201171875
p_47,0.9708513733073754,0.7871171381661265,0.6260184521819881,0.8860229601289619,0.5108651065565186,0.7647211816571158,0.8065852650623042,0.8107125540410127,0.8047597033216732,0.7584736721823986,0.7389103877972302,0.805418075526392,0.7343960039669752,0.7983256411580398,0.7581255450100655,0.7745433767849789,0.6223908894785924,0.680161936435608,0.8073738162387877,0.039999992000001594,0.39485403070334474,0.7702382897487073,0.6032558653980775,0.8989020684457907,0.6615678734125693,0.7049442664427369,0.8200481301335897,0.8440205792169528,0.7089126957956318,0.6933240603925312,0.7523465685864102,0.8082250151201523,0.8162028084425383,0.7145421838910038,0.8364436780204386,0.327868798710033,0.45425867303173195,0.0,0.005798969053482703,0.0,0.5649999858750004,0.0,0.0,0.0,0.0,0.0,0.011571539015997024
p_48,0.9659435998166602,0.8115666286320563,0.6437537775752501,0.608560471957135,0.2555555527160494,0.8158825572357066,0.7812891397396254,0.846422522837414,0.6843949033687979,0.5579665214321486,0.5463546342341256,0.7386861277922816,0.737453980357578,0.8116382261515176,0.7865731455044358,0.7133351059000929,0.5638095211247165,0.5568181754907026,0.843608498046318,0.0,0.19958419543484002,0.783991857981704,0.6098398890482476,0.6901350791136563,0.008941877661074848,0.8056780643146721,0.8084427553029672,0.8439636807286383,0.6551089281142852,0.5572817698029711,0.5715434072115285,0.7447434811346263,0.7797367748206189,0.5466666614603175,0.8127260914453891,0.0,0.08902077019257018,0.0,0.0,0.0,0.08968609463291055,0.0,0.0,0.0,0.0,0.0,0.018631853376116073
p_49,0.9748880288396589,0.8230566150260641,0.6788514608505652,0.8951716538476312,0.3825929249084957,0.7699961517316265,0.8080797425763357,0.8612899577198182,0.8586846533348121,0.7962302124657057,0.7687007855100866,0.7970104609954843,0.8261661285527859,0.8773248102959225,0.7887506751879387,0.745319462866807,0.6774617038185483,0.5950704172969153,0.8312678733734339,0.3736263325685349,0.3127571995009794,0.8133015973431789,0.6663315194588872,0.9069937748971701,0.47238742164496667,0.7959090785264359,0.840251704606021,0.8705606099967358,0.8470900632362358,0.7366572341334207,0.7742690040367977,0.8289670277627582,0.8051583941543078,0.6236003391593424,0.8288151650911705,0.2950819188390297,0.4257990843276308,0.0,0.0022371364403004873,0.0,0.5875912301534447,0.0,0.0,0.0,0.0,0.0,0.007757568359375
p_50,0.9732925971596791,0.8147796237080014,0.6548465742349081,0.9207445388243953,0.5014456815305837,0.8289217706688315,0.7914138274810999,0.8225049402034925,0.7808522402035802,0.7947999542812956,0.7758043738074533,0.8380414296835378,0.8389154693794318,0.8486937223279826,0.7610971516320172,0.785736241052148,0.5823674022396649,0.5997638654101078,0.8244431959344534,0.4637680487292683,0.38962605313856424,0.7898516190039421,0.640919376476996,0.9192279488299638,0.4813164193304202,0.7853826403055162,0.8334127205916635,0.8256671578210627,0.7840977119098339,0.7317939600570824,0.7588739271508593,0.7191584959975914,0.8092997486595633,0.6642246561144731,0.7917452120331926,0.19512190362880397,0.34877843155527194,0.0,0.0012341869755193244,0.0,0.4895635580727978,0.0,0.0,0.0,0.0,0.0,0.009952799479166666
p_51,0.9703138611622653,0.8028882388453565,0.6448425602416578,0.898035112065743,0.581832730764975,0.8035886964640623,0.8130095449194094,0.8201284791408688,0.812882183974885,0.7117544288598023,0.6651939109838146,0.820844562765778,0.7603953633940093,0.8781322329210471,0.7983219708460179,0.8028571405632653,0.588884797243707,0.3795620398377264,0.8070489836648258,0.0,0.27370387541474134,0.791436313787814,0.629351974003004,0.922435220654017,0.5790725292564058,0.7964310607008417,0.8311413151554974,0.8539312034066762,0.8245545573877558,0.6963329203456491,0.7868852438860521,0.824990066721305,0.7607641837446131,0.6359832582762908,0.8275193790431014,0.2222221604938443,0.3839137629190971,0.0,0.0023235550324613562,0.0,0.5724137832342452,0.0,0.0,0.0,0.0,0.0,0.010740298316592262
p_52,0.9617354737654861,0.8269469140566198,0.6494137397984143,0.773023484093801,0.32302405220769714,0.7872414999781578,0.7690664059235343,0.8251026518560078,0.7826202487608023,0.7635886207758524,0.7469220229208344,0.7121354623135678,0.6639559898015882,0.8195880318407825,0.7964242169885979,0.7709713003008518,0.5545371193650911,0.6101987847000969,0.8322541648689855,0.19607839292580528,0.1930585662358073,0.8097208508989361,0.6227330067576641,0.7749362471585164,0.5469387717895322,0.7713028120578522,0.7797656744213999,0.8863471512099832,0.7491408924410434,0.6874655893856987,0.6898047707379507,0.8191192051468448,0.7371287110467111,0.5761381430444416,0.8293031133851136,0.3548386524453786,0.27737226024295386,0.0,0.0,0.0,0.5441527316431329,0.0,0.0,0.0,0.0,0.0,0.0221527099609375
p_53,0.9677087167592054,0.8313771347443086,0.643036888970937,0.8895307826253549,0.4589096789348277,0.7985234114745001,0.8131919849858696,0.8638405708651995,0.8424809243877912,0.8143048718691955,0.758496509659022,0.7754540429954484,0.8218067710526779,0.858819227874224,0.8149340839137224,0.8160348016903828,0.6541244549416626,0.6276770953239119,0.8354569613755093,0.4842104753462657,0.3137516667973854,0.813460423011851,0.6155680244107745,0.8984441718100167,0.50503201733731,0.818475488575099,0.8543976989732154,0.8860268166984081,0.8338341671298451,0.7317624875289703,0.733362520285984,0.8216063872037517,0.8091853449721559,0.6992882500063323,0.8311469257579208,0.444444406457743,0.4958402634728771,0.0,0.008130081218190232,0.0,0.6194331858414335,0.0,0.0,0.0,0.0,0.0,0.012873041062127976
p_54,0.9703088555669751,0.822923990299864,0.6388768480149127,0.8444503377781681,0.43906249656982427,0.8042972955370776,0.8231271461862665,0.8642489580591467,0.8342712424953979,0.803928835430014,0.763645222310806,0.758108633223491,0.6695021249199347,0.8620639321153729,0.8073518083070133,0.8002392320567008,0.6579062608063676,0.4941176422145329,0.8184707042517669,0.5405404674945314,0.21938775370288421,0.8088030247709305,0.6355484261922343,0.8540747274423484,0.45480494334153243,0.7900329993875403,0.8130843809651397,0.8974641670357318,0.8105489763044282,0.7477732785953712,0.7290135810977209,0.8146224138387471,0.7843356621417183,0.6314893563277502,0.8234019493515198,0.399999942857151,0.43106180437896563,0.0,0.0023781212559081896,0.0,0.5201612798354581,0.0,0.0,0.0,0.0,0.0,0.013193911597842263
p_55,0.9689682851188202,0.821337970071835,0.6964647897269524,0.7906951519408442,0.1628498707016556,0.8097063147177445,0.8191858444128158,0.776396110885645,0.7279494690638963,0.5885600070538117,0.5469712005025399,0.7557529238766535,0.785328310487427,0.8169656653053076,0.7756911834674916,0.7972382029983011,0.6419320943579555,0.6187845261133665,0.790834227861916,0.0,0.08596712912810203,0.8027252573874598,0.6741352055697607,0.8484897822810022,0.2712842673696354,0.7730830791823441,0.8441727894068805,0.8615582102984308,0.7059200676363325,0.6343718215453713,0.6876734033141629,0.7887768515661755,0.7578106630072571,0.5621761621620714,0.8232651790402221,0.0,0.35254988718098734,0.0,0.004728132331818767,0.0,0.21739129759654358,0.0,0.0,0.0,0.0,0.0,0.013011678059895834
p_56,0.9630684656532505,0.7835570024727587,0.6729268083249798,0.694931376073562,0.04750593767807675,0.7488835806550826,0.7190695203515814,0.8079085626288559,0.747693976196834,0.5920934406180652,0.6447581563416844,0.6702508936550147,0.7686116689154762,0.6916554440755579,0.7471638371760058,0.7895578029047474,0.5774260131540743,0.6020408101832571,0.8197896742990841,0.0,0.12233285743481,0.7933738364723527,0.6732272724330952,0.6879139067153031,0.22478991360514797,0.7299559354600798,0.7694521264189245,0.8475374325042201,0.7589869270710963,0.6002160988652836,0.7177966086487361,0.7705206667472787,0.7456445975710927,0.5538020046355667,0.8083278248444086,0.0,0.21260583054933369,0.0,0.0011350737733537243,0.0,0.24291497483977784,0.0,0.0,0.0,0.0,0.0,0.0182861328125
p_57,0.9667557171921779,0.825973882150977,0.6734302920780612,0.7633173436232534,0.29411764499917614,0.7053938999867921,0.7491720162532289,0.8243154841489976,0.8062745089005328,0.7038793827681862,0.5698447883040563,0.7977303044134502,0.7810059344251704,0.7657838397223897,0.7767250769038945,0.7565383781489722,0.6009552731178668,0.3966165376257844,0.8105705105700416,0.03571427933673583,0.15212527794043312,0.8160039832663192,0.6654281011144837,0.8774378084088421,0.4184782580266423,0.7200469390338261,0.8171362700443127,0.8598836290507503,0.818020277184049,0.7517810874742705,0.7689681320770712,0.8002951296931504,0.7824688363842606,0.625583560918921,0.8296850835465172,0.22950815909702307,0.33035714075027334,0.0,0.005326231620156703,0.0,0.43383946998179024,0.0,0.0,0.0,0.0,0.0,0.01887672061011905
p_58,0.9662494459699807,0.8066253124986431,0.6742064775306805,0.8838437396637066,0.3171806144113024,0.7613658674541945,0.7945135917872492,0.819532685313976,0.7642219078934862,0.5086884333052701,0.4754589725075703,0.7773279331246209,0.5831683153881972,0.701303639231219,0.7693888985522436,0.7311143249461235,0.6279234563149416,0.2581280762746002,0.7509552511242632,0.0,0.27041866664091513,0.8113177877179759,0.6624861445391873,0.8701288220772586,0.44644194422140865,0.7327378639353906,0.7290799893168792,0.8357105119726833,0.7272727264837571,0.4942791756627665,0.5723325706234267,0.7360819080939008,0.7680087626184366,0.5718774503387475,0.7170423491145472,0.0,0.3818099937784331,0.0,0.005635245887204801,0.0,0.44334974641461833,0.0,0.0,0.0,0.0,0.0,0.0123565673828125
p_59,0.9650194169098685,0.8281434359210009,0.6398027276456691,0.8520339100762151,0.4193888259284634,0.8115643276529763,0.8309765199594358,0.8517266222206493,0.8554186562038991,0.7633817977777256,0.7566589067580581,0.7393513062158995,0.7354969559117709,0.8595445767262226,0.8216042771961451,0.8114181572686967,0.5906642702393883,0.5956232103175717,0.827679519834078,0.5581394699837825,0.32328766901857764,0.7961388492503386,0.609567296110047,0.834799776456157,0.45511110706567903,0.8208579956993195,0.8466370218662441,0.8829110257532622,0.8403297389469503,0.8170059363687384,0.7918153680898993,0.7886253969935064,0.8069336497102999,0.6067796558747487,0.823483134208395,0.19230765532545088,0.46690733774423987,0.0,0.005305039717439792,0.0,0.6211179995627744,0.0,0.0,0.0,0.0,0.0,0.01812075660342262
p_60,0.9731342510452534,0.8233458683289763,0.6912158956819342,0.8289330918494877,0.3149758423673832,0.80722919075851,0.8195674758844894,0.8514990189355099,0.76511601238414,0.6445094384077733,0.6351290162174535,0.5957930608539337,0.6537253763810295,0.8483761043321407,0.7770736246252808,0.7512240598012963,0.5682261180885666,0.6518151761401388,0.8131560525517798,0.0,0.17307692122781068,0.8275451011657439,0.6923192691238979,0.8283621136429293,0.17910447518175746,0.7809664434063762,0.8341458397041965,0.8838725133554409,0.7338771063253104,0.5797394011931186,0.6746459192606306,0.7695775582154136,0.7012104465890626,0.5010295092585483,0.8091443884063263,0.0,0.3143968847128647,0.0,0.010152284160890517,0.0,0.4412469918166189,0.0,0.0,0.0,0.0,0.0,0.009954979306175595
p_61,0.9628537370839159,0.8004458263394384,0.6702659707116346,0.8765779083267139,0.3647136249854271,0.7176504191961228,0.6874159163376141,0.8121446436137454,0.5512638138185099,0.5726348104273318,0.49386038604901533,0.8325876196260484,0.4501448057503318,0.624453110716309,0.7460537240413055,0.7856417176239697,0.5584484576024217,0.2175732194814517,0.7766342664602304,0.0,0.2051546381177596,0.803177702621769,0.6447214685515089,0.8654832345514261,0.4661081457265183,0.6205439660362968,0.6470930310748081,0.8600578313819315,0.5473094613449595,0.56416054204165,0.6328752442747185,0.7615131571989098,0.7850413908505812,0.307417334160703,0.7840513283372582,0.0,0.4233244966932052,0.0,0.0037950664033747183,0.0,0.4549918092472699,0.0,0.0,0.0,0.0,0.0,0.018800281343005952
p_62,0.9642199811325176,0.7810746172156448,0.6125755174229895,0.8944029512970387,0.43504082824765533,0.7849644992941766,0.661743114579426,0.8258786931098733,0.7557074829011019,0.7511737082286903,0.6976495707861924,0.7746953570788297,0.7796772634930864,0.7245760663599567,0.7577374591699707,0.6692307670857988,0.7039841926111814,0.5753803516544903,0.7946687262945058,0.0,0.28017883616403955,0.7743104596797813,0.6064757984155461,0.8877802749608628,0.5362318801722328,0.6923269024497949,0.7411083060940847,0.8632870514282938,0.7592226221817495,0.6535873153261238,0.7330059427939882,0.7822079735702184,0.7519653002115334,0.40423653659102793,0.8133980574627203,0.0,0.44914491247009486,0.0,0.0042016806428453735,0.0,0.36082473296843476,0.0,0.0,0.0,0.0,0.0,0.015294102260044642
p_63,0.9668529025423741,0.7911019305493128,0.5855307618287501,0.8961850811387586,0.5246391213308157,0.7200346168263477,0.7776946495323895,0.8179748186324841,0.7933251671871936,0.7214568099659078,0.7318489811815134,0.8237214348499793,0.6719201453324923,0.8110925122416103,0.7360789439773648,0.8130582050721952,0.657917758361278,0.5409652015604355,0.8152162994929075,0.43956039125709984,0.30127185889796554,0.7927711735350373,0.5950100286700112,0.8974130600183367,0.5543898368062405,0.7210273475710297,0.7721050933576263,0.8559145382647769,0.7128466599765618,0.7079646009116686,0.7014925354437832,0.7644436350064201,0.7825850318841223,0.6879699183461474,0.8350884156218077,0.0,0.46941247586489254,0.0,0.008771929769599437,0.0,0.5789473582640815,0.0,0.0,0.0,0.0,0.0,0.012539818173363096
p_64,0.9766274865542688,0.8238438150456681,0.7023499400215069,0.852653446325721,0.33713783725076524,0.8040731948028295,0.8079327210880881,0.8234476114759333,0.8417056803217694,0.7442831381115067,0.7380497114291356,0.763427879410296,0.6869677401626638,0.8575402845477381,0.7883879191956743,0.7799736474836003,0.5761252423635019,0.6381322895123318,0.8219630880341906,0.4556961448485892,0.2406249981201172,0.8221880228147059,0.6951249383837673,0.8361451092534209,0.423116610700551,0.7618996624827595,0.8333187162543553,0.8811821134249423,0.7934191312280495,0.682774241524351,0.7379182138988889,0.8132523913846564,0.812188072466015,0.604765812614907,0.8183444761104205,0.4137930321046496,0.384843979310223,0.0,0.00575815733437469,0.0,0.6032482458643099,0.0,0.0,0.0,0.0,0.0,0.009298560732886905
p_65,0.9733682057042815,0.8141675104183865,0.6882014845523468,0.7977904069698888,0.2974358948937103,0.7954781636895855,0.8398958711199966,0.8165096894242765,0.790753287112059,0.6431159413817271,0.6937198050876333,0.7622699357274925,0.7020390249900482,0.847595489802632,0.7276033051837989,0.7401307804792183,0.6506119200528546,0.5454545407319953,0.8216560502667986,0.2413792687277123,0.19778001818587268,0.7965693745745605,0.6574076326862643,0.8228231939954062,0.23514538261510262,0.746363332678408,0.8174631083488023,0.8332658428663364,0.7794230268324955,0.6393523539941235,0.709956708339128,0.7736237345449977,0.7830483968623926,0.5942142252211554,0.8239776472576601,0.05714284081633119,0.2733930002164931,0.0,0.003988035852561956,0.0,0.37163813272278406,0.0,0.0,0.0,0.0,0.0,0.012605212983630952
p_66,0.965811956953489,0.8156889808169456,0.612162210713847,0.8748104826818243,0.33065441641039706,0.7846236648297148,0.7807931185568874,0.8635346751198677,0.7876203565507286,0.664956083425485,0.6788990808386873,0.7780219751720806,0.7920277282633835,0.8197331175382558,0.7843980335950061,0.8036616136248055,0.644318981494993,0.5855758817483759,0.833118491985009,0.0,0.34084760738640574,0.7954116216367295,0.601921471639036,0.8982276627450292,0.5270988254293429,0.6483456082641679,0.7857032904432755,0.8677685944980161,0.7831325291167233,0.6416581884007398,0.7010204063749479,0.8117498412173617,0.8017405471804717,0.5969581692304357,0.815031820572753,0.34042545948394476,0.4333333306584362,0.0,0.001996007964111697,0.0,0.44864863652300985,0.0,0.0,0.0,0.0,0.0,0.016406976609002977
p_67,0.970707864783548,0.8272465197425358,0.7107388749756886,0.842241803085279,0.28514851202823255,0.7956511510347721,0.7585530297890417,0.8514788503914561,0.8308297929857766,0.7458046274988477,0.7256637151675432,0.8123711316277727,0.7129086322026223,0.7586522559711415,0.7934061638768961,0.8092022985516322,0.6775807154271,0.7154972959483632,0.8402011816463415,0.5217390737240137,0.19057171323398484,0.8198943550740543,0.7061568220914067,0.8787006204990999,0.423935086978346,0.7626158979447111,0.7937395630922401,0.8666414396093619,0.8259860780530757,0.6784982928537315,0.7235629646257943,0.8131214563580323,0.8117134539890769,0.6905132139151383,0.8537426691499287,0.24561399199754524,0.23190932666164493,0.0,0.002444987745171299,0.0,0.6006944340157216,0.0,0.0,0.0,0.0,0.0,0.013934326171875
p_68,0.9698482958839261,0.830750093772735,0.6553959604548126,0.8357163416007503,0.25549737952358764,0.7634365025167325,0.8231276402000917,0.8771851682010995,0.8406492903056135,0.787131061225082,0.7324687782601614,0.7361963161955662,0.6894889086560055,0.8399181333049662,0.8179678698271075,0.8013485456396562,0.6835758807335721,0.6373801866023947,0.8496506661376911,0.2448979092045083,0.2745410991656736,0.8086435100197721,0.6281423281650795,0.8767309871824703,0.517482512312862,0.7175681941233677,0.7976009907186173,0.862334929962408,0.8373919864915363,0.8135626335611075,0.774311089104279,0.8175108676397626,0.7592592573592111,0.6365873614718018,0.8184953847128784,0.1428571173469433,0.4447174419857651,0.0,0.004012036068083891,0.0,0.4882628993365517,0.0,0.0,0.0,0.0,0.0,0.01405000232514881
p_69,0.9690005988052723,0.8237733810368731,0.6421384373327503,0.7601834075708128,0.46765249105681617,0.7522351781626008,0.7743700786893458,0.841185221397728,0.8301225908256465,0.8040889442469291,0.7193336680481229,0.8049306600772552,0.7166826444950081,0.8465837198006144,0.8383007108114984,0.7917990159058648,0.6899708668748611,0.5416666610243056,0.8390934836269184,0.2499999609375061,0.19127205022031524,0.8187490437669753,0.6276704322038646,0.8554111603934634,0.5126416694625835,0.7645038269103118,0.7830082138575222,0.8859322545706853,0.8268171072857293,0.7691836726845065,0.7040038114775887,0.832952938992552,0.7904191595252609,0.6027164634743933,0.8452311850984415,0.0,0.43191800562285504,0.0,0.0,0.0,0.5464480725014188,0.0,0.0,0.0,0.0,0.0,0.014363752092633929
p_70,0.9755181838137091,0.8258647606840961,0.7038656459834813,0.8571132951740523,0.3056410225062459,0.8159502670124225,0.8160075808429504,0.8119744702603716,0.8052193638377275,0.649038879143221,0.5961221109815963,0.6002858475450888,0.5116713336082436,0.8207356917127994,0.7832635975070464,0.7257836748777642,0.4615384597084121,0.45673076557106757,0.8055068389990294,0.2181817785124039,0.27558528243755664,0.820709088346019,0.6917211977485201,0.7607817443166385,0.14736841883656512,0.7937174909140811,0.7757652312592002,0.8641711225545347,0.7459521086135096,0.6582797496428294,0.749758825487635,0.7387227314789037,0.6957575740708908,0.41560188019097594,0.7432784035184056,0.04347825141777143,0.3246527749596113,0.0,0.0,0.0,0.48837208166576557,0.0,0.0,0.0,0.0,0.0,0.008368937174479167
p_71,0.9727440863824861,0.8149979410563584,0.6951981940627794,0.8338159424750154,0.04076433069090025,0.6881077388721993,0.7584604016418043,0.7569565020448972,0.804624521844904,0.5818710609967319,0.3847525626733113,0.6729532761553653,0.6196256939311439,0.7423466953710864,0.7167879882657098,0.7580645136836628,0.369047617949263,0.538851346800242,0.7562233279194316,0.0,0.2801175290879772,0.8155506812424552,0.6916748456734964,0.7727408822248393,0.35679611217480445,0.6858347554089278,0.7391442612937884,0.8395927062090491,0.7919708019562399,0.6135997415258355,0.6979637995890577,0.75975127118923,0.7684426209824727,0.5140324925108383,0.7397120211811263,0.0,0.21807465404641793,0.0,0.002816901395225815,0.0,0.5489443272755408,0.0,0.0,0.0,0.0,0.0,0.009645153227306547
p_72,0.9647507852746243,0.7869227997772614,0.6195431217160576,0.8823436908915675,0.3255051866438821,0.7413018948763954,0.7481077709218416,0.8258823524297942,0.704317385409198,0.7238021029179956,0.6390825261095514,0.7641509418943575,0.6070287525017725,0.7794625809395422,0.7018278744270489,0.7275290774496683,0.5624380560891029,0.6081447908765177,0.7832658562453748,0.457142791836744,0.2552529172947357,0.7610065617676982,0.585798450352453,0.879361650345105,0.524675321268342,0.7378319314972889,0.7551269915894249,0.853933948000283,0.6635467972123809,0.6303362489403013,0.7275080890452901,0.7680519239447833,0.7771898860164906,0.5464834232297218,0.7156666052200742,0.0,0.43277310794485857,0.0,0.0019928258230513638,0.0,0.48387095907041294,0.0,0.0,0.0,0.0,0.0,0.011873227074032738
p_73,0.9657061261507112,0.8254019850594828,0.6498829200823015,0.7197389881111002,0.33264033033513285,0.785844995802509,0.8025429785450261,0.8228038180720778,0.8239377939128883,0.7769110756855392,0.7498881414991317,0.772307689337278,0.6893744629619227,0.8669911625126016,0.7563275426736203,0.7839566909843585,0.6591572771833237,0.5572649525020089,0.8293022439278734,0.5384614694280168,0.13172541621776052,0.8043809176917359,0.6212441000827204,0.7574584738288515,0.5159781721279956,0.770496942893218,0.8363626791063082,0.8718634632326449,0.7898633246157982,0.8056753898900629,0.7844190714474613,0.822637421407494,0.8113022093088398,0.5983971451612009,0.8382339546306473,0.3999999384615479,0.27941176213775953,0.0,0.0022321428322305487,0.0,0.5848670637041501,0.0,0.0,0.0,0.0,0.0,0.016327630905877976
p_74,0.9691920815728267,0.8002973542165687,0.595181717453613,0.9084625669193229,0.6018131080829389,0.8232345831250232,0.8337348731639916,0.869305748379215,0.8351912559178238,0.8132288622328454,0.7930952925204652,0.8518384988250929,0.8086784997592498,0.8678326559016428,0.769973448262161,0.7947837996060954,0.6596161352933171,0.6390658106256284,0.8317853448588387,0.09756095181440198,0.434222629097412,0.7769569081797674,0.5981337869234995,0.9195632327576077,0.5542667748373372,0.8057708998156871,0.8530582873006163,0.8711484587737056,0.8205957044324687,0.8168131748844971,0.7482929108822866,0.7306679426254873,0.8014773751878197,0.6272991226786145,0.8008369026593236,0.27272721074381573,0.40283799604715015,0.0,0.003376239705895253,0.0,0.47157893744044344,0.0,0.0,0.0,0.0,0.0,0.011199224562872024
p_75,0.9735546140094865,0.829197421149107,0.6740352626406848,0.8103467619737702,0.320667281550813,0.7793758760113775,0.8071014905024146,0.8505082927498618,0.8294341664452746,0.7831932765366354,0.7561544421970602,0.8033898277851191,0.6923076907036431,0.8805888676072138,0.783908506436689,0.8174837542307035,0.7255154615801692,0.6223506683781246,0.8433301789561682,0.039999992000001594,0.21884498258515722,0.8124243751608186,0.655661837681076,0.8428663800817904,0.5666666621693122,0.8026597368789717,0.8347691683452358,0.8729634394082283,0.8160535106139752,0.6910630897045683,0.7403598952689977,0.8020111936229853,0.7980049853200194,0.6745964258742869,0.8477003572498849,0.055555540123461075,0.34141958363504415,0.0,0.005979073154273944,0.0,0.6480263051311463,0.0,0.0,0.0,0.0,0.0,0.009365408761160715
p_76,0.9675805641437715,0.8157329443609407,0.6532806414242038,0.8079856433333414,0.23249999709375005,0.7562243357876645,0.7760584232958677,0.7961564024922002,0.784241867790133,0.6355140180166589,0.5814666338564805,0.8121274920649715,0.6930017052109201,0.8228481261029036,0.8037481566606147,0.7874251473430385,0.6163247463276964,0.5291479761306281,0.8139534876326731,0.318181745867785,0.23479005797095068,0.7959349735221939,0.6281146088169653,0.8762152703591037,0.43854473511755426,0.7207437476267369,0.8042983514539394,0.8418491478794665,0.6995553075325802,0.6542576898637342,0.6642840108070431,0.7822885982516948,0.7318645869643616,0.42451966674730407,0.8202664725638843,0.2105262603878262,0.4143283557353531,0.0,0.0030075187517666353,0.0,0.20750551418310123,0.0,0.0,0.0,0.0,0.0,0.01686256045386905
p_77,0.9727861429115657,0.8184708276983362,0.6942267473674836,0.7947387916544777,0.2870370337148492,0.7651141685024123,0.713942076351779,0.8314340679633792,0.7775908904417248,0.6059942242298175,0.6298194770897716,0.7327211177732184,0.7179985408841425,0.7914138906741449,0.7930266336145021,0.7892004133198327,0.6422372196613441,0.6286594712738099,0.8269590338033664,0.0,0.09037900742887744,0.7986120736948529,0.6606189245622521,0.8186134846821437,0.360465112087615,0.7115758427259253,0.6762202793382444,0.8650977430851969,0.7416193904826981,0.6171707906943978,0.7200171621540075,0.8116263993227563,0.7945802061587705,0.5981012610909711,0.8241288319314631,0.0,0.2212581320904758,0.0,0.002242152441231475,0.0,0.0,0.0,0.0,0.0,0.0,0.0,0.012387956891741072
p_78,0.9723465671342643,0.8236536335412968,0.6843642646335372,0.8434023443036157,0.24010216807021498,0.7897331784906916,0.7550782032418201,0.8434125869407482,0.7828604505169942,0.7023914097585248,0.7246874216114552,0.7804473869906902,0.6103635825640893,0.8164553789286206,0.7977574742548199,0.786021503263383,0.5938864602887054,0.6084452916655922,0.8030606660566035,0.3384614863905405,0.33516483209556014,0.8092548122396299,0.6683240385372723,0.8579608711850056,0.19966721797558706,0.7153677248870383,0.7481259269196665,0.8792984864286459,0.7249575541525785,0.6321420921975797,0.6936626833495391,0.780565829470593,0.7862203743312475,0.5707865125783782,0.784709699977723,0.285714217687091,0.32011966851069806,0.0,0.005689900345805116,0.0,0.3710843284076066,0.0,0.0,0.0,0.0,0.0,0.012556239536830356
p_79,0.9716490939833072,0.826714509937493,0.6728413957383248,0.8485940242317249,0.22014537673784657,0.7826062684466196,0.7821493870988662,0.8480941699281983,0.8407942652557934,0.7204521088176439,0.7155425200865302,0.7602648973056737,0.6802651690967232,0.8481006060606727,0.7886420874872428,0.7503352085000397,0.692230067143138,0.6715686219643087,0.8409330893338456,0.25974022600776286,0.2012288771026968,0.8078036932945108,0.6595663597166348,0.8645263153344599,0.44585986787834536,0.7777807839016799,0.7886814799705946,0.8719487083865957,0.8342581413338261,0.7361963182656479,0.7394433763449055,0.802976382181628,0.7400809696623996,0.6285714235827665,0.8526669862059905,0.21428563775512938,0.351918896800008,0.0,0.00662983418088581,0.0,0.6280701644198217,0.0,0.0,0.0,0.0,0.0,0.012950788225446428
p_80,0.9689591547080297,0.8045062406425355,0.6576395242354922,0.8992601961169219,0.4845748646758852,0.8052946911508165,0.796647027537067,0.8495951770878818,0.8444180512536603,0.8217054256159136,0.7576363095699791,0.7943368077707272,0.7805803133309686,0.8287446769307198,0.7938320950384556,0.7651094388594921,0.559561841352981,0.548481875137298,0.8224728936343524,0.6346153235946804,0.353470434746334,0.7771807715147215,0.6299461711850933,0.889530685628641,0.21917807968974795,0.7757886235554782,0.8129468854084405,0.8494218194762306,0.8253649829205785,0.835647934483907,0.7829218086859007,0.772904175057427,0.7967091273972687,0.5943482170068531,0.8010330347562327,0.199999960000008,0.4607161920859637,0.0,0.0,0.0,0.5135135019478941,0.0,0.0,0.0,0.0,0.0,0.013014439174107143
p_81,0.9616660938286795,0.8002565483302527,0.6067932100174502,0.8935447607343654,0.5371078765332221,0.7221067967075613,0.7168297115939064,0.8783888453325456,0.7921101166565772,0.741698238531649,0.6925038228136057,0.8253793080679191,0.7539144642348342,0.8370971754328267,0.8030467891947307,0.7673138198571028,0.7203187222298059,0.6234309558218519,0.8210602489406005,0.0,0.33898304834942483,0.7648597759230793,0.5634978250825112,0.8950398231225087,0.539347403653096,0.754596114589189,0.7818883084948262,0.8783894300859456,0.6588460609781589,0.6638693573782385,0.6710347928806264,0.8122246172192513,0.7863509019955414,0.6330014179729629,0.8147170136302112,0.0,0.3599999982439024,0.0,0.007339449473950005,0.0,0.33210331490584294,0.0,0.0,0.0,0.0,0.0,0.016535731724330358
p_82,0.9735662095314244,0.7801220588592019,0.6509462054296604,0.8923641142974147,0.5952868821962762,0.7927545028696099,0.8077809938995093,0.8242502793706179,0.760024675188125,0.7631262517403544,0.731557375175314,0.8203791449754049,0.776590942114351,0.8326399579335276,0.7109004731501152,0.7278525842386513,0.6784993921803171,0.6453382025106197,0.8301145096307345,0.11320752580990079,0.401204816860212,0.7738284175227843,0.6225512664214872,0.9160209009334475,0.6666666631280963,0.7300818104586294,0.7971849843412974,0.883224292751991,0.7292164213246715,0.7784317839200844,0.7386660319518965,0.788332994948012,0.7804195782365886,0.6422413723896404,0.8429455548991429,0.0624999804687561,0.4730290431896834,0.0,0.003999999993333334,0.0,0.6428571324211505,0.0,0.0,0.0,0.0,0.0,0.010110328311011905
p_83,0.9659631754208841,0.807626508038056,0.6521466499740324,0.860667852897147,0.27637130510156854,0.7743491758360761,0.7017666878196727,0.8117119296728226,0.7869423782679573,0.6571428564422784,0.57001795204215,0.7932506590907692,0.7496832565616594,0.6840505008565398,0.7703954793554854,0.8334430518978174,0.6699096571580623,0.5572979426140175,0.7835990880945339,0.17021272974197238,0.1925025309776846,0.7905455197786883,0.6292207821006474,0.8626373623171082,0.21929824240792045,0.7078734361706444,0.7391815003664765,0.8262155898982405,0.7525102055031334,0.5473581683134183,0.6391963906535539,0.7726895972102263,0.8107220984389439,0.606498189472038,0.7600874570064724,0.0,0.29610046069993085,0.0,0.004631416423653352,0.0,0.41877255561782395,0.0,0.0,0.0,0.0,0.0,0.014512270972842262
p_84,0.967519545553076,0.8039631826792141,0.6486040927409432,0.7906314105364535,0.2238046772756391,0.8204879231256851,0.8204621244532893,0.7908969997581907,0.7296954305460718,0.6615678769633009,0.6364970630222674,0.7419354808792924,0.49817055868795224,0.7897695074983123,0.7911557034641808,0.7667121397906899,0.6650103492132076,0.6076421192204835,0.8216809370507266,0.3235293641868582,0.12984495998212248,0.7908414482086966,0.6347620110353328,0.8364787106809674,0.5691823854624026,0.7108621872804217,0.7855565370514475,0.8204288577054881,0.6891222978520798,0.6328778292546626,0.6648923284178749,0.8115038108008457,0.78348488379581,0.5959671352056226,0.8236907509868083,0.36363628099175427,0.35348836974426334,0.0,0.0031545740827354247,0.0,0.052044607730683735,0.0,0.0,0.0,0.0,0.0,0.01697910853794643
p_85,0.9656555385048367,0.8051576157266054,0.6674861203793832,0.832872121446883,0.1911902512540745,0.6999545854865419,0.6983352150329672,0.8410516155082902,0.7962227698291418,0.5989260629916088,0.5515748020638291,0.7220299863839965,0.5071563583387622,0.6081383547277059,0.6675529383082776,0.6947496926289691,0.5211920512543309,0.4488448795506614,0.7766972636765452,0.0,0.21730103655847033,0.7809069823429327,0.6455275079481624,0.8356372065651068,0.3963612709788092,0.7626906292904716,0.7405942557704934,0.8563067726292101,0.7666905950500558,0.5399364516928493,0.647871114982986,0.7660949533796545,0.765830641256939,0.6353543925247277,0.7589880153470473,0.0,0.3648960722175701,0.0,0.004515805307285988,0.0,0.34083600738205777,0.0,0.0,0.0,0.0,0.0,0.014230782645089285
p_86,0.9778699992768617,0.8293277452476604,0.7199670812052132,0.8472438548618152,0.32913385567611136,0.7919935080357063,0.8293641219486911,0.8672423714063083,0.8518331215526762,0.7945426975295172,0.7388715601392923,0.7471439423185683,0.512531679773214,0.8448330949558844,0.7467811151167166,0.8220631110526038,0.6404320962946292,0.6124314386432227,0.8120271191785132,0.5185184865112046,0.22110552541602488,0.8083576212745107,0.6975699047559328,0.8771367915991446,0.5089140963621224,0.7723819856830216,0.8270786083538678,0.8947368415922848,0.8395593859679605,0.7595947182892286,0.7508860740483897,0.8095524776143362,0.7752899898157809,0.5876623328923513,0.8365537189988297,0.5499999312500086,0.4230769202713732,0.0,0.0034682080724381037,0.0,0.3020030770107384,0.0,0.0,0.0,0.0,0.0,0.009528459821428572
p_87,0.9728750238725943,0.8287650950230104,0.6867785627558616,0.7827400494005385,0.39934533224758323,0.7885391442592038,0.8329441759186644,0.8686560886473385,0.8227593141707461,0.7612236098567655,0.7198434041599133,0.6838966168792415,0.695755274612864,0.8562977951671892,0.7974908708945877,0.8177451234310678,0.5797665341451044,0.659826356276035,0.8495181608140121,0.3098591112874491,0.20689654908178098,0.8172175449491434,0.67588147556693,0.8275395306543164,0.4877089430903742,0.7706789286527781,0.8288279688820451,0.8893090403980125,0.8116464818195742,0.7379073431084325,0.7420277089464973,0.8097135260769176,0.8225425928635842,0.6262626217441369,0.8004774211254452,0.30188673549306877,0.40902255331561993,0.0,0.0020682523053955296,0.0,0.4999999859550566,0.0,0.0,0.0,0.0,0.0,0.010674903506324405
p_88,0.970103165476589,0.79906754526886,0.6311361972724152,0.8120179077555327,0.43541101684362227,0.7802833036193408,0.807632553277465,0.8057466831035688,0.7752400716646249,0.6268905997709098,0.7056098798105767,0.8014857581449204,0.7901137685560735,0.8001999289284125,0.7670212757797646,0.7983783762205989,0.6936367438110546,0.5783582035600914,0.8236646614576719,0.19354835587929742,0.24251968312976627,0.7971337352623556,0.62966494725772,0.7973096507788235,0.4385321060685128,0.7821180131385614,0.8229826107311629,0.8447741224267197,0.7147717931306209,0.7423672463105877,0.6913875581545753,0.80893148367768,0.7622292510045529,0.6338939156927949,0.8240797944884105,0.04761903628118183,0.4082797972285525,0.0,0.00156372164531883,0.0,0.5073891500643066,0.0,0.0,0.0,0.0,0.0,0.013194202241443452
p_89,0.9661437792640633,0.810594116950578,0.6703310525162909,0.798482531680832,0.24031007519079384,0.7440888185199774,0.709292516665411,0.8545597893011513,0.773995994848668,0.6661431448663415,0.6501074739667841,0.6203664225804583,0.6794520532432602,0.6658684448824085,0.7449919864333013,0.7745197142752959,0.45224718942328934,0.6005410225379529,0.7946798196118384,0.0,0.11598302523362058,0.7959293118046509,0.6477834148290783,0.7829627304835811,0.1960227244883136,0.770409597719934,0.7235970056308351,0.866715550303618,0.7648041094864431,0.6009389663736341,0.6661045517156312,0.7837283067888334,0.7831190587391865,0.6141732229731127,0.7592139810203623,0.0,0.3075555528217284,0.0,0.0,0.0,0.5589743446416835,0.0,0.0,0.0,0.0,0.0,0.014953467959449405
p_90,0.967421585430519,0.8133400252979315,0.6718389096349552,0.5837415921417076,0.107660454372045,0.7495098455482248,0.7992854340511177,0.832080705759354,0.6696359995858763,0.6271065257613048,0.6221584096143613,0.5665415078575656,0.6937227371634312,0.7175840625406518,0.7519080366042514,0.766784450038915,0.47017543694675284,0.521489966365903,0.8196474807287215,0.0,0.06339144115069031,0.7965190170675921,0.6626743273309144,0.6607739141025595,0.2963855385977646,0.7787406597684813,0.8208556611952461,0.857573395241583,0.7130979954843969,0.6644144137342195,0.7676086023458275,0.7698963490131624,0.7573671144109966,0.5678832075336993,0.7434318904505056,0.0,0.18280739735791735,0.0,0.0,0.0,0.41723355062962475,0.0,0.0,0.0,0.0,0.0,0.012439982096354166
p_91,0.9559993602482144,0.804628744621019,0.6864947944441179,0.7936478364487273,0.084317031329536,0.8127403788920705,0.6624180884875022,0.7883962014163272,0.6629324539671253,0.6281999182216986,0.6180003684753274,0.7288832624837606,0.7415577791590738,0.7206770604696543,0.6536406140166662,0.7251552776264097,0.5519332806977509,0.5585851101062261,0.7889659109633632,0.039999992000001594,0.11988716417568995,0.7943739421054444,0.6612751067865,0.8302435474654697,0.21114369295069704,0.7535630644020156,0.6556919947083579,0.8748822390763616,0.6595588996973357,0.5878116836908708,0.6619006091335647,0.7561331994492554,0.754825824817338,0.5538243586839635,0.8052281974107363,0.1860464683612864,0.25894987912321077,0.0,0.0,0.0,0.015424164127913519,0.0,0.0,0.0,0.0,0.0,0.029408046177455356
p_92,0.9752756876530814,0.8151290291161559,0.6856331081059316,0.8875055798602486,0.4015151484733701,0.7874584671727602,0.8067341583755113,0.850748798615005,0.8333933059453121,0.8017621137859574,0.757402337005717,0.8213303990617635,0.6811627359094468,0.8689629603200156,0.7999999991466666,0.7806215698335722,0.6645938567252473,0.47006651363562624,0.8263856207524366,0.5128204470743016,0.2940809950524549,0.8142266660526551,0.6865380000578636,0.8577322794528308,0.601259178377444,0.8174502327213186,0.8510197313290347,0.8751793395264394,0.8373552636756246,0.8275928227692672,0.7644151547083664,0.7950148802129698,0.7926829245276338,0.6144144088791494,0.8196570156558575,0.38709671175859484,0.48427073172416235,0.0,0.0041493775761436615,0.0,0.5659722123963158,0.0,0.0,0.0,0.0,0.0,0.009080287388392857
p_93,0.9673632146048261,0.821478081574937,0.633409925983997,0.8522388056672926,0.3587174312753765,0.80888716276243,0.8065044953056698,0.8411204662147815,0.835739848407084,0.762839324318746,0.7188628142624937,0.7497168714619974,0.7481007582005184,0.8632766704163106,0.8126724795091373,0.8337292136765759,0.6292541613712738,0.5554382201115289,0.8280961175341072,0.21052627885503877,0.358655041353331,0.8081678040662184,0.6163403766970611,0.8273114284317697,0.5489773891391024,0.7876023518196399,0.795605989574379,0.8771505519281314,0.7904274439197296,0.7471628660186455,0.7366062319482456,0.8243157215952518,0.793374506475647,0.6660268650093392,0.8090942555144567,0.2916666059027904,0.4432855251415546,0.0,0.005681818128013086,0.0,0.5785876861369548,0.0,0.0,0.0,0.0,0.0,0.014046514601934524
p_94,0.9662582814191399,0.8014590878483572,0.6452685547075041,0.885938129821436,0.3337142819004082,0.7398140157367907,0.6716082900545948,0.8068404484253664,0.7996691013378339,0.7435767231201618,0.7258064496618106,0.7761485800712004,0.6321644482898079,0.6759947934988232,0.8005120537651887,0.8180432769946867,0.650183147206121,0.6171003660120784,0.8046207927628118,0.327868798710033,0.24231883917496325,0.7800877820088705,0.6201305883965291,0.8847362664372997,0.5589285664381378,0.7604426469815136,0.664080307091147,0.870102053124542,0.7178467240548306,0.625405655278853,0.7092162351053963,0.8238352321297389,0.7741604696894118,0.6194368699415361,0.8017389537946225,0.4578312701408108,0.3947512280221365,0.0,0.004285714255102041,0.0,0.3051771034011689,0.0,0.0,0.0,0.0,0.0,0.01769496372767857
p_95,0.9691342845766124,0.8042355820922255,0.6529696769530074,0.658946581502468,0.29873417469422636,0.7948573959524582,0.8297336967337854,0.8038009498355584,0.764672843632866,0.6201091894675738,0.6345712961151506,0.7479061945230058,0.767367457112963,0.8138256640099666,0.7665643611061885,0.7619278257158445,0.6721739101209829,0.6400759673307126,0.816348576866809,0.1860464683612864,0.11126961324865031,0.7879171537058024,0.6379356203846034,0.7044160935187281,0.3397968574349321,0.7548206244146386,0.8017242619495298,0.8535716180769259,0.699005313123034,0.5862304015153029,0.6440191372152653,0.7959884344091178,0.8009580819138729,0.5063985328482766,0.8243194184897283,0.4782607655954857,0.21668472137936381,0.0,0.0022598869801142714,0.0,0.24884792053345806,0.0,0.0,0.0,0.0,0.0,0.015900820777529762
p_96,0.9674949019589174,0.808790122995516,0.6900920404454055,0.8168371940747298,0.2861924662243308,0.7692377638115806,0.7141119294606811,0.8196884979933664,0.788755979917756,0.5625448942405902,0.5487678597043532,0.7839313541968356,0.776006375496201,0.7387250520198503,0.7682844617725948,0.7921335449528161,0.6033994305788506,0.5998071301850807,0.8259056334729695,0.08888886913580685,0.2285714259591837,0.784917018016267,0.6669933647791482,0.8148055515725863,0.22249092838584125,0.7091368280243734,0.7614942164994948,0.8539861127900329,0.7062826580310091,0.5663128545445343,0.6655198764038229,0.8186393606224928,0.8213128022258656,0.6405529904719433,0.8184579038143598,0.0,0.30769230469627745,0.0,0.008667388855174553,0.0,0.19999999230769264,0.0,0.0,0.0,0.0,0.0,0.020221383231026787
p_97,0.9713304344513497,0.8246157271432268,0.6960766662923851,0.8415170710834579,0.2772122139607501,0.7532250032242734,0.7701295914919981,0.7672750651593832,0.8340566749629096,0.6167044664069574,0.3599458719892967,0.8324445668469139,0.8247322284571045,0.6837507729483933,0.7905727915765983,0.7901234545731665,0.6338754437371065,0.5550329204606499,0.8250228152119615,0.14545451900826925,0.18798955449965576,0.8195660437386643,0.680920285381156,0.8343155715205568,0.5260416632419163,0.7932315078900869,0.8162827031980092,0.8739954824969822,0.8192926034478552,0.6604145168710358,0.7042062399271682,0.7774181941950574,0.7861834084500525,0.5541211464337523,0.8419120852556916,0.36363629752067317,0.3490136544080906,0.0,0.014204545252776346,0.0,0.5404156919072589,0.0,0.0,0.0,0.0,0.0,0.01412019275483631
p_98,0.9741105185303259,0.8147056360302369,0.6922832468138317,0.8026123179807385,0.2962962931608858,0.7958499943813222,0.8484366888919085,0.8628085790236407,0.8384028028058546,0.7712248858705445,0.724090782816268,0.7759882841288862,0.674531573734602,0.8589811199840064,0.8172163210539785,0.8061224465602567,0.5634644073496048,0.6596758755035665,0.8480471340415784,0.4062499365234474,0.28648648390552717,0.7991283013386484,0.6667999594143136,0.8043949885895479,0.42443729448620265,0.7976107790533099,0.8684464014868931,0.8785605362131378,0.7998945415239987,0.6733258580437,0.7251580259793728,0.8160563672295758,0.8283337513780343,0.48896733902058837,0.8378248769177857,0.3571427933673583,0.4309884200268173,0.0,0.0019157087939108354,0.0,0.503936994647323,0.0,0.0,0.0,0.0,0.0,0.010222080775669643
p_99,0.9750156321276315,0.8363242148111334,0.6868503912029021,0.5989798858637476,0.30940343468752846,0.813714285516422,0.8368147624783443,0.8480810730749362,0.7922832392937814,0.7794789572909988,0.746326705388231,0.6233062296839771,0.712060523560168,0.8583532477486183,0.8035458957167612,0.8039167666978781,0.5840568248458688,0.6393117098655744,0.8496819544277855,0.4637680487292683,0.1171032339429394,0.823067249373964,0.6795907155720342,0.708552502719119,0.4321503086414373,0.8156778576279631,0.8583286410571527,0.8677424215212676,0.7902670103463965,0.7653836718432756,0.7345514253037335,0.8185002237822181,0.8231181523581493,0.5910364104269159,0.8305200333925661,0.2461538082840295,0.23873873605023946,0.0,0.0016611295543095552,0.0,0.5779467570732556,0.0,0.0,0.0,0.0,0.0,0.00896853492373512
p_100,0.9768305765534359,0.8322136430071649,0.7071572610347195,0.7364710025639162,0.46823956017931434,0.7864908770349629,0.819309934058934,0.8629363139305843,0.7493685919634994,0.74462095239833,0.7591706518894985,0.7560553600516636,0.7143518501982596,0.8319789148349781,0.8169796634993003,0.827412444375378,0.6299212567425135,0.5242494165791061,0.8075690199487447,0.2499999553571508,0.34443541556104457,0.8081000354872615,0.6707051509142972,0.8241166123168756,0.50790697201947,0.7611125219833907,0.8421616902014687,0.8701532347725335,0.7843137243339028,0.7258963298013917,0.7493964250376717,0.749842469281829,0.8127048126727884,0.5869565164224954,0.8100890199702384,0.0,0.3562810478617385,0.0,0.0016326530478967098,0.0,0.32692306644477354,0.0,0.0,0.0,0.0,0.0,0.00899105980282738
p_101,0.9714935692648949,0.807151660192417,0.6324320208524489,0.881947029096078,0.4204973593029589,0.7518678923202725,0.8129571702355332,0.8696404294639563,0.8408304487079712,0.7361321075286288,0.7667646252557717,0.7971387673901609,0.653517688789106,0.8656837822630598,0.7764241782382827,0.7314034418050441,0.6991542460767045,0.4074074023776864,0.824508886038813,0.0,0.3623853194385994,0.7998601589276603,0.6329351746811065,0.91002556975548,0.4273204866259152,0.7793996284352692,0.8487860996474416,0.8815386494661652,0.8413525623059598,0.7317355554802182,0.769946155727004,0.8014788941137118,0.8214496145508261,0.6829268235245852,0.8366231110771726,0.4999999038461723,0.5688822852993602,0.0,0.004758128431735699,0.0,0.6017391199697545,0.0,0.0,0.0,0.0,0.0,0.01035737537202381
p_102,0.9639037938108126,0.7889738568593048,0.6018076239229398,0.8900796306491826,0.46288659555213096,0.7779540258696184,0.8122752491002084,0.8228727357833834,0.7775384162321723,0.7861771049825301,0.6727578728714646,0.8588787604007766,0.6855769214289017,0.8103787865137012,0.7856532869495588,0.7629897172464859,0.7239698683031905,0.572759015451001,0.806496518973089,0.4827585374554246,0.29740791065888195,0.757730508791085,0.5759708763634431,0.8932505626884393,0.45772843332426616,0.7283923137897489,0.81436456057993,0.833616191568536,0.7371867871053719,0.679405519321337,0.6895171361283033,0.80767643333917,0.7772227752816614,0.5333333287749288,0.8271536609231197,0.6097560232004849,0.4246435823592486,0.0,0.006376195468903343,0.0,0.5954545319214879,0.0,0.0,0.0,0.0,0.0,0.01710452125186012
p_103,0.9714456784956758,0.8307937840596343,0.6559973428827223,0.7926211714536887,0.24100719207727345,0.7913348783093523,0.791095104616453,0.8660965512462916,0.8398697057460981,0.6203895108036237,0.3493333325570371,0.7360557732268139,0.666666665041047,0.8599640612628384,0.7368015407159908,0.7058823511358507,0.6599190250004098,0.658396940282472,0.8321620874033384,0.0,0.08533333219555557,0.8201372371585958,0.6528551806907675,0.8554010057085523,0.4158004114781662,0.6792866799297683,0.7820775551101864,0.8826139567321997,0.8403445252273817,0.7545507919802792,0.7031841445041547,0.8105709868725203,0.808763989500443,0.6585956363309473,0.8413699419410402,0.37499994140625914,0.3131147515318463,0.0,0.0,0.0,0.6517856997369263,0.0,0.0,0.0,0.0,0.0,0.012715948195684524
p_104,0.9764562186022437,0.831316642592519,0.7035514672220742,0.7940765216765753,0.23329282827104705,0.7847033706389311,0.8263671119301828,0.8769338954807445,0.832063458060679,0.7455008002021098,0.7615577299896203,0.6860236186711436,0.7155382349840764,0.8610525549064016,0.802135677552203,0.8254445258566377,0.5912596375695817,0.614079723375066,0.8443872856472651,0.0,0.21112372064558774,0.8214416534936222,0.6740224361899759,0.7731941676829074,0.3279901315907505,0.7700648506433034,0.8224721978539228,0.8913573833940528,0.7926058428233681,0.7601547381429838,0.7385945929976333,0.8010584076822242,0.8030264796897189,0.5933756124497843,0.8489222110131939,0.05714284081633119,0.2183235846167292,0.0,0.0029585798378908307,0.0,0.3142857068027213,0.0,0.0,0.0,0.0,0.0,0.0087646484375
p_105,0.9705850228374938,0.8298619352364138,0.6655911347677111,0.7034712945904731,0.38590308030041337,0.7984927431486082,0.7964652471526766,0.8441982080235084,0.8144700082265328,0.8015535409639786,0.7712264132754094,0.6640159012722868,0.6986706038929822,0.7687130128164282,0.7996760797654863,0.7876805647651115,0.5905123317248109,0.5561403459987689,0.8322211622190456,0.44776112719983174,0.21379310099088392,0.815397643374698,0.6643683491063354,0.77598786334177,0.6305189726528352,0.7789286429349184,0.8018781725379519,0.891243977959057,0.7979139494160183,0.7645603342552719,0.7533048591553695,0.8101617536864526,0.8050415639446458,0.5786471020485159,0.8536444264812529,0.399999920000016,0.31814119465468105,0.0,0.0,0.0,0.6739130288279777,0.0,0.0,0.0,0.0,0.0,0.015221732003348214
p_106,0.9675300267251794,0.7765676561362502,0.6349956436683738,0.8493507429922412,0.2348008361131988,0.7812970691609723,0.8092179503108303,0.7995247684283667,0.8122035626045333,0.6864061367940468,0.6853070156652767,0.7915019743292935,0.716195567768916,0.7744014731735566,0.7641073072627123,0.791907512162117,0.6333938274851971,0.6068601503052751,0.8265905940295725,0.22222217283951712,0.21392677520512007,0.7649923806445252,0.6160895736809117,0.8824791953599883,0.33423180142544745,0.7369374028416672,0.7600342807717925,0.8234997728505569,0.7356618111410468,0.6072974636891807,0.6918299075684905,0.7996140229445545,0.7851002842833802,0.6356073158435331,0.8233134457794278,0.0,0.41108033013251893,0.0,0.01433691739143468,0.0,0.5825242577057219,0.0,0.0,0.0,0.0,0.0,0.014822823660714286
p_107,0.9730150369937809,0.8247225103044749,0.697481087597928,0.8652827001298624,0.3453908944528484,0.7952220346275373,0.8284560591087742,0.8665970423423311,0.8380728544793504,0.7905768866716965,0.7619735240385715,0.7487795690995885,0.6870864967236302,0.8424240263560469,0.8145622516337855,0.8067901209666971,0.5786101499329219,0.4968722028876479,0.8326026297004757,0.40909086260331107,0.32009925359739916,0.8026700473337904,0.6741953033727538,0.8605043633441803,0.4634146297991123,0.7598043420121272,0.8366749146768759,0.8494561500449498,0.8388494393563011,0.7323998437063401,0.7286892742239018,0.7913483258459612,0.8068079999796715,0.5082393711340905,0.8117529872392899,0.5945945142439846,0.36324167609810654,0.0,0.007462686474344696,0.0,0.5950095855084533,0.0,0.0,0.0,0.0,0.0,0.01160612560453869
p_108,0.9690200057663313,0.810940608452033,0.6579189078850449,0.8065955159486162,0.339075246245918,0.7913359271617805,0.8229642768749781,0.8546424755311406,0.829768604340502,0.7516817213610593,0.7403726689680181,0.7237354054313211,0.7751378050272995,0.8598558000418669,0.7751438876449674,0.7754642634342592,0.668036996683669,0.708782737220472,0.8282654419312818,0.602564063938201,0.1859544986552473,0.7936858412953777,0.6322194704220203,0.8385733490180103,0.44166666206597227,0.815256055328537,0.8489563493308785,0.8877341123266569,0.8355704688640152,0.7620464001962657,0.6794104083845914,0.7732933788057933,0.7585481305666804,0.5979703310072574,0.8233269590599169,0.30188673549306877,0.3229508170249933,0.0,0.0028901733686391134,0.0,0.6209523691247169,0.0,0.0,0.0,0.0,0.0,0.01254519507998512
p_109,0.9726103805595044,0.8255096114764376,0.6781240185545399,0.7671507256089443,0.4152457330466827,0.8143636883612858,0.8393893813268866,0.8618746793797311,0.8320118919325918,0.7601669409296643,0.6905116724031006,0.848878072860562,0.8453843220901807,0.8465686185180716,0.8318231595819744,0.7877502926083622,0.6771915219061424,0.645463043541038,0.8411545616004148,0.5094339142043477,0.32627118298441543,0.82175155286028,0.66961169738004,0.8284797942088007,0.4520417810822243,0.7885419444330154,0.8550173123920847,0.8626244338687032,0.8192470695347207,0.7925036032748644,0.7036209193034848,0.8222586548150654,0.8221874282661878,0.6409861275732964,0.8373118580794633,0.4482757847800371,0.45142856820408167,0.0,0.006488240012260827,0.0,0.5253863018678521,0.0,0.0,0.0,0.0,0.0,0.01332673572358631
p_110,0.9767547725725593,0.8159436329244478,0.7134799338072371,0.8497235562178358,0.28930817246153245,0.7888483640614367,0.8278085901669433,0.8717787220533361,0.8704222187586267,0.7316270935022848,0.7263581470665036,0.5658042712834406,0.565058234392485,0.8582293253405942,0.8129792190099131,0.7867786486405346,0.5619094949681278,0.6554877998819527,0.8402790865168027,0.4761904195011405,0.3330316711942835,0.8083478056929999,0.6990357608122335,0.8549231738188853,0.4185393199643354,0.7654052878100316,0.8323141078891834,0.8739560014880965,0.8435778796611832,0.7287245211927669,0.7534121911887803,0.8030727698504383,0.8038125475143961,0.6047904146348023,0.8195890788820818,0.5194804520155257,0.35756056509974465,0.0,0.0029133284565671636,0.0,0.5263157774298449,0.0,0.0,0.0,0.0,0.0,0.008875964936755952
p_111,0.9710513028681025,0.7831349951569857,0.6635207187446504,0.8534154068384329,0.2205882325908305,0.7879478479998018,0.7493983070966361,0.8429114777038965,0.8072167539651568,0.653215636135755,0.7055569507026478,0.7255779242148473,0.7735742503791188,0.7757508302565517,0.7990512326384713,0.7619603244983654,0.6211424799043254,0.5650969476907023,0.81468764824541,0.13636360537190786,0.2779397446264359,0.750435882464636,0.6184590119860419,0.8599964166696541,0.20833332999465817,0.7340114251821063,0.7438151735774676,0.8680563375391233,0.702866125646552,0.6457719808100841,0.7460815030316134,0.7360416242385015,0.7961220393609294,0.6651617707662771,0.8187299785012908,0.06896549346017466,0.3290734797997326,0.0,0.009009008873738606,0.0,0.007843136947327963,0.0,0.0,0.0,0.0,0.0,0.013172258649553572
p_112,0.9765416692294625,0.8387155289036937,0.7107957067570014,0.8516746407526945,0.3329608901345152,0.8328343029114642,0.8277580119584788,0.8651018548547816,0.8294478517430088,0.7207470083447651,0.7049405290371901,0.795644280233596,0.8174107844176496,0.8590729174317753,0.8266451017622106,0.8190323421036291,0.6901595721736716,0.6256684436214934,0.8420771347269287,0.14035085257002586,0.3068493122662163,0.8268426033362362,0.6940035900021927,0.8591029627239116,0.46135830841500813,0.8155547424475773,0.8437169422050752,0.857591339183983,0.7924712774474807,0.6861713777271846,0.7532808382474173,0.8205993244487009,0.8391134267558972,0.6392496346374485,0.8418279269175726,0.26923071745563126,0.45329249270067007,0.0,0.0,0.0,0.3665158288118591,0.0,0.0,0.0,0.0,0.0,0.007170468284970238
p_113,0.9738588905554315,0.819969522092985,0.7041096438214807,0.8667621773236457,0.35059036920444714,0.8112922195677779,0.862500412171454,0.8299444469931803,0.8075730015963494,0.7366638435760678,0.7309000210136023,0.7959791481906956,0.744196734672037,0.85154412372425,0.8087443227281188,0.8087431671892262,0.6507936479241903,0.6206896495400214,0.8198173255652575,0.06557375974200659,0.3101503730249025,0.8139159092478241,0.6955738268272575,0.8691527637924629,0.3960784274894272,0.794856873446156,0.8560077518826869,0.8401409221401844,0.8051948043010381,0.6707930361017476,0.7370491787168324,0.7400853536587017,0.8049986961598575,0.5923282730389985,0.8041610986789836,0.17021272974197238,0.29732065430146365,0.0,0.0023255813683071935,0.0,0.5797752678702187,0.0,0.0,0.0,0.0,0.0,0.011871337890625
p_114,0.975257468982129,0.8236474202108489,0.7056912222983487,0.8612036417432176,0.12215568715981213,0.7758061436806415,0.8013272901066298,0.8498757832427093,0.8264718893022667,0.804578353135349,0.7405441257674318,0.7746913550359129,0.6864450110321099,0.86136273429243,0.8053677516847288,0.7798516983384001,0.710386385287535,0.6312640192126849,0.8335030070953234,0.5161289767603251,0.3116036485553869,0.8061479119673199,0.6796377116111189,0.8889647634222327,0.4227381871678288,0.7941827695264233,0.8215877778307207,0.8936857205849763,0.7960540416083487,0.6885776882075091,0.7364142046717711,0.8085870996703357,0.7786691817398085,0.6450723594412656,0.8352646696623114,0.18666664177778108,0.39484015482422796,0.0,0.005486968412297885,0.0,0.60526314651761,0.0,0.0,0.0,0.0,0.0,0.008729916527157738
