CycleMorph_ncc_1_diffusion_1,,,,,,,,,,,,,,,,,,,,,,,,,,,,,,,,,,,,,,,,,,,,,,,
,Unknown,Left-Cerebral-White-Matter,Left-Cerebral-Cortex,Left-Lateral-Ventricle,Left-Inf-Lat-Vent,Left-Cerebellum-White-Matter,Left-Cerebellum-Cortex,Left-Thalamus-Proper*,Left-Caudate,Left-Putamen,Left-Pallidum,3rd-Ventricle,4th-Ventricle,Brain-Stem,Left-Hippocampus,Left-Amygdala,CSF,Left-Accumbens-area,Left-VentralDC,Left-vessel,Left-choroid-plexus,Right-Cerebral-White-Matter,Right-Cerebral-Cortex,Right-Lateral-Ventricle,Right-Inf-Lat-Vent,Right-Cerebellum-White-Matter,Right-Cerebellum-Cortex,Right-Thalamus-Proper*,Right-Caudate,Right-Putamen,Right-Pallidum,Right-Hippocampus,Right-Amygdala,Right-Accumbens-area,Right-VentralDC,Right-vessel,Right-choroid-plexus,5th-Ventricle,WM-hypointensities,non-WM-hypointensities,Optic-Chiasm,CC_Posterior,CC_Mid_Posterior,CC_Central,CC_Mid_Anterior,CC_Anterior,non_jec
p_0,0.9744670237611361,0.824896678738671,0.7065882272284113,0.8642759090321397,0.29610828852700266,0.7293831276951512,0.7494623358918702,0.8169223415165761,0.7750804317416198,0.7145886336783411,0.7742569374250627,0.834195478262468,0.6987841231961823,0.7889408946198913,0.757410881090609,0.7106525894658048,0.7172717245424579,0.6610956298876914,0.8198330026514307,0.15686271434064425,0.30157414828853235,0.8019805973312509,0.6707078106846016,0.8229811498762043,0.436399212951084,0.687421888794987,0.7897144500618778,0.8906441200964267,0.7589628669030685,0.6242668192935402,0.7046109493164964,0.7934222215169581,0.7795414444895471,0.597717542099019,0.8380818788129378,0.5428570653061335,0.3076923051196296,0.0,0.0016528925483232022,0.0,0.35634028320481087,0.0,0.0,0.0,0.0,0.0,0.01544189453125
p_1,0.9718140001235892,0.817139817472209,0.704576310915636,0.8062329833712374,0.15281501135636716,0.7906519293764864,0.7489312472042238,0.815324876616451,0.7827634412320282,0.690174536466577,0.6187961972147916,0.5056637947183334,0.810462330428325,0.7709675562628038,0.7387578230729342,0.6246023313239598,0.4495758697003964,0.5264957219957631,0.7170815444488571,0.0,0.23760091998153496,0.8114336183588049,0.7041407910980481,0.7627323189615156,0.07758620522443524,0.775851567076828,0.8083441665925964,0.8057755937001025,0.7139405644914949,0.559962316947751,0.5020041983164646,0.6992929935733239,0.5720918220993246,0.4588002606539205,0.6348391232970881,0.0,0.21715526365738042,0.0,0.0,0.0,0.0785498477560446,0.0,0.0,0.0,0.0,0.0,0.016848173595610118
p_2,0.9759562467762013,0.8367721660773133,0.722670759216687,0.8564725750215959,0.49152541910051395,0.8026614822149827,0.8354307967201533,0.8512664016775915,0.8247448647792052,0.7384412145107428,0.7389736456616542,0.8036912717965969,0.8363126518816814,0.8626047950619239,0.8043316691747195,0.7907224718989003,0.7013208321204907,0.625583560918921,0.8522749265708859,0.5915492124578574,0.3711747248650077,0.8165473364046947,0.6987792966574364,0.8420436811999196,0.5698827721381174,0.804497841584555,0.8614578695890214,0.8849055459684317,0.7949047853899835,0.654164239191422,0.7204968924642265,0.806005361065946,0.8069651721219772,0.6122097969715409,0.8408523700894103,0.09999997500000624,0.36299559151545735,0.0,0.0,0.0,0.2759601667715481,0.0,0.0,0.0,0.0,0.0,0.013877214704241072
p_3,0.9692333881828061,0.8253041712680176,0.6858167259328289,0.8219252790717615,0.3371868946321108,0.7168610815108623,0.622487549020582,0.8422765987508672,0.774030603515034,0.7226468020483247,0.7402457410212423,0.7747382614834911,0.6862195370148382,0.7867477901703069,0.7505444459012627,0.7083446569493214,0.7242990626000815,0.5894909639614864,0.848151847445761,0.17857139668367916,0.4178895847806458,0.7981858621691849,0.6577598751403542,0.8774360468733313,0.28571428236868524,0.7501523322086722,0.7613392308779059,0.8653157116796971,0.7676438643218731,0.6404546719086419,0.7332193229302708,0.7596605265802993,0.7217030095490575,0.5191040809018177,0.8479013589663869,0.0,0.4334261814293806,0.0,0.003933136637825598,0.0,0.05378972973619243,0.0,0.0,0.0,0.0,0.0,0.020497930617559525
p_4,0.9745770596395531,0.8302284209629577,0.7056321923716031,0.8767324971120646,0.4076923037721894,0.7559233447282452,0.8190200298524735,0.8071532678511306,0.8252148988377217,0.7601852719915065,0.7697532244289038,0.7852804545006057,0.8193893378999667,0.8739708017584634,0.7599121480061124,0.7534447354047354,0.7065637038356614,0.5999999957142857,0.8063545771701874,0.061538452071007374,0.27615658166436596,0.8163893028578743,0.6925301509014882,0.8684417401413537,0.5680672221170822,0.7524576536205733,0.8209572279554532,0.8667734978909358,0.8421164688149511,0.744992295122311,0.7790092721578619,0.8182669293474806,0.7668030369175831,0.596872871537234,0.8171839507785921,0.13793101070154987,0.49058577149275223,0.0,0.0,0.0,0.43771043034157525,0.0,0.0,0.0,0.0,0.0,0.013376581101190476
p_5,0.9738395893881913,0.8279130307421393,0.7073512003774056,0.9036910419038269,0.2625698299574504,0.7518101610125311,0.7814442266179531,0.8522506614579284,0.8243104030853721,0.7843645787473467,0.7191730230884247,0.8331632631807059,0.7261033472474976,0.8365635737188878,0.7737638740930738,0.7014925350373377,0.5591229422117348,0.6584723383804009,0.8396650318222375,0.2545454082644712,0.32061068479798277,0.8113714247657846,0.6873069736097813,0.9063764148580143,0.43060959233969404,0.7474439849754673,0.8099176027114063,0.8675396772267578,0.825534685891288,0.8086488485443125,0.7765817779559417,0.8429014731934625,0.7976787106365636,0.6884996139489747,0.8285077942215423,0.3188405335013719,0.3997662162491747,0.0,0.003986710936965376,0.0,0.4809286819083137,0.0,0.0,0.0,0.0,0.0,0.015024820963541666
p_6,0.9705481138137808,0.815003366147948,0.6567225737438454,0.9069300135005561,0.3925373105034529,0.7361058683446708,0.8057257947917045,0.7938269459604491,0.7310644821762226,0.6782265137420692,0.6591267736477465,0.818254601499187,0.7957909741469753,0.8026046141332378,0.8073133755141025,0.7254951097380418,0.6057737784866362,0.6455834171692103,0.8100665625877026,0.32876707825108514,0.42517482220157465,0.7903602486017872,0.6227792261715096,0.8752280875620625,0.31835205694426916,0.7439699253405632,0.8164007989153419,0.8563193715236896,0.7378174322376831,0.6845150304202893,0.7457627102012429,0.790773111559945,0.7088422063780112,0.5906382928456315,0.8009915007073376,0.1818181542699766,0.4211566958914647,0.0,0.001211387030821399,0.0,0.07951070093239447,0.0,0.0,0.0,0.0,0.0,0.018433053152901786
p_7,0.9767070167922336,0.8316462159742336,0.724985480930804,0.8350313109472701,0.35405192483043335,0.7993255650500328,0.8341653540648333,0.8566155906181548,0.8197064978777431,0.7559906752857896,0.6678234985924058,0.7573611600545614,0.8246968011306565,0.8489277629092477,0.7633681614798523,0.7266686779623416,0.6730601539971222,0.4474959576131183,0.788297971036267,0.0,0.4613418500872725,0.813308839194756,0.7004485951144479,0.8776186071789823,0.30713421635871563,0.7827967178748269,0.8430050665271046,0.8859121348133091,0.8228271241370259,0.7213020577105773,0.6825282367639313,0.8157759233696057,0.7322142266660958,0.5812591465500795,0.7846776574344184,0.061538452071007374,0.4679245253589653,0.0,0.006198347043405506,0.0,0.40489129884658565,0.0,0.0,0.0,0.0,0.0,0.011537388392857144
p_8,0.9749704348821944,0.8382248844585868,0.7168755381129415,0.817338940538454,0.5382165562243905,0.8055773555157282,0.8454518075679609,0.8333239764030068,0.8127909816064801,0.7724538885600903,0.7763649943246945,0.7702173111142953,0.7820562172082091,0.8580995346013499,0.800733775738668,0.7352769657863645,0.7093772343973613,0.6853265421091896,0.847133182079338,0.38095232048375866,0.42980935502764855,0.811191657608234,0.6955727819245396,0.7729476669679421,0.5176085133692997,0.8179918064771641,0.8611421528323207,0.8844088961956783,0.8264595596860478,0.7166066942355177,0.7356321821089944,0.8234123025846981,0.8242950086109138,0.6691729272994517,0.8336445100507426,0.07407406035665548,0.316123905352471,0.0,0.0,0.0,0.4154589305079077,0.0,0.0,0.0,0.0,0.0,0.014311145600818453
p_9,0.9722382664566306,0.8404617218491452,0.6836257343492526,0.8919422958444565,0.2936221384642342,0.7979274609063178,0.8275475540590985,0.8402634049292798,0.8131727308903476,0.7763205821709285,0.7325529024481024,0.6966490269107185,0.8053078076891281,0.877346953298801,0.7740595984684178,0.7922261456105083,0.45245605924986,0.6361406325744838,0.8078041451948184,0.44036693207642824,0.22887864647558645,0.8238612117700748,0.6701644588991481,0.8643354801944474,0.32941176039984627,0.7750826899625477,0.8117580798304771,0.8845431973817623,0.7902031053880488,0.6982081732452102,0.745685738542948,0.7416991060891928,0.7676997419172598,0.5015290481534477,0.7721457166010883,0.0,0.2054711233709962,0.0,0.0,0.0,0.313323567886917,0.0,0.0,0.0,0.0,0.0,0.01632879348028274
p_10,0.972624567880055,0.8401354815069543,0.6761490526911886,0.8086161471105863,0.1881100249502216,0.808056296797418,0.8394601961338721,0.8418552031437471,0.8169753928435508,0.7339686313937179,0.7155468349299979,0.7345612107816496,0.8338844263361921,0.8648551020663565,0.7249106070024903,0.7042513841520289,0.6844597473764108,0.5883514255838951,0.8075709771901118,0.0,0.46922024302858933,0.8251832633466682,0.661570507410492,0.8373958649568677,0.40352595099386923,0.8291097115575923,0.8662858972412268,0.8904356168904143,0.8367154941046694,0.7412844029538538,0.707363119976163,0.799350121040465,0.7264621014254862,0.6467289659184209,0.7983422804951095,0.5740740209190721,0.4410057998645661,0.0,0.0,0.0,0.3358778561855371,0.0,0.0,0.0,0.0,0.0,0.01821347191220238
p_11,0.9701422220665704,0.8328193165872777,0.7130806182083603,0.8785343974814623,0.5175552632148552,0.7670431506611516,0.7968850477491585,0.8567007113236146,0.8249879624157583,0.6707981214358704,0.7211213129020752,0.7656012147427654,0.730056802346118,0.8323554387338153,0.8031543819602119,0.7180385268008216,0.6818873642241728,0.59619449686898,0.8254318995325112,0.0,0.4235668767326599,0.8057631010873638,0.6705951892426362,0.8911763777217943,0.6419452848513965,0.730646904205451,0.8206103426923775,0.8817259201622991,0.7939674613537971,0.6501014192189641,0.749442377324802,0.8398301805868099,0.818246952906026,0.6488140730771685,0.8316555358998748,0.3103447740784872,0.536888886502716,0.0,0.0013071895339399377,0.0,0.4365482159636512,0.0,0.0,0.0,0.0,0.0,0.01596011207217262
p_12,0.971987425802612,0.8257705537978509,0.6770908434037806,0.8651064754469415,0.36738518868430003,0.8185454137373376,0.8166985134037181,0.8686753832469156,0.8132440466105605,0.7024859655143935,0.7586675713603727,0.7435684616449441,0.7839506156708835,0.8699042467666664,0.8026887271947376,0.7748169816257189,0.6698858618530031,0.5047080931760066,0.7765869737321728,0.0,0.4466936542058458,0.8068836459437215,0.6423568568403928,0.8436661770111513,0.3333333294753087,0.8148597897828015,0.8477158037508534,0.8708491013960614,0.8158187060477464,0.7367838965529928,0.7570463527671877,0.8230218640817513,0.8190789451231388,0.6048703801659829,0.8114701858794081,0.0,0.4198740348504266,0.0,0.004812650378780851,0.0,0.4968152787131325,0.0,0.0,0.0,0.0,0.0,0.015131923130580358
p_13,0.97827755201445,0.8407402186055604,0.7064567442256104,0.8433747909097212,0.3189017917750603,0.7936801614544197,0.8308609868004535,0.8477969908197457,0.8507674133993302,0.7638724903936713,0.7313642739536703,0.7082683270500867,0.7382375858117036,0.8574107125214252,0.7798660609420328,0.7558239840212136,0.6928104546862317,0.6346515947772919,0.8149178951526878,0.365853613920291,0.3388704281409698,0.8322417195538774,0.6926808871812163,0.7925869150751851,0.6586741843534966,0.7598726577171079,0.8316322296329743,0.8904833832053931,0.8454117637112804,0.6546478865863122,0.7256637152087086,0.8281234387015646,0.8241256948197524,0.4803493407829752,0.8176487007189345,0.23529407151096635,0.36013985699178447,0.0,0.0020746887751588302,0.0,0.35820894987747837,0.0,0.0,0.0,0.0,0.0,0.010367983863467262
p_14,0.9764383055148487,0.8379275816370365,0.7203681129057733,0.7897665489032514,0.44653549660790853,0.7630645905238516,0.8044764226764085,0.8516899923373956,0.78102848204533,0.7458942960626115,0.7485622251010762,0.727102800340641,0.6116530434704639,0.8439260778901148,0.7771642871370307,0.7770102216717042,0.6956521714338839,0.6177536175928114,0.8359877052845416,0.5641024917817318,0.38041001844635514,0.8173750598523686,0.7005935973898615,0.7652550843904176,0.46759258718064134,0.765162977774174,0.8257153616333982,0.86008344875656,0.7769390932106467,0.7157266357392686,0.7493049102194048,0.8221043139232113,0.8238382756003195,0.5384615341469429,0.8358940514319031,0.21739125708885715,0.29882812208175663,0.0,0.0,0.0,0.4158075529929974,0.0,0.0,0.0,0.0,0.0,0.015907505580357143
p_15,0.965380160946242,0.8227423793890897,0.6294290862382481,0.9185671225311228,0.49909583785957906,0.8058788713073325,0.8141939981397471,0.8657709527410294,0.8455257443000738,0.7613469977396496,0.7217773166577698,0.8283251785969598,0.8431272344875739,0.8331546100319671,0.7795055366601348,0.7669580923516488,0.5744174960798026,0.6230302954784207,0.8158460427721916,0.41379305588585563,0.43988269536725694,0.7940652028230071,0.6123135528897138,0.9105246925171758,0.5453367840327928,0.7889700240775666,0.7950148420475385,0.8665785991634224,0.7962962951070844,0.7506819413522292,0.7505595604313365,0.8158150579930701,0.8015068072978649,0.5479744078041108,0.8205336300897498,0.19230765532545088,0.3786451306476216,0.0,0.004385964880219555,0.0,0.45033111837200135,0.0,0.0,0.0,0.0,0.0,0.019555809384300595
p_16,0.9705474355522923,0.8036476556441198,0.6705639862761478,0.8806788778913799,0.5295774610593137,0.7932035431677084,0.7959282778734947,0.8052508536802429,0.780139734234964,0.6504181593184969,0.6983635544043265,0.7930468980221486,0.7640784966636551,0.7746247457775731,0.8207781860674911,0.8023598796390563,0.7428139154961652,0.5855670042725051,0.7947141407775405,0.3513513038714454,0.38149100060930075,0.7883320424715836,0.6518416523136074,0.8674286199788414,0.36942674823087585,0.7739592063020491,0.8012656581359862,0.8377529214290858,0.6793420843830661,0.679877675009324,0.7438578130061217,0.828163956489315,0.8098611481726802,0.6733031613275732,0.7915655898567218,0.11764704152249389,0.42193675680861287,0.0,0.006472491804652237,0.0,0.4337748272553837,0.0,0.0,0.0,0.0,0.0,0.017227608816964286
p_17,0.9712753545590915,0.8259410271639698,0.6827888968838733,0.7594071890059874,0.4623179198079929,0.8145653756151671,0.8321555780447623,0.7601362132807619,0.7098959584927462,0.6234573223237617,0.5544123455591367,0.7925311175915244,0.8102227580552189,0.7966345002529927,0.7703930374195342,0.669922307058996,0.6712538200640144,0.5324675286257754,0.7393966880325118,0.0,0.33513513211589974,0.8046197239597986,0.6641623415848673,0.7796260315810916,0.3277962311428989,0.7798736270885602,0.8357010465878144,0.7810897431724948,0.6853014323281992,0.5578595312395036,0.5917001327372344,0.8000374629577246,0.7567207270457216,0.5586380797059389,0.7727058817468974,0.0,0.3669590616450361,0.0,0.011185682201502437,0.0,0.416047542109249,0.0,0.0,0.0,0.0,0.0,0.01627139136904762
p_18,0.9751879730001917,0.8324215697089157,0.6941874196163942,0.6378238336460934,0.21152328167700646,0.8181899028197344,0.8159362001432791,0.8074917933927922,0.7393217696876498,0.7575841907806066,0.7472901153086289,0.6529238508501309,0.790123454949631,0.8613515254961559,0.7223637282502662,0.7320471577383516,0.6417641735294141,0.5917602951928068,0.7646765335400993,0.3888888348765507,0.12555065941023502,0.8378270871860806,0.6998977474073843,0.7402751819770043,0.47117794092583176,0.8318838081368913,0.8470123041325137,0.889842631860413,0.7942118058724398,0.720427235673852,0.7553481121055075,0.8131303861973864,0.7912876955689621,0.5234604067194985,0.794274582201851,0.1842105020775655,0.22408963376200156,0.0,0.0,0.0,0.22368420684729923,0.0,0.0,0.0,0.0,0.0,0.013946533203125
p_19,0.9705441048119677,0.8050129502797296,0.6808594525542464,0.8098908547759198,0.3017479273068268,0.7815239885641535,0.7092326534282904,0.8194268471677666,0.7696378819364376,0.6320993324533234,0.7057368924190482,0.8095808350914936,0.6637594660000931,0.7549426980840857,0.7629314804986717,0.7710557509755167,0.7223567363908121,0.5678732967435147,0.8149671850181535,0.0,0.2045454526084711,0.7881781223654316,0.6581311045199297,0.8248298167925929,0.31988872990419015,0.7608124912136417,0.6686431809788181,0.8875995303452876,0.7932142387955093,0.6257349608483322,0.699352910155916,0.8137428414224437,0.8098022812314055,0.5729898472053876,0.8136970392593373,0.0,0.4096749780069919,0.0,0.003067484615529377,0.0,0.16309012525557673,0.0,0.0,0.0,0.0,0.0,0.019811866396949405
p_20,0.9714395182945985,0.8197900753824251,0.6652794810744304,0.7330688575141195,0.07328605114319088,0.7669529024405116,0.8032337761981019,0.8102962240351698,0.6777934926763883,0.6627821086066622,0.6855190725270088,0.6821345681278632,0.7383863064272366,0.8061557187024655,0.7228563059966283,0.7546032783575384,0.6236559113992725,0.5555555507330248,0.8024236839987546,0.3366336300362742,0.1591895780146226,0.8076507946677345,0.6421831484108854,0.7440555073329262,0.6099635442894074,0.7269483333596956,0.8063461026384817,0.8827294255491965,0.7035083082253913,0.6089832863779742,0.7209346854607649,0.7805662223983512,0.7869837276921559,0.6080634460802151,0.8042066186172234,0.114285697959186,0.30237912277529455,0.0,0.0009416195812541451,0.0,0.12091503070400277,0.0,0.0,0.0,0.0,0.0,0.015210687546502975
p_21,0.9753827689192642,0.8353895316120131,0.6924854373668085,0.8833209877674404,0.5023999973205333,0.8112629072597525,0.8086047851824298,0.84754200329416,0.8346658129893766,0.7644591990525431,0.7636439950385306,0.7181354671590113,0.7706734851434922,0.859602670382287,0.7663516414650027,0.7936690624642616,0.6470354132628913,0.6254071610308863,0.8246478865980212,0.14545451900826925,0.4785615468945986,0.8148207012877915,0.670874423841835,0.87562454675021,0.5948002498744436,0.8067832218286728,0.8369909155253802,0.8659961059560912,0.8169473103563853,0.723669724106725,0.7698128220433835,0.8231274158590708,0.7792352755254388,0.6082265636667123,0.8533474084161631,0.30232554624121555,0.4608501097948541,0.0,0.0038167938749198763,0.0,0.5679611581558112,0.0,0.0,0.0,0.0,0.0,0.011980038597470238
p_22,0.9683893058006383,0.8001899525148521,0.6925632439318947,0.6889481809514477,0.06815511083248989,0.7737176420613988,0.7928979295545027,0.7671827790940414,0.7129924141020402,0.6092096476220711,0.5416188935069505,0.5246671866692749,0.6867873894773365,0.7520048509433783,0.7201927703901757,0.6251372101395796,0.5295447189875856,0.48876786597162786,0.71767367743428,0.0,0.11523687432475194,0.8053688960802897,0.6908394741312596,0.631625363231656,0.18574513838288187,0.764143704087174,0.7059142838663186,0.8580704063822308,0.6859029562361428,0.6218665632261218,0.6988046233611511,0.741822743308699,0.603725438622798,0.3031181993972574,0.6987789467799757,0.22727271005509772,0.2242063469820799,0.0,0.0,0.0,0.35218093130563927,0.0,0.0,0.0,0.0,0.0,0.017241559709821427
p_23,0.9741542816317584,0.8278030899123464,0.691013878220875,0.8566936632412131,0.3861824589354964,0.79694976059532,0.8007683705954323,0.8103546462281364,0.8515850133866655,0.785401161397287,0.7668814107208748,0.6992882531170451,0.7918616464051645,0.8400870517742968,0.7922396324568387,0.7704326899926902,0.637362634668797,0.6311336664032685,0.8265869774277036,0.5316455023233542,0.27689242752099175,0.8091259283545358,0.6606086795379251,0.8707797317559571,0.5921450106333459,0.7115367199330941,0.7887934264405916,0.8828897749150829,0.8518784387989011,0.7476031447295022,0.7570770226967808,0.8322354869985226,0.8415502218783278,0.6092307645443787,0.8315451620068361,0.4962405641924388,0.43891402383926076,0.0,0.0035938903540530965,0.0,0.3916913888473088,0.0,0.0,0.0,0.0,0.0,0.0152313232421875
p_24,0.967689082688942,0.8217118748627308,0.6326084643927877,0.8746037199210864,0.5059797561547401,0.7759146339351277,0.7876720400725697,0.8201682859434034,0.7996684155848738,0.7677939434056292,0.7235079154116738,0.7305122471189556,0.7689328727002305,0.8379564159617904,0.8031914885401069,0.7311161196980943,0.7335305169843224,0.5902777709458592,0.7745851873992461,0.19672127922601979,0.45627376208995357,0.7990752317683653,0.6223674187294759,0.8728950193152566,0.425051330338282,0.7936716481103433,0.8105924901199016,0.8221108073731607,0.7900466551816109,0.7391640005082564,0.7279999982870589,0.8310698575172742,0.8260869542193786,0.6252353990090829,0.8049110385964925,0.15999996800000638,0.496745115189058,0.0,0.0,0.0,0.348051943531793,0.0,0.0,0.0,0.0,0.0,0.01853477841331845
p_25,0.970728283908855,0.8232185974947512,0.6562870275224978,0.883657857829048,0.3538767360449629,0.7838751364986889,0.794747829854223,0.8299760053401172,0.8246743941252692,0.6879254739186368,0.739051917067603,0.7923987063736152,0.777023091835779,0.8380234402334844,0.8109722969301355,0.7394957964362215,0.6527900768255532,0.5441906599385238,0.8120830943281083,0.1428571173469433,0.39574815702577143,0.8088709889745102,0.6501370820154971,0.8743036207893874,0.520618552228363,0.7859045940305575,0.7827179412300443,0.8825160790213512,0.7915057904871226,0.6803238460741857,0.7360961976892931,0.8089366822944872,0.8360995828939326,0.6555183891679065,0.7759146334070935,0.0,0.3766816119366969,0.0,0.01367989037373611,0.0,0.2525252493368024,0.0,0.0,0.0,0.0,0.0,0.014488002232142857
p_26,0.9766010897782034,0.8229317323748438,0.7168420655792793,0.6449891607095305,0.20932878032618,0.7339993225673045,0.7707879873692411,0.8368320083108621,0.6671552453070048,0.6016585639103436,0.5970028339469364,0.48392752493321145,0.6209112131398621,0.7857539725544846,0.7522993303174129,0.7497411089066582,0.5753286118537482,0.5374449291855072,0.6793212979938628,0.08510636487098619,0.15967523464580197,0.8060553672110276,0.6894443202529679,0.7606595596596772,0.4755381558166521,0.6909383740165003,0.7675222485126948,0.8488098490567388,0.7142678495507467,0.6448657854230233,0.6752670818881937,0.7539422153096177,0.672577994507133,0.5466342210329747,0.6475989269134648,0.0,0.24926971519698427,0.0,0.0,0.0,0.11834319351563323,0.0,0.0,0.0,0.0,0.0,0.015737479073660715
p_27,0.9615342325646252,0.8022436614778857,0.6076642579417476,0.8967339095227477,0.5784868729877155,0.7869819221817179,0.7794774053310903,0.7888209602394055,0.7528305909497643,0.6784089802783229,0.6922561912692342,0.8384264716555353,0.7749225427830827,0.8021889731529114,0.7834255288764999,0.8013355565898646,0.6964349992926359,0.5691699548500992,0.82580527345031,0.30555551311728985,0.46550956624161294,0.7734953732214537,0.585927723453704,0.8825702877595832,0.6569343041717726,0.7219880908339029,0.745823445446469,0.8246261647846924,0.6706421034281311,0.801655866809165,0.7338465110010579,0.7883480104632266,0.7932831476743394,0.5791245742497931,0.8414990537721342,0.22222219135802898,0.4708943074117258,0.0,0.008264462785524018,0.0,0.4119760429703468,0.0,0.0,0.0,0.0,0.0,0.022764805385044645
p_28,0.9761873406081479,0.8061059693540827,0.7159247084266304,0.7463609424537158,0.3492063452470936,0.7565995524034452,0.7413835887875412,0.7956340653953593,0.6284178539046298,0.6092173433240456,0.6323064758445766,0.599576268010719,0.6643336230261486,0.7879863883894747,0.7633472162406786,0.7081545045382122,0.5701676938651028,0.5536277558862165,0.799654128145565,0.037735841936633596,0.35448577421965155,0.7841979132212382,0.6766716040780337,0.736915952899596,0.2593856611026338,0.7076431473161713,0.7535522673168471,0.8758453353591217,0.6827554943544579,0.635300719637732,0.7371035522791297,0.7276245759771413,0.6245272808629733,0.5722253175001377,0.784571477311622,0.11538459319527053,0.3284416469011765,0.0,0.0,0.0,0.0,0.0,0.0,0.0,0.0,0.0,0.014343843005952381
p_29,0.9703012164184615,0.8317288324705762,0.6632768497108312,0.7473862667791846,0.20543093027826528,0.8218931041180556,0.8110168225471522,0.8399054470614025,0.7888658561017681,0.6678984963440522,0.6741321373479684,0.7687450640538869,0.7540064087459808,0.8329077930666587,0.7640931364745781,0.7899704991446298,0.6754748114142245,0.5124626070542113,0.8243324973435302,0.09230767810651105,0.12455089671196531,0.813468009251477,0.6349809767836975,0.8129444765362143,0.3061013411985384,0.8378141007958492,0.8448802553600696,0.840207372787899,0.7642699248936811,0.6754299477758463,0.6933014337480827,0.7905300070240355,0.8052417514567516,0.5853242270876773,0.8186482653762843,0.18947366426593007,0.13696497947887176,0.0,0.003225806399583768,0.0,0.265139111863517,0.0,0.0,0.0,0.0,0.0,0.016882178896949405
p_30,0.9748692409701118,0.830594287768166,0.6972551289065213,0.7410504306630191,0.2786885217347488,0.8201375888324044,0.8497233311824541,0.8146529820065781,0.7964045908637594,0.7277482182994425,0.7206208409742332,0.6950904362829868,0.7630312735304104,0.8617925812107605,0.7844448683504254,0.7976573915149124,0.6329310991322261,0.6566164099110854,0.825526249417151,0.39999994666667377,0.27586206652641854,0.8159099137444662,0.6772266264668904,0.7402367278047794,0.4486607092783403,0.7969255258949988,0.8281012924248574,0.8687662643428933,0.7212568427502299,0.7393441151466856,0.7528779724618612,0.7995921386729773,0.8135682334641907,0.4278215195024835,0.7998072747130753,0.33333328703704346,0.24065769625816372,0.0,0.0,0.0,0.4208809066740472,0.0,0.0,0.0,0.0,0.0,0.014713541666666666
p_31,0.9739182280611883,0.8222506371037452,0.6776114635037648,0.8894255535518336,0.48543688957851466,0.8217891389460363,0.8192144501075509,0.8265406329323959,0.8078999331034893,0.7255466658927503,0.7637926898404761,0.8312368950963394,0.7285311439924861,0.8621734990901735,0.8074877242149266,0.8140195743163259,0.7403704770938827,0.6146244998554892,0.8326590650674338,0.32258062434963714,0.4789680287214356,0.8072700670623112,0.6419534929099222,0.8974442392735986,0.6604506553189537,0.7886405171408293,0.8159187355354083,0.8126201510728146,0.7905546663503202,0.7155963294936694,0.7425865917204421,0.8385668268532943,0.8180764750345408,0.6889763711714925,0.8487823288193485,0.2592592112482942,0.5220030322609862,0.0,0.00576368870544007,0.0,0.4487179415269561,0.0,0.0,0.0,0.0,0.0,0.012645612444196428
p_32,0.9721524544006074,0.8150317886990653,0.6583650264085312,0.7967613379740899,0.1784172636198955,0.8019090728198413,0.7426781300607277,0.8565597001606987,0.8132505164758447,0.6720935557531603,0.7457218588919695,0.6592341218650793,0.6778149367953875,0.6965280174279818,0.7802540664360886,0.7496542159417212,0.6841853765686317,0.5684647243935195,0.7821229043231908,0.0,0.36165048104793107,0.8052635811777284,0.6610385229677103,0.8226431647607378,0.3583333296006945,0.7583030549208578,0.7930247070608868,0.870236928073882,0.8449591269142247,0.6534889251565981,0.7599457487342999,0.7991847027087405,0.8084990443789184,0.57803467651219,0.8264044936082355,0.33962257742970237,0.35590277468834397,0.0,0.0,0.0,0.3913823987184489,0.0,0.0,0.0,0.0,0.0,0.01759730747767857
p_33,0.9728835360947375,0.8337261008230923,0.6636349890025764,0.913573991785186,0.4119047570011339,0.7859261118909459,0.8069517158623642,0.87086624229701,0.8256273075714848,0.7937635674030358,0.7232645386414998,0.8171225916486257,0.7270996889671671,0.8583419331169002,0.8040119889278164,0.7609756071046145,0.700038503272859,0.6666666596785465,0.8316758740039817,0.5316455023233542,0.47789877977002704,0.8130179674582413,0.6447898911511022,0.9106657606117906,0.425730989172737,0.8094759990415289,0.8373392124736357,0.8993262746876315,0.7856238916911872,0.7577871663969862,0.7684996588176066,0.8173797961872742,0.7931357229543347,0.6982055407976709,0.8414679574874554,0.05128203813281073,0.44631306308982494,0.0,0.00835073063082303,0.0,0.49478389724614164,0.0,0.0,0.0,0.0,0.0,0.013537452334449404
p_34,0.9718207937224587,0.8330817999440475,0.7029348466154188,0.8647425405198822,0.595497453917956,0.8340043013196922,0.8467033640176107,0.8568257486921056,0.8247167859683658,0.7335041067630915,0.7198078167289631,0.7473073705579645,0.8190319920934668,0.8544628653425718,0.829344533721457,0.7971660960452215,0.6004228304421867,0.680184325528255,0.8292726774887417,0.2941176038062347,0.3919944762457248,0.8248712345141682,0.6830088955539076,0.8743969823373402,0.3999999957446809,0.8169153135100604,0.8402886767987938,0.8974580849662206,0.8421583450911162,0.6861555426676268,0.7464375508247327,0.8328193618981223,0.8089364654202084,0.6671328624676024,0.8292552710834992,0.1639343993550165,0.34503360459272886,0.0,0.002635046095948313,0.0,0.46270927758433367,0.0,0.0,0.0,0.0,0.0,0.017684209914434524
p_35,0.9686462042833132,0.8053137763958889,0.6510684610360786,0.8590614753940917,0.2950819651098933,0.7472699721126312,0.8089309013624739,0.7830884299065893,0.781030114296327,0.6344017087239299,0.7678526977659799,0.7294633051133139,0.80178079117706,0.8344501115387455,0.7353090938636225,0.7841313248040183,0.6248131516262587,0.5497075969814075,0.8049995293628422,0.35294112456748167,0.44616299556119576,0.8005344750666014,0.6299616750216094,0.8492260649487741,0.6097297264338933,0.7511636231519708,0.8150151282718058,0.8729806773978562,0.83233453078661,0.6085897712988823,0.7507577506394084,0.8005206066806763,0.7821714267836082,0.5744167290875565,0.8025011158530584,0.5454545041322345,0.40392382917528086,0.0,0.0,0.0,0.34948096281174806,0.0,0.0,0.0,0.0,0.0,0.018545968191964284
p_36,0.9688004293861093,0.8238830586173639,0.6893350188281245,0.7473855760237773,0.23747108529320674,0.7959509081957984,0.8336685951144538,0.8282410450182189,0.7482292327775542,0.7192284741308128,0.7196320286020657,0.6739626052258887,0.680530971945728,0.7845545093758283,0.7258223530287512,0.7424202458675975,0.5919589367324254,0.5231286751629212,0.757644129185681,0.14705880190311735,0.07837445459543607,0.8177799958146328,0.6939214402917624,0.7817207684956062,0.4251121038106538,0.760136762945424,0.8327250130713801,0.876197888370775,0.7385767781041489,0.6656825109086877,0.7372797451251639,0.774182870687478,0.7169451056874819,0.5834983459835092,0.7525354963703109,0.032786879871003295,0.23255813766994277,0.0,0.0,0.0,0.0,0.0,0.0,0.0,0.0,0.0,0.02002011253720238
p_37,0.9687375102183786,0.8076124466665525,0.6350462383235574,0.9041157505799745,0.49245432492093466,0.7894439318111797,0.8246120634698685,0.7297755470741334,0.7522551957742775,0.7927218548704811,0.6954643609733683,0.799573103949684,0.7640852957035122,0.8467863607334817,0.7643678152133704,0.7670115999780132,0.4092849508823774,0.5282555217659027,0.7887294862331206,0.6093749523925819,0.41487507022152775,0.7738859221854268,0.5999301775616115,0.8704415338266721,0.416517051916364,0.7738017235084416,0.814994426611923,0.7740755785086851,0.7185065797495211,0.7377688331810227,0.717057191441025,0.6987522273336279,0.7811373071258326,0.5803571376753827,0.7599038353089748,0.19672127922601979,0.1827651506497862,0.0,0.002065049034253748,0.0,0.4385381986953788,0.0,0.0,0.0,0.0,0.0,0.018432181222098214
p_38,0.9691863430510536,0.8017450925195743,0.6922080765986514,0.8295487206981056,0.1914460265636861,0.7316137282601548,0.7782459198521572,0.6941722533412571,0.7230067339528495,0.5143112695501887,0.4325711609132731,0.7858243436328499,0.632202230398082,0.7517093547867085,0.7317478442914656,0.5278099637085458,0.5869051626950639,0.38546255082089703,0.7775965191430156,0.26865667631989903,0.38912732289400415,0.8005434835286829,0.6799263672303337,0.7954684093549836,0.26126125890755625,0.7736704684478158,0.7312862852900872,0.7950401162198881,0.7410185064218962,0.5395430574038411,0.6262042377144428,0.7283349554738705,0.5720217997092608,0.15750915606676597,0.77635486193731,0.14814812071331096,0.30160799521248155,0.0,0.0014524328197079417,0.0,0.2686567119625753,0.0,0.0,0.0,0.0,0.0,0.01842738560267857
p_39,0.9724828175840302,0.8484034472776874,0.7147336249049543,0.7604082890439788,0.41441441068095125,0.793524866256959,0.8356893220356938,0.8529890536890322,0.7722553558954547,0.7313700377879897,0.692545212411678,0.7827994700184314,0.7404237963724047,0.8831290205636958,0.7809622340600494,0.756843798290811,0.6676286644173705,0.6687847444893984,0.8375245221709252,0.3692307124260442,0.2660653859519122,0.8339043922663186,0.7001585023511625,0.756553154926164,0.3956284109767387,0.7911691622597864,0.8431707975328199,0.8824886083802168,0.7615999991876267,0.7504258937389899,0.7230673041819811,0.8098195218224146,0.7717681281305648,0.6435568904027363,0.8435865047414879,0.2545454082644712,0.2576687093981708,0.0,0.0,0.0,0.41233765564386926,0.0,0.0,0.0,0.0,0.0,0.015888177780877977
p_40,0.9710704439787563,0.8198184035462138,0.6988608961156377,0.6804281339785694,0.2896405889044335,0.7229659838752008,0.685520875093165,0.8260013127804428,0.6715751349769763,0.6589541002079062,0.6986211409528975,0.6100094399905125,0.6575785567061494,0.7830295030406349,0.7642895056058313,0.7374877312622969,0.6262093200254647,0.5528726015580966,0.8150878287209161,0.0,0.1446078413651,0.8031258283034332,0.6733630986280638,0.7052977187813491,0.2559241675838369,0.7678491643928381,0.7210601795497058,0.8691269525289091,0.6677127330504373,0.6492802386901475,0.6968289220423572,0.7613120262730765,0.7244205087229677,0.46913579925146914,0.7977233574494695,0.0,0.3218045088586127,0.0,0.0,0.0,0.19889502396141762,0.0,0.0,0.0,0.0,0.0,0.0177459716796875
p_41,0.9688599498985363,0.8325153404560922,0.668099667245055,0.8761173316737819,0.4477611911241973,0.8042170335032794,0.7975024452455682,0.7774890672555365,0.7955833200703425,0.7179749941402183,0.7460357393756966,0.8303477322698953,0.7826447980430874,0.8290140539827802,0.7536384721012039,0.7385033993510112,0.728293163657005,0.6410788315240785,0.808639482429714,0.5679011644566463,0.4344335395431153,0.805088545884564,0.641387691624463,0.8980899135516858,0.4877650857441673,0.7981054920724544,0.814577578444922,0.8240343342360936,0.7959766198233293,0.7181808603872188,0.765225931323119,0.8378930962536335,0.8157674005709605,0.6482635739246343,0.839123241481469,0.26086950850662854,0.5087196915834976,0.0,0.010515246997736625,0.0,0.6123188294869778,0.0,0.0,0.0,0.0,0.0,0.016967628115699403
p_42,0.9722991716098599,0.8443836270202573,0.6866832274327614,0.6995691930318425,0.30359211699198013,0.7847366026605543,0.8068154671069895,0.8291571749489332,0.8021932819709482,0.7569458317440078,0.7092055467611461,0.6804494351440474,0.8500204320255818,0.8365488450209453,0.8125564127845187,0.7646432354508965,0.607558136591288,0.6038034817448219,0.8255256355352955,0.3296703115565763,0.3126338296291881,0.8294077085148037,0.6799258241613017,0.7350673551342308,0.308370039524669,0.7964397298825215,0.8465660137751039,0.8807855811743096,0.8137093704139252,0.7491665817262687,0.7787815594654123,0.8119140617071152,0.6959183655716368,0.5832127309463623,0.8337024724679748,0.4752474776982695,0.2952295202949638,0.0,0.001730103791262078,0.0,0.43021345763196295,0.0,0.0,0.0,0.0,0.0,0.016935947963169645
p_43,0.9613840206620007,0.8074201383855297,0.6580881227509803,0.8337933603753102,0.23695014523782906,0.7737281879749259,0.7669929506567426,0.789845788474569,0.7370336661316724,0.6359219157480847,0.7106276893029058,0.7714204361758598,0.7529600627072847,0.8045966875626979,0.5975891249058826,0.5762797755289413,0.7295864237200903,0.6646294830815166,0.7869432378300827,0.042553182435493095,0.10918114053613615,0.8151731776406526,0.6887538650855289,0.8543577538264736,0.5473251000652001,0.7765396805366198,0.7874761252899645,0.8733287110659955,0.726173142875828,0.6840632197200666,0.7245225926932831,0.68952409860915,0.6817625445088483,0.7341269792716469,0.8119602404986473,0.2891565916678805,0.19936507809926934,0.0,0.0018190086320190601,0.0,0.35211267109700467,0.0,0.0,0.0,0.0,0.0,0.02625340053013393
p_44,0.9753630337240817,0.8156076013617459,0.7139150841425067,0.752977179992697,0.37023593130457416,0.8328180968563672,0.8255932413451613,0.8262409410852498,0.8000457029249936,0.7578518798392285,0.7722007702131254,0.6400375909772669,0.8110157636978332,0.8588571825753755,0.7742432998127595,0.7887882197372926,0.7190611638724709,0.6013985967257296,0.8235294109770164,0.2033897960356278,0.33848531423117995,0.7990838184036099,0.6787887129971891,0.7214867610985347,0.4417314046422708,0.7974072063889664,0.8264446822520122,0.870746017954319,0.7548483332237093,0.6957332221460923,0.7804028829136959,0.8060928877618047,0.791994279742687,0.5229180082445577,0.8133887967365881,0.6336633035976927,0.3073463245326363,0.0,0.0,0.0,0.32147562158793647,0.0,0.0,0.0,0.0,0.0,0.01319638206845238
p_45,0.9674733167554556,0.826265162344958,0.6440356901220128,0.8858763528086291,0.4338292839950722,0.7814823826339248,0.8179678196005173,0.7860374914964245,0.7186968141032132,0.7233218580859274,0.7382250849325109,0.8131548288324947,0.7176006989544643,0.8150124509532336,0.7869767433726339,0.7737940000854172,0.6950053110343417,0.578616346136097,0.8306106396168336,0.33333327777778704,0.3476425028315095,0.7928490231066702,0.6224324747812697,0.8936248293767366,0.36479320928109005,0.7225201404927243,0.788693548804704,0.839945743845402,0.6837039487955483,0.6632289740169074,0.6752735214983074,0.8079016319210829,0.8126752641259807,0.6435506196702454,0.8296708061932851,0.1052631301939131,0.3736367929177961,0.0,0.006889424709302705,0.0,0.17751479027344985,0.0,0.0,0.0,0.0,0.0,0.01982087634858631
p_46,0.9641314019864221,0.8349339698160219,0.619256438126329,0.899004014795811,0.4252953410333889,0.7568941353514419,0.7660562839510991,0.7793736496871633,0.6883807488854284,0.6957895917193931,0.7513278591228203,0.7791878147868406,0.7032153580772257,0.7456304666389612,0.7705882345125881,0.743013696594483,0.6208955200712853,0.52991452425305,0.8368245019918813,0.12499997395833876,0.45409316845729003,0.831194503939851,0.6052252237344945,0.9031904634711213,0.4523809487906274,0.7379342695057991,0.7697676373595197,0.8217700684780019,0.6467661683291668,0.6786464402816261,0.7838643117491078,0.8279514060554964,0.784425992601128,0.5613305574405367,0.8191378485844265,0.0,0.44789356785856504,0.0,0.008578431346267061,0.0,0.27052022808647136,0.0,0.0,0.0,0.0,0.0,0.02307070777529762
p_47,0.9706491190130107,0.7949877591959407,0.6418394678168291,0.8938798425919147,0.6013347362088699,0.7711287430839189,0.7990926848815676,0.8294657959696242,0.7927801209648616,0.7212784971822994,0.7694822867316559,0.8090134630145274,0.7752478869349103,0.7963178058013075,0.7765340787762002,0.7941581681064807,0.6764705857482699,0.6570841821654602,0.8100853218194944,0.11940296725328846,0.4749391704382522,0.7712812515948291,0.6076447744159239,0.8980489424149003,0.6055684419630601,0.6764308603235344,0.8094238691279654,0.8459836940870987,0.7346047785677795,0.7068074582039907,0.7365934308136229,0.8040084379704553,0.8124655245105749,0.6895999944832001,0.8295228148851885,0.3333332905982961,0.4250806803822928,0.0,0.0077220076971621365,0.0,0.36923076291913226,0.0,0.0,0.0,0.0,0.0,0.016373407273065476
p_48,0.9660397072661613,0.817278123203575,0.6568982486833511,0.606681145302843,0.33874709583820073,0.810835841459337,0.7722466223819493,0.8382047591768063,0.6385129616199039,0.5512722501351183,0.6478639555208131,0.6969146973824196,0.7079318000223651,0.7861775405475808,0.7811873237252434,0.7260198436438262,0.5862566045831014,0.44131454881086213,0.8275862061610503,0.0,0.26455025988447517,0.7940366735610521,0.6329457962304251,0.6918423100196699,0.009478672836039924,0.8097617285384892,0.8074859982114929,0.846744798493386,0.6900058095729144,0.5967999993179429,0.6414806322429296,0.7463899874356723,0.7912545528598267,0.5124999954241072,0.8005623235233718,0.0,0.16236162161916826,0.0,0.0,0.0,0.08333333199786327,0.0,0.0,0.0,0.0,0.0,0.024210902622767858
p_49,0.9750247813972183,0.8286477542918638,0.6924740324441456,0.9001878596593306,0.3229329147977152,0.7866963254665408,0.8125065809721158,0.8572897031252986,0.8565363118921382,0.7842280277584532,0.742242851839133,0.7805182616905455,0.8647887311763539,0.8801485594271508,0.7515548273305458,0.6882284362231106,0.6597040876427149,0.6521739068792637,0.8244666231806002,0.37623758651113004,0.4706632623044435,0.8157054876472257,0.6725676056722449,0.9038467392855216,0.44537113890432745,0.8142093845383775,0.8429837740817275,0.8640426156472077,0.8436784107737773,0.7309112097037972,0.7790751966859524,0.8376745559694221,0.8054719540205966,0.6623897300530094,0.8087615830677136,0.22988503104769759,0.48327939329407016,0.0,0.0022321428322305487,0.0,0.41666666046626993,0.0,0.0,0.0,0.0,0.0,0.010533069428943453
p_50,0.9739452498854507,0.8184007187633711,0.6675569401760751,0.9177330894385366,0.4929873755505351,0.8258975597682722,0.7767335219344161,0.759820281925661,0.7302575704355256,0.7491819917080199,0.6740133247718777,0.8181994175833507,0.8535851110377872,0.8557071310295082,0.7584530845747537,0.6741709745233617,0.6469248270519855,0.5674740418976466,0.8200240577218247,0.18749997070312957,0.3897237014555322,0.7899293151390042,0.6474257982965099,0.9078975929377644,0.48318042665694055,0.8013642490544471,0.8367883534335621,0.7133827969817376,0.6363193760512179,0.7189665288091996,0.7125340583275794,0.7266231107323161,0.8094725489519038,0.6173633374344766,0.7985067287567476,0.2592592112482942,0.319073656098187,0.0,0.0036957191139645237,0.0,0.2793914207553054,0.0,0.0,0.0,0.0,0.0,0.013916596912202381
p_51,0.9705964656694777,0.8057010105807564,0.6606857709477584,0.8872656438873774,0.48515864727001484,0.803946207308519,0.8102379523555131,0.7592688613175598,0.7483321493991028,0.5295589196450837,0.5196662681295202,0.8140965862127605,0.8306165825113101,0.888833606831379,0.7475973689958549,0.6024096368261341,0.6013934704752715,0.340725803016877,0.7718616393588597,0.05970148362664423,0.32031249860975475,0.7929932789440755,0.6381104145294308,0.9117107674593117,0.4971098237161282,0.8072157737918568,0.8359425488429365,0.8078332275376923,0.7481975231285574,0.6415899684652662,0.7289099508793604,0.7930895122316736,0.6840082746556067,0.38698629805662416,0.8207737344525547,0.27586202140309973,0.5361853813326724,0.0,0.0005810575230068056,0.0,0.29690048455301005,0.0,0.0,0.0,0.0,0.0,0.014447457449776786
p_52,0.9619016072854278,0.8344352040788999,0.6634541153915271,0.7962676878228587,0.276546980316677,0.7984416749997648,0.7687028234452976,0.831941602150118,0.7506950870505824,0.6997872137109934,0.7141573017659387,0.6952288184263445,0.7013108597815757,0.8267226580390629,0.7058080800654376,0.551417452608623,0.6617579352887347,0.6246575285419403,0.8127165620125463,0.1777777382716137,0.3167330645743719,0.8174469631373287,0.640234500473281,0.7834413665413661,0.5378690594488508,0.73984483144645,0.765476544695588,0.8845252700633017,0.7439510758522321,0.6493007945806591,0.7309454378780812,0.7672301682832549,0.5489575071286421,0.4603541150088213,0.8105328479381746,0.1971830708192858,0.3815987904856803,0.0,0.0,0.0,0.19953596056222783,0.0,0.0,0.0,0.0,0.0,0.026378086635044644
p_53,0.9682733911026027,0.8406085620442211,0.6581738358969468,0.8991395306566089,0.5360360320117415,0.8063048243403769,0.8145867399126404,0.8626119528990155,0.8457586757978215,0.7914082022114544,0.7718167147782254,0.7946666643120988,0.8326552030021588,0.8567516685167291,0.8206759435182148,0.7922675643072489,0.7022735449214235,0.7000821635161696,0.8304479244934984,0.6031745553036068,0.4196891164527907,0.8194342829534309,0.6305038711190294,0.8957572138931634,0.5104364277947208,0.8204089557416394,0.8593235188334142,0.8901131097168651,0.8423973353580496,0.7588388530342028,0.75254988746663,0.8198584195046028,0.7737265394806259,0.6091953972972464,0.8210545647427387,0.5428571040816355,0.48121085343835673,0.0,0.004077471925815781,0.0,0.45305513482779236,0.0,0.0,0.0,0.0,0.0,0.016576857793898808
p_54,0.9705453987287941,0.828746640656638,0.6514642208846588,0.8565967279264772,0.40206185270941197,0.8019944596116358,0.8139307433200283,0.8637742149756922,0.8349070088198756,0.7947412269283018,0.7657033657375129,0.7519038046015879,0.7226329579713023,0.8652747368567175,0.7894431546892468,0.7771359052078567,0.705726869137767,0.5622489903388656,0.8148572512032299,0.41095884781385644,0.35213886948456996,0.8132648759396647,0.644461517735904,0.8346448943366885,0.44959856869225184,0.7952486518336894,0.8066622406777026,0.8940943168531361,0.8196721300461273,0.7585034006017373,0.763603923363952,0.8063278995145466,0.8106769377801955,0.6266447316887769,0.8183132522233125,0.5428570653061335,0.4774640887693705,0.0,0.0,0.0,0.4254658319027045,0.0,0.0,0.0,0.0,0.0,0.016487630208333333
p_55,0.9691522361937364,0.8261173788391112,0.7087397212452956,0.7879939205449447,0.14435695348612923,0.8139658232101178,0.8192487854679169,0.7497459580832583,0.7018816586920408,0.6099115375155412,0.6027814810387093,0.737198792405125,0.8058951585900266,0.8035371675533334,0.7554812003561846,0.7581106852144307,0.6659707701253627,0.5069801579207924,0.7762126047224712,0.0,0.0896226404525632,0.8133773789215103,0.6956036772550271,0.8545109508758951,0.293650789766524,0.7772639250991539,0.8483409663926011,0.8549073978137529,0.745847901282946,0.6341781581865653,0.7111807309356164,0.7943637157249109,0.7084654776568298,0.5509950214490359,0.8144183843739821,0.0,0.3797086871938288,0.0,0.007067137725946552,0.0,0.11610486673960924,0.0,0.0,0.0,0.0,0.0,0.018170892624627975
p_56,0.9634172445166655,0.7887372051658321,0.6948218796711989,0.6941740913679411,0.05042016746194277,0.744228374187128,0.7100583927206446,0.7908638026173213,0.715540910604694,0.5385472779690254,0.6181164292692372,0.6220990626182921,0.799943204884363,0.6942258644650462,0.7110255698734987,0.5745473893116416,0.63360111549563,0.26192893135097534,0.7519473213266303,0.0,0.13868612969968214,0.8007144415317691,0.6894816157193471,0.6809484867694616,0.27801723838343495,0.7291588736617144,0.769455332433453,0.8336787311033406,0.7505171690104576,0.6226835958968054,0.748724227906258,0.7350814524478775,0.6643092865056358,0.30821917597110154,0.7604780609360854,0.0,0.25628140488876544,0.0,0.0,0.0,0.12773109029023377,0.0,0.0,0.0,0.0,0.0,0.02388276599702381
p_57,0.9667758486038363,0.8298347183460617,0.6836028086754149,0.7633169981777401,0.22117962318244222,0.6782679941082115,0.7455444274716119,0.8199962514898819,0.8085198861024562,0.6881871750477727,0.5657797476611609,0.7777777752508843,0.768321511704962,0.748287091214239,0.7165505220239107,0.6647032155308038,0.6428267320441603,0.4906490595088112,0.7442317126949504,0.28571424036281895,0.2068273071603684,0.8204185528950718,0.6767721813930259,0.8720010260137703,0.38396896972224326,0.6916167074807632,0.8085449705125264,0.8773330563680356,0.8258184055735862,0.7520052375576974,0.7755708171977523,0.7704765915052918,0.6751181764608548,0.5443262363091645,0.786685341693429,0.18390802483815805,0.4073416198499608,0.0,0.0026631158100783514,0.0,0.37037036440627435,0.0,0.0,0.0,0.0,0.0,0.024318004789806547
p_58,0.9666287924369975,0.8123765407195246,0.688494302790102,0.8907551879924072,0.29673202420436584,0.7610751245698244,0.8026663463409983,0.7706332933592441,0.771357673672034,0.4173855337122478,0.407933041470282,0.7729994535302137,0.6049770461343874,0.7126307320042061,0.7683394068139993,0.650531284974819,0.6664323350916261,0.2124616934375721,0.7310860144934312,0.0,0.38881987336136725,0.8150788202576816,0.6755832434092928,0.8777574259038099,0.35744680597555456,0.7457211746026086,0.7412841176843757,0.788940894313192,0.7121263008485877,0.4971847439740946,0.5147133857548676,0.7712360340740947,0.6960900453314868,0.423402614138548,0.6847348862844184,0.0,0.41732283282011007,0.0,0.0046082949190775855,0.0,0.3775999939584001,0.0,0.0,0.0,0.0,0.0,0.017386881510416667
p_59,0.9650886109292321,0.8342634380855225,0.6520117457398212,0.8590121500974146,0.3966065705556037,0.8078039832897447,0.8198948109010943,0.8344505149358133,0.8549216290220418,0.7528260861382325,0.751354010951861,0.7269890767278117,0.7759999983663158,0.8583346910773448,0.7990095803649375,0.7845107869213396,0.6271870765940463,0.6283987852124997,0.8189566349920796,0.39024385484831037,0.43188010604986304,0.8051081143237772,0.627671497227701,0.8389903511203523,0.49241747999627583,0.8200281203926396,0.841545298599042,0.8828902199762114,0.8528892242582775,0.8013071886696,0.7720536326227861,0.7893973899467825,0.7588424415117145,0.5295031014790132,0.8023088015369805,0.2564101906640536,0.5159165723605018,0.0,0.0,0.0,0.43276660845801224,0.0,0.0,0.0,0.0,0.0,0.021843029203869047
p_60,0.9733189758775774,0.8279941775384678,0.7046062669613908,0.8371016068114494,0.37439378880316404,0.8080605206739281,0.8128847588686883,0.8325435932370434,0.7639306349549935,0.6621787019914507,0.6202615814226079,0.5317252200748547,0.6873536279644215,0.833899986745575,0.7752121924110503,0.6924773322899355,0.5307150023629658,0.5733005686052369,0.7843137248700872,0.0,0.19724283990198474,0.8339863458404617,0.7134304967776153,0.8239874597643791,0.19448475769978582,0.7834541778715192,0.8288204020145656,0.851864389973466,0.7669287890269454,0.5888073389093511,0.6741795162629903,0.7685625985395785,0.7390850203904638,0.5546975511280724,0.7713498616686947,0.0,0.2985507224742701,0.0,0.0020366598570604904,0.0,0.35087718614274493,0.0,0.0,0.0,0.0,0.0,0.014044334774925595
p_61,0.9637193887072824,0.8030839521901135,0.6814879770639349,0.8985307233790782,0.4293073816296086,0.7092799186842595,0.6851247606436084,0.771847781158679,0.6325272633564163,0.4217446762616577,0.4701868392035957,0.8126567609248375,0.4495449131399093,0.6567080123535123,0.7551135290344215,0.7713335767590188,0.5634490223333811,0.34113711994273,0.7805657355694335,0.0,0.2971651989385865,0.8124049863054914,0.6559630438612334,0.8616185973065267,0.4803854061914287,0.6009441673653125,0.6324828230073424,0.8543042614426734,0.5806123481023168,0.600133808429824,0.616917160753378,0.7903471779040575,0.7372093001825311,0.32689210686882364,0.7537761594597123,0.0,0.4737447279657158,0.0,0.005949161692944398,0.0,0.47435896675706785,0.0,0.0,0.0,0.0,0.0,0.023013450985863094
p_62,0.9641556074269557,0.7883434785207378,0.62559426204412,0.9017877657746707,0.4921728209632259,0.7790776578325567,0.6421490285770022,0.8138665309500814,0.7583723433460902,0.7180447600729987,0.6846211913299239,0.7399660804410229,0.8377062044969267,0.7224599524804002,0.7800969842082047,0.7569169935542918,0.7559004178600051,0.3322883960456364,0.7461080138899596,0.0930232341806432,0.44268077406225403,0.7774248977130638,0.6132796587734203,0.8902525112977864,0.5413839854722932,0.696152198967348,0.7344438964950479,0.8338451480994151,0.7337040095425246,0.6320270705905173,0.7073474453117125,0.7918616472107206,0.722406179022058,0.3871513069556103,0.7697290922951227,0.0,0.42329924222632614,0.0,0.006997900580840444,0.0,0.004132231319581998,0.0,0.0,0.0,0.0,0.0,0.019719732375372025
p_63,0.9673632710917763,0.7991391678479709,0.5989243039870489,0.9040317999424509,0.49032257866805407,0.7077611572131679,0.7735795283514145,0.8008385738818973,0.7806656089054428,0.6627849347586906,0.7373380425873438,0.8384344261947052,0.7157453478759619,0.8218714576761793,0.7645805069128265,0.7868550344384059,0.6885913833277316,0.6221662390155386,0.8262003663161044,0.3999999555555605,0.5035644831381578,0.7938841179868407,0.6058111322809123,0.8860634487746237,0.5532746796027631,0.7121577860723703,0.7613313488806709,0.812462230032591,0.6732522787826086,0.7243870653507201,0.748728380598351,0.782436162195966,0.7364600761126184,0.6758383432859988,0.8344048306697791,0.0,0.46850954554428736,0.0,0.0050188205456786665,0.0,0.37094681749744723,0.0,0.0,0.0,0.0,0.0,0.015978422619047618
p_64,0.9767879761855734,0.8256418437777404,0.7109522596580488,0.851567838109647,0.4661134130974176,0.7784100966744036,0.7794505623807573,0.7838720204680205,0.8161867299046217,0.7460363209896835,0.7139545648726134,0.7818930016400981,0.6687189186153945,0.8541718245580285,0.7131643858340835,0.5470507529573367,0.6928838925360153,0.7252747180292236,0.7874778712499042,0.5277777044753188,0.3039999977890909,0.8278073786624397,0.7084425373897072,0.833159940407841,0.41400617493299513,0.7653744190752054,0.8333900218477716,0.8773342273972189,0.7779382786895098,0.6760411025678301,0.7603635540670283,0.7946113981402991,0.7795232914964157,0.6130329797825183,0.824889556513874,0.32876707825108514,0.388508889271485,0.0,0.003846153809171598,0.0,0.3282758575410227,0.0,0.0,0.0,0.0,0.0,0.012831479027157738
p_65,0.9739075145414351,0.8196642094488193,0.7065674913597351,0.8088501218972183,0.32268907291857923,0.7947658400176599,0.8358679868276176,0.7835510985599357,0.7611640059525762,0.6354583711780533,0.7262723504670511,0.765990636638102,0.7436123331638496,0.8383230038879587,0.6555966612272248,0.6658024354010825,0.6756649437250299,0.5616561605611506,0.8174164462816427,0.17021272974197238,0.13556337908835053,0.8023347399703782,0.6758724383064567,0.8255205157521487,0.23999999680000006,0.7335235307871967,0.8074314284823562,0.8332490130358955,0.8347303880461274,0.6276849635762879,0.7611872128740018,0.7675946733809488,0.710161932151697,0.5266853895597936,0.8118012937616195,0.05263156509695655,0.32724505078200117,0.0,0.007968127410676021,0.0,0.2651757146138065,0.0,0.0,0.0,0.0,0.0,0.016869681222098216
p_66,0.9652378856608057,0.8229836989566508,0.6212949241044919,0.8872927772745338,0.3447537436321869,0.7822738179432176,0.7758152453625159,0.8581444257664499,0.7904949370212389,0.6254762633863904,0.6679658936224948,0.7644316932074876,0.8072880154041906,0.8130302215180286,0.778945199032813,0.7937642065808242,0.6709853369553858,0.5511627842888048,0.836177802684237,0.0,0.4629324508819403,0.8015116462825679,0.6156527785802647,0.8948187838463308,0.5861027131308891,0.6376029009138402,0.7795441847075117,0.84725491389576,0.7903434020264093,0.6560661066031475,0.6899476161388186,0.828280730037084,0.808686089036047,0.6779964161181,0.8164003609522658,0.2985074181332212,0.4345340169552086,0.0,0.001990049731442291,0.0,0.30057802889059676,0.0,0.0,0.0,0.0,0.0,0.020681326729910715
p_67,0.9713365072142016,0.8306277441795911,0.7233593468571723,0.8489938911026798,0.3032629529437337,0.7942536497131361,0.7680857773169303,0.8302009068750266,0.8098526220654926,0.7467803367070739,0.731353432937308,0.8191330319308429,0.7665794049594691,0.7402803376712417,0.7845314623178147,0.7859342895638236,0.7119999968355555,0.690553740304937,0.8283027310091333,0.5438596014158245,0.291331543419736,0.8255255999375114,0.7239812944547,0.8865128656226651,0.426377593257655,0.7776260580506899,0.8010596554567238,0.8591947764639855,0.831976923012283,0.6815749228960485,0.7298639586917212,0.8219101638408722,0.8219907948123256,0.6994619469680097,0.8325032758125791,0.13888886959876812,0.28947368197001794,0.0,0.007299269984193796,0.0,0.4329349212093636,0.0,0.0,0.0,0.0,0.0,0.01809634254092262
p_68,0.970078988763561,0.8374113339040854,0.6680563283978547,0.8359221904908846,0.3666666630718955,0.7666471589102956,0.8187017536444169,0.8778767003315546,0.8305277515576345,0.7910289721907509,0.7312382722062892,0.7281931435818023,0.7052932744270547,0.8503756730111289,0.7915017696401773,0.7546680478354044,0.7038556164731106,0.6757446751000453,0.8419455592664475,0.3043477599244,0.4159420259714346,0.8140915824324362,0.6452315619601416,0.8830534577245376,0.49280575096397705,0.695366042651821,0.7915959606648959,0.8684655277880614,0.8576564421327307,0.8110181989070161,0.7637867629508577,0.8282930781121443,0.7533249667419699,0.6671686696749347,0.8189575210360254,0.15151512855831384,0.5131729638420792,0.0,0.00599999994,0.0,0.3737373674454989,0.0,0.0,0.0,0.0,0.0,0.017570277622767857
p_69,0.9694435958044203,0.8323047166422051,0.6621026909312607,0.7859307355054488,0.4917748875171006,0.7471012219745587,0.7688479720820283,0.8713321050513615,0.8059541359716319,0.7619566393267713,0.7169350885384698,0.8092634261522565,0.7309479536920355,0.8374727372753524,0.7977915794826415,0.7718461056610614,0.7345096399897019,0.57431748660953,0.8388914975679742,0.39215678585161057,0.3967999968256,0.8257194249970878,0.6463587741456747,0.8489734489686266,0.5361781026328563,0.7579602834154102,0.7772973048440599,0.8835985306709924,0.8286965471036881,0.7543464913537058,0.7486087569595724,0.836047534291321,0.7599309131838488,0.5781391095019051,0.8414020131279997,0.0,0.4529295559385809,0.0,0.0014652014544673886,0.0,0.4780876398787323,0.0,0.0,0.0,0.0,0.0,0.018476068405877975
p_70,0.9754596979530709,0.8283877163968034,0.7127003804577213,0.8533618497919097,0.30377358203987187,0.8140906935932796,0.8148406638087938,0.760263929220641,0.7821868625378996,0.6436640680938225,0.5668230961705303,0.5900094222902477,0.5384372017132641,0.821157843131624,0.7385258748159688,0.6432217792307947,0.5563492041414714,0.4712643639469264,0.7285351390952285,0.06451611862643247,0.39518072051095954,0.8267504751996085,0.7052967177881008,0.762752518115904,0.16513761215385914,0.7887043601026923,0.7782448919022311,0.8617572367385692,0.7503893206336048,0.7072374381396359,0.7339055779674102,0.7254921156346175,0.5961251848084322,0.442804425321006,0.6730818354142197,0.0,0.32168968057116426,0.0,0.0,0.0,0.32708687688097315,0.0,0.0,0.0,0.0,0.0,0.012527611142113095
p_71,0.9726638004661252,0.8155929540757876,0.7021188542654031,0.8419360352858095,0.04768583383329827,0.6696466579940289,0.7492635568208755,0.7323892516646745,0.7870260973181977,0.5749058238434214,0.3609923003400507,0.6336154750761165,0.6463298364005485,0.7650805188670321,0.6887340293975215,0.6800401180874619,0.43002392215901936,0.508090610775966,0.6919349249810186,0.0,0.40832507028419157,0.8175435715496542,0.6997609829717363,0.7737590706683547,0.31674207786490866,0.6591584862817892,0.736035033713194,0.8492313474452394,0.7631964800058695,0.6457125413022963,0.697864436958469,0.7336702577155809,0.7237698497168189,0.3538011670043774,0.6971389288623259,0.0,0.2595704924409851,0.0,0.0028129395086125665,0.0,0.34090908537485254,0.0,0.0,0.0,0.0,0.0,0.014215233212425595
p_72,0.9651163012430818,0.8005901299421991,0.6427945562517853,0.906142614941465,0.41208198267485446,0.7498785142311978,0.7447449002230386,0.752273875219635,0.5856004041685431,0.6587890618566513,0.5510678778789007,0.7339642466162687,0.6831450078080391,0.7933624180752006,0.716514353626406,0.6845817914525301,0.6443754462756737,0.3366336600333301,0.7804008901733622,0.42499994687500664,0.40150221781665335,0.7695082159593772,0.5955688488339542,0.8810720266090034,0.513329197065535,0.7313383609130542,0.7568168733476726,0.840929064129988,0.6473429943461187,0.6338663380136672,0.7082377461767722,0.7750624324161056,0.7806583140674095,0.45833332979681074,0.73595663077301,0.0,0.4473527648799739,0.0,0.001993620410698524,0.0,0.33962263510145974,0.0,0.0,0.0,0.0,0.0,0.01676417759486607
p_73,0.9663799498044037,0.8321888878800958,0.6649298386866336,0.7433864191754606,0.3234738809095413,0.7948855368923039,0.8068919780773727,0.82130953616745,0.816749584277571,0.7490378764947966,0.7457105130978652,0.7646823780875653,0.7180960182230283,0.8672809975548817,0.6868956997666162,0.6546253340136068,0.6924398595685572,0.6394686846350219,0.8104428736770266,0.5411764069204227,0.17555373112753297,0.8126569734535226,0.6435937669526659,0.7628408364276785,0.5051140794247515,0.774746972624749,0.8351778266175051,0.8751203847645156,0.7948469306069443,0.7767009683517825,0.7827260441234233,0.8134839777611743,0.7953919338958378,0.6291739839264149,0.8174084348371018,0.3376622938100917,0.3275039719594279,0.0,0.0,0.0,0.455737697446923,0.0,0.0,0.0,0.0,0.0,0.020562017531622023
p_74,0.9688577594827251,0.8057168344387261,0.6076786326819128,0.9008390539935274,0.5635074127546504,0.8182345433191525,0.8336053437431667,0.8254423715068372,0.804989153139925,0.7657002542584755,0.7119999982199999,0.8654531790852821,0.8480610285313716,0.8578673987201826,0.7017793585981266,0.7252747229305924,0.5918367323711273,0.579268286796054,0.8028666591270146,0.0,0.2950354595979411,0.7768903423116731,0.595885973135597,0.9036824101405133,0.5529190186330734,0.8115748531922055,0.851717325273318,0.8387927329146097,0.7678851751873905,0.804894497731097,0.7608695634944077,0.7432670813321568,0.7896217543306603,0.6684350073524756,0.8138596310524071,0.29999995000000834,0.31661676528212285,0.0,0.00379826966913216,0.0,0.47024672757261643,0.0,0.0,0.0,0.0,0.0,0.015076264880952381
p_75,0.9741533604690831,0.8398718724257048,0.6924822883665315,0.8202682224228336,0.3863216230469351,0.7769279632125706,0.8086525220068947,0.8596877175190816,0.821223835726938,0.7759386346629606,0.7465872406388998,0.7733243490288839,0.742277990486781,0.8821327281610675,0.7682092547603528,0.7937928952736708,0.6998284710125953,0.6288461477995563,0.8306021155252344,0.09523807256236366,0.3524229043839392,0.8182127379674267,0.6705084370921329,0.8319372655902469,0.5038167900472,0.805742440335707,0.8388763480788265,0.8609497774393863,0.8025977529392535,0.689993459025514,0.7816987082460485,0.806575137007028,0.8040257176292264,0.6787252310187318,0.8379575229661478,0.11428568163266238,0.33780583790208496,0.0,0.011904761727607713,0.0,0.5398550626837851,0.0,0.0,0.0,0.0,0.0,0.012197149367559524
p_76,0.9676378191051964,0.8190715215564063,0.6663088962084747,0.8313799199295777,0.22938144034302269,0.7472690524834943,0.7719657132332699,0.796672939835667,0.781945524074793,0.6309210519397795,0.646801050291847,0.7984595614930434,0.7318806235625755,0.807152365846673,0.787520728868656,0.7170388476077123,0.702024288655772,0.5291262071707985,0.8174367280758023,0.28571424036281895,0.3953147848073588,0.8025796734421404,0.6424579758363167,0.8770128737521162,0.45125347770423885,0.7115603283104079,0.7933290116753211,0.8722900806597876,0.758306002055745,0.6408379314778264,0.7134287016302984,0.8076647189182655,0.755736867017499,0.5691768776779608,0.8303820217254994,0.19607839292580528,0.48797250579626283,0.0,0.0030120481474089134,0.0,0.1857923463425802,0.0,0.0,0.0,0.0,0.0,0.020711263020833332
p_77,0.9733346661957258,0.8233788715717669,0.7108636801689082,0.7941772613511595,0.3203463168793689,0.7473681672936406,0.7067605741370803,0.8206768980549534,0.7622982559557157,0.6439151314612539,0.7051948036684096,0.7208872425097631,0.7303501026423601,0.7794615962632622,0.7845250690169137,0.7448425604103078,0.6781877595600758,0.6022641463980064,0.8268034296058488,0.0,0.15468113765697236,0.8012123635707413,0.6716191367008354,0.8038190809089002,0.3706214647387405,0.6987535866439307,0.665506790844121,0.8793416688685788,0.774055951857915,0.6394074067758939,0.7543751271270844,0.802169515717807,0.7737226258546895,0.6026011517153096,0.829006266043862,0.0,0.20829492895580712,0.0,0.004489337772285771,0.0,0.0,0.0,0.0,0.0,0.0,0.0,0.01627110072544643
p_78,0.9730894210184262,0.8269903849276952,0.7012094752041828,0.8388797687713875,0.2606635040205746,0.7848688321366183,0.7447288066152888,0.8133993318675036,0.782571304597146,0.6964772376133267,0.769409575152465,0.7715325484369893,0.5946385036700825,0.8063834626700063,0.7892656534332582,0.7568313531415087,0.6240634613307031,0.5452775019934031,0.805615941299261,0.35616433477200893,0.3936170177870832,0.818335794694453,0.6916685637770066,0.8574564837920358,0.19152275994469764,0.6891915270547488,0.7325233619526696,0.8745747068366445,0.756288428233247,0.6362098132019778,0.7236533943722612,0.7804829367586481,0.7821782158856975,0.5903021743478414,0.7886969035378898,0.19607839292580528,0.36141304102300925,0.0,0.008522727151665807,0.0,0.21463414285147736,0.0,0.0,0.0,0.0,0.0,0.01739560081845238
p_79,0.9721203089581794,0.8307130314316422,0.6876211587740789,0.8592860606012946,0.22968580466212563,0.7877166580873552,0.770800694368415,0.8328792002538152,0.8240200156987728,0.720500536982598,0.7299043661672153,0.7490247041654758,0.6802955648268582,0.8498447496526436,0.7899528344960483,0.7195013335722726,0.7246102941681138,0.671304341988658,0.8495966184694616,0.5287355714097044,0.3297491015788595,0.8134579985354412,0.6678692774262309,0.8608163900795399,0.498550719820766,0.7809370814508869,0.7873877522978998,0.8857309936340755,0.8273753518022398,0.729179518065824,0.72977541480373,0.8168708654267908,0.7614015551685163,0.7024390186793575,0.8377023893237255,0.19354832466183075,0.3776493232007108,0.0,0.002207505494398394,0.0,0.38861385657656117,0.0,0.0,0.0,0.0,0.0,0.017105538504464286
p_80,0.9690212610936536,0.8110628250294041,0.6682782888880926,0.8942221220508593,0.49828414208452887,0.8073409459468893,0.7906311143255662,0.8407999508596439,0.8405002967951158,0.7923973916147302,0.770430105455833,0.7921259811333622,0.8185445547814089,0.8233138667843592,0.7715537104984397,0.699374380311576,0.5489655147173998,0.574423474062647,0.79829824282939,0.589285661670923,0.30610932279029374,0.7819837884425089,0.639179146583354,0.8903458885092842,0.22094140037520268,0.8033006242185268,0.813296503602152,0.8414726715324692,0.8055826021793978,0.8400501514955668,0.764171120951414,0.7621599332624074,0.7898691878934896,0.6270566670287325,0.8125604895014943,0.1276595473064793,0.47321892629631346,0.0,0.004636068592322352,0.0,0.42745097201076526,0.0,0.0,0.0,0.0,0.0,0.018005225771949403
p_81,0.9616457884227402,0.8099354151900693,0.6211657874935674,0.8953995155216949,0.542001456961275,0.7105908701176965,0.7014843567635853,0.8593634339628896,0.7715483758789434,0.7269557122783266,0.7277923297742502,0.7993536202549054,0.7822222203924627,0.8446703633942282,0.8100660216150933,0.7393364905550189,0.7390965703306208,0.5911214884214779,0.8200052546027807,0.0,0.44930417197280204,0.7724193868348836,0.5776884747498997,0.9091191546504274,0.5381882723073865,0.7714227245174649,0.7791131175552443,0.8827437822674532,0.6768460567248485,0.6476014752679873,0.6746242248571525,0.8039015319982337,0.7266949133297275,0.6422287342945108,0.8052612987241691,0.0,0.36516068763315934,0.0,0.005494505444189511,0.0,0.2927496539979528,0.0,0.0,0.0,0.0,0.0,0.020348394484747023
p_82,0.9736593999016343,0.7851861226656007,0.6615654214765875,0.9032049321619893,0.6537273901467693,0.7765603281371213,0.7989694527434241,0.8114374029179423,0.6777940971053624,0.6818650704746595,0.6990718107008504,0.8370574922494163,0.7989260131280936,0.8210833893939113,0.7392507442110997,0.7393939367579538,0.7484567872358919,0.6006322381387541,0.7706699921857894,0.19565215264650515,0.4668166452934947,0.7757603153224649,0.6235204425449743,0.9096114190087062,0.6653620319698531,0.7267513989890679,0.7884148118712204,0.8910694318152593,0.6368638232039617,0.7754054600950467,0.7242136046715104,0.7915785224221028,0.7590327147680435,0.6051080490657362,0.8278666777226888,0.12499998046875305,0.5097256832432634,0.0,0.0046635576204804175,0.0,0.39563862312089376,0.0,0.0,0.0,0.0,0.0,0.013631475539434524
p_83,0.9658800735324425,0.8121556682145006,0.6634217217488136,0.87431760624773,0.24390243664485428,0.7671044193005997,0.6917655148292007,0.7954893664304166,0.7786169450334943,0.6409417913222785,0.6141699550921048,0.8257989071983654,0.7781469162455761,0.696476299074436,0.7515014155790353,0.7784960844556104,0.7348157957689485,0.3783102096051676,0.7820597373202113,0.07272725950413463,0.26452189218479094,0.8005512527977604,0.6404330565643491,0.8648843666829439,0.22429906242591371,0.7126937618729637,0.7390824269351376,0.8395626742692839,0.7634686753307067,0.5875839314553141,0.6572676714510174,0.770699967708364,0.7977808577037978,0.5239436570521723,0.7569354023465845,0.0,0.3108022721996066,0.0,0.004631416423653352,0.0,0.3235747253686483,0.0,0.0,0.0,0.0,0.0,0.018678792317708335
p_84,0.9678410396079681,0.8172389453881298,0.6671749381714976,0.8081063959881937,0.41984732423809806,0.785804045403988,0.8016048483066116,0.7826698830002664,0.7128916272304936,0.6580368966893927,0.6930285698445061,0.7540477997145419,0.5614627269719754,0.781337314906001,0.808244729706916,0.7916241042093357,0.72167487388475,0.567615653313028,0.8079316346072085,0.24999997395833604,0.2509090886280992,0.798573324262399,0.6523370249412235,0.842435093530419,0.6028635975669662,0.665277570925674,0.7724948874749296,0.8273926164782625,0.7520344653518017,0.6667988100428158,0.6804123695398023,0.8164787503759942,0.7495098020845348,0.5992779740124334,0.8205433942419357,0.19444441743827534,0.40566037496662516,0.0,0.0,0.0,0.13572854020501918,0.0,0.0,0.0,0.0,0.0,0.02207249232700893
p_85,0.9664899526965315,0.8114487725839177,0.6834077375838022,0.8419021793612727,0.21538461343543336,0.6860833534764602,0.6948807637773408,0.8483647170166224,0.7786013526924468,0.5260291869679491,0.5581740572310744,0.6783357225872719,0.5719980055505779,0.630870593446493,0.6658432297711704,0.5964466986153341,0.59556425115602,0.3536165286611191,0.7672137152588121,0.0,0.4331683141511862,0.7830843991165058,0.6562974466049686,0.8377365068626336,0.38428483496448845,0.7752931375290375,0.7520318015356926,0.8151759479872642,0.7410433681740589,0.4904019509063507,0.5664913588157563,0.7348274987536074,0.7174955801123565,0.5022421479619539,0.7382991601883389,0.0,0.40476190297724024,0.0,0.0035114120804830393,0.0,0.3211678785230967,0.0,0.0,0.0,0.0,0.0,0.020129249209449404
p_86,0.9785703809210282,0.8332283451614584,0.7355059769283224,0.8610527949377759,0.3033240976224093,0.7854555210558283,0.8208605494507787,0.868592184153382,0.8433550353078577,0.7846880123309852,0.757358788763302,0.7531313100883583,0.5767901220326169,0.8346641765672831,0.7244385183833059,0.7787764546860642,0.6517675715084617,0.6118479167829539,0.8220502893403769,0.6865671300215358,0.358798280181989,0.8168095640491598,0.7155839563516796,0.879222338658151,0.49122806642846634,0.771298561042821,0.8236824702550471,0.8913120353110268,0.8455025146085379,0.7501284810873384,0.7598100455890776,0.8106060597980402,0.773978313110986,0.6094299745993669,0.8508143314557335,0.4999999431818246,0.4240240214773332,0.0,0.0034622042500738357,0.0,0.427184460094529,0.0,0.0,0.0,0.0,0.0,0.014077322823660714
p_87,0.9731417711609476,0.8335397345845926,0.6977668273741469,0.7829293988521276,0.42394014610191066,0.7799282372567335,0.826462904857206,0.865567162928585,0.7666166906963809,0.7233398604919531,0.7030075171451892,0.650048872678158,0.7175639878253223,0.8652922901505615,0.7912005257204094,0.7967296284276018,0.6309751403873081,0.6366612059193028,0.8337419405849978,0.1846153562130221,0.36213017322922875,0.8259578388884158,0.6947094935055309,0.8223808647126848,0.48450703770415926,0.7677361285557666,0.8281109932029896,0.8841151875963102,0.7793209866521078,0.7577751728497475,0.7586354843195978,0.8214828889529631,0.8222811649276361,0.6279411718533737,0.8113354029393096,0.3461537795858116,0.4082797972285525,0.0,0.0,0.0,0.31329689775415487,0.0,0.0,0.0,0.0,0.0,0.014783877418154762
p_88,0.9704009888379492,0.8067067405432974,0.6479153509668399,0.8116358217338674,0.390484000078064,0.7851816718612015,0.8073484051921942,0.8039893019812853,0.7601845738165003,0.6583955217738848,0.7613421532104392,0.7813248173131491,0.8170612388631164,0.7859047976425515,0.7571640832549734,0.7983739815762222,0.7161210082216286,0.5306513359133014,0.811161810450016,0.19999996666667222,0.36221590651835295,0.8009944976433505,0.6424888476812673,0.8008504601502155,0.4163822490069774,0.8006461559094779,0.8297633061610252,0.8455944728847447,0.7126143858304015,0.7585390592166562,0.7082467066106568,0.8070533066893759,0.7582733794765627,0.6367712963691782,0.8263228094030033,0.0465116170903216,0.36546184494336115,0.0,0.0015649452146717902,0.0,0.41197182373289043,0.0,0.0,0.0,0.0,0.0,0.017031133742559525
p_89,0.9662995253485632,0.8173317361791044,0.6878608288229681,0.7951480954611294,0.21725888104305704,0.7454089169628705,0.7160343664254656,0.7876495127746039,0.7673354443654401,0.6835327627538088,0.5884208141734156,0.5448140878872246,0.7301869974840005,0.6823914970636372,0.7255456742870395,0.6808789744805543,0.5287433137408312,0.5397987141829944,0.7033155809110844,0.0,0.2346938745574761,0.80623405666679,0.6662117185664189,0.7702463169914759,0.18481012424290982,0.7894638343806811,0.7306392114100467,0.8470306617764558,0.7807853592822654,0.6570690283535511,0.6527777764444899,0.7756833168937952,0.7658157581414656,0.5993377433829657,0.7047867704919175,0.0,0.3380281662135198,0.0,0.0011350737733537243,0.0,0.2800875212234678,0.0,0.0,0.0,0.0,0.0,0.02031947544642857
p_90,0.9681910922215581,0.8233340906179815,0.691362972187168,0.5832482119652297,0.13995485169351182,0.758646159028796,0.8107775032884037,0.8019838158172885,0.6356916569079927,0.6251561842720157,0.6211731698500277,0.5134718994862513,0.7234684246494469,0.7434820372291386,0.6898878627668077,0.7264548756636073,0.5075253744923858,0.037842951392214275,0.7386428740782165,0.0,0.22251308609276066,0.8092844540159297,0.6869069740915633,0.6405461000181915,0.2890442856754745,0.7937006553174382,0.8281984692178038,0.8456347528228413,0.691053568035274,0.6621941587784194,0.68117190719265,0.757638951167251,0.7330267764862678,0.14835549231381742,0.6758412346430803,0.0,0.26315789196675904,0.0,0.0,0.0,0.18874772797191058,0.0,0.0,0.0,0.0,0.0,0.01680544898623512
p_91,0.9590302773331145,0.8107998078076821,0.7010604181778082,0.8096080435668894,0.14248479459179153,0.8095813488735087,0.6889695041180566,0.7658434715971294,0.6544850491090974,0.6037766691704597,0.6363141653613021,0.737210038966603,0.7060686003411283,0.719371802075117,0.6544976149856129,0.664833652282558,0.6041261167608948,0.5053763402044829,0.7760953838226206,0.11320752580990079,0.22254127622009134,0.8041551139363485,0.6871752812771974,0.8392392714404912,0.3233082676380802,0.712845944485946,0.6722820883322665,0.8700201942032219,0.6801628098969978,0.6149907295709449,0.7042352105281148,0.7820032131134722,0.7758395098651559,0.5342281843340391,0.7630879707266873,0.2068965160523248,0.3411371218442747,0.0,0.0,0.0,0.06289308044249307,0.0,0.0,0.0,0.0,0.0,0.03525535946800595
p_92,0.9755102346006536,0.8208331999720252,0.6944294100709476,0.8900807000202178,0.4950617253391252,0.7819918707686354,0.8027923906156815,0.8406061291781896,0.8249846897428235,0.7792819297829293,0.7642079788048175,0.797829809258053,0.7262621567247287,0.8703401947274216,0.7786242917080711,0.7281249977246094,0.6745825577937566,0.6210892164416082,0.7956343785396686,0.43902433670434915,0.33904528556275837,0.8200292724018318,0.6974435549549278,0.8574569148284628,0.5542168645667006,0.812191965414193,0.8474113883328392,0.8421052626659821,0.8066738419734405,0.8254264136215618,0.7623116690750806,0.8001828146250615,0.81987577408279,0.6354635406348916,0.8254816992481961,0.3170731320642522,0.4815637473053587,0.0,0.0024927295284888676,0.0,0.3900826381804523,0.0,0.0,0.0,0.0,0.0,0.013031005859375
p_93,0.9678931952728833,0.8268529719544497,0.6444013408612502,0.8554049099100751,0.3513985983269353,0.8139695138195734,0.8066348053805179,0.8197307408414443,0.8332094165635572,0.7618322057310426,0.7268751350822762,0.741773129145284,0.8208366203219483,0.8691906190352512,0.7733511876204093,0.7708154484382962,0.662486165022183,0.63146997275911,0.8153888223034107,0.2089551926932548,0.4135021072121633,0.8148587512444327,0.6339928071330865,0.817492963402526,0.5458563475595983,0.7847203565291139,0.793075169412091,0.8761439897519863,0.7268252656182318,0.7243033574315573,0.7218409351597882,0.8357435777727784,0.8265512241657973,0.5020177522032465,0.8210717522061111,0.33333325396827285,0.4705174460257675,0.0,0.003787878752008724,0.0,0.3610108238084689,0.0,0.0,0.0,0.0,0.0,0.017600795200892857
p_94,0.966365316067395,0.8070662217292964,0.6575016594831768,0.901402664211103,0.2996670333000329,0.730573883151238,0.6598472706258773,0.8119714503616797,0.799219184607893,0.6973918501127141,0.7482447323263672,0.7903170787919636,0.6479106316758159,0.6744732079090623,0.784932388082279,0.8007085893099835,0.7359076753843422,0.6323809463582767,0.8094071525630503,0.30555551311728985,0.44444444197530864,0.786451579251055,0.6317161205545131,0.89618629736882,0.5855777533833384,0.741694590535736,0.6639846306847235,0.8710775041770148,0.7371528233769585,0.6247584396672066,0.722915136407642,0.8285772514996156,0.7106885901575318,0.647309985932451,0.8154214933925075,0.4423076497781106,0.44092071385718307,0.0,0.0042949176500005895,0.0,0.3382352879000866,0.0,0.0,0.0,0.0,0.0,0.022356741768973214
p_95,0.9694590845246682,0.8087591435606419,0.6667492104954026,0.6653569084876978,0.3343898547195733,0.7877239386835024,0.8221758617986784,0.7737735648506543,0.7621568890035434,0.6401488710861261,0.7239057223823533,0.7060270573758628,0.7936060159999859,0.7919324544776006,0.7485777199957995,0.7113375778055093,0.6570931215966356,0.567901228725296,0.7872169001994299,0.2033897960356278,0.15163398494596098,0.794690608970181,0.6584746508890704,0.6873276920930433,0.4470802878916032,0.7229548468859021,0.7844322554143622,0.8586817401564197,0.7341940626458219,0.6196746701121227,0.7014995297528127,0.8211668920658826,0.8112756789028293,0.6074450033211083,0.8011955431562399,0.4444443738977184,0.2278026885398862,0.0,0.0,0.0,0.16206261211671066,0.0,0.0,0.0,0.0,0.0,0.019840204148065477
p_96,0.9676806130208865,0.8123186471823144,0.7014989464346159,0.8158405450743034,0.43394715425182423,0.7541299187997201,0.6972926488926079,0.7960750415394402,0.7584854787912199,0.5947545661855755,0.627871361738378,0.7798789683060553,0.7885232728962214,0.7259909357994402,0.779733790657163,0.7642163643915479,0.6330451458547303,0.5757883969909624,0.8102866772257279,0.037735841936633596,0.3316062141802465,0.7921307460740766,0.688282820206734,0.8211904319929098,0.20070838015692585,0.6974455560453335,0.755279842473762,0.8511356656173851,0.7604726091890768,0.5814834861055945,0.6932031530356682,0.7979481822309614,0.763605074717993,0.5911559302470448,0.7929064704638874,0.0,0.3228070147122192,0.0,0.002169197373436037,0.0,0.15506957942207597,0.0,0.0,0.0,0.0,0.0,0.025718906947544643
p_97,0.9714223460093507,0.8299796667537941,0.7064800797231056,0.856073433358848,0.32861189568971744,0.7475739134644798,0.7664452324580163,0.7624057161758606,0.8168977571376211,0.6154322254843901,0.41578947277239153,0.8324637657030035,0.832468617853609,0.683471408279012,0.7517670632432039,0.7488384784125759,0.6901239476604399,0.5937813380764159,0.8157850255063503,0.18867920968316798,0.2830769208994083,0.8227608489101325,0.6931398816201805,0.8384606099418142,0.4859365620231205,0.819819819591864,0.8162906568156083,0.8733910103010176,0.7990388253458469,0.6517899528517805,0.7030091567749474,0.7491364011304861,0.6242393493300219,0.5653495383449895,0.8328752541600539,0.2727272314049649,0.3806896525469679,0.0,0.005698005616837527,0.0,0.4819277025485766,0.0,0.0,0.0,0.0,0.0,0.018458339146205358
p_98,0.9751193272871999,0.8186331661231177,0.7066376111570567,0.8030143509707905,0.3742203703303496,0.7908049718311878,0.8332262189819332,0.8507028881602094,0.8181141429055656,0.7470712495226894,0.7569089028738257,0.7954198442922906,0.6618998965027582,0.8570890022178469,0.7948198189247525,0.7761013857088068,0.6304801637240075,0.6678932781242569,0.8390401206117423,0.3692307124260442,0.382695504303698,0.8079873700546366,0.6894392380391441,0.7821099345973985,0.42374853988651295,0.8046445856298894,0.8659733061966126,0.8847165744530515,0.7418777171375317,0.6754032251256016,0.7294233594642106,0.7930371627583969,0.7970156912862987,0.5122171899346861,0.8366364133759618,0.1851851508916387,0.3685464625214737,0.0,0.0038350910466434223,0.0,0.3387533829437211,0.0,0.0,0.0,0.0,0.0,0.013837541852678572
p_99,0.9751625044184515,0.8362367766490318,0.6939305458525973,0.6004814630712745,0.3391304310964084,0.8131824887326161,0.833868373697842,0.8383794897219211,0.7756898950116076,0.7889744622707949,0.7301105555384554,0.595809910087839,0.7521446771339099,0.858588947542954,0.7714535045365524,0.7673109841758967,0.62576188286972,0.6555090609797136,0.8211586894868526,0.365853613920291,0.14775725398737133,0.8278494072212551,0.6914155087156981,0.6762844371963102,0.4190871325820837,0.8344306637997165,0.8650101750580981,0.8802007523813297,0.7889889043447887,0.7775010037946959,0.7608961287965456,0.8125113649640741,0.8065727680596884,0.5427069609546192,0.8173565413364233,0.2372880953748991,0.25696316031479643,0.0,0.0,0.0,0.3001293622234235,0.0,0.0,0.0,0.0,0.0,0.012444923037574405
p_100,0.9768078971044493,0.8345852634466667,0.7161961711630725,0.7535400604925973,0.5204778112587217,0.7654843514856976,0.7985607249090414,0.8402606979585214,0.7532051271078014,0.7283452336455084,0.7690309151233283,0.7812634259507373,0.778101860493377,0.8376041926939091,0.789659491185902,0.7739602149988111,0.6409523779002267,0.5458768810002685,0.815099685441656,0.2711863947141704,0.46861313526559756,0.8161501366708213,0.6815492191763505,0.7897993403170073,0.5202769483652132,0.7438937996291947,0.8376051504116733,0.8754316718824422,0.815460294004975,0.7352537715149797,0.7551608239194412,0.7430099133975605,0.7561465108977758,0.5799999947272728,0.8077360629429882,0.0,0.3093333312711111,0.0,0.0032626427140078082,0.0,0.22388059283804865,0.0,0.0,0.0,0.0,0.0,0.01333342052641369
p_101,0.9718694239679201,0.8144206393084855,0.6495542287083981,0.8848156873862221,0.29185667562308354,0.7598569866024786,0.8087864815566602,0.8535677612592609,0.8384907697631776,0.6922533544946393,0.7602121995750339,0.8066726219640374,0.7293074308925097,0.8714718993533864,0.6866281858025154,0.6398589042685753,0.7036590241107397,0.5669700836544853,0.8028368786734403,0.0,0.47370600217927117,0.806349444061031,0.6459764776032053,0.9085120731394813,0.426387768090203,0.7802340700221234,0.8511709709740399,0.8590620718627553,0.839097021086579,0.7561057201337061,0.779922778040727,0.7946365553033203,0.7851382465865834,0.7399999938333334,0.8288522150668902,0.3571427933673583,0.5991531383233833,0.0,0.006339144165299967,0.0,0.43710291693643055,0.0,0.0,0.0,0.0,0.0,0.013974725632440475
p_102,0.9641961851976042,0.7990567274466963,0.614160747107597,0.9091227628809603,0.6580125306266225,0.7796072099059437,0.8110364370401622,0.8071446727643372,0.7809640012492923,0.7611372277130768,0.6857142841342989,0.8645484925737221,0.7279012327706142,0.810761528365655,0.8072083591307226,0.7761194009165261,0.727741932353798,0.533505147764109,0.8181651368640687,0.38596484456757113,0.4328837480225835,0.7691385061020664,0.5939202731368803,0.9071516310911251,0.43952802035746297,0.7324614733770599,0.8206862456512681,0.847374385563925,0.7683180053866538,0.6636655940017163,0.7123088110893208,0.7961103469019022,0.7907918016929122,0.591572118382722,0.8369931655243799,0.6434782049149387,0.43139097541639576,0.0,0.002129925429926247,0.0,0.3857142802040817,0.0,0.0,0.0,0.0,0.0,0.022474452427455358
p_103,0.9716569127971793,0.8372403507351982,0.6651745720970654,0.7950072006751037,0.26132403953550487,0.7754109166855182,0.7708120756451565,0.8555599520291933,0.8269205675923822,0.621026338986119,0.38109822712514063,0.7040229851339894,0.699926630716736,0.8564610929280706,0.7066653609604919,0.6773879125794642,0.6585117193755774,0.6666666601878848,0.8300328476489602,0.0,0.112271539004288,0.8260140184224378,0.6639312912767238,0.8529647890509435,0.42224510378738306,0.6772507640574769,0.7837875060971446,0.876598726346669,0.8446853050317954,0.7376477419708897,0.6873327370933704,0.8058459148220617,0.7724103566424044,0.6412337610289468,0.8124340393241543,0.3880596435731875,0.334828099141793,0.0,0.0031847133250841827,0.0,0.43506492800219276,0.0,0.0,0.0,0.0,0.0,0.016554914202008927
p_104,0.977037157319368,0.834881768312737,0.7189052522633862,0.7944409344318124,0.2532855405820127,0.7908392138327764,0.8211167858259317,0.862106182421696,0.829603413313622,0.7375818244728708,0.7642166761874204,0.6533266600633985,0.7241457326903242,0.8448904474382981,0.7847141796139444,0.7900373579326591,0.6189473658149585,0.6312900216716375,0.8194419106151359,0.037735841936633596,0.2956705354205857,0.8248735171308826,0.6905319369867159,0.7563352820367647,0.36499999543750006,0.7674929719479956,0.8124006358713398,0.8740640594456822,0.8142372872155511,0.7607000182987446,0.7498395019263011,0.8072998422220371,0.8309716578163672,0.573436397937903,0.8037212688765768,0.04761903628118183,0.2628571407113703,0.0,0.002954209705255396,0.0,0.23255813537463085,0.0,0.0,0.0,0.0,0.0,0.012365577334449405
p_105,0.970851621136797,0.8320716697823561,0.6783635458759709,0.7255286085756073,0.3964098698847429,0.7980185543471484,0.7876130243102666,0.8246023325426287,0.777170288335551,0.7928677006717778,0.7557517993126847,0.6460309503443288,0.7436591954108367,0.7824250374760112,0.7688684286812243,0.7648183535514385,0.6619874375249817,0.6041478755261689,0.8063581105129891,0.3999999272727405,0.41516587284202966,0.8166638571223629,0.6721422219981292,0.7623445820516203,0.6153846106977562,0.7972160883256795,0.8021019283935018,0.8830099272997463,0.7673966557374671,0.7427507829714433,0.7120530920315712,0.8120971732155705,0.7819037636456491,0.4208955192470484,0.801658985436259,0.31999993600001275,0.386503064520682,0.0,0.0,0.0,0.4214992868246211,0.0,0.0,0.0,0.0,0.0,0.019219244094122023
p_106,0.9679013425616034,0.7838194608227408,0.6529437600919064,0.8660942044098393,0.2485549109002417,0.7795383113082175,0.8120753896111506,0.762247761897014,0.7857328135074801,0.6375149335274612,0.6601650396094897,0.7839276189890164,0.7274425542173687,0.7731828201233316,0.7334191878799966,0.7372525472787865,0.6826649804778497,0.490566031124447,0.7778356776291162,0.3333332716049497,0.2131039032885248,0.7702495573756496,0.6286595278011471,0.8712353333565371,0.4010913997122592,0.7112193438405199,0.7593258162579678,0.8070157226884875,0.7438914017532109,0.608726331166969,0.670342291131766,0.7994953203664228,0.7871042672462844,0.5573770446116636,0.8188052690680335,0.0,0.4042666645105778,0.0,0.011961722344955475,0.0,0.3339130376710776,0.0,0.0,0.0,0.0,0.0,0.019355846586681547
p_107,0.9739022682184211,0.8317790578869948,0.715198286880316,0.8715996397620268,0.31557376725846553,0.7843488982610154,0.8220754204218276,0.8533423130418464,0.845803356299996,0.7775357507552461,0.7389635298969206,0.7036759163403004,0.7028518843080683,0.847054334672126,0.7785557978352782,0.7685009463361766,0.6192384738515107,0.47323943217615555,0.7979304390170255,0.5663716312945459,0.40951275864551767,0.8114774194470264,0.6937866588720483,0.8707923108903928,0.46217788476992616,0.7533384834032285,0.833818886378283,0.8403748322139893,0.8442296062305382,0.7560584622762296,0.7282261725302641,0.7859528161306121,0.7870122109412803,0.5753899430208844,0.7924271836966726,0.5432098094802704,0.4656019627420027,0.0,0.004975124316229798,0.0,0.4511784435828545,0.0,0.0,0.0,0.0,0.0,0.0155181884765625
p_108,0.9694313651446199,0.8201736383921027,0.6761553360018254,0.8205938800832144,0.31506849045318075,0.7959612524227457,0.824863387924482,0.8620541465072765,0.8245990644972863,0.7376118534228694,0.6970811854376228,0.6812080508338588,0.7984344407075648,0.8550280915259408,0.7295862130752568,0.7312446084183828,0.6666666643372933,0.705693659136378,0.8245350358589751,0.37681156689771256,0.3158769716053452,0.7992771906900951,0.6434497943008946,0.8409406999361861,0.4087591198252438,0.8330042774945144,0.8579615910423372,0.8787038542496037,0.846915802738726,0.7480780595820244,0.6596032446807862,0.7839880556275188,0.7388669282243295,0.6559632977372837,0.7942761561101318,0.30188673549306877,0.40057429719616444,0.0,0.0057887119278044585,0.0,0.49211355690672626,0.0,0.0,0.0,0.0,0.0,0.016147577194940477
p_109,0.9731983574159487,0.8300208418246605,0.6905889930481559,0.765803431659405,0.3797468320095223,0.8148148145795978,0.8417521277211166,0.8548071382528456,0.7994470962560354,0.7210564021690486,0.6555151499260239,0.8388732370735965,0.8573571685743754,0.8403505095586596,0.8060331816932799,0.7135316681537148,0.6733084239381136,0.5861027131308891,0.805088679724126,0.6846846230013853,0.3953934702937287,0.8257815015549009,0.6863532692959357,0.8257403183841178,0.4488734796458104,0.807291359677457,0.8589055090732386,0.8579068914197722,0.8267926346574702,0.7700901599665914,0.6831818166291322,0.8246418330232648,0.7758420423325388,0.6435185135530979,0.802520217413466,0.35897431295201115,0.4971392212514989,0.0,0.0032441200061304135,0.0,0.3545051646306475,0.0,0.0,0.0,0.0,0.0,0.016755022321428573
p_110,0.9774456236479341,0.8193980222719037,0.7285836188932725,0.845225126704237,0.29286607893784633,0.7699517647528086,0.8189806915794012,0.8421564911900955,0.8510022262238283,0.712448132041029,0.7310615328976182,0.5548098402974841,0.556283128917109,0.8550317064874493,0.7760109032530544,0.7321477408149172,0.5671059025519477,0.628890657391136,0.8178479610559604,0.4615383905325553,0.42530755338042575,0.813839471459193,0.7165394430891494,0.8360009012421095,0.4399460129561942,0.7805598044224673,0.8380112694174339,0.8793893124976067,0.8511421447968581,0.7351598165886677,0.759791712112765,0.8041850437950713,0.7980561533529801,0.5853658494593554,0.805758050377634,0.5393257820982267,0.40831477053960824,0.0,0.0014587891943195538,0.0,0.32277525908332944,0.0,0.0,0.0,0.0,0.0,0.012936546688988096
p_111,0.971073644288552,0.7889571671070993,0.6762385364861928,0.8541165583468471,0.2242990628002446,0.7768260153937151,0.7323312005631236,0.8404125888175549,0.7895266858137882,0.6175377207330661,0.7052023105082028,0.723155585379271,0.8207964586637234,0.76404117614525,0.7728941169196291,0.7369058409418533,0.6142297630083885,0.4667931644516778,0.7894042224835933,0.22222218106996647,0.45904590045863275,0.7598844432543023,0.6333378223499422,0.856376999197416,0.21321321001181368,0.7439999997975509,0.7303747135693284,0.8576986892157128,0.7536060525495317,0.6860736376041449,0.7776831329265692,0.7564310980621296,0.7620455194737051,0.6955245730335688,0.8157821609560229,0.0,0.3623188379542113,0.0,0.006015037503533271,0.0,0.0,0.0,0.0,0.0,0.0,0.0,0.018242390950520833
p_112,0.9768870678463264,0.8420380395191106,0.7214051162671413,0.8516786289179539,0.3877118602996625,0.8349487442152597,0.8224653617204706,0.8584921017974857,0.8073105775752717,0.7245179056232607,0.7303599711787186,0.8053065586041356,0.8382642984249437,0.8666608252227003,0.7962114260146538,0.7694934525626254,0.7099364312146657,0.6131650079967087,0.8286040579560713,0.13114751948401318,0.4245998279309197,0.8316209158680589,0.7097355250241947,0.8514840177788333,0.46643108991247245,0.8394815551015061,0.8396000217399869,0.8676932909534325,0.792543594957855,0.6946301480540973,0.7599301598430158,0.8254967530734835,0.8255319126980534,0.6448598080618395,0.8458708839011672,0.30188673549306877,0.4669260670108556,0.0,0.0,0.0,0.2174629288721099,0.0,0.0,0.0,0.0,0.0,0.010642787388392857
p_113,0.9743156854837556,0.8222621300347864,0.7131629622964972,0.8706794027426711,0.5301003300158835,0.8206171770354814,0.8625895229674778,0.8190622088859976,0.7846170136829993,0.7209911004004614,0.7167498848916254,0.7737556531909665,0.7533989668227873,0.8609372355166744,0.7969860969999086,0.782584108615821,0.6878441309282332,0.63867186876297,0.8153265167032085,0.09523807256236366,0.41868822624718577,0.8202813427244725,0.7151509952806688,0.8537506289420412,0.41447963425810286,0.797080047700794,0.8558301013238109,0.838794664449863,0.7941439418929996,0.7100448088965228,0.7753461349366991,0.7473856871566684,0.8065452604736203,0.6127366556563111,0.779607108718796,0.2127659121774655,0.27390180642634104,0.0,0.009302325473228774,0.0,0.4059590240975973,0.0,0.0,0.0,0.0,0.0,0.016063290550595237
p_114,0.9753952568128317,0.8273069308775818,0.716678104513777,0.8759501857105126,0.18076477194942328,0.7849585960766242,0.7944483605284427,0.8509198808006411,0.8346128527806396,0.7963233392351832,0.7413831426698174,0.7426160309067279,0.7274119430132415,0.8664107875299054,0.7895377120949537,0.7725540005780076,0.7376712303504409,0.607170094529595,0.8229232569620146,0.52525247219672,0.42388758534023663,0.8098119724939596,0.6878015369342727,0.890262960898871,0.426646703393363,0.7937907918267795,0.8155205165212086,0.8934843847668379,0.8115817685666684,0.7016853926014182,0.7690355313683682,0.8267500228978403,0.773698102294941,0.6369770537315989,0.8395084534421986,0.1573033531119828,0.44886677474368836,0.0,0.00412087909257638,0.0,0.4560810733770089,0.0,0.0,0.0,0.0,0.0,0.012477475120907739
