deedsBCV,,,,,,,,,,,,,,,,,,,,,,,,,,,,,,,,,,,,,,,,,,,,,,,
,Unknown,Left-Cerebral-White-Matter,Left-Cerebral-Cortex,Left-Lateral-Ventricle,Left-Inf-Lat-Vent,Left-Cerebellum-White-Matter,Left-Cerebellum-Cortex,Left-Thalamus-Proper*,Left-Caudate,Left-Putamen,Left-Pallidum,3rd-Ventricle,4th-Ventricle,Brain-Stem,Left-Hippocampus,Left-Amygdala,CSF,Left-Accumbens-area,Left-VentralDC,Left-vessel,Left-choroid-plexus,Right-Cerebral-White-Matter,Right-Cerebral-Cortex,Right-Lateral-Ventricle,Right-Inf-Lat-Vent,Right-Cerebellum-White-Matter,Right-Cerebellum-Cortex,Right-Thalamus-Proper*,Right-Caudate,Right-Putamen,Right-Pallidum,Right-Hippocampus,Right-Amygdala,Right-Accumbens-area,Right-VentralDC,Right-vessel,Right-choroid-plexus,5th-Ventricle,WM-hypointensities,non-WM-hypointensities,Optic-Chiasm,CC_Posterior,CC_Mid_Posterior,CC_Central,CC_Mid_Anterior,CC_Anterior,non_jec
p_0,0.968949619,0.760849635,0.646577949,0.851216988,0.284615381,0.774928092,0.783416551,0.870988289,0.76235156,0.723818525,0.627758912,0.812465525,0.754036596,0.82398869,0.812864463,0.764220182,0.704174226,0.668841756,0.827752847,0.204081591,0.267628203,0.772815966,0.654862853,0.803686635,0.472850673,0.712154573,0.795465943,0.879624749,0.786741712,0.734137796,0.546453088,0.798548094,0.788237781,0.59416058,0.830172705,0.478260766,0.335742969,0,0.001652893,0,0.431432967,0,0,0,0,0,0.001305135
p_1,0.967153382,0.756314106,0.650042791,0.806042367,0.18773946,0.76256045,0.760553989,0.820005759,0.798569137,0.636946866,0.474435195,0.617239836,0.816200577,0.842408457,0.792739468,0.734555983,0.581803003,0.551966288,0.821353509,0,0.24485798,0.771173257,0.668213312,0.780491899,0.143344707,0.79280325,0.813670161,0.868812011,0.709496525,0.749804167,0.557006706,0.787759685,0.766385766,0.581652566,0.819289339,0,0.227099234,0,0.00341006,0,0.272921103,0,0,0,0,0,0.001793998
p_2,0.97182515,0.760068972,0.65787129,0.862347399,0.497487431,0.797821158,0.845496332,0.892697132,0.83605679,0.791331269,0.63995609,0.749119715,0.809202116,0.867950825,0.831359999,0.811188809,0.669257337,0.597643093,0.837502282,0.45161283,0.358070498,0.75873675,0.657495532,0.835211454,0.563380276,0.823221941,0.870561636,0.892674224,0.816023738,0.76005638,0.578709847,0.821006836,0.783092886,0.699397065,0.828469883,0.114285682,0.336401671,0,0,0,0.338028164,0,0,0,0,0,0.001104446
p_3,0.965583462,0.76775816,0.64485875,0.83219828,0.377358486,0.746555357,0.675324989,0.850194855,0.800636573,0.688118336,0.468239563,0.749560939,0.726497867,0.794450846,0.818501487,0.802365695,0.683308492,0.582728002,0.825947767,0.227272676,0.289000717,0.777519313,0.649026532,0.865301953,0.327272723,0.707907451,0.760923674,0.870081164,0.803936604,0.746183044,0.669547247,0.811244287,0.788925696,0.567010306,0.804599688,0,0.400219899,0,0.009813543,0,0.029411764,0,0,0,0,0,0.00170477
p_4,0.970961936,0.7482851,0.641815454,0.864979233,0.424060144,0.801624874,0.845908481,0.843474222,0.820560942,0.622181781,0.409661377,0.73785714,0.797564686,0.876191454,0.809642371,0.79068396,0.701415255,0.568039075,0.819935394,0.338982993,0.317981071,0.763136967,0.651435907,0.853350324,0.614770453,0.823823947,0.853317874,0.899600062,0.822372594,0.741771918,0.575676874,0.81807253,0.780596597,0.634510865,0.828513162,0.157894695,0.541929227,0,0.005338078,0,0.319236012,0,0,0,0,0,0.000924973
p_5,0.969645832,0.766706595,0.651621893,0.884912658,0.430412366,0.754140127,0.814290529,0.872847909,0.805633802,0.788734912,0.742857141,0.804555083,0.749537157,0.83155584,0.819105077,0.783308492,0.67938107,0.613251151,0.828980285,0.296296241,0.374999998,0.779528649,0.659831674,0.880374912,0.411078711,0.746456693,0.827574428,0.883339279,0.811148002,0.816382627,0.77217308,0.827950674,0.791908974,0.670118338,0.819658475,0.296296241,0.455882351,0,0.00530504,0,0.475037814,0,0,0,0,0,0.001359776
p_6,0.967560417,0.772076147,0.631221802,0.894345084,0.434782604,0.725119128,0.806680891,0.819011245,0.76094193,0.672131147,0.656849854,0.768483538,0.808437199,0.809611224,0.773762232,0.77763913,0.623770489,0.58178256,0.795530106,0.406249937,0.378478662,0.761199919,0.631454447,0.881073636,0.364331206,0.726241135,0.81097136,0.866892629,0.763362164,0.707004409,0.680840781,0.804668847,0.805943267,0.664015898,0.778016854,0.093023234,0.438933082,0,0.004839685,0,0,0,0,0,0,0,0.001215908
p_7,0.972757105,0.755389772,0.6652466,0.831814016,0.470974803,0.74163839,0.818942228,0.874736101,0.816223403,0.661327004,0.553020806,0.742898759,0.791032825,0.842673183,0.820039682,0.753507012,0.687912939,0.561717347,0.848303392,0.271186395,0.357827474,0.762789891,0.667673467,0.865351223,0.377491203,0.802108678,0.858121568,0.888700535,0.808640525,0.731207074,0.645823154,0.825466519,0.781425138,0.691419136,0.84099014,0.18181814,0.489932883,0,0.004123711,0,0.531531524,0,0,0,0,0,0.000748553
p_8,0.971119586,0.762295922,0.654312142,0.833167032,0.548743713,0.77912907,0.843969438,0.861368909,0.830557294,0.644946236,0.404660414,0.752816899,0.746092098,0.856061795,0.806587165,0.806787732,0.683164863,0.659284492,0.837433154,0.377358419,0.392828033,0.76165426,0.658913799,0.761879895,0.579143384,0.806884898,0.865221981,0.896669424,0.820261437,0.726989403,0.611536727,0.828404747,0.822550333,0.672911782,0.841504921,0.095238073,0.366071426,0,0,0,0.506293699,0,0,0,0,0,0.001297433
p_9,0.969001267,0.780581804,0.633236737,0.887795898,0.265975816,0.792988606,0.84077128,0.877130839,0.828460038,0.777233781,0.521815777,0.702531642,0.783628419,0.867861536,0.784902007,0.806959945,0.624226346,0.639283042,0.815074994,0.499999946,0.331043096,0.771659344,0.640186477,0.880170519,0.453804342,0.834215062,0.83786923,0.889358455,0.824771287,0.763962263,0.640735198,0.79044289,0.756516914,0.647746238,0.817622349,0.074074047,0.460204079,0,0.006324111,0,0.31524008,0,0,0,0,0,0.001681664
p_10,0.968829544,0.766207674,0.630643636,0.826223906,0.255376341,0.766700339,0.811044089,0.847421584,0.823916463,0.629358399,0.307735742,0.708074532,0.782216278,0.871985459,0.763990267,0.80022637,0.688046644,0.528147385,0.799087143,0,0.392129302,0.776498216,0.63571135,0.826914728,0.411560689,0.833924676,0.863150406,0.837574891,0.829064587,0.653946575,0.479147778,0.763110667,0.801958382,0.625121708,0.780993896,0.575757489,0.411910667,0,0.001806685,0,0.099999999,0,0,0,0,0,0.00165042
p_11,0.967062717,0.75662986,0.648743544,0.878623068,0.51381215,0.79305741,0.829456547,0.854466376,0.822855749,0.595740706,0.432660722,0.725683888,0.756027552,0.819478884,0.827253542,0.766550521,0.725597267,0.494496185,0.824917897,0,0.411318846,0.765226481,0.653121469,0.879333268,0.605783861,0.801217319,0.853294136,0.886945962,0.798903325,0.738768414,0.64716981,0.806611885,0.78302712,0.659969083,0.816576086,0.319999936,0.51612903,0,0.007792208,0,0.063999999,0,0,0,0,0,0.000795056
p_12,0.969736014,0.771612946,0.648624251,0.866139911,0.391123434,0.788533051,0.801629627,0.879050264,0.82761986,0.677155309,0.569989506,0.711999997,0.735932559,0.874181235,0.805106557,0.789297657,0.714401292,0.481617643,0.774656966,0,0.4629981,0.777688911,0.6440798,0.846288534,0.397080286,0.800719223,0.839104677,0.894282147,0.825610417,0.739847453,0.605627305,0.827956988,0.818305637,0.65767045,0.838189152,0,0.392344495,0,0.006868132,0,0.288840259,0,0,0,0,0,0.000597127
p_13,0.974482948,0.783341278,0.652767076,0.837783933,0.413043472,0.781000762,0.841021491,0.88729963,0.825388984,0.717870567,0.576286352,0.654669258,0.741079073,0.875406007,0.823005093,0.829184547,0.657733535,0.543496267,0.833082423,0.421052576,0.275084552,0.783558988,0.654943757,0.803831982,0.643604178,0.813357122,0.859479925,0.902071859,0.818450912,0.7688997,0.72156398,0.81945006,0.81449569,0.655737699,0.838066292,0.216216158,0.32307692,0,0.008273009,0,0.361820196,0,0,0,0,0,0.000821068
p_14,0.971694213,0.761760375,0.653398472,0.806312578,0.57502863,0.72005821,0.805381091,0.854249987,0.808997844,0.746498599,0.589024681,0.700312636,0.681332493,0.829988156,0.827807916,0.800418517,0.725535418,0.605217386,0.823329558,0.473684148,0.306791565,0.763525275,0.657412966,0.767078891,0.471938769,0.804461703,0.837646769,0.890463156,0.809801001,0.767824141,0.750700278,0.808919722,0.781258365,0.636721823,0.816405529,0.232558085,0.292730842,0,0.00311042,0,0.264099034,0,0,0,0,0,0.001070295
p_15,0.962652542,0.766961874,0.600394073,0.89654785,0.558020473,0.755420783,0.794526595,0.863219058,0.808342212,0.681151664,0.50172003,0.768401311,0.818514643,0.78395962,0.823790876,0.804971317,0.685505922,0.539149882,0.801313628,0.452380899,0.418378376,0.758547084,0.60300228,0.8726736,0.564273785,0.811409021,0.800395171,0.877714141,0.717027863,0.784889166,0.661274508,0.803427735,0.756458634,0.609090902,0.798752834,0.277777701,0.469246434,0,0.002915452,0,0,0,0,0,0,0,0.001417905
p_16,0.96660557,0.740207526,0.632773697,0.874047031,0.509594877,0.76045024,0.796425367,0.854779107,0.760784313,0.682096247,0.681975577,0.78092105,0.770050995,0.795244899,0.78850906,0.787082021,0.728984999,0.476847286,0.78981473,0.26315786,0.386221292,0.75350708,0.642938326,0.865361777,0.47916666,0.779283856,0.79821059,0.867892407,0.658212186,0.726139197,0.547806523,0.802603036,0.810209066,0.712377554,0.790463337,0.181818127,0.448699065,0,0.006462035,0,0.165666265,0,0,0,0,0,0.001500448
p_17,0.966916289,0.769675236,0.626967696,0.750364648,0.44259567,0.770537153,0.843072021,0.830793314,0.79076923,0.622117305,0.397510695,0.770003345,0.795680492,0.829141092,0.785291708,0.78083125,0.68926092,0.596692108,0.783569443,0.145454519,0.302665518,0.776309046,0.643313882,0.763363474,0.357046975,0.805060325,0.859740691,0.849548794,0.756023391,0.736733067,0.638002314,0.791293922,0.759834817,0.61934673,0.782093663,0.108108079,0.337828245,0,0.006741573,0,0.392113906,0,0,0,0,0,0.001084682
p_18,0.971945138,0.76345671,0.641312575,0.648555956,0.386151792,0.797874312,0.834809439,0.874870197,0.797101448,0.753829899,0.63666732,0.694052201,0.779928679,0.872368555,0.829065482,0.813904859,0.652249132,0.584424531,0.826361221,0.470588166,0.189520622,0.770460481,0.647955262,0.723833757,0.544652695,0.825742997,0.853155674,0.894122343,0.79253221,0.766092327,0.689678859,0.806961463,0.784655622,0.660336007,0.828566677,0.122448955,0.287907867,0,0,0,0.212005106,0,0,0,0,0,0.001240322
p_19,0.966823955,0.754055046,0.652558145,0.824845037,0.295541398,0.731786402,0.704227604,0.849571145,0.808799999,0.59059534,0.579141103,0.750384022,0.741228068,0.789519834,0.785758133,0.764547894,0.737616096,0.515068488,0.804176016,0,0.239334025,0.752844804,0.657164358,0.815383569,0.309636646,0.731046931,0.686398201,0.882949852,0.784318798,0.755766621,0.660359047,0.802213867,0.792294805,0.621019103,0.824491384,0,0.340293888,0,0.00608828,0,0.141711228,0,0,0,0,0,0.001381138
p_20,0.968016893,0.770136411,0.639820286,0.716373858,0.134693875,0.77663247,0.807350205,0.848691792,0.734036645,0.726288078,0.631272477,0.666666664,0.731208371,0.824148752,0.764455617,0.771865441,0.656866258,0.539343006,0.814193349,0.482758537,0.152112674,0.768056127,0.631145511,0.743862972,0.617283946,0.770610517,0.822383448,0.856720244,0.636807589,0.771772653,0.707046578,0.77926279,0.794191058,0.611005689,0.783102046,0.20833329,0.332052265,0,0.000940291,0,0.107382549,0,0,0,0,0,0.00165972
p_21,0.972452599,0.780896208,0.652334215,0.876632117,0.504437866,0.783185511,0.802666329,0.8599267,0.825594069,0.695009907,0.559917354,0.69794925,0.746757677,0.855057385,0.826666666,0.827067667,0.675751221,0.668815466,0.842408943,0.204081591,0.438059348,0.780477837,0.659569897,0.869252299,0.650381674,0.771826514,0.83589133,0.868016893,0.821132897,0.696645644,0.559434745,0.837116617,0.817126642,0.734292197,0.820955573,0.21212118,0.513129572,0,0.008575512,0,0.695201029,0,0,0,0,0,0.002160935
p_22,0.966859263,0.728128596,0.647703769,0.695696497,0.258720926,0.750304964,0.81618536,0.876653285,0.702839756,0.720454949,0.706616728,0.526431716,0.672053871,0.801972114,0.790408365,0.799467611,0.447876447,0.662878784,0.793117441,0,0.083109918,0.755959361,0.657390463,0.638517352,0.251207726,0.746940114,0.726480991,0.851106257,0.708375377,0.752646775,0.718946977,0.788894447,0.768639854,0.642670153,0.760410677,0.473118229,0.129990714,0,0,0,0.323342413,0,0,0,0,0,0.001855469
p_23,0.971814141,0.760429419,0.645016276,0.861378205,0.449375861,0.760574893,0.813972634,0.878144949,0.828275351,0.774505848,0.600666348,0.719777672,0.810340983,0.860238234,0.822126745,0.82669596,0.623587887,0.566889627,0.817824628,0.59740252,0.322322319,0.762788976,0.646184465,0.864383784,0.618481239,0.738560499,0.8225997,0.89010989,0.831555985,0.768522226,0.612296639,0.835666463,0.845647771,0.635559126,0.839565741,0.399999962,0.471406488,0,0.003587444,0,0.505982897,0,0,0,0,0,0.001556542
p_24,0.965721835,0.767387944,0.611108516,0.868110315,0.447432757,0.77510029,0.816839223,0.877197235,0.802958579,0.725836624,0.693313952,0.785782899,0.767980882,0.827780204,0.780507613,0.802551301,0.739235088,0.505844841,0.822763585,0.317460267,0.454160788,0.762377945,0.625189759,0.863057912,0.487058818,0.776604432,0.810865783,0.870659519,0.803846697,0.711992661,0.581706062,0.806327994,0.766817334,0.66336633,0.775913129,0.139534851,0.533463603,0,0.005617977,0,0.378238339,0,0,0,0,0,0.001529076
p_25,0.967793452,0.773925722,0.626110715,0.862904101,0.370270265,0.759841921,0.815406762,0.872073222,0.813646866,0.737455985,0.72818499,0.73472222,0.780144776,0.841416254,0.807195571,0.799904828,0.744495219,0.436657678,0.787954383,0.173913006,0.297674416,0.777182565,0.640241352,0.861781365,0.515759307,0.793411926,0.808747019,0.880239169,0.799093084,0.793308043,0.705836423,0.806069912,0.835462057,0.614209315,0.766910502,0,0.349302606,0,0.002739726,0,0.123728813,0,0,0,0,0,0.001531692
p_26,0.970200556,0.742983663,0.639744102,0.67004721,0.255613122,0.71330928,0.793064138,0.812014449,0.673482266,0.583038869,0.460260115,0.533898302,0.710843371,0.841245638,0.787515501,0.774087469,0.540788265,0.522033894,0.766593672,0.09090907,0.116959063,0.75377232,0.644112953,0.746553368,0.532467527,0.704782738,0.783752126,0.866735537,0.700049825,0.699874262,0.553069419,0.792333613,0.787021628,0.586854456,0.751777582,0,0.264761902,0,0,0,0,0,0,0,0,0,0.002066621
p_27,0.958658513,0.754707666,0.582803774,0.897365088,0.519741561,0.740416031,0.781966353,0.836977815,0.754116599,0.756572626,0.736526945,0.781830935,0.788782815,0.797919981,0.793406815,0.765384613,0.661033472,0.549102423,0.809614716,0.389610339,0.467026128,0.7578303,0.594152043,0.875580726,0.543875683,0.747989593,0.774057699,0.860581414,0.709493918,0.71785578,0.593548386,0.779473974,0.782165603,0.677310919,0.762329655,0.163265273,0.452641449,0,0.004728132,0,0.321316612,0,0,0,0,0,0.002761405
p_28,0.971182631,0.753747703,0.67395519,0.73070282,0.388652477,0.742526739,0.746703533,0.845491696,0.651965931,0.608430054,0.444609665,0.522694694,0.692622948,0.795546064,0.797669687,0.772139302,0.586071985,0.367746795,0.755919704,0.108108079,0.290021534,0.762836991,0.665159905,0.753053488,0.274165197,0.714336122,0.760612125,0.872777296,0.614059919,0.728120627,0.694732936,0.790458279,0.77880994,0.576687113,0.781944322,0.133333304,0.398069961,0,0,0,0,0,0,0,0,0,0.001482864
p_29,0.966732595,0.770748904,0.623349338,0.758235379,0.270700633,0.765441734,0.797627063,0.843885558,0.79485261,0.646775097,0.590654204,0.764079145,0.790144801,0.843637701,0.796175832,0.810623554,0.680624284,0.559241701,0.835789473,0.17021273,0.078431372,0.779776694,0.625680061,0.811907801,0.393632411,0.784597985,0.82348525,0.85744783,0.774054328,0.728585757,0.617812851,0.813957827,0.792305929,0.641181576,0.830966637,0.199999978,0.189841797,0,0.009615384,0,0.32042253,0,0,0,0,0,0.001787022
p_30,0.97053602,0.764338332,0.64098678,0.760071743,0.335809802,0.788613276,0.853689816,0.869798539,0.815734508,0.649564647,0.569326281,0.679902753,0.775448453,0.858586424,0.748826525,0.798621084,0.654839951,0.63131731,0.810609585,0.459459397,0.304498267,0.758886705,0.647786297,0.783747779,0.449689435,0.833061337,0.854437997,0.852935551,0.83238735,0.707771355,0.47880194,0.785471264,0.775653922,0.709634547,0.789624025,0.327868799,0.33103448,0,0.005208333,0,0.363436119,0,0,0,0,0,0.00129845
p_31,0.971809096,0.778208259,0.649410025,0.886362111,0.500527978,0.793734621,0.82902739,0.837947924,0.825251846,0.628997134,0.483804626,0.792124774,0.730005366,0.872610119,0.807620175,0.810088117,0.750945433,0.494929001,0.810997782,0.369047597,0.478311838,0.762491066,0.636515353,0.881501462,0.649328854,0.828198656,0.846714662,0.859157747,0.812256808,0.695872722,0.556209698,0.816330507,0.776583708,0.684461385,0.801363874,0.24390238,0.546336727,0,0.005741627,0,0.235074625,0,0,0,0,0,0.001574271
p_32,0.968875086,0.759863954,0.63294076,0.801343322,0.241965969,0.798290685,0.742798988,0.887098495,0.816027573,0.697452552,0.693804516,0.635235729,0.713882793,0.738326614,0.76362019,0.747040496,0.648401824,0.352283315,0.775051124,0,0.203726706,0.772413959,0.657265385,0.82432331,0.360784309,0.742362498,0.791616832,0.844938494,0.795156694,0.688214922,0.628255721,0.771264042,0.7878349,0.48335123,0.774072753,0.117647024,0.299817182,0,0.004524887,0,0.047781569,0,0,0,0,0,0.001568749
p_33,0.970011482,0.771482054,0.620127631,0.892511013,0.34597875,0.789679797,0.811802264,0.838940981,0.799608753,0.714063955,0.545676599,0.776729558,0.717797967,0.869934482,0.811878872,0.778720624,0.695075094,0.632911386,0.835877143,0.552631506,0.460251043,0.768754952,0.621265916,0.884701392,0.428376529,0.82413021,0.851326651,0.874902874,0.777332847,0.796961063,0.70340727,0.833587121,0.822341055,0.674005075,0.831254103,0.043478251,0.4468731,0,0.001387925,0,0.567938923,0,0,0,0,0,0.001228405
p_34,0.967363536,0.763355028,0.645835896,0.86007395,0.508108104,0.799814769,0.8393692,0.864291207,0.834309193,0.645517483,0.484281734,0.757381255,0.78851744,0.866733814,0.797606408,0.789785915,0.694158073,0.598662202,0.834099305,0.338982993,0.436899421,0.761773356,0.641498619,0.863952063,0.445783127,0.828668705,0.846196372,0.89577167,0.835323632,0.807377681,0.714285713,0.823359247,0.817352612,0.717647054,0.845829387,0.127659547,0.39344262,0,0.007884363,0,0.34062797,0,0,0,0,0,0.00117885
p_35,0.965222276,0.747312318,0.615906641,0.855969468,0.495693775,0.754886149,0.818126098,0.867472208,0.78273549,0.707644248,0.65955745,0.705553613,0.79642058,0.81667858,0.822081312,0.802374472,0.644422634,0.47897623,0.815267741,0.393442558,0.349843258,0.761657828,0.626372639,0.839571667,0.610436889,0.77529625,0.824986508,0.879289584,0.809090908,0.728767618,0.717615956,0.781812287,0.795415223,0.616026706,0.78005965,0.291262108,0.334846763,0,0.00255102,0,0.206241517,0,0,0,0,0,0.00174081
p_36,0.963210204,0.769097985,0.641344881,0.756124721,0.304038001,0.776394964,0.832582211,0.870286262,0.769404956,0.626994225,0.467252395,0.674999997,0.73648186,0.816617113,0.807476635,0.784238345,0.618029027,0.508133226,0.798309357,0.156862714,0.158311344,0.773508885,0.65141059,0.784221525,0.473631836,0.779147879,0.834234951,0.879985056,0.726696258,0.783376798,0.66485802,0.808160683,0.809426228,0.675621218,0.78410011,0,0.251665431,0,0,0,0.015677491,0,0,0,0,0,0.001135254
p_37,0.965792686,0.763123212,0.613738159,0.890092553,0.492239462,0.786180631,0.83388455,0.846469418,0.753730357,0.722041866,0.66590192,0.794901505,0.777403844,0.865873259,0.810157462,0.802957246,0.667705896,0.516284674,0.810270158,0.519230719,0.463999997,0.746923588,0.606464768,0.861963854,0.482482478,0.805227749,0.831547546,0.846106532,0.751216039,0.73205803,0.652852681,0.737667651,0.719036695,0.632173089,0.814952048,0.047619036,0.343537414,0,0.003084833,0,0.512077289,0,0,0,0,0,0.001093401
p_38,0.96708966,0.75676083,0.656130868,0.837541051,0.267657989,0.717292415,0.785246606,0.879822834,0.797523916,0.723776579,0.683809914,0.759469696,0.640624998,0.725093051,0.796940583,0.801285218,0.608877596,0.502793291,0.780939321,0.239999952,0.369486246,0.764307105,0.662684938,0.758724951,0.463362064,0.759376153,0.740119629,0.835327271,0.813856708,0.741110065,0.681031436,0.800731898,0.798200223,0.426024952,0.723101398,0.190476145,0.315231787,0,0.006517017,0,0.225058002,0,0,0,0,0,0.001090785
p_39,0.968847,0.77935071,0.649898464,0.768656716,0.463414628,0.79553113,0.850782691,0.869742129,0.831435587,0.742941791,0.604952556,0.743298129,0.781645568,0.899297865,0.828643469,0.782608693,0.659410428,0.655076491,0.842359434,0.319999936,0.341628955,0.78032794,0.657137378,0.748838308,0.436637385,0.780093822,0.847860059,0.870204336,0.804036457,0.732631206,0.553502166,0.814664736,0.790473898,0.665610137,0.823559982,0.27450975,0.249312555,0,0,0,0.277834522,0,0,0,0,0,0.000868007
p_40,0.967619612,0.773585409,0.664699967,0.678593034,0.350427345,0.696954405,0.700960467,0.83843335,0.652031289,0.695964912,0.544632323,0.585981713,0.730882746,0.77232433,0.795059625,0.75525114,0.571199356,0.528656967,0.785102025,0,0.180028127,0.768464763,0.667144553,0.735150375,0.283819625,0.723172579,0.716257091,0.847726192,0.629481072,0.64974883,0.500340599,0.746017027,0.755141804,0.531791904,0.766917293,0,0.319467551,0,0,0,0,0,0,0,0,0,0.002149309
p_41,0.966076907,0.782284824,0.631008373,0.871505358,0.480237149,0.786966992,0.814664365,0.873369841,0.820145984,0.673409186,0.541237112,0.817445806,0.773195875,0.817802599,0.836007669,0.805621849,0.722150257,0.526027392,0.817105391,0.606060514,0.389371979,0.773390769,0.63172507,0.878916478,0.552966096,0.815151873,0.83453927,0.871642793,0.80620357,0.701658618,0.416711589,0.825599086,0.796984381,0.649275356,0.79169082,0.270270197,0.546786003,0,0.002105263,0,0.375879393,0,0,0,0,0,0.001057216
p_42,0.968653059,0.77629056,0.640529823,0.695490757,0.36722306,0.762907592,0.810329645,0.860056054,0.823295453,0.672785485,0.471365637,0.754680745,0.800917956,0.852028908,0.818981386,0.791805376,0.679210644,0.653968249,0.846592502,0.508287265,0.301341586,0.774573998,0.641181878,0.733773471,0.396576314,0.779006254,0.843275689,0.887251289,0.814408769,0.736873868,0.630057802,0.816579323,0.782480313,0.682926824,0.84881875,0.204545431,0.328124997,0,0.003454231,0,0.507718688,0,0,0,0,0,0.001014637
p_43,0.957942296,0.764930969,0.635692677,0.843056827,0.448508177,0.722870826,0.78139342,0.856927962,0.763895064,0.640341687,0.427854937,0.764866337,0.745791603,0.800114049,0.792167536,0.799356468,0.69164456,0.646680938,0.826508283,0.338982993,0.161825725,0.751226961,0.631513924,0.851704932,0.619017226,0.766916433,0.801283992,0.874211001,0.76104523,0.651962674,0.456434433,0.736396267,0.778917579,0.678027993,0.805422772,0.349999913,0.31355932,0,0.004537205,0,0.251221212,0,0,0,0,0,0.001980445
p_44,0.971924982,0.744974773,0.661215203,0.755741691,0.468856167,0.788670913,0.814365275,0.875344594,0.792484441,0.657775995,0.583860358,0.642159141,0.778487532,0.860548438,0.815504173,0.798701297,0.674228101,0.613445374,0.832403818,0.137931011,0.324324322,0.751551312,0.664728548,0.728426175,0.491503262,0.827329857,0.840830428,0.876042005,0.779934089,0.750889679,0.685119348,0.796111005,0.778255944,0.682833435,0.819732506,0.366197132,0.297998515,0,0,0,0.180225279,0,0,0,0,0,0.001251947
p_45,0.96240856,0.777122711,0.61026935,0.870738911,0.409292031,0.797646502,0.822934979,0.822771718,0.737024221,0.566564521,0.348528262,0.796847633,0.749272549,0.803750752,0.787810383,0.765058339,0.711620292,0.541062797,0.798618714,0.285714227,0.290689884,0.778537542,0.622443458,0.872737383,0.293010749,0.791897497,0.827441348,0.858468188,0.733065326,0.75527821,0.669650121,0.799412052,0.799888515,0.630872479,0.778307312,0.124999961,0.377457403,0,0.008261618,0,0.153477216,0,0,0,0,0,0.000791713
p_46,0.958677007,0.775694038,0.583130635,0.879935764,0.435174741,0.730967897,0.759669563,0.84879264,0.704437022,0.644006797,0.548037888,0.742684764,0.718146716,0.705987332,0.741137674,0.789634994,0.675675673,0.578846148,0.750077184,0.119999976,0.410849265,0.778512558,0.582002749,0.851804671,0.468937871,0.77556147,0.789268943,0.872554094,0.625401097,0.698555057,0.595060049,0.790869075,0.788846776,0.649089764,0.746333601,0,0.462060193,0,0.001839926,0,0.042628774,0,0,0,0,0,0.002225749
p_47,0.968407089,0.756080404,0.624546037,0.895682879,0.492230574,0.754690265,0.814549071,0.858260342,0.802155503,0.759068425,0.681092776,0.794438384,0.797080882,0.794493074,0.807960399,0.785051825,0.689246956,0.65856129,0.827727951,0.137931011,0.455835238,0.772403829,0.642516701,0.886682495,0.625544263,0.696750798,0.826879225,0.865239073,0.760927081,0.727479338,0.658578855,0.822739668,0.804757758,0.67891513,0.816045012,0.244897909,0.518549393,0,0.004510309,0,0.216748766,0,0,0,0,0,0.001073783
p_48,0.96263258,0.752789425,0.626402244,0.589012804,0.39606741,0.80133605,0.764522225,0.861471422,0.7237785,0.734093416,0.717387199,0.649676023,0.782487004,0.808851103,0.803886217,0.819716044,0.627364713,0.452316072,0.814845774,0,0.258289699,0.752444167,0.622062054,0.651870276,0.044150109,0.735986656,0.792198743,0.866478997,0.728794325,0.772336845,0.710787557,0.779323229,0.769699811,0.407978237,0.794539366,0,0.24942263,0,0,0,0.002298851,0,0,0,0,0,0.001551456
p_49,0.971190622,0.771553403,0.646218136,0.886672885,0.390646487,0.770289447,0.819566816,0.877295492,0.837010355,0.714529228,0.565066797,0.807333745,0.846063107,0.874312935,0.814633627,0.80788467,0.676669165,0.617486333,0.82441012,0.499999958,0.410158728,0.77348263,0.652781087,0.885511201,0.538631341,0.808209597,0.856047236,0.891819699,0.836402569,0.762295081,0.716533734,0.832922621,0.806180535,0.672757469,0.83345711,0.256410191,0.443892749,0,0,0,0.40484048,0,0,0,0,0,0.001806495
p_50,0.969037423,0.761725248,0.617406664,0.894621453,0.516402114,0.787849262,0.818303249,0.8387434,0.749289221,0.644003538,0.44176222,0.78794992,0.821067614,0.84180745,0.801176112,0.776102086,0.673815905,0.535962871,0.825507672,0.527777704,0.356057315,0.755055572,0.633279462,0.867836544,0.500818329,0.798669164,0.823465074,0.846976336,0.695953756,0.751490141,0.642479907,0.78490566,0.81404846,0.623809516,0.786872877,0.279069703,0.340571428,0,0.000615953,0,0.50666666,0,0,0,0,0,0.002023025
p_51,0.967811969,0.751108691,0.625181325,0.86982636,0.565356001,0.777693269,0.806125405,0.84839914,0.763261671,0.650079829,0.606942316,0.824525107,0.811299434,0.882247498,0.804899732,0.817060084,0.660863957,0.36205016,0.81300047,0.095238073,0.451335054,0.767087934,0.634857049,0.881104811,0.643923236,0.804860408,0.84052263,0.851529411,0.740151957,0.686449579,0.639865995,0.784812511,0.794411176,0.606884052,0.826317785,0.484848338,0.517427235,0,0.001160429,0,0.458937193,0,0,0,0,0,0.001303246
p_52,0.962240087,0.773641746,0.631776224,0.793838711,0.378769597,0.770860321,0.769843795,0.870304606,0.778729281,0.695807818,0.576430975,0.693345321,0.702852813,0.81530782,0.806386457,0.784412953,0.666666664,0.590460521,0.783216783,0,0.300589388,0.77540497,0.636586068,0.77354028,0.640915589,0.788673923,0.810161173,0.876693184,0.772911597,0.752798585,0.663884831,0.809302325,0.77299771,0.649214655,0.769255715,0.322580593,0.350659423,0,0,0,0.240883975,0,0,0,0,0,0.00122172
p_53,0.96609552,0.766365445,0.61692851,0.887320481,0.514462805,0.758160088,0.807836315,0.870380064,0.827467388,0.699095242,0.452956666,0.790160045,0.787802839,0.844413436,0.803226448,0.782166365,0.736125295,0.667205164,0.832182258,0.490909046,0.453397472,0.77241564,0.622094509,0.877940217,0.56934306,0.799868712,0.850439883,0.872302642,0.840339748,0.710253997,0.475626423,0.799694627,0.804561947,0.693140788,0.821662642,0.344827556,0.521308223,0,0.004065041,0,0.345523325,0,0,0,0,0,0.001127552
p_54,0.968527316,0.759121152,0.61732777,0.865224937,0.472564384,0.793372963,0.828496852,0.857728203,0.831064621,0.714721211,0.602626458,0.766026947,0.74631751,0.879140265,0.784038929,0.805929917,0.718162836,0.608602144,0.821157684,0.586666588,0.373820753,0.776733538,0.6419362,0.855523795,0.539071342,0.813229461,0.834624023,0.878867206,0.816766793,0.806788761,0.708771928,0.800335413,0.767537825,0.705372611,0.823809996,0.28985503,0.464093794,0,0.016548463,0,0.34401709,0,0,0,0,0,0.00097322
p_55,0.964373918,0.76630093,0.654283491,0.771983584,0.182468691,0.770412622,0.812136007,0.810812988,0.767719611,0.560431246,0.394008342,0.669923236,0.794183061,0.823589119,0.776591125,0.775890933,0.660691419,0.616125147,0.776855988,0,0.103783783,0.783442267,0.662365358,0.832760876,0.326219507,0.798735511,0.859473649,0.880316235,0.818282269,0.758795562,0.679820006,0.775308197,0.793127146,0.611442189,0.817164455,0,0.352887675,0,0,0,0.082698585,0,0,0,0,0,0.001133801
p_56,0.957330555,0.718202857,0.642190522,0.699979266,0.082706765,0.680974642,0.705304567,0.863720311,0.74399222,0.559688659,0.540992749,0.575065084,0.765289699,0.591552399,0.752723945,0.814884595,0.566258025,0.379922777,0.784954074,0,0.133903132,0.746133846,0.648442839,0.68951846,0.291124257,0.689823875,0.755203171,0.844660194,0.77402668,0.552635744,0.393330942,0.777552294,0.778625953,0.374083127,0.744199493,0,0.193840578,0,0,0,0.122262773,0,0,0,0,0,0.002716355
p_57,0.964146408,0.771404614,0.643139549,0.768025078,0.35833333,0.676506327,0.75511329,0.882725226,0.813328799,0.68690597,0.599890729,0.749056601,0.802154749,0.731867589,0.815495929,0.786401251,0.669213137,0.428857711,0.772058823,0.222222181,0.171011468,0.779632299,0.650587261,0.865335247,0.526907626,0.712408981,0.818693007,0.894479655,0.843358901,0.761618459,0.684888095,0.790240999,0.785232233,0.622950814,0.813603164,0.333333254,0.436651581,0,0.00794702,0,0.264244424,0,0,0,0,0,0.001729039
p_58,0.963828455,0.758490019,0.64489227,0.885928898,0.438631786,0.707292168,0.799424422,0.862769766,0.779339423,0.712577237,0.707888534,0.756898815,0.663793102,0.710065503,0.801630916,0.789708583,0.667496885,0.317792575,0.724920597,0,0.418060198,0.764009961,0.648869715,0.876998424,0.560677323,0.693997364,0.743345674,0.880424483,0.75822168,0.756686957,0.698764649,0.774049586,0.749883773,0.594072161,0.722517058,0.130434754,0.470231322,0,0.007166624,0,0.134570764,0,0,0,0,0,0.001749239
p_59,0.963524781,0.754468621,0.608957701,0.853740091,0.390710377,0.765835223,0.818223703,0.875913922,0.836698184,0.69262616,0.573774978,0.746845423,0.772539646,0.855941417,0.815560737,0.791654591,0.669815369,0.583580607,0.832777512,0.635294043,0.446941321,0.772781699,0.625158121,0.831771608,0.531120326,0.81562921,0.850236004,0.898640565,0.859434581,0.798892579,0.665601702,0.815686274,0.82102908,0.663139324,0.820172527,0.21052626,0.510893243,0,0.005284016,0,0.423592488,0,0,0,0,0,0.000882103
p_60,0.967231064,0.773575044,0.646601965,0.828440538,0.378048776,0.795384037,0.830052759,0.850382619,0.802865778,0.615707538,0.497634408,0.512511582,0.65937315,0.821804638,0.786441293,0.735853485,0.532513179,0.615047475,0.772707705,0,0.217351596,0.791062311,0.657512649,0.823104309,0.198449609,0.811698,0.846906795,0.871075862,0.777463562,0.756979742,0.743022463,0.766621206,0.753836708,0.512755099,0.759035282,0,0.337829156,0,0.010141988,0,0,0,0,0,0,0,0.002093506
p_61,0.959657482,0.753346925,0.629134726,0.877675283,0.530275224,0.667383663,0.698016302,0.881991333,0.625558154,0.717053205,0.679768131,0.802718518,0.481375356,0.635971495,0.828927046,0.789942709,0.623036648,0.145614034,0.798500468,0,0.371125264,0.759747481,0.634469167,0.859503454,0.545454541,0.63045198,0.693113834,0.88406613,0.595616986,0.740572228,0.722805932,0.801353999,0.785343033,0.361858188,0.765480006,0,0.454286617,0,0.002168022,0,0.197044333,0,0,0,0,0,0.002048892
p_62,0.962297793,0.741417495,0.609921122,0.888712776,0.451665309,0.767751479,0.666105567,0.834260534,0.763131813,0.71713826,0.502887138,0.740913809,0.818456077,0.716924947,0.783051537,0.707474225,0.714932125,0.303198883,0.730649109,0.205128153,0.423870117,0.754105047,0.630427572,0.879534007,0.566274505,0.718316534,0.765853482,0.856333273,0.782766439,0.696949282,0.627581294,0.776446163,0.706006878,0.676691723,0.742135164,0.124999974,0.45564348,0,0.005590496,0,0.106824925,0,0,0,0,0,0.001242065
p_63,0.963736348,0.737882183,0.570427167,0.895447044,0.532828279,0.738402361,0.789041957,0.838342916,0.751817237,0.637538602,0.560532686,0.751491818,0.747972362,0.828706907,0.817844591,0.776102734,0.708505366,0.457337879,0.817938931,0.594594514,0.487319421,0.768639319,0.609113063,0.875360246,0.545580107,0.756583985,0.798929369,0.851218185,0.725285059,0.699624664,0.507034631,0.811130741,0.781888743,0.688090731,0.797666857,0,0.470931775,0,0.002507837,0,0.135625596,0,0,0,0,0,0.001326497
p_64,0.972440512,0.756289819,0.651530746,0.857120414,0.453674117,0.793862825,0.835539088,0.881310068,0.834487262,0.681067862,0.594769728,0.740763736,0.732371357,0.875467477,0.798488936,0.791332261,0.688282975,0.630897311,0.792626727,0.524999934,0.357340718,0.763884172,0.65769001,0.834027699,0.503022969,0.820295505,0.855018139,0.875152501,0.824020465,0.739577273,0.630653804,0.806358092,0.797094186,0.66613672,0.78280782,0.249999948,0.450980389,0,0.007655502,0,0.041604754,0,0,0,0,0,0.001779756
p_65,0.968308155,0.754012151,0.649685537,0.809936908,0.400473929,0.798150105,0.832709165,0.854565004,0.781930625,0.67127962,0.634186283,0.716262973,0.768877666,0.859852043,0.783344392,0.814604283,0.660515184,0.440650403,0.821989959,0.122448955,0.291943125,0.756574666,0.64478862,0.818738049,0.246951216,0.78822576,0.83572611,0.85089365,0.80894617,0.716286306,0.653338362,0.768421052,0.791590492,0.585227269,0.785816962,0.159999936,0.367636619,0,0.007960199,0,0.139175256,0,0,0,0,0,0.002331398
p_66,0.964288866,0.763583337,0.596528511,0.880098152,0.285294113,0.77763329,0.793955293,0.844826653,0.777436469,0.580379556,0.497800775,0.765256455,0.79622496,0.822515705,0.766401487,0.795779017,0.681481479,0.376190472,0.820340324,0,0.350934197,0.77124635,0.621877108,0.88501664,0.588235287,0.61090171,0.801359759,0.875714119,0.787486799,0.656750835,0.582332154,0.796582587,0.78043478,0.570038905,0.813672526,0.269230717,0.422746779,0,0.007944389,0,0.250980389,0,0,0,0,0,0.001766677
p_67,0.967346403,0.757226911,0.657103942,0.864453014,0.392052975,0.733825923,0.764720791,0.870103482,0.829480381,0.656710774,0.486590859,0.766323022,0.722841224,0.737335538,0.811347251,0.805970147,0.626465659,0.635363165,0.81220194,0.474226755,0.360146249,0.772147041,0.671953465,0.875220663,0.4338983,0.77029703,0.819582522,0.8917562,0.83829315,0.781995472,0.675313254,0.827415212,0.825375169,0.668810284,0.837639553,0.214285676,0.378947366,0,0.004878049,0,0.342857139,0,0,0,0,0,0.001725987
p_68,0.968844824,0.767571071,0.634559313,0.829241462,0.436464082,0.778788254,0.819627658,0.867822374,0.830472607,0.726403326,0.50696235,0.658088233,0.723527857,0.871458621,0.821041773,0.815822623,0.716206121,0.614285709,0.803473729,0.230769186,0.365269458,0.763495923,0.62879068,0.863611608,0.511210757,0.712900444,0.81179611,0.88759568,0.833070155,0.769790151,0.61597938,0.828071546,0.790151342,0.666118416,0.795248078,0.086956503,0.506024094,0,0.007968127,0,0.139084506,0,0,0,0,0,0.001225208
p_69,0.96721169,0.76970399,0.629875166,0.82933726,0.512514893,0.764404311,0.771588946,0.867628819,0.82494201,0.746386333,0.662822761,0.7946149,0.744029074,0.850956593,0.82238942,0.793678663,0.719331558,0.562318835,0.828867122,0.338982993,0.244897957,0.776837713,0.630170616,0.854021958,0.539256193,0.809898175,0.807472261,0.882559733,0.836074131,0.747631525,0.730769229,0.809739991,0.770252322,0.631889758,0.825492598,0,0.438194896,0,0.001461988,0,0.218809979,0,0,0,0,0,0.001844715
p_70,0.973079764,0.759677098,0.65375443,0.880641758,0.289398277,0.788644633,0.820263656,0.880349746,0.80007953,0.777944111,0.631214714,0.62194016,0.572347265,0.862301705,0.815194868,0.772822663,0.565502181,0.509148763,0.794970662,0.085106365,0.477356178,0.775481916,0.661733961,0.762316335,0.083981336,0.795905929,0.806702385,0.88656015,0.770889487,0.787048567,0.686588151,0.761148903,0.788230047,0.548635406,0.778232884,0,0.376633356,0,0,0,0.220398591,0,0,0,0,0,0.000999814
p_71,0.968739959,0.748333615,0.647288636,0.843676856,0.033962264,0.678992121,0.791332105,0.832727272,0.807075962,0.759433126,0.701826955,0.635690787,0.665595714,0.734902124,0.728695843,0.78505856,0.422047243,0.574121675,0.715650133,0,0.276785712,0.761620826,0.654839843,0.784562074,0.355721389,0.673304182,0.769110379,0.863560507,0.816678822,0.794337063,0.72861599,0.773139419,0.820389515,0.564309761,0.744025621,0,0.224137929,0,0.005625879,0,0.317120619,0,0,0,0,0,0.00115153
p_72,0.965161339,0.7396535,0.620558566,0.875951332,0.468483812,0.740167886,0.786276111,0.881387358,0.682098061,0.763609246,0.718309858,0.780139025,0.684903747,0.813863689,0.814607233,0.797340086,0.684477808,0.436781606,0.799253863,0.454545351,0.457605177,0.76387519,0.630226906,0.860048042,0.576759961,0.755616349,0.803479018,0.871946277,0.669895858,0.744556186,0.734383687,0.819217686,0.817692087,0.472700071,0.742756314,0,0.521762067,0,0.001195934,0,0.501377404,0,0,0,0,0,0.001272728
p_73,0.963705272,0.761344853,0.616241647,0.765458122,0.397737979,0.779252792,0.808156039,0.853465535,0.833851369,0.667603806,0.476125819,0.737413978,0.717067581,0.881358802,0.79722577,0.769117284,0.675465836,0.554826611,0.828127609,0.586666588,0.227777776,0.762276839,0.621467712,0.734908974,0.555758679,0.801734441,0.850100185,0.878430154,0.819598483,0.800905831,0.719816722,0.817456839,0.802872707,0.670309648,0.825790452,0.377358419,0.268009293,0,0.00886918,0,0.403951697,0,0,0,0,0,0.001850382
p_74,0.966630158,0.75722766,0.585660018,0.910228622,0.47437092,0.805342218,0.838571409,0.875540724,0.807858877,0.80241669,0.741647537,0.78784243,0.801774137,0.852292251,0.771277221,0.785994762,0.706371189,0.608955218,0.825841521,0.093023234,0.398929048,0.750842443,0.596446687,0.891259125,0.536033912,0.774216191,0.850165999,0.86376885,0.769230768,0.804641775,0.711509714,0.776935827,0.769049023,0.613095232,0.777228202,0.444444346,0.437095123,0,0.001687052,0,0.357066946,0,0,0,0,0,0.00200297
p_75,0.971311513,0.773800591,0.650754808,0.819240799,0.328571425,0.800360045,0.817418157,0.855315985,0.844983164,0.696725491,0.60822622,0.76933245,0.707800349,0.887680333,0.810622887,0.799417756,0.725930678,0.67344862,0.825396825,0.088888869,0.279030908,0.772648889,0.653963553,0.822674074,0.558464219,0.808029913,0.836417907,0.883539709,0.830106944,0.797172589,0.734299515,0.820061592,0.758473443,0.673058479,0.832098087,0,0.354151357,0,0.011869436,0,0.534999993,0,0,0,0,0,0.000990223
p_76,0.965758069,0.758011347,0.631442618,0.816700729,0.240282681,0.741433355,0.779212336,0.845620811,0.78994271,0.579565217,0.602106131,0.775109732,0.758863463,0.789492928,0.808105618,0.744434548,0.706504062,0.539282245,0.784140969,0.145454519,0.34722222,0.779443769,0.653275754,0.868101634,0.498771493,0.775545128,0.819604613,0.872099298,0.755549271,0.72704918,0.614402916,0.77604116,0.725822049,0.658703066,0.791332788,0.124999961,0.400428263,0,0,0,0,0,0,0,0,0,0.002159773
p_77,0.967875362,0.756846582,0.651446863,0.797417575,0.375706209,0.788176321,0.730856095,0.862025728,0.783342259,0.667183412,0.613908872,0.676993163,0.744331507,0.815878135,0.794399692,0.763829248,0.63101604,0.62640449,0.790848047,0,0.155642021,0.768731571,0.653823882,0.790632054,0.39627659,0.706895713,0.702342345,0.882256705,0.771056364,0.749823943,0.567485284,0.790969899,0.809425759,0.622418874,0.794503655,0,0.202054793,0,0.006711409,0,0,0,0,0,0,0,0.001775687
p_78,0.967928185,0.768179979,0.650620072,0.842110608,0.278991592,0.761561154,0.739829913,0.860843177,0.794449262,0.735034971,0.712796627,0.7656574,0.677680375,0.817535663,0.811147406,0.766383961,0.674800165,0.601973679,0.800751543,0.374999941,0.338898161,0.777070064,0.660418382,0.842354925,0.220952377,0.759720945,0.76455343,0.879706048,0.795644668,0.755288586,0.62876254,0.802006017,0.776558602,0.626038777,0.799382154,0.058823512,0.400744414,0,0.008486563,0,0.263929615,0,0,0,0,0,0.001903134
p_79,0.969947163,0.760678251,0.641341116,0.86640607,0.365325072,0.735353882,0.788072548,0.875979245,0.823687751,0.664365482,0.548548547,0.721270369,0.739758324,0.857060323,0.816272385,0.789197691,0.678916825,0.638119222,0.830212688,0.379746787,0.315078767,0.768073187,0.647359399,0.851516473,0.592190883,0.798286558,0.821223622,0.882385361,0.808073209,0.767812902,0.707025072,0.82093073,0.797903012,0.70229007,0.826514371,0.16666662,0.455727551,0,0.008810573,0,0.459677413,0,0,0,0,0,0.001113746
p_80,0.96615515,0.76142394,0.63174451,0.897852922,0.554572266,0.783913937,0.816118404,0.867269017,0.813271049,0.808621933,0.758217268,0.769819989,0.806251251,0.804855483,0.788444444,0.770157241,0.68599834,0.517171712,0.824044672,0.545454496,0.444312794,0.74997404,0.629057456,0.87942218,0.37621023,0.792832041,0.846286559,0.879562477,0.78017958,0.83197158,0.780780779,0.807490005,0.738692017,0.671905691,0.833333332,0.163265273,0.481147103,0,0.00463392,0,0.518260861,0,0,0,0,0,0.000987607
p_81,0.960603504,0.749530575,0.590777101,0.871030888,0.479846445,0.756356115,0.738583854,0.842573072,0.783093875,0.633764032,0.46142506,0.777965147,0.769230767,0.84519097,0.821899355,0.785046727,0.702135629,0.484448629,0.815949252,0,0.361006287,0.758925565,0.608389604,0.870144466,0.561181429,0.80557825,0.828693218,0.850864553,0.694381513,0.717778212,0.559802157,0.81081081,0.778850795,0.596992477,0.80483622,0,0.377486245,0,0,0,0.24823695,0,0,0,0,0,0.00122608
p_82,0.967349756,0.732346838,0.60988323,0.879929041,0.598695906,0.754529102,0.8078666,0.859277844,0.701153286,0.652003806,0.546564074,0.784930138,0.789924432,0.792743216,0.797104489,0.735211265,0.714133141,0.526213587,0.819518606,0.440677891,0.481463171,0.747816274,0.614538457,0.864153873,0.599999996,0.699711288,0.79255026,0.891233477,0.647035957,0.748211879,0.619565216,0.803771017,0.78623679,0.617706231,0.820286269,0.086956484,0.446452777,0,0.001665834,0,0.64222873,0,0,0,0,0,0.000887771
p_83,0.964579279,0.740338004,0.628789237,0.876577568,0.265714282,0.747525836,0.722083374,0.887241513,0.791487326,0.74811732,0.674600222,0.802795029,0.749152541,0.721392961,0.772914409,0.782155647,0.709499134,0.358744391,0.75351014,0.17021273,0.28149435,0.767566059,0.643028043,0.852221569,0.244186043,0.699447148,0.757274573,0.878485576,0.681494862,0.732953345,0.65087908,0.785295267,0.789375828,0.465949817,0.739618117,0,0.377858,0,0.00308404,0,0.379146915,0,0,0,0,0,0.001516724
p_84,0.964079796,0.769662005,0.639239812,0.812212852,0.369785791,0.758570445,0.807349318,0.834362237,0.723846653,0.670144823,0.603979881,0.707749075,0.633209416,0.800754299,0.78910041,0.776090622,0.717751249,0.532735421,0.776812918,0.253164525,0.183086311,0.761159641,0.646697596,0.828197892,0.54966887,0.713974925,0.800552556,0.855766304,0.748962409,0.619644418,0.504672896,0.780634893,0.78734395,0.62983425,0.765888606,0.205128153,0.357798163,0,0,0,0,0,0,0,0,0,0.001071748
p_85,0.965591547,0.739717751,0.649953189,0.846138785,0.320885196,0.655162592,0.714099853,0.842662211,0.771349861,0.766958747,0.646017698,0.690965892,0.563071297,0.624563135,0.771253134,0.801331851,0.621576298,0.38383838,0.72917981,0,0.425925923,0.755297283,0.667318106,0.848054124,0.533972817,0.74621513,0.781148217,0.872807017,0.769531249,0.72488174,0.629573934,0.769899821,0.76031215,0.534069977,0.690049508,0,0.448818896,0,0.002005013,0,0.226546211,0,0,0,0,0,0.002352033
p_86,0.973955599,0.755392697,0.659341358,0.85813456,0.341708538,0.777176912,0.832731882,0.878168438,0.858861869,0.789462936,0.711846027,0.755627007,0.621077559,0.87666359,0.804217163,0.800899885,0.701703513,0.587921842,0.82900371,0.499999969,0.300500832,0.760320979,0.661199296,0.870609194,0.498527964,0.819002482,0.860402463,0.879276743,0.836604397,0.783848935,0.650519029,0.822904368,0.795521192,0.639175253,0.830083045,0.437499932,0.42840512,0,0.003462204,0,0.546099281,0,0,0,0,0,0.001175217
p_87,0.969594384,0.764602093,0.648059424,0.779322445,0.434274582,0.784627881,0.841136367,0.837350876,0.78385485,0.653180244,0.407828616,0.672592589,0.760446403,0.882907708,0.82238221,0.824837308,0.627469423,0.621011668,0.846461949,0.360655679,0.306364614,0.76364219,0.646107391,0.824246231,0.481249995,0.825130467,0.866539979,0.895062072,0.834025973,0.798452278,0.688029769,0.812875067,0.809620251,0.682236372,0.809616273,0.227272676,0.467153282,0,0,0,0.383928566,0,0,0,0,0,0.000838361
p_88,0.966927825,0.765960626,0.631119453,0.807362637,0.463636358,0.750239133,0.812362656,0.831095333,0.773135906,0.746589499,0.691201352,0.72067901,0.789661692,0.794613851,0.809620048,0.822063111,0.701391647,0.52896725,0.811116919,0.214285676,0.308370042,0.769355157,0.637242421,0.795655036,0.502439018,0.800342137,0.829879613,0.870829279,0.778773103,0.776679841,0.66782533,0.807677542,0.786558515,0.628686323,0.788917982,0.117647024,0.393960189,0,0,0,0.254201678,0,0,0,0,0,0.001979574
p_89,0.963612221,0.751349776,0.6381669,0.792234566,0.341127918,0.688520215,0.708201593,0.854365099,0.736367151,0.698742856,0.601034036,0.540662649,0.697132615,0.722211884,0.775593615,0.816671698,0.436288901,0.592044398,0.75997237,0,0.153672315,0.754270247,0.632240949,0.78320049,0.19137466,0.732990044,0.732276681,0.816765819,0.801641586,0.72568659,0.70263975,0.78178267,0.773605148,0.641046601,0.737926818,0,0.285935083,0,0.00340329,0,0.283185837,0,0,0,0,0,0.001072475
p_90,0.965504699,0.752688244,0.643456976,0.616264955,0.195323244,0.72957038,0.809095434,0.864216559,0.64274715,0.715311909,0.667707925,0.545939762,0.70814132,0.711700236,0.769258394,0.79605092,0.499698975,0.594771237,0.787679799,0,0.119444443,0.772854665,0.661015735,0.647364935,0.347490343,0.78531449,0.836222563,0.854009038,0.716561383,0.731910463,0.736370715,0.782077743,0.799616489,0.65406162,0.725485495,0,0.24385633,0,0,0,0.286885243,0,0,0,0,0,0.002120972
p_91,0.950289541,0.746802559,0.634299961,0.800784051,0.333727807,0.761838013,0.68869586,0.816485969,0.731134592,0.530375927,0.56113874,0.721850611,0.792130024,0.726800662,0.757535216,0.780965086,0.69169435,0.588599749,0.789477299,0.083333316,0.235294116,0.765209486,0.650052879,0.831815725,0.293906807,0.721817844,0.663829745,0.852600556,0.72537521,0.645595054,0.564535584,0.767946824,0.771806852,0.488435371,0.765037228,0.232558085,0.347048299,0,0.003436426,0,0,0,0,0,0,0,0.002472214
p_92,0.970012648,0.761711816,0.63623649,0.891374478,0.514608855,0.783931297,0.817091959,0.873457914,0.824382823,0.758148564,0.629213482,0.754107336,0.724357341,0.877726261,0.821240036,0.786915885,0.698424066,0.53675612,0.787953288,0.394366142,0.410342887,0.777245061,0.650780882,0.864437283,0.661715053,0.825326769,0.862868983,0.887528269,0.815758979,0.812677295,0.747986734,0.797659592,0.782014197,0.665402837,0.773989162,0.07407406,0.478833488,0,0.002488594,0,0.15926493,0,0,0,0,0,0.001383754
p_93,0.966232638,0.767779479,0.605609494,0.873634828,0.406914888,0.791874433,0.813302567,0.848037825,0.83794568,0.656546881,0.34375703,0.743079919,0.795800298,0.868105515,0.816826763,0.816637373,0.690735692,0.559203975,0.81469505,0.312499951,0.456570153,0.785674395,0.63081683,0.827083448,0.546153839,0.82883657,0.83943603,0.87578021,0.819967266,0.767303222,0.665283252,0.821566377,0.815393193,0.675324669,0.807993518,0.303030211,0.43986254,0,0,0,0.386666662,0,0,0,0,0,0.001221139
p_94,0.963865606,0.76608334,0.633890749,0.89289534,0.323751886,0.709439709,0.673388582,0.876194709,0.809405255,0.727967038,0.648544622,0.758934826,0.735649545,0.739297135,0.787944965,0.79043348,0.69382504,0.557195567,0.847135648,0.423076842,0.39689119,0.776423106,0.646808766,0.874788732,0.612970705,0.773032618,0.69554927,0.880169031,0.773437499,0.699133978,0.636120995,0.805688166,0.777637873,0.732350654,0.828932947,0.285714245,0.394312794,0,0.007142857,0,0.211838003,0,0,0,0,0,0.001229713
p_95,0.966787705,0.750556064,0.630288898,0.683816793,0.423124226,0.781163771,0.829454875,0.859741134,0.763908499,0.765419407,0.665164856,0.726144295,0.787023277,0.804327793,0.774140453,0.732852823,0.588383836,0.588329332,0.799999999,0.260869509,0.145539904,0.752590813,0.646053267,0.680821917,0.471999995,0.788808554,0.827245944,0.87299541,0.724017231,0.702740269,0.638357441,0.79458838,0.775296261,0.662751672,0.789087808,0.384615311,0.196663738,0,0.002262443,0,0.138259831,0,0,0,0,0,0.001206171
p_96,0.961585331,0.744573796,0.643456823,0.809992924,0.448979587,0.735967701,0.6886532,0.863968842,0.798123194,0.718270829,0.684634448,0.747260513,0.757735212,0.698016064,0.762309292,0.806770717,0.691655508,0.568744658,0.798581239,0,0.257940325,0.742632658,0.652483477,0.808269255,0.284329559,0.657257869,0.772315461,0.866669999,0.769629193,0.746134134,0.739662586,0.79158283,0.74537518,0.676291788,0.785324438,0,0.302193336,0,0.004329004,0,0,0,0,0,0,0,0.003385271
p_97,0.966925379,0.775487132,0.661749789,0.855124331,0.325581392,0.712465043,0.767363452,0.859286548,0.829489504,0.74794656,0.668584342,0.775020451,0.797045373,0.653994738,0.79976162,0.801789207,0.71364653,0.512641669,0.822712933,0.178571397,0.269938648,0.773925395,0.655742723,0.841043741,0.660931895,0.757761395,0.792218178,0.885218584,0.825808174,0.71757975,0.513019151,0.767061945,0.786184209,0.65310274,0.763298071,0.277777701,0.419589673,0,0.019746121,0,0.241071426,0,0,0,0,0,0.00164606
p_98,0.970587485,0.742934476,0.650307359,0.801310796,0.373751778,0.783154722,0.848906586,0.838387478,0.834978842,0.724006638,0.501614638,0.769574941,0.725832749,0.870591507,0.810072266,0.781996323,0.658502117,0.62975778,0.838479156,0.484848411,0.382424732,0.746247837,0.649003564,0.787408184,0.457516334,0.813235081,0.860553323,0.861492137,0.813219159,0.769230769,0.572322502,0.815789473,0.812614019,0.680040114,0.819683972,0.153846124,0.392666154,0,0.011472275,0,0.414507767,0,0,0,0,0,0.001642863
p_99,0.972691449,0.758439316,0.644134315,0.593478052,0.392307687,0.774603325,0.83485255,0.840526134,0.796103459,0.642708694,0.38614087,0.588659791,0.733690358,0.8708909,0.824181918,0.810757462,0.625648626,0.666241221,0.823280767,0.415584362,0.169863011,0.781786321,0.6643417,0.690912598,0.423076919,0.822145829,0.865291025,0.877961807,0.810984079,0.73488372,0.532725765,0.806079027,0.792688362,0.672064773,0.820399463,0.222222181,0.278719395,0,0,0,0.237218811,0,0,0,0,0,0.000918579
p_100,0.973663637,0.768717069,0.656586971,0.781806853,0.441014328,0.799390385,0.83549081,0.860406885,0.790524848,0.672911122,0.42105263,0.749134945,0.773400249,0.84672358,0.795691609,0.780726615,0.723365337,0.501650159,0.812729734,0.222222181,0.494768307,0.755622894,0.651812205,0.805963406,0.595787356,0.810343616,0.854741626,0.849043637,0.806809983,0.694425937,0.501512234,0.80122659,0.811439649,0.692152911,0.815662882,0,0.491842897,0,0.001629992,0,0.196825394,0,0,0,0,0,0.001341175
p_101,0.969535506,0.760241521,0.619927866,0.882741812,0.438095233,0.74059497,0.812919792,0.843223893,0.840726883,0.643648664,0.52773013,0.796081921,0.708258526,0.870253009,0.778256314,0.765072762,0.711380661,0.458852862,0.788245613,0,0.454545453,0.771137328,0.646947929,0.888521744,0.534675609,0.807040668,0.861537167,0.843407796,0.801240808,0.593543741,0.445878135,0.805990469,0.791869917,0.620183481,0.806158775,0.465116171,0.58771632,0,0.003167063,0,0.240740739,0,0,0,0,0,0.002155704
p_102,0.959878467,0.728790211,0.579631656,0.885296422,0.497706419,0.778551954,0.813897118,0.860933211,0.77434881,0.705046197,0.509082217,0.819690574,0.727805916,0.809977875,0.794031786,0.775722842,0.689303902,0.47386759,0.791688311,0.431372464,0.315659677,0.740265691,0.600893637,0.867403843,0.430856064,0.795553985,0.844828187,0.857630632,0.77876344,0.826360054,0.670807452,0.791890279,0.750116115,0.6557377,0.76939673,0.481927653,0.409029344,0,0.014814815,0,0.129032256,0,0,0,0,0,0.001121739
p_103,0.968766275,0.777641912,0.629296039,0.798512013,0.281650067,0.780059336,0.809075073,0.882106268,0.803797467,0.645553642,0.476253589,0.70675944,0.725997841,0.863547965,0.807327625,0.806068266,0.653620349,0.60828025,0.817311041,0,0.189798337,0.771537419,0.629203811,0.845002704,0.447761189,0.684712635,0.802693751,0.89048162,0.82618567,0.725759628,0.549987533,0.817889021,0.806940369,0.711719412,0.811757946,0.181818149,0.333567908,0,0.006339144,0,0.363411615,0,0,0,0,0,0.002286784
p_104,0.972624446,0.758060221,0.653950252,0.791066933,0.329599995,0.796376909,0.831658397,0.870887931,0.823352003,0.625924484,0.415176624,0.615249006,0.763910554,0.860880788,0.817647058,0.823586743,0.641274774,0.52424242,0.812350324,0.057142841,0.235416664,0.777220944,0.661965024,0.766290621,0.377142852,0.835691738,0.856154852,0.892963882,0.822382753,0.813042707,0.713757699,0.804169356,0.766515379,0.612297731,0.812745447,0.071428546,0.286436392,0,0.005899705,0,0.012987013,0,0,0,0,0,0.00149943
p_105,0.968986939,0.768415276,0.642947308,0.73242349,0.482162157,0.781097394,0.799745127,0.855491877,0.811728394,0.782231643,0.613468868,0.651696604,0.769640477,0.767143036,0.788337829,0.825613077,0.663316581,0.595026638,0.797344576,0.421052558,0.27623126,0.778412613,0.653548539,0.773655323,0.652705055,0.785839993,0.830505171,0.890370532,0.815894722,0.767180658,0.721091289,0.81031551,0.782481036,0.678399995,0.777118939,0.244897909,0.344988342,0,0,0,0.188679243,0,0,0,0,0,0.000897943
p_106,0.965575146,0.757151317,0.642160016,0.872412096,0.340764326,0.751923587,0.813709994,0.830730146,0.809127516,0.632058926,0.546004536,0.773538155,0.759916491,0.768557758,0.79419932,0.787651469,0.687112944,0.589371974,0.784288158,0.30434776,0.345407501,0.749912683,0.645149637,0.873082822,0.419254652,0.707160976,0.793529495,0.85988814,0.772158497,0.706939482,0.64460562,0.794604278,0.796404017,0.66160337,0.785821019,0,0.41216216,0,0.007159904,0,0.182564101,0,0,0,0,0,0.002297247
p_107,0.970154075,0.771775801,0.666321615,0.88027293,0.33878157,0.779946811,0.828286799,0.874271869,0.835274541,0.724104549,0.621138995,0.735623,0.75332978,0.838911246,0.808669001,0.778819967,0.646856156,0.517525768,0.829238944,0.482758565,0.386389848,0.755256658,0.654558705,0.856811818,0.569659437,0.807324698,0.859476342,0.878179776,0.824240896,0.716740683,0.536585365,0.827024128,0.824520625,0.635721487,0.822864067,0.352941125,0.366765576,0,0.00990099,0,0.575707145,0,0,0,0,0,0.000755673
p_108,0.968210883,0.761477941,0.645731577,0.832659852,0.387730057,0.768985961,0.817668468,0.872681578,0.815398526,0.748308524,0.600780867,0.695883131,0.76603469,0.869139504,0.805187534,0.768470341,0.660679921,0.648072185,0.805483512,0.522875783,0.218487393,0.766901451,0.648222476,0.834900193,0.43835616,0.825079149,0.862949407,0.876171422,0.805044789,0.728604394,0.565275907,0.796071428,0.796349662,0.677265495,0.806169387,0.122448955,0.367751058,0,0.002881844,0,0.196396395,0,0,0,0,0,0.000922503
p_109,0.96846873,0.754149623,0.632598742,0.779569199,0.433249365,0.790655239,0.836242507,0.860615306,0.834167082,0.651050567,0.434418145,0.747557001,0.804087669,0.817467338,0.820259792,0.804580531,0.717710747,0.598333328,0.815762362,0.577777714,0.327552983,0.767317861,0.643365335,0.830906913,0.447004603,0.816275339,0.862223997,0.865015886,0.826673203,0.737641105,0.592300961,0.798215641,0.781672392,0.645441385,0.799824791,0.38095232,0.524569237,0,0.004862237,0,0.042512077,0,0,0,0,0,0.001069132
p_110,0.973307708,0.749440832,0.675060364,0.838216797,0.361290317,0.795378176,0.855961462,0.879728419,0.829789732,0.640988371,0.490414622,0.556512376,0.655041696,0.838038052,0.827099807,0.794535517,0.587294907,0.562973155,0.83167048,0.399999933,0.33711507,0.758323706,0.67725371,0.844736994,0.43360433,0.772216363,0.840098505,0.884790272,0.839986655,0.766148325,0.607266435,0.807010555,0.781621061,0.641867246,0.826998689,0.322580593,0.407017541,0,0.004360465,0,0.343839537,0,0,0,0,0,0.000852748
p_111,0.967397036,0.740487323,0.650797964,0.84756069,0.264208905,0.758860134,0.778048324,0.86292603,0.777257524,0.641940085,0.555978369,0.635599157,0.774298494,0.768015033,0.797974113,0.751283512,0.613318089,0.452459013,0.769123052,0.117647036,0.295165392,0.752589563,0.649520321,0.852396898,0.258064512,0.768813033,0.801776063,0.869235765,0.766406608,0.744719263,0.679069766,0.782734926,0.799999998,0.63187991,0.777607223,0.068965493,0.246469832,0,0.020864381,0,0,0,0,0,0,0,0.001340158
p_112,0.972397275,0.772074053,0.645284234,0.854731188,0.311178243,0.761480333,0.830227931,0.885683446,0.804356181,0.738317756,0.545039434,0.773097342,0.790705679,0.869417373,0.770967401,0.759966071,0.689544578,0.621834056,0.824574637,0.196078393,0.408551066,0.785390502,0.660134522,0.848611838,0.501333327,0.804095169,0.852108115,0.89185845,0.776765375,0.773784354,0.608410255,0.833499104,0.839549435,0.658615132,0.839750259,0.311111042,0.469531748,0,0.005063291,0,0.293532335,0,0,0,0,0,0.000889224
p_113,0.969695418,0.752183255,0.655923608,0.862038012,0.435897431,0.779019968,0.847387008,0.835143231,0.79811072,0.591065916,0.371500113,0.779259256,0.775006426,0.868255373,0.789704394,0.765557938,0.692654901,0.59633027,0.811712379,0.109090889,0.39536807,0.75873738,0.665020449,0.854868598,0.513574655,0.816559887,0.855292598,0.883086924,0.798436627,0.757229897,0.700273543,0.776192598,0.832135521,0.672897191,0.829731562,0.19999995,0.369122804,0,0.009259259,0,0.420886069,0,0,0,0,0,0.001509894
p_114,0.971957817,0.763721671,0.660904159,0.86392275,0.270944737,0.730315393,0.802184822,0.866993532,0.827028774,0.700751109,0.567755531,0.730846367,0.732786883,0.882579271,0.819642315,0.795973482,0.708819712,0.663345191,0.806029785,0.487804819,0.426569163,0.770228066,0.664596938,0.883138918,0.509191172,0.810477576,0.847544496,0.883183132,0.823456662,0.782579281,0.677751384,0.835182826,0.82490101,0.692506455,0.828034681,0.161290297,0.496007982,0,0.009569378,0,0.453637654,0,0,0,0,0,0.00140221
