lddmm,,,,,,,,,,,,,,,,,,,,,,,,,,,,,,,,,,,,,,,,,,,,,,,,
,Unknown,Left-Cerebral-White-Matter,Left-Cerebral-Cortex,Left-Lateral-Ventricle,Left-Inf-Lat-Vent,Left-Cerebellum-White-Matter,Left-Cerebellum-Cortex,Left-Thalamus-Proper*,Left-Caudate,Left-Putamen,Left-Pallidum,3rd-Ventricle,4th-Ventricle,Brain-Stem,Left-Hippocampus,Left-Amygdala,CSF,Left-Accumbens-area,Left-VentralDC,Left-vessel,Left-choroid-plexus,Right-Cerebral-White-Matter,Right-Cerebral-Cortex,Right-Lateral-Ventricle,Right-Inf-Lat-Vent,Right-Cerebellum-White-Matter,Right-Cerebellum-Cortex,Right-Thalamus-Proper*,Right-Caudate,Right-Putamen,Right-Pallidum,Right-Hippocampus,Right-Amygdala,Right-Accumbens-area,Right-VentralDC,Right-vessel,Right-choroid-plexus,5th-Ventricle,WM-hypointensities,non-WM-hypointensities,Optic-Chiasm,CC_Posterior,CC_Mid_Posterior,CC_Central,CC_Mid_Anterior,CC_Anterior
p_0,0.9723407571174078,0.7430937859869672,0.5872136528465373,0.8147413178290851,0.04162537124256322,0.607383001511669,0.6464723031598781,0.8032400282973239,0.7129393775943207,0.6843610929081683,0.7324165015080226,0.7272184023686333,0.6270213859493443,0.8231707315738241,0.6498215286024596,0.4952992421570758,0.5628272226752739,0.14175438497014467,0.7751219505893318,0.10958902608369506,0.22743682105201427,0.7453070215275758,0.5716686324403025,0.777331995431056,0.12161051666712805,0.624931666174382,0.7085813786828357,0.858590307897252,0.73983500185646,0.6735257208920739,0.7060702861300514,0.6460040978090812,0.567819664656394,0.2938053080011486,0.8002908379380427,0.17647056228374083,0.232558137531799,0.0,0.006595218412240574,0.0,0.06896551507945094,0.0,0.0,0.0,0.0,0.0,0.0
p_1,0.9705018055805371,0.7497537926591232,0.595055110559524,0.7934368951316758,0.009070294681742691,0.6418231378965134,0.6532069157452546,0.8245313388250863,0.6824887739801299,0.6326764294385123,0.6390708745695788,0.6273352968174273,0.6921850065945275,0.808187953338172,0.5232876707208536,0.3268181810754132,0.6116875990623288,0.14533333236444446,0.7170539378264794,0.0,0.2154194986913889,0.7467876099295012,0.5835007785157226,0.7579193058036685,0.11929170438684339,0.6250407395534863,0.707989771211061,0.8823688037957128,0.6958615147359148,0.49628180006765704,0.5844562398469358,0.6274067644168199,0.4285714277066759,0.258467950711475,0.7941106619218629,0.0,0.21000981148174866,0.0,0.0,0.0,0.04123711127643756,0.0,0.0,0.0,0.0,0.0,0.0
p_2,0.9752628347761986,0.7576074301713598,0.6155651661548853,0.8423856737001699,0.1334569033043846,0.6833107649197463,0.7838125220980192,0.813185495467075,0.7819371717513912,0.7243394081064451,0.776412774678551,0.7336683386362297,0.7320007748263133,0.8657696675543578,0.6900242319365668,0.5943738643503316,0.6174298344784351,0.41185410021387464,0.8267282736567192,0.12048191319495022,0.33092036886328474,0.7407426271267483,0.5905340926020771,0.8139873077644187,0.3729071508911176,0.645526421636491,0.7832375802106633,0.8698302648399293,0.7596837934655023,0.6684876621428684,0.7601314331651009,0.640408731406959,0.678401323921306,0.6346456642941286,0.8352247727322735,0.0,0.3126142567402719,0.0,0.0025188916559333546,0.0,0.27301586434870273,0.0,0.0,0.0,0.0,0.0,0.0
p_3,0.966734142447798,0.7342220450033536,0.5644683548029885,0.7921186883292566,0.12729025913895603,0.7356662557162322,0.6006817528029432,0.8107702205477525,0.6769715175655195,0.6891148770703466,0.7215212356113004,0.726467328436813,0.5703475985567568,0.7960173211765038,0.6093569497407038,0.41884816649501827,0.5588639461343841,0.3883636335391736,0.7576583795046845,0.03030302571166277,0.2671999978624,0.7333781509570204,0.5579522093821335,0.829970405869442,0.05653021387397453,0.6666666665544558,0.6574753849940902,0.8548440789841061,0.7062507239867207,0.595567866623568,0.6399086300539915,0.6540234879042858,0.351831541233096,0.4617169346768159,0.7619362293392233,0.0,0.3784445782091575,0.0,0.005899704956738398,0.0,0.06153845680473409,0.0,0.0,0.0,0.0,0.0,0.0
p_4,0.9730229294361687,0.7420837605777572,0.6017889841772468,0.8499756187760806,0.24248704411930525,0.6895845522016811,0.8035191438900501,0.798696177488725,0.821279138452601,0.7675928716644572,0.8331082368645414,0.7317979170438412,0.7300469469287032,0.8820694030769903,0.7452708504457536,0.666666664934615,0.5895582305640231,0.5520483508928922,0.8034140961789519,0.3478260365469512,0.2699545731995161,0.7486245134472604,0.599518198004443,0.8412244155619546,0.5028386009502142,0.6742089185890754,0.7958963984542213,0.8696341716696796,0.826562828008248,0.7657251358764735,0.7912391460314935,0.7636432414984932,0.710629465735233,0.656063613942587,0.8286283018199165,0.17021272974197238,0.4848484822708746,0.0,0.0,0.0,0.5352112550419893,0.0,0.0,0.0,0.0,0.0,0.0
p_5,0.9738983489425194,0.739195777380759,0.6017520205252129,0.8830042230102144,0.13897280826814895,0.7000284184514355,0.7803366028282916,0.8587068075842703,0.7981999992018001,0.7459203649266316,0.8005354734481583,0.7310874682887486,0.6825955717238542,0.8579870950455311,0.735852712465259,0.6567749141747622,0.6715781284545245,0.5896527243823336,0.826606453263142,0.2666666222222296,0.35403726488175613,0.7481532851502479,0.5992242009929979,0.87089499185304,0.21902017080672267,0.6775953359689801,0.7942443333207085,0.8739633215313846,0.7911052475349993,0.753555684310442,0.8152478933226196,0.7316707287346046,0.679890559325375,0.6154949740638811,0.8199860368804368,0.37931027942926215,0.4505494480739041,0.0,0.0,0.0,0.5586034773415592,0.0,0.0,0.0,0.0,0.0,0.0
p_6,0.971051490412511,0.732369090485411,0.5657505326710736,0.8651362203231476,0.18921161668704053,0.7785896157093269,0.8000302159842855,0.7948357817659704,0.6487947241932821,0.6398657283888541,0.6773869333117851,0.7017879926507408,0.7636146005114411,0.8058723883510732,0.6427214325135968,0.3660550450319839,0.6020100472260802,0.25658453477838117,0.7031913925475171,0.04444443950617338,0.3953488345051379,0.7373608438476418,0.5588096784853408,0.8424230088039537,0.1903143569217132,0.6960395479979625,0.7785207492668995,0.8688120226760673,0.6943005174152327,0.6602778260416056,0.7564128042226829,0.7183300931984027,0.515305087137026,0.4665090585775488,0.7839761040288359,0.0,0.4584980214501086,0.0,0.0,0.0,0.11249999296875043,0.0,0.0,0.0,0.0,0.0,0.0
p_7,0.9747669893976615,0.746453667060758,0.6089242678646346,0.836794080968289,0.2448614812791646,0.687833537163321,0.7939216208453942,0.8537627336763267,0.837057362031808,0.7447385198144623,0.7631578931429451,0.7501963835420409,0.7288888874163861,0.8595477090849611,0.7249046416179137,0.6362477679422692,0.6414397755355801,0.5836065525933889,0.8045893272586148,0.23529408304498778,0.3555555530864198,0.7541354061595859,0.6108386655731629,0.8596711991639249,0.24584103284804962,0.6720960959346315,0.792124743550812,0.8792228342087961,0.7897069944970192,0.7090153915554888,0.7689720395859323,0.7542610968774479,0.699334809979302,0.6362297449467619,0.8269658566331697,0.2916666059027904,0.46662507506784107,0.0,0.0020703933533085576,0.0,0.5670329545707044,0.0,0.0,0.0,0.0,0.0,0.0
p_8,0.9728910988035979,0.7530462329992088,0.6093453136317182,0.820920802329764,0.3517587910237957,0.7296195940497067,0.8017715816255728,0.7957308682424323,0.7911657072776194,0.7539434831261548,0.8049042787590788,0.7192336008871274,0.6951918820132513,0.8733802891063354,0.7101556701152646,0.596947709289598,0.5612848666048822,0.6477093155789154,0.8107382543534075,0.36111106095679707,0.34712229903666997,0.7419197407248322,0.588965438697308,0.7445429734442847,0.43149129120748453,0.6967716202395755,0.8110332092903856,0.8596462580355667,0.7549611723397165,0.7244177834117698,0.7809757077342812,0.7345909593438635,0.6859353648476665,0.6775147878882043,0.8270142173095683,0.0,0.33360722815441884,0.0,0.0,0.0,0.5096153723650151,0.0,0.0,0.0,0.0,0.0,0.0
p_9,0.9703212969209085,0.7665240691243148,0.5759581526457692,0.87431280698266,0.1379310327841006,0.7007410582837131,0.793953145492033,0.8049330008271476,0.815501072403682,0.7657563019464614,0.796863043617324,0.6745133514055529,0.699225168585994,0.8840321621635759,0.6636728897853074,0.5761689273720394,0.3806734974100854,0.5229885019900251,0.8079310656833771,0.38297868266184226,0.3428193226815399,0.7410064998084314,0.5439927995825814,0.8419026667439158,0.27938670971561574,0.6472369240651681,0.7485179242089808,0.8501121203528195,0.7742618258289112,0.6289467431914642,0.7422198223741324,0.6395170360794873,0.5852631566626039,0.5724331886608074,0.8229501980468186,0.04347825141777143,0.3512252021515449,0.0,0.0031670625244096394,0.0,0.14619882613453725,0.0,0.0,0.0,0.0,0.0,0.0
p_10,0.973241505605032,0.7612038949763795,0.5788464175291164,0.7989513349724445,0.0626450108741878,0.7029711483202968,0.7775707266964208,0.810591761512939,0.7441139140785086,0.6957746473108744,0.8033843658271871,0.7456418353976155,0.7159050642651346,0.8803845076160215,0.5872359443531509,0.6126855584003088,0.6134371927291276,0.5490533515572,0.8010785415316356,0.0,0.3406844080556319,0.7803812399119623,0.5859578618328704,0.8193138495430027,0.36722605757920973,0.7177808620667107,0.8040328623605962,0.9034290123590486,0.7700653765891426,0.7264581290921651,0.7961630680756999,0.6913776009005178,0.7251067639354759,0.6429779979443486,0.8347902862385957,0.1975308398110074,0.39716311800668525,0.0,0.0036133694343869066,0.0,0.06101694708417129,0.0,0.0,0.0,0.0,0.0,0.0
p_11,0.9687867216017827,0.7340315234218202,0.5956650810649563,0.8746771779004088,0.3647324765280145,0.7068816167692777,0.7755817803552714,0.8534957249950254,0.7667836248341712,0.651197829854454,0.7633235401524895,0.6852687702697219,0.6835303803037382,0.8496273216765335,0.7155765068595792,0.5156940234464218,0.6571992084528631,0.3277909712763977,0.7830112713536521,0.0,0.4190064772191875,0.7287387091704426,0.570319075895139,0.8637089261461657,0.5027455735036878,0.651933411809691,0.7882884256821361,0.8923925418785489,0.7586057109799048,0.6538775504866305,0.7630944537297952,0.7378797376665653,0.6190298495913622,0.5856573666291012,0.8212711773369198,0.19607839292580528,0.5327102778845314,0.0,0.003916449060597591,0.0,0.028089886851407675,0.0,0.0,0.0,0.0,0.0,0.0
p_12,0.9725680222159997,0.7438162821802685,0.5839303334490119,0.8633087824252361,0.12348178012670263,0.7322916475409245,0.7743903291610545,0.8617015336894274,0.7987918206333738,0.7091092092693263,0.8277264310023541,0.7145358987980038,0.6751824802117188,0.882724133694082,0.6643123399408355,0.48192770958112174,0.694117643656286,0.40510637953100953,0.7913578007671689,0.0,0.43775649495378594,0.74905214756116,0.5669777974518977,0.8485971120410803,0.17755101859641817,0.697414118749453,0.7772758074897451,0.8577399295450917,0.788862090781778,0.6602870807854553,0.7564006009856917,0.700770470613895,0.6042296059468503,0.48057553611096737,0.8101397683738695,0.0,0.38677918152757257,0.0,0.002750085930731915,0.0,0.03749999882812504,0.0,0.0,0.0,0.0,0.0,0.0
p_13,0.9766818256925899,0.7773500681066502,0.6112139066380643,0.8361918681683677,0.13348164478885824,0.7034850428070915,0.7814247042325204,0.8109007023169891,0.7856616734769682,0.7840255584792128,0.7883068456183896,0.6536072591800894,0.6341463396649281,0.8748993778128614,0.6937408408062165,0.6357379540256488,0.6135265670844127,0.36560805293874477,0.7976671145826226,0.23809520975057025,0.2469437622623012,0.7842718514516129,0.6053641005885624,0.7978753535425812,0.5046357582474453,0.6600630520647524,0.7726480961079214,0.867259551566063,0.8133122788615179,0.7399367569097199,0.8044419333626164,0.7487684721970742,0.7303231136488751,0.5197827733143308,0.8155033314490501,0.08510636487098619,0.3163636334876033,0.0,0.004145077677253081,0.0,0.0,0.0,0.0,0.0,0.0,0.0,0.0
p_14,0.975361337739131,0.7579006011533115,0.6102002251885965,0.7795531477457325,0.2740676472327177,0.6832704007428109,0.7784142217256221,0.817372928029489,0.7579285417396915,0.7300692537203501,0.7928971225769212,0.6762652675555616,0.5690525673624812,0.8767313486950571,0.7123070827935228,0.6249120323131315,0.6355215439568201,0.6022988459593959,0.8057464077757237,0.18181816115702715,0.22921914068993526,0.7478460452385847,0.5952788406593459,0.7275141049390026,0.279109586651459,0.6668903316163307,0.7767166465642392,0.8387061095721835,0.7214473129105824,0.7298917562615389,0.783533048350342,0.7021296550313072,0.6114570348454608,0.6209912491181396,0.8175011269124933,0.08333331597222583,0.1639004132375476,0.0,0.0,0.0,0.31491711837245534,0.0,0.0,0.0,0.0,0.0,0.0
p_15,0.9639401793172292,0.7371194350599303,0.544827209939626,0.8820856523679184,0.37939109774089697,0.7025511476827162,0.7788201912361891,0.8646662578905902,0.7426035492971981,0.7291685715456246,0.7837459112943814,0.7149519870646036,0.7451428560783674,0.8671804332886174,0.6795033662884014,0.6272752712761823,0.67178699092787,0.47347740202870925,0.8261256795387178,0.5052631047091468,0.44628098910105674,0.716419830752269,0.5193050820910103,0.8639039429863801,0.38744154717807916,0.6540326133059627,0.7499823027749171,0.8747198002025406,0.6711857104893634,0.7199021814146894,0.77651427065093,0.6798660921282964,0.5540789193333083,0.5306513359133014,0.8260536390555042,0.23255808545160803,0.39745222761166776,0.0,0.0014577259368970413,0.0,0.43283581012846245,0.0,0.0,0.0,0.0,0.0,0.0
p_16,0.9679064112427235,0.7162425701350789,0.5629382640478827,0.8365627947737251,0.2649640840784989,0.6369445356123444,0.6960160913122232,0.8133431998557846,0.6692975523950309,0.6227327685068814,0.7071364034198078,0.7199999971485148,0.685727566978783,0.7854471645347003,0.6908812839888345,0.5001264209857739,0.6472819188905102,0.08774834364446736,0.7935661594298711,0.07499999062500116,0.3865065729759487,0.7264681145536758,0.5576848355787062,0.8210227268965256,0.1485319503581006,0.6011357353633958,0.6906750738979638,0.8385107615831816,0.6159891590569253,0.6033416407243223,0.6903171938849808,0.7005830348875466,0.5413849369517721,0.34741035579752705,0.7991558206127719,0.041666657986112916,0.490726017537223,0.0,0.0032362459023261183,0.0,0.1785714232568029,0.0,0.0,0.0,0.0,0.0,0.0
p_17,0.9690125547923787,0.7328730077436276,0.5662239436219462,0.7128164552933903,0.22310756823965758,0.6299687859985912,0.7530647384459179,0.7571572203221902,0.6356493976974597,0.6519007421134094,0.5830377288245119,0.7262931008394644,0.7005899692098267,0.8320600158821662,0.6408250961402449,0.4321953072054257,0.6025877975850841,0.31407034978599024,0.6685788034787188,0.0,0.2903533878667298,0.7337104118488947,0.5623544568715299,0.7209724915590122,0.12891985950418242,0.6115155091134639,0.747404761145123,0.776676134424848,0.6421849889348348,0.6871580080475863,0.6449118455847327,0.6640873521932015,0.4691718342408394,0.44197138080566306,0.7258087910011543,0.0,0.32343749747314454,0.0,0.0,0.0,0.0,0.0,0.0,0.0,0.0,0.0,0.0
p_18,0.9727365358853571,0.7572053333826206,0.5872250916796656,0.62600464312734,0.13359528355996775,0.7083333331633224,0.7835256871765575,0.7853779305862528,0.6268871306586814,0.7538655021425867,0.799570506801055,0.6776785684032206,0.7140664943374259,0.8810473770867148,0.6037040622479356,0.6199279697000529,0.6837899504349889,0.5943033056635619,0.802027965653751,0.3421052181440502,0.1610268359273415,0.7692570475838093,0.5857101598006272,0.7060232711276324,0.3145161264958377,0.697573376312093,0.787984043380911,0.8750267260663744,0.6464295257469517,0.7353612721990416,0.8202506582779509,0.703915379421722,0.6775130724820587,0.6182873685175082,0.8352399103628536,0.11320752580990079,0.2775590523862298,0.0,0.006639004094282124,0.0,0.0395256901373245,0.0,0.0,0.0,0.0,0.0,0.0
p_19,0.9686838077827753,0.7273225472865629,0.5800453371862596,0.7897236898443007,0.0969696959902051,0.7616121130020616,0.646289915489121,0.8119463725090098,0.6489317702978198,0.6462215926348812,0.6934812746315013,0.7354452023311421,0.5080605752123581,0.7520647449746153,0.6464169855043577,0.5001378535976347,0.6620689622558179,0.04051863824539191,0.7416329526097527,0.0,0.23404255042502897,0.7256526978477282,0.5683160285436678,0.7920792073723747,0.16822429731854313,0.6775025647548728,0.5626876794985067,0.8628904820330069,0.729916028662845,0.5022274321983373,0.6214259851222838,0.7032600150203653,0.5906685892480313,0.2173615842969133,0.7991210393708835,0.0,0.3504132202445189,0.0,0.0030581039287751696,0.0,0.0,0.0,0.0,0.0,0.0,0.0,0.0
p_20,0.97119343131943,0.7293803883432661,0.549399652212359,0.7118827992311583,0.0,0.6081389702012014,0.7026262014150741,0.750214591916922,0.5715465044420109,0.626953354114115,0.660028049565178,0.6142920523111759,0.5757792039596022,0.8159243547755501,0.4890350872318231,0.26990470252104304,0.5039761406363015,0.20191598966900523,0.7302322103111833,0.08080807264564922,0.06596701550274339,0.7375102042455759,0.5389348005614607,0.7198540382154138,0.4322298536400384,0.6063887167416367,0.7176797146116433,0.8195379670467534,0.5904059033077925,0.5757177703285684,0.6398640987544393,0.617481432614477,0.4691206534373811,0.310364792644095,0.7654338645357794,0.0,0.29260449925559084,0.0,0.003761165943765087,0.0,0.008438818209332564,0.0,0.0,0.0,0.0,0.0,0.0
p_21,0.9737160095925426,0.7578593316555031,0.6017404615617276,0.8808375806306524,0.3163398672134649,0.7664410673889156,0.7983837214888646,0.857453001994645,0.8147300522056278,0.7497730705372367,0.8019341625405726,0.7246713042356098,0.6983305885296718,0.8683291364034881,0.7015568645425659,0.6635282441438844,0.6702792802406032,0.6397652190772911,0.8212229908891108,0.1846153562130221,0.43940886483049824,0.7564705919417233,0.5867666861527843,0.8682347192690507,0.4392209507104033,0.7395888012380601,0.8110597672133215,0.8789154765949905,0.7863751043036427,0.7511924905745557,0.8274165187567373,0.770702239474199,0.7081118541527344,0.7284671479673931,0.8339973432652744,0.1016948980178139,0.4908592299320876,0.0,0.00381315536790679,0.0,0.6203554019328691,0.0,0.0,0.0,0.0,0.0,0.0
p_22,0.9693895904873153,0.7127245094028082,0.5591788775150791,0.6210798572412869,0.0,0.6057667148204632,0.6854140095837662,0.6905335624831406,0.5003260721268735,0.604124602967894,0.5343434334438663,0.5540669829948948,0.603745686043012,0.7490123631165251,0.44876943625911914,0.3385845277719621,0.3962115217197651,0.3544615362802367,0.7032231053133335,0.0,0.02469135758921768,0.7359861191928649,0.566451077502322,0.6082149998968693,0.0,0.6569230955962647,0.6182553596570478,0.8111019051309539,0.6205052792133334,0.5989616665962865,0.6889979776364453,0.6214475825350325,0.5496535786188346,0.4108108080350621,0.7419380518019444,0.2716049047401352,0.16580310709012325,0.0,0.0013201320044875775,0.0,0.0,0.0,0.0,0.0,0.0,0.0,0.0
p_23,0.9746735178858216,0.7585972597727871,0.605608863869876,0.8451848837641279,0.19289339905691982,0.7883765441467937,0.7868763891711783,0.8169863294261727,0.794583483503103,0.7778967299860853,0.7915755994604101,0.715990450043005,0.7325344772043083,0.8649548262802306,0.7212403093320514,0.6924979370912395,0.683640299655253,0.5451807187862898,0.8101221015659865,0.37499995312500584,0.29958677376459947,0.7530814163391705,0.576060236587207,0.8438585064866219,0.4210526284131381,0.6613429349456618,0.7392153202931987,0.8733009438979743,0.8312236277177407,0.7677031610768198,0.8122676564827739,0.7204146264320812,0.6689986867752543,0.6018718459188492,0.8256912838417122,0.28318581564727296,0.46977811423276117,0.0,0.00360036000359712,0.0,0.5099009774776986,0.0,0.0,0.0,0.0,0.0,0.0
p_24,0.9663268819783218,0.7384068654156918,0.5479175011236906,0.8582664259961222,0.26095060334621994,0.7033883347958642,0.7623288198998459,0.82613377957034,0.7084648483379271,0.739646578396333,0.7766726926386242,0.7314662249375082,0.6935244668968747,0.8604392048196745,0.7198155789839443,0.6067305315481932,0.6053772749194065,0.5261158544528409,0.8132347356719428,0.1739130182734756,0.41592920149494,0.7315942769020709,0.5420310849763236,0.8496861575111208,0.28305084505889117,0.675854662458418,0.7542160902523408,0.8513545342453742,0.7174098257350046,0.7636188635576334,0.8016915183581316,0.7230173726500879,0.6090909077725305,0.6879561981025895,0.8047067747155943,0.1276595473064793,0.50520833070204,0.0,0.00846262329389812,0.0,0.5480943639184326,0.0,0.0,0.0,0.0,0.0,0.0
p_25,0.9698977175042249,0.7453457955248453,0.5597434267997927,0.8351809080695993,0.075438595829486,0.6630511118488,0.7357508374821816,0.7985977976674165,0.7392335529406646,0.6114271972021579,0.6789617474744506,0.7420494670512388,0.6884465584412667,0.8431819897494626,0.6664332598105617,0.4892054295811141,0.6666666635279347,0.08819132968466868,0.7281949092218143,0.0,0.2857142832847425,0.7409169450938913,0.5492071744124168,0.8334583642003665,0.22125813289039672,0.6748463999347253,0.7280789500643426,0.8698064138284852,0.7442672555648152,0.6157688780153452,0.7322125985189123,0.6698305079069233,0.5094420589926136,0.13251366029703784,0.7982555597049669,0.0,0.34011818555405,0.0,0.0,0.0,0.0,0.0,0.0,0.0,0.0,0.0,0.0
p_26,0.9759646986376843,0.7539565345694289,0.5950627840230066,0.6016002808391803,0.08908685869613743,0.6028333359223116,0.6622836117481239,0.8195613578310935,0.5504355503718779,0.5971409117786651,0.6944279776312567,0.5212264120210707,0.5322283593240381,0.8332639017377121,0.6058598192298791,0.5274527436920109,0.6038487020315282,0.07762557018549794,0.7450066054674698,0.0,0.0309597518427283,0.7562409548796917,0.5879023445327618,0.6975362565983433,0.3278145668227271,0.5812303344600863,0.6468610663508839,0.8388639075423394,0.6272594032397907,0.6048345105207628,0.6904622576207399,0.6761991677556037,0.5194942030571806,0.07430340499765166,0.768879078693931,0.0,0.16155419057715553,0.0,0.0,0.0,0.009756097085068435,0.0,0.0,0.0,0.0,0.0,0.0
p_27,0.9590134113465745,0.7175025017517677,0.5180902721114863,0.8532917453819111,0.4136222884605431,0.6669387198379154,0.7197386395148831,0.7869471692004893,0.6354243536573576,0.663183724639291,0.7556089728453347,0.6044976261512325,0.6963479673854166,0.8183456231821168,0.7070468573310508,0.5487457963570059,0.6067415706829075,0.39237826116881963,0.7586898389382605,0.39999994666667377,0.47631934832512696,0.7143899536449599,0.5123974680314607,0.8432106270538353,0.5377319565454352,0.5869522455279308,0.6614275364362351,0.8479859505828197,0.674336282589083,0.6946390739004081,0.74069291856963,0.7197861849830567,0.6102862048412175,0.4675324646411103,0.7770227553911009,0.3599999280000144,0.4724919078560132,0.0,0.0035492457747730083,0.0,0.007448789432983437,0.0,0.0,0.0,0.0,0.0,0.0
p_28,0.9748714486893184,0.7175260787980452,0.5903699023144899,0.7172184967738865,0.087408948101884,0.640485097668395,0.664409869101085,0.7408161283605621,0.4929812033155113,0.5588914546165087,0.5812015778669762,0.6193753275840375,0.555587976201961,0.8148442905164629,0.640104750617186,0.48392474283418735,0.5229826326711816,0.045454545141497625,0.6766320406413039,0.0,0.2062499983886719,0.7416141593748614,0.5902818487707355,0.7424506382531573,0.12240663773437098,0.5680129581027478,0.6476198727339427,0.8338772497979381,0.5862809350364099,0.6251925262002327,0.6841508354350002,0.7158748107882025,0.56996434810614,0.20448018262791395,0.761880814045863,0.0,0.31120053446545587,0.0,0.002828854273990746,0.0,0.0,0.0,0.0,0.0,0.0,0.0,0.0
p_29,0.9684946012509373,0.7496239361480219,0.5532183598249575,0.7167250432598329,0.10262008621593792,0.750101041919254,0.7625618202679469,0.8137126657871634,0.7211884743079405,0.6616961783769413,0.6381392034123949,0.7466887386312552,0.6994413392191255,0.8369284826698092,0.6077859364170748,0.47055702792955695,0.6767136573810711,0.32601880622242313,0.7940646001032426,0.06249999023437652,0.016326530390115234,0.7501083921433016,0.540881378848683,0.7758249386760507,0.18450826645336582,0.7282361546299234,0.7812666771876026,0.8557336616658818,0.7157577271729609,0.7013765176507073,0.7216376492794382,0.629981360939042,0.5382022461831419,0.3741231459538336,0.8215619412067203,0.018867922748309174,0.11983122261745804,0.0,0.0,0.0,0.0639999974400001,0.0,0.0,0.0,0.0,0.0,0.0
p_30,0.9741044626613589,0.7626731640305707,0.6070152757360918,0.7442185420637053,0.16161615980228777,0.6996507348201096,0.8067655614318534,0.7914020017320992,0.7088103525276128,0.7565255856388987,0.7507759708768013,0.6912442367354661,0.7044854865776485,0.8342487882560247,0.6421796534850478,0.6160670265745021,0.5885167435956136,0.5811965762290892,0.789555728145319,0.3999999500000062,0.275538891513225,0.7596369073059348,0.5918045488491688,0.7650080722405636,0.2920517533082093,0.6639295970498693,0.7694880878185796,0.8581732058462925,0.7671136194223552,0.7304637259017598,0.7799835918293953,0.7251411196481623,0.6668100652466981,0.6484018222543912,0.8252023290029481,0.09677417793964871,0.3123123099676253,0.0,0.010416666576244214,0.0,0.39896372023410054,0.0,0.0,0.0,0.0,0.0,0.0
p_31,0.9704703382392563,0.7416487843511983,0.5773110006910712,0.8733425411348955,0.24978613986496032,0.7166301457604946,0.788682426682718,0.8432535238066382,0.7582148102523114,0.7052225076266803,0.8060540523112345,0.7596677148104619,0.6337834096616605,0.8779809569196957,0.6622529258661937,0.661989474663018,0.6323987519239914,0.5658119609759662,0.8122315746330256,0.2913907091794232,0.43975155006365496,0.7366390408446846,0.5525419870140743,0.8707462110605232,0.49523809186912865,0.681217023294234,0.7761998143121995,0.8396265990981611,0.7747444098699647,0.6759276177335701,0.7646176895167752,0.6772184737266749,0.619160727198811,0.6969146942203749,0.8192235327353997,0.22727267561984643,0.516632013946819,0.0,0.005747126381732506,0.0,0.583153335137077,0.0,0.0,0.0,0.0,0.0,0.0
p_32,0.9703028296641312,0.7455101092584522,0.5566113942365143,0.7838235288878185,0.03980099452983838,0.6901571421951108,0.6575072166728172,0.8281964134371286,0.7267012835109302,0.6272691547133444,0.6993136696358493,0.6038926848822058,0.5703991115011111,0.7206841431073074,0.6200043199179042,0.4514066481732524,0.638970154248273,0.059247397443976,0.7746415359593818,0.0,0.18061088737568542,0.7484649031523647,0.5642979518502148,0.7884114092586495,0.2615955448831582,0.7232602556213128,0.7449907709546267,0.8613020617749974,0.7545005990738758,0.5535845658844236,0.7036466346453576,0.6793175798929681,0.5139718163029094,0.11443210833106654,0.79770824081295,0.03448275267538747,0.2342857120544218,0.0,0.008988763943946473,0.0,0.0,0.0,0.0,0.0,0.0,0.0,0.0
p_33,0.9699556490948962,0.7525713038647943,0.5678833163624835,0.8816168525203418,0.16976743988642512,0.7044459894669626,0.7703072232262866,0.8678550202805377,0.749175596919646,0.7452206532560116,0.7959437069620371,0.7301401847834691,0.6699055312553157,0.8730941624918931,0.7259325433036269,0.6399757335760518,0.6500986167648969,0.5838926125512365,0.8383546808241433,0.6153845364891619,0.46745194998479883,0.7537937261404837,0.5657284423652811,0.8648747371876426,0.21428571203481395,0.7318929583931915,0.7979795144662566,0.90252009373148,0.7451022596931085,0.7183123243011972,0.7808105856476208,0.7388535024003678,0.6914225923341459,0.6515495037675775,0.857168701169454,0.05128203813281073,0.43664717065206515,0.0,0.001395673402681972,0.0,0.5531914775916708,0.0,0.0,0.0,0.0,0.0,0.0
p_34,0.970338815986561,0.7414839106265704,0.5907185810515897,0.8579026214015346,0.31029411536548446,0.7176615274920582,0.7927392783394287,0.8355897320288153,0.8084754513607489,0.7009610725983814,0.7939349638400897,0.7412649237449582,0.7281481467997257,0.8766227230088519,0.731194391362277,0.6179921759713338,0.58791703972986,0.5032362418832019,0.7967882456677302,0.25974022600776286,0.3883626496051242,0.7435789580917722,0.5690776577562213,0.8613186398667732,0.18576388727635515,0.6829420411006054,0.7758861250523472,0.8765631733093127,0.8048334679073584,0.7128294737783388,0.7717352401221195,0.6978730971808551,0.6068965505615009,0.62955599317723,0.8439238152335043,0.040816318200751385,0.3751763020086297,0.0,0.003947368395083103,0.0,0.29533677991355495,0.0,0.0,0.0,0.0,0.0,0.0
p_35,0.9669944432760492,0.7139508506512441,0.5351983721605669,0.8267216057393935,0.1313291128850545,0.6335567157354033,0.738045165073314,0.7689094431503758,0.6695499382760509,0.6403224526670968,0.7044823468772663,0.6862215334379717,0.7248749415077878,0.8415612899683352,0.6184259598858393,0.5110701095224398,0.556105608266891,0.12369337871347232,0.7484750621201336,0.19444441743827534,0.36470587996924264,0.7182108013275973,0.519456137981927,0.8295717439568291,0.46075949133792665,0.6240596853683849,0.7335970301391492,0.854985972529974,0.7403656117337382,0.5181281946377285,0.6896296283525377,0.7024434797119256,0.5923590493465152,0.21350762372180376,0.7779649589134392,0.25490193579392784,0.3619402962565902,0.0,0.0025380710337808247,0.0,0.0064516126951092686,0.0,0.0,0.0,0.0,0.0,0.0
p_36,0.9706286424129991,0.7421778866787152,0.5822048005999003,0.7037412987936911,0.07350096640714733,0.623670143193803,0.7491197754453663,0.803741831991848,0.5805263150256232,0.6767262355352713,0.704322046022278,0.6326148049080843,0.633057088782097,0.8358579796942389,0.5931992161356603,0.5629008372893418,0.6447638570597338,0.15003538464235397,0.7472921485416507,0.02325581124932427,0.06469760809145418,0.7496636296637643,0.5854603443901998,0.748446365341498,0.2674772016149149,0.6399040750579156,0.7566681452137427,0.8570599889510031,0.6247298912068069,0.650206935457252,0.7239559765958752,0.7019328580468481,0.6626789910047508,0.2660725635514159,0.8043820701672763,0.0,0.24283305022906365,0.0,0.0030349013196524837,0.0,0.026845635782172094,0.0,0.0,0.0,0.0,0.0,0.0
p_37,0.9681863257275233,0.7270049691901501,0.5575307029734784,0.8783823176322099,0.36396074608420387,0.7001338686350007,0.789789237445118,0.7594195825146814,0.7469342242698697,0.7450009514901914,0.7598187292048874,0.6614253089996822,0.740649604476748,0.8793938687595639,0.7466321793871837,0.7185314664378454,0.4549524329743916,0.5164506429067732,0.8171979527575778,0.581196531521664,0.4066587371780099,0.7171129880060793,0.5423871114797,0.8321986707516819,0.2502187204705274,0.7099478193780364,0.7847578135991145,0.796459110685018,0.7339921754848753,0.6936160805239495,0.7701433495547618,0.6861330319209323,0.7073582612608968,0.6672535152530501,0.798811109153622,0.16666663194445167,0.22418878961572358,0.0,0.0041237113189499415,0.0,0.6135458045110398,0.0,0.0,0.0,0.0,0.0,0.0
p_38,0.9694566445500769,0.7397444709278451,0.5989034650473948,0.7833290482522555,0.028659160402669803,0.5999084756970698,0.7059759014058999,0.659237648544054,0.5773155021522383,0.6370552142028179,0.5965770159928964,0.6092628819107135,0.574669185593656,0.6669133061116025,0.5185475183336131,0.4379631832704681,0.3596355503530419,0.4516605132718781,0.7431731759910359,0.18823527197232093,0.36236558944964736,0.7375480080670087,0.589426108142864,0.7500597450581886,0.18616566877740676,0.6763013474732924,0.674563236709292,0.7933756380367458,0.6880208849402341,0.6575049369177872,0.718281717085778,0.6249333090655048,0.590863351598182,0.5674891105407176,0.7708922595603906,0.19607839292580528,0.3019755395015261,0.0,0.0,0.0,0.0,0.0,0.0,0.0,0.0,0.0,0.0
p_39,0.9722194688539687,0.7661895854537987,0.5995902504937292,0.7433394877714723,0.11361586912880191,0.7106458620094722,0.7894740338161296,0.8315257504789474,0.6790597257387146,0.6982055459974427,0.7442635071349676,0.708041954947369,0.6624232765118817,0.8929476944794584,0.693287368865951,0.5160657333429832,0.6681589218345891,0.32137732911494027,0.798027909419213,0.10526314404432315,0.3003662966988242,0.7630263481157479,0.5892985107793327,0.7301933868292316,0.11499999904166668,0.7042486189485573,0.7884702119269296,0.8684745757805229,0.6586732399611461,0.6742262154655354,0.7730742526490731,0.6765481488801054,0.6260399321421799,0.3913043451677694,0.8302487221922379,0.0,0.1660516589847633,0.0,0.002296211225072202,0.0,0.05830903620090274,0.0,0.0,0.0,0.0,0.0,0.0
p_40,0.9708199213066303,0.7357130412271556,0.5880787889470029,0.6499684650419241,0.03996194062833548,0.7277693851035977,0.6065889071772154,0.7870129866041491,0.5336059282729289,0.6214830392969478,0.6314953112482198,0.600910467370205,0.512365841081741,0.80149977327581,0.6369839042713576,0.4627852410689161,0.6415306660577903,0.14331722911982908,0.7089172950031439,0.0,0.0896358530863326,0.7374748267033318,0.5748455219326856,0.6803135079019701,0.14102563973419743,0.6848121024730163,0.5937902920832874,0.8473687142991413,0.5875559738539289,0.49332214949782427,0.5480407936821783,0.6180879408576883,0.42271047944252294,0.3273691164521596,0.7283490457294826,0.0,0.19856887121136968,0.0,0.0,0.0,0.03493449629107003,0.0,0.0,0.0,0.0,0.0,0.0
p_41,0.9681949235372286,0.7520045810224613,0.5746320659059367,0.8566082192609993,0.31973898597276523,0.7413167199706497,0.7898339060144736,0.7968184241723639,0.7704539615664864,0.735890502926757,0.7902571024125912,0.716626211418003,0.6940575657055303,0.8563980870714417,0.6729330513399837,0.5104214902491397,0.6330241163895208,0.36535162636919705,0.8069164257628368,0.3636363223140543,0.39150227419573963,0.7418567177938551,0.5511798060427475,0.8600548557349287,0.3591022414039714,0.6975631703181463,0.7759568259174512,0.8506019803981959,0.7493505018080306,0.7309609156850915,0.7981345751762502,0.7232603993583807,0.5991022901037035,0.5658852015692385,0.8225024240324904,0.0465116170903216,0.5333333309786608,0.0,0.004210526271468145,0.0,0.36761487160580153,0.0,0.0,0.0,0.0,0.0,0.0
p_42,0.9719788110437497,0.7610046134214298,0.5870592327790541,0.689873417175733,0.08236536343859173,0.7460820271869618,0.7927788984658066,0.7736532363209296,0.7712494521486376,0.7687366160692336,0.7944739621796516,0.7285782636257622,0.742505763654872,0.8720287954497604,0.7078489761669239,0.6213991755340669,0.634408598360761,0.5942684721397551,0.7938407384128107,0.40223461440030084,0.2395604369279073,0.7562455185806847,0.5748980522306445,0.7264971841609817,0.18762474862649953,0.7164932062834658,0.7924455124770626,0.8482461533241562,0.7693731806805433,0.7286177369058119,0.8091482633889033,0.7038289310940062,0.6713957841197669,0.6239999954618183,0.8381461668109215,0.3870967325702438,0.28263002666702625,0.0,0.005199306714044136,0.0,0.4673912916469758,0.0,0.0,0.0,0.0,0.0,0.0
p_43,0.965785067842117,0.7218121731589482,0.5623138683665919,0.827132750384048,0.0891410041398622,0.6905504750420386,0.7477429428331454,0.8220792654541008,0.7845898914824049,0.7389642899334798,0.7958600985084581,0.766697729833185,0.6944260835108481,0.8583213605755632,0.6041962449880137,0.623724199084318,0.6822875270759033,0.6441844415403686,0.7788911149863497,0.2926828911362328,0.1599999987692308,0.7231808667027255,0.5639974916767,0.8314426682277896,0.42358328320788047,0.7605201775313096,0.7742759965139825,0.8854723492665347,0.776211030430493,0.704758112213977,0.7257245771643613,0.6720664302531538,0.6948278717864164,0.6696715990362422,0.8192807488521602,0.0,0.2690909074600551,0.0,0.0018181818099173553,0.0,0.5860306544117435,0.0,0.0,0.0,0.0,0.0,0.0
p_44,0.9734478195702999,0.7226685847056534,0.5991651580477241,0.7622145225466913,0.2878093465828658,0.7192630018223528,0.7731356517379849,0.7787811600179629,0.6785668413014424,0.741062267586566,0.7641154312753755,0.6172722953408575,0.7268770386792666,0.8626316802750816,0.7261274413674207,0.6741412197658845,0.5821256015212335,0.5372262734509031,0.7897011156016375,0.05263157202216157,0.30837789386472464,0.7293314456286815,0.5864116800629416,0.7249716324299803,0.3488584443026626,0.6747393743635245,0.7653553376667265,0.8271028032782027,0.7061381065138899,0.7032967027112083,0.7661914444680419,0.7367215707418995,0.6952931447248284,0.6411421113488507,0.8120106836031955,0.20689652794292782,0.30831315328237974,0.0,0.0,0.0,0.433249359363996,0.0,0.0,0.0,0.0,0.0,0.0
p_45,0.9668124234824653,0.7391627710734888,0.5410812319630325,0.8428971306149704,0.1271028025504411,0.6546545285365912,0.7483915156004116,0.7898353032283342,0.6416842947096965,0.6211464546396709,0.7000397284464844,0.6668925765269651,0.6721390616317261,0.8512757745845826,0.6080191496030131,0.49675132753469775,0.5775359480080219,0.045025417247455214,0.7402629209273595,0.0,0.3259152883997467,0.7242561339161359,0.5334045451843502,0.8403788806524063,0.15177713590992184,0.6239233694101103,0.7216574008107582,0.8406765499892063,0.6556573807679363,0.6034732266611132,0.6681707075236497,0.6776169258745203,0.5896504752844973,0.3056047179610341,0.7521884444117551,0.0540540394448542,0.3361742408325083,0.0,0.002072538852944598,0.0,0.0,0.0,0.0,0.0,0.0,0.0,0.0
p_46,0.9634496004112121,0.7442181988410959,0.5122411847263667,0.8515098575364337,0.10735930642978955,0.7103910569465123,0.7352921238590867,0.7979808072780984,0.6311483785344633,0.6409201572992023,0.6998223787254344,0.7028248561098875,0.6374745401286289,0.826254034802778,0.5654328178709485,0.4318658269605193,0.5527217337163238,0.2670713181557563,0.7709777066285567,0.03124999511718826,0.41132075277678887,0.7624509549159576,0.5088654715334245,0.819809276991308,0.3031674185281492,0.6114456543644147,0.7106913542847028,0.8361368163831807,0.6571837532141852,0.572090627727351,0.7538175032517366,0.7136596729942567,0.5957543926141192,0.4379821932463965,0.7938997063640361,0.0,0.42907488797764365,0.0,0.0018399263973016668,0.0,0.0,0.0,0.0,0.0,0.0,0.0,0.0
p_47,0.9703686319688564,0.7089766654429137,0.5558381352828632,0.8560549461727786,0.3992948417836278,0.6659820977513887,0.7394326404790333,0.839386870576815,0.6954736526586435,0.6683399682635105,0.7203135791553757,0.6900218933687147,0.6725146184784574,0.8150922064553289,0.7201475327615053,0.5764848470873095,0.6072782387896958,0.21287128537234914,0.7423098169623229,0.0,0.42003853362216503,0.7155889752385212,0.5469114275412843,0.8426239778840048,0.44996812970064926,0.6130489009906995,0.7571846996522066,0.8553215703726115,0.6790610322262338,0.6607301864107479,0.7171314725998502,0.7333333326408562,0.5612068953422266,0.3624260328222927,0.776038855211334,0.14035085257002586,0.4097777759565432,0.0,0.00322476619405106,0.0,0.0,0.0,0.0,0.0,0.0,0.0,0.0
p_48,0.9658650842788008,0.7269927417061328,0.5443438500145658,0.5308862081479956,0.0,0.6529687308898636,0.6651239068986561,0.732232345824469,0.4983860547153227,0.5433777151062524,0.5084046931360535,0.6696651640696394,0.6743373727669255,0.8220734488165455,0.49999999947786133,0.2158054705780003,0.5428907136140381,0.092850509815687,0.6962813388050805,0.0,0.20793950457581278,0.7269767901138835,0.5311081018881788,0.6437537351626283,0.0,0.7317388311262533,0.734493467200956,0.773354901627272,0.5980448525042483,0.60479928854629,0.6012611811097505,0.3934028125129993,0.30369356985793716,0.07894736772853186,0.7177412406664877,0.0,0.18756815498835164,0.0,0.0,0.0,0.0,0.0,0.0,0.0,0.0,0.0,0.0
p_49,0.9722315112518828,0.7552307344937348,0.5864213020954984,0.8711799093571685,0.2338461514477318,0.7177884822467151,0.7792902556662403,0.849750040735181,0.8116828333913088,0.7416060773289714,0.805789585643142,0.786862331282801,0.7650134673347909,0.8808156373192513,0.6913679143887764,0.6595517591794243,0.6260945681869764,0.5714285665403886,0.7974030587002819,0.3738317407633887,0.43679682040505086,0.7608300214805308,0.5792595832864523,0.8603943880243322,0.2884120146917424,0.7492254618116003,0.8148036913111723,0.8846238933160266,0.8144955917585743,0.7025171618972563,0.8153338812544644,0.7361563511064158,0.6827740476895435,0.6718386293883737,0.835311969262419,0.18181814876033658,0.45365321453842306,0.0,0.006696428496691646,0.0,0.4976958410669161,0.0,0.0,0.0,0.0,0.0,0.0
p_50,0.9711608454088668,0.7476379840711607,0.5712985494106959,0.8858370761486029,0.4710424687691,0.7383481671120805,0.7686047997737262,0.8368602218628406,0.7406352675349012,0.7843737242101452,0.7699416323688191,0.7235663066228354,0.751915851612448,0.8650062058973924,0.7724807300671037,0.6835026058646648,0.6330887237055078,0.5998071301850807,0.8122171938633683,0.3478260365469512,0.30550458575456607,0.7309716424425621,0.5585414131653001,0.8720020467725121,0.47183364660932453,0.7200702242409078,0.7949049020880251,0.8260869560337388,0.7051270452074084,0.7925887794209071,0.7823315100584438,0.7147811409553088,0.7242761676519462,0.6321138147142905,0.8092243179206778,0.1777777382716137,0.299295773769672,0.0,0.001232665635646639,0.0,0.636363624311295,0.0,0.0,0.0,0.0,0.0,0.0
p_51,0.9680269016913582,0.719392722097926,0.559071671364625,0.8635853711876045,0.46613731683261406,0.712360996889805,0.7751719692924269,0.8029688038948343,0.6988433220832352,0.6969888390219111,0.7482486848768637,0.6721088420133586,0.7723593272016598,0.8952788157228194,0.7286264884998016,0.6308755745832361,0.6086330913358522,0.47806624460101843,0.7973568274620441,0.07843135717032212,0.38900815633744884,0.7270120967033971,0.5543020198859548,0.8676656972959692,0.26796116331416725,0.6772548577609221,0.7776002655229164,0.853509022713544,0.6821027519804206,0.6378436650804921,0.7713231886322657,0.7016755586430071,0.6519362171937672,0.7071823148604395,0.8313895661952901,0.23255808545160803,0.48333333165509257,0.0,0.0011607661022612708,0.0,0.6666666518518523,0.0,0.0,0.0,0.0,0.0,0.0
p_52,0.9634228237612936,0.7426924064481515,0.572798612761502,0.7678997993621927,0.1526717542683993,0.6834737215400257,0.7175472060271817,0.7990220587881192,0.6629495390814755,0.7291381663405243,0.7782297099007753,0.6486486457268078,0.6498096774067165,0.7475276560478608,0.5805422642081413,0.5854790058328021,0.6762589890633149,0.5186991827748034,0.8068770601296302,0.03124999511718826,0.21074815373289618,0.7474779495556098,0.5490992701637609,0.7550794231584194,0.2595317708392524,0.6520347315300691,0.7239948616708259,0.8829516534556081,0.6832585330025044,0.627739394823758,0.7481077261959026,0.6677168104771884,0.6474448187563238,0.6152716548071098,0.8248407636744899,0.2727272314049649,0.36409821876292786,0.0,0.0,0.0,0.009501187422774646,0.0,0.0,0.0,0.0,0.0,0.0
p_53,0.9691729910688166,0.754007892549578,0.5699088096041337,0.8832425015760484,0.3116240699783671,0.7238647086929907,0.797922662945944,0.8646809455239397,0.8115908014880446,0.7665710514252492,0.7966988711821682,0.7647058799082292,0.7429238390094488,0.8725096193463001,0.7170634537446046,0.662269127540187,0.6399383167311552,0.5441067417041754,0.8170910653283634,0.5333332825396874,0.42223692639154914,0.756930054801672,0.5558955829736053,0.8753025685659005,0.32678711447928427,0.7061159111363016,0.824375261709519,0.8841692345843826,0.8329207912201725,0.6620913011550807,0.7577848205150386,0.7017964065852896,0.6155747824153796,0.5948012186941803,0.8184925646739937,0.42201830990657707,0.47878470152548613,0.0,0.008130081218190232,0.0,0.04851751890788359,0.0,0.0,0.0,0.0,0.0,0.0
p_54,0.9695735485142268,0.7359487748146493,0.546896201350667,0.8482490268348444,0.2499999978448276,0.7323825305822966,0.7784479353981242,0.8622366283316906,0.7980113625028248,0.7480715569111509,0.8114357771464458,0.7526223743329441,0.6746666648675556,0.8852559479298384,0.6915354143027214,0.655849252405524,0.6546546513781049,0.6116774734784294,0.8108361447217509,0.3488371687398641,0.3123809503975813,0.7481646464356553,0.5512233627853431,0.8320660653446468,0.2740183769923277,0.7149926006485866,0.7776044559175155,0.8886069826696829,0.7722900951750844,0.7225565815694188,0.8155973860630092,0.7124010547824089,0.6954887201703743,0.666123773077168,0.84099006109039,0.3582089017598654,0.4164470194177806,0.0,0.011792452691126738,0.0,0.4563106685361488,0.0,0.0,0.0,0.0,0.0,0.0
p_55,0.971616601314256,0.7415704357553099,0.6035912745950435,0.748864909046014,0.0,0.6722597920929713,0.7541424492228674,0.7320574159311477,0.5685161582665167,0.6113615866215628,0.5449878788749638,0.7069243127740567,0.702183733617877,0.823023241938757,0.5813509284759933,0.36460412427455285,0.5990972482597569,0.20355609930376395,0.6588563454261811,0.0,0.10994151918197054,0.7494142104859312,0.59711481622165,0.8090700543457429,0.11111111004682846,0.6817850790614303,0.7842442304842292,0.8650512398883962,0.7135328619732199,0.6056255298534063,0.6121799499317518,0.698845574118416,0.5023522182402287,0.3370411549664007,0.7640154547174925,0.0,0.3728294158691041,0.0,0.0,0.0,0.0399999980000001,0.0,0.0,0.0,0.0,0.0,0.0
p_56,0.9630162190476556,0.6797305028413005,0.5620044419688783,0.6375774911480071,0.0,0.5744979636682878,0.6586842174385666,0.7247231755114728,0.5698924723119801,0.6114235377658218,0.559156701448778,0.5051419148287045,0.6343343493908233,0.4977277765002468,0.35386538086603697,0.08707536101703366,0.5143361247713448,0.4537205040497232,0.5831689673050879,0.0,0.1219110358828495,0.6956749430426445,0.5674740675421605,0.6519863377206666,0.016501650028864275,0.5693619522553441,0.7020857070252178,0.7712921454047496,0.6685039361305722,0.6529521437831248,0.6504534203758541,0.49148142098695324,0.3195390251099371,0.4957152241548107,0.6352028441609804,0.0,0.2325581372814134,0.0,0.005668934208225997,0.0,0.0,0.0,0.0,0.0,0.0,0.0,0.0
p_57,0.9659226889394075,0.7455745182384517,0.57363166849,0.7634024298112922,0.12522045744955504,0.7870252153437832,0.7677496740147197,0.7844045364913023,0.7678363923218262,0.6729237765408677,0.571913579364331,0.7116607748704565,0.7162094751185213,0.683631663298638,0.5809623594898345,0.4245565070269952,0.5702005703428816,0.40647481648853584,0.7788061076825497,0.15189871494952975,0.11804767175882325,0.7635994686192881,0.5914284332279438,0.8560798544210164,0.21621621475529584,0.7134479153534072,0.789274825741002,0.8618084076972421,0.8078246330405735,0.7407354815130375,0.7857378659859064,0.6708286877214206,0.6122860009864284,0.5118174367415042,0.8061052302453557,0.13793101070154987,0.38779173915145576,0.0,0.005312084922814277,0.0,0.006289307978323649,0.0,0.0,0.0,0.0,0.0,0.0
p_58,0.9658002854906651,0.7293205794338866,0.5784456757690398,0.8058800570298217,0.08762886522655615,0.5460998860188141,0.6344095115732818,0.7374519299118754,0.5871815280780439,0.5928930954902764,0.49376269147989166,0.6307142834617346,0.4169215076021368,0.6206555377157815,0.4735826514071647,0.1650251692601769,0.49866361016165095,0.502384733685336,0.7406236269296236,0.07142856292517108,0.36559139553705633,0.7323819774043994,0.563079410753576,0.8095537395318813,0.2033670019975286,0.5320543185783391,0.6053678752146473,0.7887533468269595,0.5757464731857973,0.6452478681360532,0.6032388655245245,0.6049401419874677,0.4479187014893127,0.5761631575770353,0.7570101136773209,0.21428567602041498,0.4457043155442463,0.0,0.0,0.0,0.04347825968809077,0.0,0.0,0.0,0.0,0.0,0.0
p_59,0.965284936936324,0.7398744041652436,0.5546131546007969,0.8456625861607,0.2523076897199211,0.7143339354855084,0.7806814890581627,0.828615316639996,0.8207028743505395,0.7301050376267536,0.8042918437676141,0.7296523487539781,0.7221715311994263,0.880803880658548,0.6783637450587892,0.584733555965594,0.6225099570592134,0.4807864121466809,0.804987440971486,0.30107523644352296,0.43000669504349165,0.7451742131839524,0.5521441509093522,0.8224988880291245,0.3361473496842107,0.6856071184937538,0.7798139990961421,0.8583840134037741,0.8436793153509936,0.7103835181547102,0.7713588267466257,0.6907962764963841,0.675663907976352,0.6901408396702595,0.8392873450531866,0.22222217283951712,0.48958333050009645,0.0,0.0026490065874303762,0.0,0.3692307597633139,0.0,0.0,0.0,0.0,0.0,0.0
p_60,0.9732761002279305,0.7547919274931588,0.5820602717579807,0.8013749809189583,0.04864864821037254,0.7069584512246372,0.7569219600176463,0.8205813561068296,0.6680932529923491,0.5826383620276483,0.5574112726552173,0.5849760224561746,0.5359199741257351,0.8538782489489616,0.562338142284186,0.34824063485075907,0.6012549880133772,0.07402330312526866,0.7102083957186587,0.0,0.15169660527248896,0.7637827885932891,0.5870027033010082,0.8031365614870305,0.039285713934948986,0.6875925034718707,0.7732690808041054,0.863647490397235,0.6935332701306537,0.5466718665193241,0.5910790590396915,0.6270764781100422,0.4617360975192951,0.1527065518364299,0.7681785451632984,0.0,0.2566918307708179,0.0,0.0,0.0,0.007751937684033424,0.0,0.0,0.0,0.0,0.0,0.0
p_61,0.9609306936395045,0.7335882711096905,0.5717117790698741,0.8388739787178728,0.23313782820280185,0.5048029147844697,0.560238312815393,0.8143772025942624,0.572409951195312,0.7202835756437309,0.6279470951294608,0.6034120107422014,0.3419073987261282,0.5268190074903409,0.7215320904748688,0.5965877804166544,0.48088990165176865,0.23439878056013105,0.7652679677895572,0.0,0.4116047125493893,0.7248617596570046,0.5434040911687243,0.8517301113019743,0.3766690064886226,0.45683805645037223,0.5512028178482026,0.8503134792073308,0.6481201807104998,0.7477548166817031,0.7040913404629062,0.7165632602555853,0.6218274098523109,0.4670824638455824,0.8015723521402242,0.0,0.4456375823971893,0.0,0.0,0.0,0.49583332300347244,0.0,0.0,0.0,0.0,0.0,0.0
p_62,0.961676720987471,0.699126520755449,0.5303807013235458,0.8558503606648747,0.3856630796726661,0.645056528579971,0.5603920741620737,0.820881882099108,0.6967930021899281,0.6724306682932866,0.7075090391246351,0.6753488351151974,0.6958501125970056,0.7325839938765915,0.7300144990526685,0.5078187105544163,0.5809157616885153,0.19999999789473688,0.7585454538558678,0.14035085257002586,0.42578849524216833,0.7142463654045703,0.5388842956631567,0.8431791219326277,0.47335639810826025,0.6003802761819291,0.6971501065597874,0.8474675054802894,0.7322229971754034,0.6142756675331613,0.7078818765500704,0.7177147022746055,0.5800920104975074,0.5063291096512311,0.7957416088093273,0.0,0.4270923191238467,0.0,0.0,0.0,0.0,0.0,0.0,0.0,0.0,0.0,0.0
p_63,0.9639477244094787,0.7183286828809549,0.5126706960923317,0.8496745615734004,0.4954029178182644,0.5775184678451234,0.6982936374622979,0.7697142174969085,0.6386150509273684,0.6399777070035504,0.7250066276186512,0.5791999986761143,0.6069511144194656,0.8377537513385438,0.7585967343186899,0.5583536405135292,0.5628891638764347,0.17821782031173417,0.7712394255505338,0.4599999540000046,0.45332414587211795,0.7242268244555019,0.5127332433383829,0.8290511833054485,0.48537004885043,0.6203166484855156,0.7153763801611814,0.8335998167921427,0.6658551423555943,0.6223214280157845,0.6855156415167657,0.7488409266595996,0.5846153833486124,0.25213394450338844,0.7782780972818101,0.0,0.43310657473609243,0.0,0.0,0.0,0.004901960664167631,0.0,0.0,0.0,0.0,0.0,0.0
p_64,0.9751841971602969,0.7611713903348925,0.6026954128263744,0.8350152167087077,0.10903173222919665,0.6735104748792013,0.7600335729109927,0.7883059249343222,0.7847459764541417,0.7214618967951307,0.7806721002571643,0.6751592332796913,0.6455331395191691,0.8753056233190175,0.6748491775797284,0.576546451930866,0.5807606237997287,0.32842757297887243,0.776513825011801,0.5154638643851686,0.3231884034551565,0.7615016819719573,0.5902537409027129,0.8011916132869475,0.10851418941140076,0.6335123259634057,0.7631844472008765,0.8518028443864799,0.7660946964700107,0.6658801316140631,0.7704437096251491,0.6682931400316289,0.5957869622500259,0.5916305873619727,0.7932489444646096,0.46666658888890183,0.43174175903334394,0.0,0.0038350910466434223,0.0,0.0,0.0,0.0,0.0,0.0,0.0,0.0
p_65,0.9718656926830396,0.730528390112641,0.5851895262338516,0.778726121593958,0.18502943494508464,0.6259116337168974,0.7520338851240972,0.7745567678529524,0.7122311641216108,0.654418845355642,0.7128927397744804,0.699882304041262,0.6604694383907287,0.8522075793534051,0.5401003532614129,0.4691203982758986,0.6300230917781843,0.20720058628067167,0.7312704879417362,0.0,0.27372627099174557,0.7207953847359132,0.5568938564988426,0.8004425925537343,0.05797101396765386,0.5864038484736483,0.7165471923050025,0.8341432283737578,0.7659421150883367,0.5010609894578267,0.6240650396356666,0.6049657801965894,0.4924947739074772,0.26598465303078866,0.7346359905967255,0.0,0.2810890339875715,0.0,0.0,0.0,0.0,0.0,0.0,0.0,0.0,0.0,0.0
p_66,0.9633248408683199,0.7281183409355722,0.5225021745210429,0.8468705204463806,0.13636363495492113,0.639357080660435,0.706109652908566,0.8416770251770387,0.670643481824288,0.6061272579684782,0.6851168497640081,0.7055417671400257,0.7418281449562965,0.8351224179224623,0.6328796209741485,0.5114822533625202,0.6347793821476477,0.25352112438008334,0.7955841759010265,0.0,0.3826714766906906,0.7330684228509591,0.5252131394508683,0.857290424768657,0.38003220305932206,0.5746904104924646,0.7146290609413072,0.861258967333222,0.7198971233108521,0.5912017162095836,0.6792062821843607,0.694521997983516,0.5067336213039635,0.2743294998135671,0.7773858320360513,0.06557375974200659,0.40023966207166173,0.0,0.003976143101628796,0.0,0.0,0.0,0.0,0.0,0.0,0.0,0.0
p_67,0.9680071774742405,0.7524823775701697,0.5963517271521694,0.8308120823940777,0.15151515008034896,0.5812053639245054,0.6790691756584432,0.8319458892653767,0.7529032249968782,0.7372273672413898,0.8131745425880638,0.732125203518533,0.5712523122121071,0.6748729205803347,0.6722029561304956,0.5863666433126702,0.6500746607761341,0.5064748165001812,0.8022408957164939,0.45360820065894836,0.2862944133371126,0.7571607934722754,0.5992558957866515,0.8669434741592227,0.1497942374502532,0.6240736892056109,0.7163340864897344,0.8649806662843659,0.8189810181628562,0.7161736935838785,0.8074738948388461,0.7169451894389599,0.6481590851581825,0.6132556401073879,0.8442609931383863,0.07843135717032212,0.29416342183530414,0.0,0.0,0.0,0.26858512545359414,0.0,0.0,0.0,0.0,0.0,0.0
p_68,0.9713533097496013,0.7528935702534325,0.5780096386230384,0.8283458226483198,0.14581280644519404,0.7049137740133657,0.7871640917217751,0.8566634970881587,0.7947260181508092,0.7648056873516962,0.8212054004813437,0.7076023362255541,0.6501930485194516,0.8673626782595328,0.717729932813047,0.6441981437588823,0.6277904299417292,0.5497630288328355,0.8278305956544247,0.0,0.3498451985306099,0.7595482766660764,0.563853270563807,0.8648477905536196,0.35448916134296315,0.7550598494197356,0.7962568196844849,0.8713126219584032,0.8323892026742318,0.7563705227648325,0.8061427985517695,0.7429251756177991,0.6874148984878139,0.6395348790731477,0.836459245542104,0.17021272974197238,0.5312499970354353,0.0,0.00199999998,0.0,0.521212105417815,0.0,0.0,0.0,0.0,0.0,0.0
p_69,0.969606939945663,0.7557024725793462,0.5639926726042509,0.7976345353059524,0.1736049586040305,0.6838628351072941,0.7688898481351976,0.848966227582025,0.7929627012062453,0.7021949230401997,0.814783702614902,0.7849239253633336,0.6695786210956356,0.8773434066806037,0.6484325682217205,0.5512252029142936,0.6412948353399176,0.5312499951171875,0.8176698338457675,0.2898550304557927,0.2941720601834222,0.7615901015698084,0.5518926572806775,0.8516273844828129,0.23751023556502673,0.7025882039887494,0.7589915162535107,0.8740635028695067,0.8280647637778659,0.7228707300277815,0.7852184549097214,0.6621013893478114,0.598002218428408,0.6047297246222152,0.8375248771145967,0.0,0.4371894929936871,0.0,0.004379562011828014,0.0,0.36363635261708027,0.0,0.0,0.0,0.0,0.0,0.0
p_70,0.977338134622392,0.7594618601415768,0.620135410523439,0.8383325913548931,0.11583710302409862,0.7052778590780078,0.7433616287992507,0.7608769955755276,0.6709889678043459,0.7172160130731249,0.7061932275702837,0.5979274580418267,0.5289367411543178,0.8622367803989648,0.6573060901933707,0.6743066681771565,0.48282097430912757,0.5889570506981822,0.8313341486484421,0.1428571224489825,0.40363400127427645,0.764770086258495,0.6202939740234207,0.7645773428610826,0.010879419665644428,0.7450121486696191,0.756166952187436,0.8268569371044315,0.6850504568351907,0.72958658177903,0.7631165555087708,0.6038234511463101,0.6958294704433189,0.6432964290080171,0.8054212563957983,0.044444434567903424,0.3865939174856281,0.0,0.001156069357479368,0.0,0.43205573407471315,0.0,0.0,0.0,0.0,0.0,0.0
p_71,0.9746770300470444,0.7535283029726775,0.6027299100269132,0.8242482710949316,0.0,0.4914660188625489,0.595743762678039,0.663369396924986,0.6968079532215511,0.6986044569196664,0.4811291799921308,0.5818010345035312,0.5544275224071418,0.7020129925857178,0.41520056249683257,0.4928383499186251,0.37441077315013205,0.5887778586565884,0.7006535941606504,0.0,0.263598323602528,0.7460030882429162,0.5974373309469873,0.7596252561860721,0.007246376745956733,0.6110801506947909,0.6664129226233263,0.7771428567959183,0.7010943904456288,0.5817925189966179,0.6471471463374034,0.15211115107171494,0.5364781120598079,0.584634599721208,0.6260997062858507,0.0,0.20731707136483388,0.0,0.0018770530179396854,0.0,0.10382513377526957,0.0,0.0,0.0,0.0,0.0,0.0
p_72,0.9630084469721989,0.6861847820737279,0.5045419342140453,0.7840465088461378,0.2087994018732334,0.585083924453178,0.643916313979691,0.746125345328954,0.5394327889088648,0.6978193140843364,0.7363749321207618,0.5712223277882043,0.5765278513344297,0.8294723887356602,0.6534501823760315,0.49687592830444527,0.47121535055646224,0.5422426993683357,0.790371774140325,0.1333333155555579,0.3546864451966067,0.6731630242205624,0.4698932286298039,0.791536291153748,0.29169479884068333,0.5876018867888584,0.6580732699675423,0.7781074489890286,0.5626397013702611,0.6325209743247935,0.7524047011891616,0.7210108631473836,0.5849695315166564,0.46624912688761916,0.7668933091858531,0.0,0.42894813820993805,0.0,0.001196410765311245,0.0,0.34903046124569365,0.0,0.0,0.0,0.0,0.0,0.0
p_73,0.9670920172311156,0.7458273588727747,0.5653783340656438,0.7203199545886052,0.2957074698274446,0.6970370668383853,0.7713961988769849,0.7874972863102359,0.7479411753706747,0.7671072437952926,0.7938461523195267,0.7386731361704161,0.6504217416812986,0.8813536099326357,0.589356346108094,0.5736019725049302,0.6297957118595131,0.6018916543259532,0.8046731209052788,0.4166666232638934,0.11057225886932824,0.7371407477913846,0.5465622704566689,0.7233025177531858,0.19607842989382784,0.6849309288864429,0.786655102111419,0.8456134613921399,0.7291990383822587,0.7472103358107137,0.8186630056485729,0.6855303281213738,0.6284142255287597,0.5691188312924913,0.8306551291053522,0.11764703575548317,0.25021570103351426,0.0,0.0044593087574213075,0.0,0.3350253722074779,0.0,0.0,0.0,0.0,0.0,0.0
p_74,0.9665531884304103,0.7268551337828967,0.5310557765024689,0.9024311550544815,0.46180860201137575,0.7637488769428713,0.8161044144405523,0.8493320133292108,0.8194283499233022,0.7761781268209085,0.7738983848449353,0.6889437078068094,0.762308098178387,0.8801093737502437,0.7160809364045997,0.6406548413624698,0.6617155563991253,0.6326344518447179,0.8190383673443047,0.1034482580261624,0.35867091325138406,0.7293465475715039,0.5407753630922771,0.877615701680614,0.5385296698913654,0.7334812621465775,0.8220208414461581,0.8774177177516534,0.7305003672456767,0.7307804728336934,0.7563954810868968,0.7246842210183213,0.6820956239010793,0.6724436683497083,0.8058580540688528,0.40909081611572357,0.3969121891382689,0.0,0.0016891891856224892,0.0,0.6423982731820499,0.0,0.0,0.0,0.0,0.0,0.0
p_75,0.9724574557851171,0.7537765092110338,0.5884690262299235,0.7941697150984481,0.12190476074376419,0.6891262998888903,0.7642398742600964,0.8472880458940032,0.7760628205035706,0.7152205313884418,0.8297646791821822,0.7457998511840764,0.6482152078421748,0.8906044302864333,0.6763438839891891,0.6308860743521871,0.7018867898042007,0.5679228696939276,0.8096444476197743,0.08333331597222583,0.22288556992153663,0.747924315501763,0.5726181155802541,0.8163314898740316,0.34802783953574756,0.6876010998286151,0.7815830799036665,0.8870993888087881,0.7923583652274594,0.6637358842653772,0.7856838500518026,0.7264652088073977,0.6027149307630885,0.6165289205245544,0.8206635860389219,0.0,0.32302405220769714,0.0,0.008915304473769621,0.0,0.5021459119711178,0.0,0.0,0.0,0.0,0.0,0.0
p_76,0.9654924641707041,0.7321952512526706,0.5626295207200209,0.8048941397439608,0.0716685322321553,0.5726843442476054,0.6564160090349931,0.7763431898754428,0.6874221658041374,0.6221025133675298,0.6155511444785294,0.6721361267938738,0.6399394840142726,0.8348649927625351,0.6546886033565271,0.37428123268614416,0.6018867896137415,0.09720972009712224,0.7902406521856602,0.0,0.3366336605888312,0.7331279942128185,0.5403218311149305,0.8406186367280603,0.11695906335038377,0.5512752145796893,0.6849097840827829,0.8545683901876805,0.6525269656374658,0.5103852728595054,0.6296162189905572,0.6570707536619583,0.4540389963111043,0.1323193906287499,0.8043603924317777,0.0,0.41656365626351266,0.0,0.0,0.0,0.0,0.0,0.0,0.0,0.0,0.0,0.0
p_77,0.9705595517463864,0.7457250833124751,0.5911282007876622,0.7492470860617736,0.018145161107407652,0.5800723221941034,0.5778572940243609,0.7810952887352139,0.6547214221099642,0.6133594730336371,0.578632615841874,0.6862457137237117,0.5750303016362902,0.7698365997118489,0.6084924029913397,0.43264698478628877,0.5939463129985934,0.13932868816131294,0.7018110698904761,0.0,0.10512483436104028,0.7544533962966498,0.5769196151592867,0.7493707294143325,0.15100965626857193,0.5436216198303061,0.5385241249742906,0.8452496490643537,0.6753058003205695,0.5901893162149418,0.7046886999159282,0.6708229420459361,0.566092549146934,0.24534803414646428,0.7809654691797239,0.0,0.1433891979200261,0.0,0.006696428496691646,0.0,0.0,0.0,0.0,0.0,0.0,0.0,0.0
p_78,0.9705904931024438,0.7509821966916281,0.5856927479645935,0.8002963272302379,0.06546990427170112,0.7467412749059188,0.6884636220706281,0.7865905360469272,0.6541076477987144,0.6577018849820692,0.6997446174758398,0.7103479407575781,0.5453501706505448,0.8016753523672866,0.6325221457768841,0.47144288459057393,0.6072124726744031,0.30391404218024526,0.776920378133181,0.04819276527798008,0.2849413860690587,0.7454272614827305,0.5730672015710012,0.8180327864382335,0.014418125495178935,0.5823238135938307,0.6220676965947356,0.8361157640597795,0.6705790288594431,0.6342585715939895,0.6872611454024504,0.4865176082079286,0.46135646596735713,0.4223107541679233,0.7508259426614277,0.0,0.37347767000353405,0.0,0.008474576151489038,0.0,0.10476189977324286,0.0,0.0,0.0,0.0,0.0,0.0
p_79,0.9703093955305994,0.7506660830679674,0.5876018431322629,0.8480472592020033,0.16594827407383325,0.6505940187114719,0.7061075708240824,0.8276439085075614,0.7625950561280953,0.7286168515670772,0.7858383996832355,0.7334558789822799,0.6099754684928441,0.865725056745761,0.6968604150436356,0.593865029217509,0.6957001064184117,0.47067137476557336,0.7988399676607435,0.13333331851852015,0.28416148847700706,0.7556571788898576,0.5858851338945782,0.8429447182537054,0.3886986268090871,0.6151086849371071,0.7022885689564015,0.8744056587762927,0.7902064320808853,0.7489288768218262,0.7780273621032727,0.7366837187915701,0.5842490829115177,0.6249999953497024,0.8360376505279806,0.1428571088435455,0.4390243874260309,0.0,0.006622516483195183,0.0,0.4213074958521188,0.0,0.0,0.0,0.0,0.0,0.0
p_80,0.9681678768154897,0.7282375945619594,0.5818074627757338,0.8856007588407065,0.4465863417944872,0.7392748280926084,0.7707402877069398,0.830758343654465,0.7970713574504739,0.7320272566166719,0.7981517490317321,0.7776407695123684,0.7422855910996263,0.8575085658584717,0.7200501769600145,0.6009656330560476,0.688729871696199,0.5269016648710421,0.7909768203735753,0.5142856653061271,0.39240506080756293,0.708634947952207,0.5570479561567332,0.8705923833319491,0.25023518108903875,0.7083428050219724,0.7898553385993892,0.8737852424272434,0.7879686498750597,0.7132327727860536,0.791183292827881,0.7077180266483533,0.6039647563789323,0.6299745924642287,0.8280484136960604,0.1199999760000048,0.4279021320775527,0.0,0.006487488385136754,0.0,0.5597825934841687,0.0,0.0,0.0,0.0,0.0,0.0
p_81,0.9600644431027051,0.7159745790111288,0.5242334543339972,0.8438096772791603,0.32692307450500685,0.6121973211172013,0.6324749421254838,0.8711372233935161,0.7208723471365742,0.6398842449230707,0.7083087788090576,0.6917098423195924,0.6651549491933612,0.8578993548655501,0.7373388993126349,0.5092118717778611,0.6474386541220892,0.09759759686488291,0.7672297290817317,0.0,0.4633982507495081,0.6957958865781397,0.4935873314441269,0.841598624597737,0.3039513654714942,0.6693232239113162,0.714701819151254,0.8822600451060069,0.6838360550317306,0.6415761550546635,0.6325108294735151,0.7521865882947217,0.4918314692780923,0.26842420450315035,0.7720976246931913,0.0,0.42471395686629765,0.0,0.003656307096377449,0.0,0.0069204149854527695,0.0,0.0,0.0,0.0,0.0,0.0
p_82,0.9704215729345433,0.7102593833466889,0.5817864640411878,0.8810618646622624,0.6091953987977275,0.720500854838845,0.7788041652016455,0.86247933836778,0.6926928965838601,0.719085311592713,0.7544853617693925,0.7644896783588078,0.743976424434085,0.8578520439880187,0.7590638780365779,0.6192742396809213,0.7153099927654576,0.5437352203015349,0.8147619041152684,0.35616433477200893,0.4462557287506076,0.7389086351790813,0.5840775307446966,0.8742966777600844,0.6053215044050915,0.7267440413731778,0.7774420447148932,0.8953876804223245,0.7028056800287447,0.720912546843239,0.7359550544570341,0.7777268973553193,0.6675805330875474,0.5881326301210067,0.8209029263925063,0.2162161577794168,0.40816326360615046,0.0,0.002000333385563705,0.0,0.5658914619013283,0.0,0.0,0.0,0.0,0.0,0.0
p_83,0.9642823682152042,0.728408290454746,0.5554178902297893,0.789943342496479,0.044117646595402876,0.5390499452755914,0.5594989561234816,0.7867260213986669,0.6717108021524687,0.7075923386562993,0.7162281463601834,0.6004016049186707,0.6461671705366671,0.612008302458866,0.5084572009139342,0.46951219392908483,0.5891472844180037,0.4262295043148497,0.793648038186699,0.06557375974200659,0.26590693004836724,0.7299068442376444,0.5558475360141136,0.8109869258832074,0.06054687440872193,0.5609898052004224,0.6432266395754218,0.8631441146833606,0.706276659855498,0.707813181398679,0.7793535607200635,0.5226833527903899,0.48746403516756265,0.6575963669115921,0.8038166570324445,0.0,0.39746031493675993,0.0,0.0,0.0,0.5223880467067651,0.0,0.0,0.0,0.0,0.0,0.0
p_84,0.9677800198466472,0.7094365776948782,0.5466748553625144,0.7776201339969032,0.10309278253896174,0.7027873186566784,0.7342003584703362,0.7339012266839564,0.5722328847444237,0.5864028340220584,0.5484570466247589,0.6779956397472956,0.5588409208786489,0.8433455606619749,0.5568117575307973,0.2237595414509553,0.5109211751618178,0.20625888900242612,0.6538619382304343,0.0,0.14799999852,0.7232589177805874,0.5534073221501922,0.8069905208489393,0.3614775701749501,0.605285289072764,0.7030324681087242,0.7991497299879978,0.64383716901708,0.5861923505440155,0.6027397249550974,0.6851171518612809,0.44951009708156353,0.195061727190977,0.7387460453088279,0.0,0.3635195866183713,0.0,0.009419152128427753,0.0,0.0,0.0,0.0,0.0,0.0,0.0,0.0
p_85,0.9658700551680467,0.7231405248612279,0.5655575536783629,0.7855829346617681,0.08049535520644628,0.47744636962682274,0.5730917145756951,0.8107246537196308,0.5966094765149005,0.677157844001623,0.6835168232539668,0.5700712569729512,0.325186518329852,0.5728518980218238,0.5654468993777875,0.40458015164228966,0.41855368729527503,0.4641418173719435,0.7244413155688534,0.027777773919753623,0.35019973135685933,0.7031905152665402,0.5457497383400528,0.7910982496930211,0.2832861169738944,0.6359616800749797,0.6621844164231246,0.8246429376418936,0.6292960847001506,0.6711588179337469,0.658716459032298,0.6600639946213135,0.5013172741789288,0.4983119480195007,0.7178376638451736,0.0,0.41105990593981606,0.0,0.0015041363712606256,0.0,0.0,0.0,0.0,0.0,0.0,0.0,0.0
p_86,0.976648012255624,0.7634694477624178,0.6318799608469862,0.860749283840485,0.15119617080195052,0.6984734428069991,0.7824439064615808,0.87553016972486,0.8652377422206976,0.7790788439768593,0.8114311412884088,0.7385697509239165,0.5505831284226115,0.874291083446711,0.652753281743334,0.6608930969935234,0.7045826485082543,0.526555382954815,0.8043255329501953,0.4399999706666686,0.352611937009217,0.753446238665404,0.6137324392608753,0.8682880974157803,0.2904290405080112,0.6699041370942852,0.7801053316187271,0.8974820138840591,0.812756972093836,0.760909975426299,0.7952961655154701,0.7298568900903187,0.6780821901221081,0.607166119823022,0.837884112068231,0.34374994628907085,0.4148606785457543,0.0,0.0,0.0,0.5169082000746812,0.0,0.0,0.0,0.0,0.0,0.0
p_87,0.9724872408186087,0.7530527261720633,0.6015982100443433,0.7714991079608428,0.29149797334819455,0.6636280001957789,0.7683337687347305,0.8281165380547403,0.747747746757091,0.7280541992219318,0.7973778291669094,0.646999996765,0.6641772450481024,0.8909101508384525,0.6961345114438079,0.6433857524436037,0.6640668486681512,0.5664233535297566,0.8035468312641643,0.10666665244444634,0.3080745303344779,0.7592261364607117,0.5897989614586266,0.8106546043405863,0.29228242781377317,0.6482050417389409,0.7628990019985209,0.8735566146529806,0.7624095129751687,0.739928379036162,0.7998495094058512,0.7151569500312493,0.6740378467488033,0.6050999269117855,0.815710518396481,0.10909088925620194,0.440751441902085,0.0,0.0020682523053955296,0.0,0.0709219833006389,0.0,0.0,0.0,0.0,0.0,0.0
p_88,0.9690057566037871,0.7178454993681892,0.5425664799136087,0.788520511029034,0.21136767130224093,0.6633595548551527,0.7398563889076437,0.7970007110738325,0.6209185019632089,0.6733689241673931,0.7316686469844063,0.710169488516231,0.6959660282463567,0.8247446343190397,0.685719877962494,0.527086382315553,0.6336439400017463,0.24283559394543294,0.739687054857596,0.02898550304557927,0.2791411021538259,0.7314453807448978,0.5444390488774938,0.7763966665917247,0.1601362848369993,0.6780894675457194,0.7673029964660574,0.8452834678148622,0.5987078241221491,0.640636898137323,0.6580889296914118,0.6734413616465794,0.49492900508127996,0.34507462480552464,0.7610825163862839,0.0,0.3447782521832743,0.0,0.0,0.0,0.012987012565356736,0.0,0.0,0.0,0.0,0.0,0.0
p_89,0.968013846158113,0.7331677429936915,0.571921060196412,0.7507790138309831,0.012578616220349935,0.5357020733414619,0.6014905421617446,0.7631287387751337,0.6116394058429829,0.6855166444569679,0.6677489165444644,0.6146660410337877,0.5340014303650646,0.6803509498947222,0.5579364267716701,0.6521739112258251,0.459002533985619,0.5277777731963735,0.758672198540521,0.0,0.16453900475831199,0.7425607190971841,0.5791011232317029,0.7812730560189999,0.1286031027871053,0.6006236108732836,0.6486620858044273,0.8325761395296561,0.7261426897240157,0.682023486285435,0.7189962993099626,0.6824492695955418,0.6919694499144424,0.6483084134672824,0.7900547961151102,0.0,0.31175934082261314,0.0,0.005656108565293504,0.0,0.19148935491172503,0.0,0.0,0.0,0.0,0.0,0.0
p_90,0.9686579729114393,0.7163134550299214,0.5680805549890667,0.5290261277633956,0.0,0.5188426406335335,0.6702262815947175,0.702259855554924,0.6131874800771993,0.6092961088437064,0.5357742684988676,0.5777777751574703,0.6128890823917381,0.6825647826103646,0.32216014867582854,0.321004258415144,0.47632058070892264,0.5228426351705361,0.7172749385910179,0.0,0.0837696320459052,0.7279105232027147,0.5815970976986422,0.6135634022737125,0.09608540839781665,0.6151921139232777,0.726207726457855,0.7911281485262168,0.6570620699379802,0.6658986170000779,0.685667751326274,0.6512452506110213,0.6580805968880752,0.5368852422343904,0.7622344604545755,0.0,0.2628811749434156,0.0,0.0,0.0,0.0,0.0,0.0,0.0,0.0,0.0,0.0
p_91,0.9568038928259968,0.715577362988699,0.5690217642612009,0.7848726520273359,0.0941586739829235,0.5618222857409937,0.5464043724942066,0.7599669576279436,0.5436091896680691,0.5850545366761113,0.6145251388274627,0.7268993814958953,0.6178861778152335,0.7411470270920677,0.5918222637738736,0.4084084075323715,0.5132666354359867,0.1920103080411707,0.6897692037962321,0.0,0.2158374196507539,0.7267438538701653,0.5723130175504387,0.8128418334239664,0.19950940147580212,0.5240834030385192,0.5221032839496345,0.8446222140369117,0.646781789004335,0.5888297868425334,0.6558904100604241,0.6472999204376934,0.5192909271475653,0.3488063637347058,0.781602938643623,0.0,0.3554006950950687,0.0,0.010309278261947781,0.0,0.12499999348958367,0.0,0.0,0.0,0.0,0.0,0.0
p_92,0.9699401989249868,0.7350769520605909,0.5697655958879903,0.8816110111984545,0.24473257500216714,0.7415961781256089,0.7900812312409439,0.8428732359621945,0.8139660568436212,0.735600515940077,0.8276745658174791,0.7477876082560442,0.6776649728993275,0.8850752987967052,0.7142857135505499,0.5586803662555966,0.6338141000247832,0.5397148621210299,0.7936313526431359,0.4210525872576224,0.41258741018305706,0.751477813996011,0.5837061537584171,0.8580388873685809,0.4801444014431745,0.7216542749252661,0.8139892880634209,0.8725718720875947,0.8222015110052796,0.7799879438732559,0.7886922904439856,0.7361963183997006,0.6862448700361804,0.6788381686403472,0.8017068266384648,0.27450975009612744,0.4889741107911116,0.0,0.0033153750380630954,0.0,0.5433525906868479,0.0,0.0,0.0,0.0,0.0,0.0
p_93,0.9671197233304745,0.7454834786892671,0.5527385174523554,0.8488648308544473,0.22718052507930503,0.7243681336290159,0.766520568952978,0.805900702793898,0.748951314670203,0.7568662393608797,0.7925247887251625,0.704105341967059,0.7295154168953405,0.8704362444260797,0.6898128890958286,0.6244166037228774,0.559096407587348,0.5280151896674721,0.8061511416466158,0.1842105020775655,0.45503922477345066,0.7552210365193492,0.5501449871241285,0.8069407003554915,0.3839122451196321,0.6981279075978613,0.7440897973957413,0.8517774757927938,0.7199358622128061,0.7267323363393917,0.7782006906951545,0.7178312326099359,0.6117894723962327,0.6712095343167842,0.8199278698147044,0.15999996800000638,0.46172839221155315,0.0,0.005671077451124031,0.0,0.3304843210688228,0.0,0.0,0.0,0.0,0.0,0.0
p_94,0.9655153099213116,0.7286345125481175,0.5773923201522352,0.8659075510899946,0.13157894592566946,0.6508863361888608,0.5868951911851957,0.8205653183071345,0.6832252530487885,0.6635715995648991,0.7321545498097478,0.6942081786382819,0.5591250841669513,0.6863833322421821,0.675758191862652,0.571428569897002,0.647323658592678,0.2490332540678016,0.7889279931618682,0.05063290498317658,0.4298540941085629,0.7409286029805422,0.5732200439246783,0.8501529048855411,0.42280284700868687,0.633647127055125,0.5610234739474298,0.8827244284467187,0.6931125667550735,0.5946797044877106,0.7054709981376573,0.7273230592162747,0.6270316496427895,0.40963855113223985,0.8049611808322655,0.1282051117685754,0.44966785667006715,0.0,0.0014275517385613724,0.0,0.09166666284722239,0.0,0.0,0.0,0.0,0.0,0.0
p_95,0.9689558743235066,0.7202555613600109,0.56703522380669,0.4432087656854945,0.1657629731544309,0.6512871792164631,0.7723934522362194,0.6583269036380872,0.6019557080788673,0.6319207915786766,0.6373397979956014,0.6956151524239457,0.7039024373075551,0.8154374045446697,0.5917281614967151,0.45887445782894865,0.48838594110550365,0.08474576205896947,0.7338792214825323,0.025974022600776286,0.053030302360728504,0.7288036879927098,0.5629062446739539,0.6138238355799528,0.4036418785763135,0.6221907625592393,0.7279405054652235,0.8142399185567516,0.5990660432300653,0.577019410944725,0.6592788027101516,0.6899126150081338,0.4912693731778117,0.12660135548906287,0.7444763022900351,0.06060605142332554,0.18691588610358986,0.0,0.0,0.0,0.0,0.0,0.0,0.0,0.0,0.0,0.0
p_96,0.970505148182097,0.7304943850957151,0.5925665539687541,0.784018528787482,0.05507474386251185,0.6911609182459726,0.6651958005650558,0.7273379447976747,0.6847172073589444,0.609565739037045,0.5226013407369476,0.6799204744337157,0.6839105640422829,0.7839096463550848,0.5927097052325783,0.36196721232356893,0.5845333302158222,0.13375294938038593,0.6786281353773991,0.0,0.29766536675422794,0.7281504260691404,0.5798205170341233,0.7947444105146134,0.02543142574540031,0.6305652375883852,0.707779395507642,0.8047000358172266,0.6991263824121999,0.6038932944456429,0.6945464810758032,0.5853453347477536,0.44747710460140583,0.2227011478254228,0.7712765951413669,0.0,0.2857142833412435,0.0,0.006500541641380914,0.0,0.0198019792177238,0.0,0.0,0.0,0.0,0.0,0.0
p_97,0.966880870279955,0.7527671391422013,0.5960318032292755,0.8391854596825647,0.037701974526912256,0.7709074099041908,0.7177514907368937,0.7529708489339036,0.8063627244409285,0.6651862812195195,0.46404239124897356,0.7249357303183299,0.7087768265420052,0.6288322021262776,0.622617534334261,0.5471517459378848,0.6740773647217546,0.5065359435740527,0.7923862147575514,0.19178079564646633,0.2211055257863859,0.7589254163296613,0.5917466795777411,0.8057715027018026,0.230473750125008,0.6762219144550693,0.7495040644341013,0.8661696465949796,0.7592016579066853,0.7013564252422742,0.769668244986411,0.6174462268543477,0.578243163509321,0.5660051719930529,0.7974693424998287,0.2372880953748991,0.32524964104672155,0.0,0.0,0.0,0.37368420069252106,0.0,0.0,0.0,0.0,0.0,0.0
p_98,0.9735879207018349,0.7367441126949532,0.6048586189364379,0.792189348643675,0.10313447822917615,0.6654329200978473,0.777225145184066,0.8289013912769314,0.7525960530210332,0.7447672596495101,0.7894623174487966,0.738425006971013,0.5952705761817404,0.8768974873716365,0.6866335054644581,0.5388026592605247,0.6374549781665367,0.33432392025019375,0.784852194520857,0.35616433477200893,0.310749771357274,0.730309929962907,0.5796306995357995,0.7699836862401704,0.29466553518488114,0.626709965369046,0.7764759139897961,0.8567978743921771,0.7346346600703842,0.6646365263803885,0.7786624188322803,0.6381566814394869,0.6056228024099516,0.292721516671507,0.8109824102865874,0.35087713142506466,0.39504131904924533,0.0,0.0019175455233217112,0.0,0.0,0.0,0.0,0.0,0.0,0.0,0.0
p_99,0.9758700651891369,0.7640247592134204,0.6053450514621442,0.5878859851663837,0.24668705151185474,0.7437879295582288,0.7990225527842378,0.7695660784775282,0.6519944971214274,0.7759895000511229,0.7734902218835609,0.5718592936087473,0.6472672048399108,0.8738219812644472,0.6991691767559854,0.6854334211674857,0.6170212736120828,0.6182873685175082,0.803462399873667,0.3544303348822361,0.09425625781654996,0.768520053865342,0.6027071163666725,0.665140676523471,0.3316062147529688,0.7280295645045424,0.8127316700746122,0.8353945661912576,0.7061762026496637,0.7798849344556539,0.781670262690237,0.7343682985381522,0.7009813725195647,0.6358768364399141,0.8309352511487839,0.22641505161980158,0.18703506708783138,0.0,0.00666111568142285,0.0,0.250639379779044,0.0,0.0,0.0,0.0,0.0,0.0
p_100,0.9771707191480656,0.7627799422814558,0.6244689592931016,0.7554047255182222,0.3151618371792007,0.7015144867768738,0.7859325534924366,0.7983260503425896,0.6189158381590171,0.7126436775586176,0.7664488000730963,0.730698526053775,0.6894828861117089,0.86344646463545,0.671591258159853,0.589970500136214,0.6462427708309667,0.37853658167281384,0.7972521698337447,0.09677417793964871,0.4061990178939721,0.7601246547098219,0.5968033465327658,0.8010777340053441,0.30472388353477126,0.6318377380065975,0.7832414552856165,0.8702644965318437,0.7022922626041659,0.7205961566523648,0.7775271667469199,0.5703768619015102,0.6235031446651043,0.5714285665403886,0.827114313632776,0.0,0.4545454517151591,0.0,0.0048859934455537995,0.0,0.03555555397530871,0.0,0.0,0.0,0.0,0.0,0.0
p_101,0.9686279415222333,0.7280793537734387,0.5529796552937267,0.8647620233095995,0.2097378257515185,0.614608361251135,0.7207357436569434,0.8629197674131631,0.8118835689056008,0.6291993149336221,0.7849921348348863,0.7673814140111065,0.6181312297284228,0.8794930222585298,0.5661923727191891,0.41951799934686695,0.657534243845852,0.46284101163837243,0.7942559186304334,0.0,0.40626439241702256,0.7453178748763469,0.5650995114223839,0.8676402941387877,0.3147656912929647,0.6424780505785779,0.7703674146611684,0.8816628696573674,0.7817883503057954,0.7107166965267515,0.7977924927201049,0.7263078082578585,0.6448811685446043,0.6766169106139523,0.8158256086372935,0.24561399199754524,0.5504445282162947,0.0,0.0031670625244096394,0.0,0.03041825037227661,0.0,0.0,0.0,0.0,0.0,0.0
p_102,0.9617493159552543,0.6901460282302737,0.5053854580931344,0.8420172281670382,0.3985618880402574,0.6779417965672834,0.7628051342005988,0.789334295901448,0.65639698888006,0.6482617581388362,0.6580976850739615,0.6648575282738889,0.64659184055135,0.8413951956496553,0.7201772974367149,0.47678614270679304,0.6265296102470406,0.18886198394784517,0.727477867794239,0.05063290498317658,0.3609314336291628,0.6937297567560237,0.5054643667965376,0.8307733580955218,0.184150942006408,0.6155325243495043,0.738152538792959,0.8534487937618325,0.6899896077935693,0.6518369945739475,0.6812823150335423,0.7000559590560941,0.4572794254983481,0.24489795751770096,0.7812526623082636,0.10869564035916952,0.44433917364121656,0.0,0.0,0.0,0.014184396660127779,0.0,0.0,0.0,0.0,0.0,0.0
p_103,0.9703817798512775,0.7585502564305221,0.5703658038546654,0.7666296428689191,0.06976744112296573,0.7893140846484262,0.7768730868972971,0.8351698801451045,0.7255775108188457,0.588224814653759,0.36082848771651804,0.7145053781932067,0.6739536105733042,0.8768832640510327,0.6114912357189135,0.43472378706939396,0.6292134794251125,0.40747028516578704,0.8268569456440363,0.0,0.11168831023781416,0.7584665933910324,0.5637830660719549,0.820367080627373,0.2135231297729259,0.6532224776120402,0.7441995441213886,0.8693990964053496,0.7776519431513126,0.7038854471049107,0.7589996196305426,0.6816936261984499,0.6298255915543297,0.6656126429595839,0.8375181942890119,0.14035085257002586,0.29298380653057976,0.0,0.006369426650168365,0.0,0.29007632849678555,0.0,0.0,0.0,0.0,0.0,0.0
p_104,0.9765149628313364,0.7599145597047694,0.617024270127314,0.7710237049589301,0.1436464072525259,0.702890222469908,0.7769239968324372,0.8296119769830534,0.7159051864011162,0.7421068156225238,0.7822891773244733,0.6414918385012035,0.6709878126238324,0.8677566894393062,0.6639255989584674,0.5662596097551795,0.664705879094579,0.2945990155924794,0.7848425358156161,0.03703703017832774,0.14798206112127735,0.7706762707695243,0.6003410059577622,0.7489467156142531,0.11100478362674848,0.6852301253796589,0.7691909862749028,0.8766803034500397,0.7492132646463165,0.7286700119756352,0.7906162451144674,0.6803197694419116,0.6033940905020028,0.46286471841601645,0.8111959280651434,0.0,0.24075666173038124,0.0,0.014705882136678205,0.0,0.06405693722217305,0.0,0.0,0.0,0.0,0.0,0.0
p_105,0.9694895203920437,0.7575544291578216,0.5807628077098417,0.7261520814691091,0.1647819049694515,0.6319966116154351,0.7257798596824441,0.8002734535126875,0.7203290236187881,0.7432541600070657,0.7912044358335887,0.6101364492683409,0.6902275751265661,0.7410475926323226,0.5985922096681443,0.6029741279222365,0.6101694888736658,0.5115511508947925,0.7898791798372622,0.38356159129293266,0.32318500792523414,0.7621875144928544,0.5844234758060837,0.7461358991352174,0.4555932172502155,0.6486129456960341,0.7606707835503687,0.862532770510354,0.7167190766290369,0.7047319128990371,0.8068363880953598,0.7093940474100089,0.6652343737007141,0.5662482526760931,0.8105734602524164,0.3599999280000144,0.3295999973632,0.0,0.0,0.0,0.0,0.0,0.0,0.0,0.0,0.0,0.0
p_106,0.9678820199378485,0.6936676861767981,0.5636592083124267,0.8335817585168667,0.02393906393972727,0.6676450803113121,0.7163169995690455,0.7926514395269854,0.6754074247329893,0.632879475010187,0.6480992058383834,0.6657342638720719,0.6716760578758588,0.7721517038584272,0.5811795224217349,0.39988798543856624,0.560898558929805,0.1539807510587861,0.7084901024795599,0.1126760404681633,0.41018387262953415,0.705215594413876,0.5516636937954282,0.8203284578722411,0.12375249377492521,0.5888858995323459,0.6516289175017098,0.8215523878940907,0.6870710018149309,0.5659307614758777,0.6796831816546636,0.6494122289346911,0.4667165283801632,0.39312714506441826,0.751461499288908,0.0,0.4105888686624048,0.0,0.002386634816388606,0.0,0.0,0.0,0.0,0.0,0.0,0.0,0.0
p_107,0.9738118844467638,0.7500601438800745,0.6121448464460969,0.8629269725916788,0.13434452725520557,0.6619340388620705,0.7649707743392267,0.8397583740583425,0.8047350610995095,0.765481742990605,0.7965545512786002,0.693842147901812,0.6292595423283127,0.8859885114364159,0.7152567178550071,0.6060276931685373,0.6270732978754773,0.561215365851516,0.8133409126271168,0.5714285131195395,0.3327217105032311,0.7417016852312621,0.5981277519590051,0.84718992207016,0.32352940912149175,0.6364978495332396,0.7748583638553936,0.8282742513116779,0.8131450933525388,0.7578844423780585,0.7845368901402338,0.7578904073631229,0.725996488528462,0.5850451882905079,0.8225930180067194,0.4788731719896941,0.3206960825314103,0.0,0.002481389547377301,0.0,0.5121951094586559,0.0,0.0,0.0,0.0,0.0,0.0
p_108,0.9696541472618324,0.7340954972794949,0.5825827708595351,0.8090914480985749,0.1337325335954837,0.7098422986744286,0.7861159615029276,0.8252074403030493,0.7581903266274177,0.7260154195008224,0.7796678801545811,0.6800699270975964,0.7026251011020814,0.8765281172184197,0.6694685713370052,0.6043829282482517,0.6836027687313211,0.5876993121662922,0.7791951124872484,0.5534590846881079,0.2066198575063204,0.7328299492467962,0.5586615223251434,0.8311738042821384,0.31635388457235136,0.69250278071357,0.809975925720876,0.8816440709696342,0.7886992339155984,0.7249508834930003,0.7560456553375012,0.7468003215369191,0.7236492455189344,0.6271829868854747,0.8298102973533783,0.07547168387326719,0.32355154007861897,0.0,0.008608321253826094,0.0,0.4320388244650771,0.0,0.0,0.0,0.0,0.0,0.0
p_109,0.9718966524071618,0.7465833635225337,0.586855860718197,0.7668407478238641,0.23369565005710463,0.740425531739852,0.8063613862505543,0.8373235810311848,0.7097466138761944,0.7170701031774048,0.7688950589785856,0.7814092930092674,0.7381575112784692,0.8615493957246714,0.750023897571911,0.6287285791649491,0.6528925589858009,0.1955555541069959,0.7893793214467862,0.5199999480000052,0.3575076572266838,0.7682524555864647,0.598136069788895,0.8019885074556211,0.22825219291099608,0.688188795809786,0.8057329437493912,0.8522653429899786,0.7834507032401274,0.7574159519137971,0.785364897700323,0.7267861914844472,0.6886134765906013,0.561736766881026,0.8105072143692152,0.338982993392713,0.49868073549682895,0.0,0.004870129830599596,0.0,0.09287925409042558,0.0,0.0,0.0,0.0,0.0,0.0
p_110,0.977655903310214,0.7433067095479795,0.6346995532982846,0.838391501878608,0.17812852110339886,0.6573167172389203,0.7708738715767968,0.8327236091232048,0.7972686592921254,0.7252351091495023,0.7846063208627404,0.5831942093311396,0.49366655086043626,0.873560627242686,0.6904589987720897,0.5752713530550464,0.5917355339298318,0.38853948016394496,0.8012707370267643,0.05405404674945314,0.3074265949272315,0.7427566422223184,0.6170783750293324,0.8325097373219523,0.2206759421403982,0.6276704381708936,0.7655178769654429,0.8626056978173072,0.794849022208205,0.7193025334316773,0.7769145379635322,0.7129145674114657,0.6334285072843653,0.6406869178290164,0.8199431204941849,0.2058823226643643,0.3782542084360321,0.0,0.005818181775867769,0.0,0.18300652996710687,0.0,0.0,0.0,0.0,0.0,0.0
p_111,0.9701798581881418,0.7085804617685544,0.5676599352863227,0.8210723803589057,0.018018017815112412,0.6598441910840838,0.6611034724379734,0.7850017899713532,0.683086201705094,0.6188645098251795,0.7361875986210915,0.6725123878287746,0.6841582176820549,0.7819315702048235,0.6212715849477319,0.4680506862549186,0.443413065178818,0.2952086530509378,0.7608949584321189,0.0,0.29682701845622295,0.7041927748720858,0.5443093254942106,0.8287703012395498,0.08082901470643508,0.583443928213453,0.6604305639281057,0.8442471323691945,0.6908223034380317,0.5872114458387703,0.694439832872299,0.599200073854339,0.5002435448118765,0.21914191274493788,0.7724886548870107,0.0,0.3011325762749329,0.0,0.005988023862454733,0.0,0.06976743780421873,0.0,0.0,0.0,0.0,0.0,0.0
p_112,0.9749350621614106,0.772613946009591,0.6140504357420634,0.8402133118505761,0.1875598068176095,0.735623240638087,0.7901830171811818,0.8276153273368441,0.752880607069281,0.7450019144044413,0.7875343706919627,0.7313753555466498,0.7393742073804048,0.876598919685084,0.708225107543795,0.6599749042409663,0.6278388255390519,0.5115585345894218,0.8266321488337254,0.06249999023437652,0.40901212817147203,0.771338651782045,0.6061458079560548,0.8299840881430939,0.32871652512727123,0.7061572352063559,0.7912035839873063,0.8530250397361061,0.7300463745056793,0.729765443731611,0.7967569544928009,0.7539296400131646,0.6716780882784036,0.6034843163520257,0.8422802053828484,0.11764703575548317,0.45196958913635393,0.0,0.0,0.0,0.2695035365424278,0.0,0.0,0.0,0.0,0.0,0.0
p_113,0.974128093545374,0.7447182672307627,0.6119299389197498,0.8499938869350854,0.2633279461766725,0.6998228461168726,0.8027982866512039,0.8009695943505456,0.6661319882377039,0.7260795930524417,0.782931352907363,0.7831768036619975,0.7378392198212002,0.8824048013152479,0.7293762568114928,0.6351084796964781,0.5601539915295765,0.5373665432618635,0.8016007107144503,0.03030302571166277,0.4161545178564134,0.7437808613152885,0.6001832739856058,0.8371831469689492,0.3223787142223888,0.6654674770157822,0.7837919232865304,0.8263185930600327,0.7422083696101867,0.6747291878062552,0.7801623069789679,0.7121893947249175,0.7190913046765153,0.5883306273230906,0.8186368178918584,0.07692306213018035,0.37272006048596307,0.0,0.004645760689363987,0.0,0.4469273618176715,0.0,0.0,0.0,0.0,0.0,0.0
p_114,0.9735993788438182,0.749279381085343,0.6129172673658104,0.8624116450198014,0.10752688056422709,0.7451423041310282,0.782159905785957,0.8482920289973811,0.8093360323890696,0.7727170736872956,0.8208734255720329,0.7210828518413336,0.6712216434238272,0.8848559416102983,0.7376425848321706,0.6468662286088255,0.5689719604898245,0.5296495921182642,0.8155776712976395,0.5399999460000053,0.4326683264796239,0.745680760175024,0.5881334405127916,0.8690623405582809,0.2773294183614863,0.7446034648133856,0.7979411415095867,0.8761785749879708,0.8173623350799899,0.7487881813120042,0.8074738948388461,0.7921417288263973,0.7008546994616286,0.6721623292824203,0.8413928214076117,0.18666664177778108,0.4425349063236579,0.0,0.0013708019097271973,0.0,0.4741783926249204,0.0,0.0,0.0,0.0,0.0,0.0
