MIDIR_ncc_1_diffusion_1,,,,,,,,,,,,,,,,,,,,,,,,,,,,,,,,,,,,,,,,,,,,,,,
,Unknown,Left-Cerebral-White-Matter,Left-Cerebral-Cortex,Left-Lateral-Ventricle,Left-Inf-Lat-Vent,Left-Cerebellum-White-Matter,Left-Cerebellum-Cortex,Left-Thalamus-Proper*,Left-Caudate,Left-Putamen,Left-Pallidum,3rd-Ventricle,4th-Ventricle,Brain-Stem,Left-Hippocampus,Left-Amygdala,CSF,Left-Accumbens-area,Left-VentralDC,Left-vessel,Left-choroid-plexus,Right-Cerebral-White-Matter,Right-Cerebral-Cortex,Right-Lateral-Ventricle,Right-Inf-Lat-Vent,Right-Cerebellum-White-Matter,Right-Cerebellum-Cortex,Right-Thalamus-Proper*,Right-Caudate,Right-Putamen,Right-Pallidum,Right-Hippocampus,Right-Amygdala,Right-Accumbens-area,Right-VentralDC,Right-vessel,Right-choroid-plexus,5th-Ventricle,WM-hypointensities,non-WM-hypointensities,Optic-Chiasm,CC_Posterior,CC_Mid_Posterior,CC_Central,CC_Mid_Anterior,CC_Anterior,non_jec
p_0,0.9728936793335018,0.793480370151635,0.6601025593574587,0.8471251894783575,0.29947643665469703,0.7621668180212071,0.8102581342407799,0.8280154823579792,0.8042385534516526,0.7572618314470223,0.7643928380154987,0.8075493256861614,0.6988010748744774,0.8883729792809346,0.7870002762561165,0.7659971957823513,0.7088978370234426,0.6586414388766858,0.8278617328227708,0.2857142274052597,0.2804878024347752,0.7813034948161622,0.6312443920323427,0.7927110142306524,0.3728470073673049,0.7110311180999783,0.8150120046121867,0.8869214384809361,0.7850409507262541,0.7264770233130384,0.7094816669798187,0.7839914232767631,0.7951273515058088,0.6541516198256201,0.8352971974903577,0.3103447740784872,0.2940170915041274,0.0,0.0016570008147721556,0.0,0.40758293194971673,0.0,0.0,0.0,0.0,0.0,0.0
p_1,0.9721926685263005,0.7909597769099882,0.6593300008408877,0.8036932481747275,0.12711864227233557,0.7859904054804177,0.8315019229289558,0.8434361097179371,0.7839272165985252,0.7335987530434492,0.620590646799445,0.5541125517137985,0.8185013860897292,0.884386096217157,0.7618241647749655,0.6696546251788699,0.5176695295240232,0.540840598407291,0.7902212268311775,0.0,0.3511972593934178,0.7941698263030188,0.6590869939614086,0.7341260583398415,0.053667262009530196,0.790090634250129,0.8603998417435094,0.8660986636867053,0.7364209496406148,0.7000699539173925,0.6321611998574453,0.7411883175490357,0.6734693860789711,0.48021461783893615,0.7562565375744295,0.0,0.24917309537846644,0.0,0.0017094016947914385,0.0,0.3091247614688126,0.0,0.0,0.0,0.0,0.0,0.0
p_2,0.973416159843957,0.8039633827414143,0.672368973931211,0.8571703464390387,0.4559270470524109,0.7988896597366024,0.8516501375931773,0.8636119878069404,0.8458415182110786,0.7852956837663339,0.7642233374855164,0.7718567827982648,0.807872538317015,0.8960008872934344,0.7988826807059705,0.76914720051834,0.7142239484901688,0.6324041756759218,0.8537307720896812,0.5454544628099298,0.40230990950616063,0.7858601162035921,0.6491044107729762,0.8120682000303808,0.5818847156277702,0.8203524075014772,0.8706077049820647,0.8930590635792981,0.7734364571630398,0.7112145382189555,0.7301850297426539,0.7940292310624762,0.8018891354663457,0.6259673204989913,0.837992012894094,0.1333332888889037,0.34128440053867526,0.0,0.005050504986736049,0.0,0.4215246542259046,0.0,0.0,0.0,0.0,0.0,0.0
p_3,0.9684923031584132,0.7881076719509843,0.6330892147589001,0.8232387014314213,0.3999999954285715,0.7406293091093917,0.717048067395376,0.839848136014198,0.7944044075252163,0.7555471619719129,0.7184592064088743,0.7450840159274793,0.6748466241745007,0.88859664286406,0.7702782704062776,0.7510570804676081,0.6930391757586946,0.6240249561308506,0.8332902551621519,0.21428567602041498,0.3540372643320088,0.7718732821188982,0.6134507953272441,0.8692667186942112,0.22357229375975343,0.7907977179484714,0.8123981513095132,0.8522888149762337,0.7981100743224236,0.6762929896943266,0.692373975242624,0.7725592709162902,0.7217893925061839,0.553391534228398,0.8300524363190471,0.0,0.3645955429976815,0.0,0.007858546091762808,0.0,0.11904761550453526,0.0,0.0,0.0,0.0,0.0,0.0
p_4,0.9713671741873382,0.7937182572290845,0.6512575129741021,0.8644626829115944,0.3765786409118411,0.7609732534079051,0.8346088951316321,0.8474503484447395,0.8194268849352856,0.8120781520319021,0.8049645372230396,0.7441176443230968,0.7835447889589682,0.8900433506695608,0.7742371345859282,0.8031132868172001,0.6905561751005741,0.6371814045188801,0.814184944618625,0.26865667631989903,0.30926430307040664,0.7887278751401463,0.6463074238169491,0.8503399056886597,0.5503999955968001,0.7673462139339745,0.8334270891351941,0.8457449779859313,0.817326623477,0.7758636565860307,0.7891314426634198,0.8070388341352763,0.8251410130939,0.6188734409738592,0.8092684787349019,0.14999996250000935,0.3972088008738121,0.0,0.0017857142697704084,0.0,0.5345454448264465,0.0,0.0,0.0,0.0,0.0,0.0
p_5,0.9703134854702202,0.7912740449226519,0.652825881881166,0.8871401149198956,0.24793388173622025,0.7497747815383882,0.7998908083453659,0.8684270167336656,0.8127972321521864,0.7749277112443543,0.7426886194576342,0.8090998990872901,0.7345385329815926,0.878143133281587,0.7907471924208797,0.7093659455765499,0.5813174522466786,0.6666666611387507,0.8247668179948732,0.18181814049587713,0.3213530632744675,0.7842984136370631,0.638364594567164,0.8892788205856936,0.36666666284722227,0.7725721573042347,0.8245278951801447,0.8558259581761148,0.8036214692782696,0.8168234635520906,0.7686740740018763,0.8242139832715026,0.7971808906364372,0.6926069985011128,0.8268490799199989,0.318181745867785,0.39667589807935794,0.0,0.002659574450401766,0.0,0.5467625800941982,0.0,0.0,0.0,0.0,0.0,0.0
p_6,0.966428387149321,0.78242870439566,0.6013951635622516,0.895796695589677,0.4498269857281403,0.7339867154224564,0.8179371544357044,0.7963539598050422,0.7919805298505267,0.7383303870066219,0.7173017489255876,0.8049327331700316,0.7956487941032464,0.8599453286773605,0.8206177885926519,0.7529055059300012,0.6272134173941593,0.6617954001900271,0.8112738318031926,0.2580644745057299,0.38151136917453143,0.7716452272991182,0.582534931393609,0.8636193794795057,0.27863776802231405,0.7554724130231353,0.8424074384667558,0.8401978968211516,0.7482824633987133,0.6879316006928295,0.6268796977751887,0.7824323125651007,0.7868226288211444,0.5422469773236122,0.7925145341637768,0.11764703575548317,0.38500693944929687,0.0,0.002422774061642798,0.0,0.12138727972869134,0.0,0.0,0.0,0.0,0.0,0.0
p_7,0.9739740280228968,0.8017935050733968,0.6804081930070646,0.8300299173382433,0.39380127261803766,0.7939755253235095,0.8316938579100226,0.8856896361017526,0.7887140803683343,0.767403617058831,0.7249297077672687,0.7499113134093248,0.8042162779539015,0.8740120508502206,0.7915187368919934,0.7591911741446349,0.7014178452818272,0.4865771771260304,0.8240469200155944,0.30188673549306877,0.40027229135280945,0.7950942296671256,0.6621331817997365,0.8724470424142255,0.2962184842834193,0.7821208151667225,0.8429122448262292,0.8919423234990431,0.8343070801188279,0.7706422011134224,0.7641440098845358,0.8139395145063695,0.8015544020685119,0.5589660697983355,0.8258192643239134,0.19607839292580528,0.43792888061179736,0.0,0.006204756916186588,0.0,0.45098038478790226,0.0,0.0,0.0,0.0,0.0,0.0
p_8,0.9718138733942798,0.8042357322230069,0.6653240356995495,0.8179480956497948,0.5066225123623964,0.7839481366273009,0.8431761753537085,0.8467892935087624,0.8289030315376226,0.8089975542210293,0.785087717385264,0.7513378496206283,0.7649731500103818,0.8869899670010359,0.8066727595901819,0.7893274019196014,0.68713450041252,0.6512396640393416,0.8450394270630484,0.4615383727810821,0.3839285680006378,0.7834237663668363,0.6471921569675705,0.7388162695958299,0.5283993069845154,0.8063720624716199,0.8613251746805266,0.8816825409449527,0.8091331681581444,0.7710594307275872,0.7637172497189391,0.8284190391180245,0.7947454822256554,0.6596263147065288,0.8296352004234344,0.11111108024692215,0.3085299427538118,0.0,0.0,0.0,0.5041186078398912,0.0,0.0,0.0,0.0,0.0,0.0
p_9,0.9688277157106895,0.8069863992444481,0.6339328922169641,0.8715964216170055,0.23227752289174175,0.7901531597939812,0.8365022183932221,0.876732901526841,0.8388177565647748,0.8012053524761098,0.7414995624640376,0.6628146897944089,0.7848484831496787,0.9010117479707571,0.7419821548806581,0.820334258982123,0.49533502758551723,0.6598905343245463,0.8263264706423828,0.4935064294147494,0.2784286679639651,0.7927942064568388,0.6191999424843475,0.8483155190382653,0.2663378512165493,0.7637872275111016,0.8127056367448361,0.8755811103036573,0.7827931634852173,0.7676462243525973,0.7857463003457054,0.743957124856221,0.8065644315131438,0.5198019759092246,0.8173048808172028,0.0,0.2904109573128167,0.0,0.0,0.0,0.4971962523888551,0.0,0.0,0.0,0.0,0.0,0.0
p_10,0.9685414914676242,0.8028057929597344,0.6219157609395347,0.797482413498978,0.19598583003558642,0.7917987851905737,0.8257606593552356,0.8646689740022344,0.8004401034239581,0.7519759119759354,0.7800138774461859,0.7210526288682232,0.8126343628036475,0.8875783512691955,0.7438325724963959,0.7485487297630653,0.6729211058724046,0.5801526662199173,0.8235521227571891,0.0,0.4074074043895748,0.8024943513904882,0.6158868268937113,0.8237298443421175,0.38319671738527955,0.8290538253260871,0.864857673086297,0.8945207919004576,0.8184296608254776,0.794771968117564,0.751286447788837,0.7905211317290509,0.7721454153298888,0.6388115075319266,0.7980040295576202,0.574999928125009,0.4119693777872695,0.0,0.0018115941864891832,0.0,0.4008528699178493,0.0,0.0,0.0,0.0,0.0,0.0
p_11,0.9666800271798189,0.7925754730478023,0.6562083279831546,0.8747980088957411,0.5906656419994978,0.7795669409028463,0.8160672890708225,0.8852420020898787,0.8206423663892188,0.7080992927087342,0.7264977486940617,0.7503617917859559,0.753961632599495,0.872099649745156,0.8172043002764376,0.7492242574069837,0.6941838623107547,0.5004599769966883,0.8341974170639449,0.0,0.4302449391360759,0.7738980520393979,0.6210273759756864,0.8733862956574645,0.6283870927200833,0.7810401321152904,0.8339249211625681,0.8980211159524428,0.822011028015944,0.717174648556193,0.7718582697632977,0.826297314461344,0.8008484543934753,0.6282151159141457,0.8573462116346251,0.26666660740742054,0.4829721340868105,0.0,0.002612671439499207,0.0,0.5346938666389007,0.0,0.0,0.0,0.0,0.0,0.0
p_12,0.9679626402459426,0.795937229989285,0.62244810289915,0.8648001194547088,0.3743199088757355,0.7984364760165307,0.8214479338299869,0.8745387448985024,0.8226589024470417,0.7800986661277436,0.785175320050654,0.7026156913375625,0.7740856828127781,0.8955043841307232,0.7969496687372144,0.7767100034575748,0.6998299289973217,0.502378682184789,0.8089824815421334,0.0,0.447350306625256,0.7840078498458916,0.5983617421638794,0.8333416516928667,0.3232810576202526,0.8005543363435605,0.8434104817731921,0.8677226022754053,0.8125916723314999,0.8028371702273467,0.7659475741917245,0.8139197672170906,0.8374999977241847,0.6148969840340968,0.8304447493530998,0.0,0.37526958752502093,0.0,0.002751977974709398,0.0,0.6183368738094484,0.0,0.0,0.0,0.0,0.0,0.0
p_13,0.976823094307182,0.8173891033615862,0.672659488659152,0.8200470181555637,0.2998846562873742,0.7817862181440101,0.8228406336023697,0.8611463616427949,0.8331499806464369,0.7981229641849042,0.7590949406408719,0.6814595627146964,0.7001913071872333,0.8759846531470011,0.7783783775368882,0.7809364526729753,0.7116968669205236,0.6277097019066004,0.8472316157626518,0.49275355177484753,0.2989571228394308,0.8150673292961051,0.6624714987529711,0.7638036804722568,0.636981127268067,0.7634939205464989,0.8319306861819534,0.8913031545178035,0.8192055428545904,0.7602587419039228,0.7930881683803984,0.8281531974853086,0.8145927016127118,0.5359019217521723,0.8388487851890422,0.19512190362880397,0.3311867494831026,0.0,0.004140786706617115,0.0,0.5714285594237698,0.0,0.0,0.0,0.0,0.0,0.0
p_14,0.9753844684883785,0.8048485125308484,0.6741329916370391,0.7787171821379969,0.47593096752106295,0.747385034978362,0.829104501198701,0.8657029348567077,0.8012585201871284,0.7676409794630047,0.741363634678719,0.7272727239996727,0.5821172709415833,0.8952227738519929,0.8045343129038661,0.8024182445660394,0.7144340577555068,0.6097972921469823,0.8305917935048291,0.647887232691939,0.27306272726860115,0.7920389605539759,0.6603163631591616,0.7339944460658513,0.4607437968931426,0.7895078769992128,0.8429665331595233,0.8652632749649544,0.7683253066234279,0.761185005278935,0.7626404476529952,0.8209563566746632,0.8546497111576921,0.5576923035673647,0.835191604202013,0.18181814049587713,0.30786267654637123,0.0,0.0,0.0,0.5064694915624863,0.0,0.0,0.0,0.0,0.0,0.0
p_15,0.9610782625360852,0.7795654005099404,0.5761584982752455,0.9073783357041686,0.5018782832315681,0.8002544952616099,0.8112724417403705,0.8723444016744475,0.7738042667052182,0.7702591518199721,0.7444130471502362,0.7989845354281456,0.8432055737828926,0.8876755955776079,0.802405685289879,0.7972610872364957,0.6158192061402108,0.5691428506383674,0.8269831346793847,0.4883720362358097,0.4655068958277931,0.7555442947293506,0.5623158020484219,0.8969317578696587,0.49206348880910394,0.8106254759262224,0.8181576810709696,0.8466014276338261,0.7495732097838829,0.7634625589341875,0.7442218779038986,0.7696335070475042,0.7830892490105298,0.5313568924588724,0.8395771314383895,0.1621621183345626,0.3944607620878692,0.0,0.005830903747588165,0.0,0.606177594475336,0.0,0.0,0.0,0.0,0.0,0.0
p_16,0.9704314512472835,0.7710828307345708,0.6297535162506748,0.8641748939124912,0.5279503064600132,0.7992067929020168,0.8440069639183068,0.8224786865264289,0.788650838464605,0.69375841861949,0.7254237272766447,0.7948895000176467,0.7577531972289022,0.8971493357795352,0.8116582906415495,0.8277056253168669,0.6766491271685587,0.6086956464206461,0.8122733604720843,0.4363635570248078,0.225118482078682,0.7650413168814756,0.6147266470699633,0.8437566246157487,0.3555555521202362,0.8066712718822976,0.8681455681852688,0.852592053747219,0.7366197172723666,0.7623348755082592,0.7589662427242451,0.8129122518359861,0.8127402503768801,0.7231040500608109,0.8124239865165834,0.1428571088435455,0.3600416214357876,0.0,0.0032414910333631924,0.0,0.5111111029982365,0.0,0.0,0.0,0.0,0.0,0.0
p_17,0.969158188773649,0.7919016157601416,0.6334150690945894,0.7341995838179836,0.4842721252064951,0.786959464006217,0.8343588030109825,0.7762533521888522,0.7413108830531439,0.7164931679273804,0.584815451166924,0.7853658509220701,0.7767449708015127,0.9022837887080069,0.7892219966992625,0.7583530917043477,0.661550266072332,0.5951704503183917,0.7472427853548551,0.0,0.3183125568714041,0.7811670714317682,0.626712370533401,0.7510760397231732,0.2611398936669441,0.7665043725300541,0.8467990624910684,0.7810342992561143,0.722626892446957,0.5864246947901213,0.5413354520243732,0.7907231548660307,0.7887976399477835,0.5991133590936456,0.775993104461339,0.0,0.3601593596800051,0.0,0.0022471909859866183,0.0,0.5354609834138124,0.0,0.0,0.0,0.0,0.0,0.0
p_18,0.9717779652400466,0.801264047096526,0.6465432815419835,0.606994861091501,0.27067668918536947,0.8167564767507667,0.8230817919106068,0.8237584271086514,0.7314000777701088,0.7839105332035439,0.7842031013818193,0.6773475715293833,0.7961595253664216,0.8901863831658536,0.7571232061729974,0.7839086687037002,0.6768802196987919,0.563594816728143,0.8231233815158556,0.4062499365234474,0.13191990421766897,0.8139111836994771,0.6563887238776805,0.7114116089120947,0.460222408381331,0.8446344937473791,0.8544848652527453,0.8976736787146025,0.7525006402250569,0.7139635726678547,0.7578782525780422,0.7899315187951772,0.7653846135447486,0.524590159634507,0.8351177723039677,0.07999998400000319,0.2388369653287958,0.0,0.0,0.0,0.4200913146097874,0.0,0.0,0.0,0.0,0.0,0.0
p_19,0.9702691813119934,0.7759467830600415,0.6302149731103601,0.7901659491148335,0.33404254963784524,0.7815850814332584,0.7899886270424838,0.8296031030560411,0.7618252632695809,0.6925262230195299,0.6942437062191784,0.7586206865776036,0.6694024091577265,0.8842208683662367,0.7724123443497666,0.8068278782167059,0.7374897426682127,0.5479166609592014,0.8099337085090198,0.0,0.14398200063012373,0.7706178021774229,0.621240675058535,0.7971251219881574,0.3250365984621289,0.786692109684997,0.8124361213929283,0.8657225939652784,0.8001031715242415,0.7234703377953512,0.7510121438486534,0.8122137396313346,0.7839453436266856,0.6065040601097231,0.8190920571409623,0.0,0.3739565912023657,0.0,0.006125574178781406,0.0,0.33802815711168466,0.0,0.0,0.0,0.0,0.0,0.0
p_20,0.9663820273778393,0.7874686145661521,0.6090623957973286,0.7263023052047379,0.0891891879839299,0.7723452637995982,0.8154728534495184,0.8413952246199542,0.7344724698474743,0.6901779297134143,0.6757453060807043,0.6563265279333611,0.6993699354199597,0.8850207753701858,0.7438896807000573,0.7620320830145986,0.63171247090185,0.568611334686842,0.808743168749001,0.393939334251616,0.22287389702530944,0.783007490584794,0.5875909457660714,0.7369621402334179,0.6290839165337353,0.7608091817093419,0.8148049001560513,0.8799716981452612,0.7497163021690628,0.6262528284624532,0.6433954767088547,0.7789342578249852,0.7115583056977339,0.6390773362342107,0.8119119813296696,0.0,0.34534785963664827,0.0,0.0,0.0,0.3749999909855772,0.0,0.0,0.0,0.0,0.0,0.0
p_21,0.972523815594127,0.8014490648439189,0.641349078816259,0.8813913950302761,0.40408899336085996,0.8031615361220268,0.8148067103709113,0.8695954672151897,0.8323872755356246,0.7871299437871051,0.7676767660612863,0.7237269746344276,0.7428317387356486,0.8813100508177274,0.7591054306169737,0.7906008304860177,0.6382318703441959,0.6156325494308417,0.839358137154507,0.26923071745563126,0.4579349882507887,0.7935083193385385,0.6381871312319711,0.8623818945877499,0.5199999967500001,0.7959960885193772,0.8370089014969339,0.8570351618884092,0.8244274800039524,0.718370201347932,0.7280299859891087,0.8074861604362655,0.7938596469466567,0.6035141283154001,0.8537208270773045,0.21428567602041498,0.49006009944493706,0.0,0.002866698505175831,0.0,0.6554404060176113,0.0,0.0,0.0,0.0,0.0,0.0
p_22,0.9691837933466166,0.7703841359139044,0.654383986844815,0.6995528421466727,0.11920529643436693,0.7838130171219401,0.8116294002319504,0.8003870607315514,0.7518595284089019,0.6895776751666095,0.6956330904199406,0.5847526334762666,0.7049861479570957,0.847614427627661,0.7590462826002372,0.7445034097940272,0.5630306970508469,0.6641837326866311,0.777506933867776,0.0,0.12971342187460902,0.7868079064469187,0.6494239246976369,0.6087711675130081,0.15843857452998192,0.7792505374591513,0.7797125427399426,0.8692568761110091,0.7592444789049688,0.6853097339068056,0.7145032342700738,0.7556997538094531,0.7565543054493186,0.5422993453195998,0.773112032553434,0.05128204470743016,0.17777777598204267,0.0,0.0,0.0,0.5163511098734749,0.0,0.0,0.0,0.0,0.0,0.0
p_23,0.9706277814412223,0.7933616247707003,0.6402856161696516,0.8426933817345663,0.3820662730792761,0.7925299350120772,0.8109589831048318,0.8346102764150525,0.844433757099743,0.8214639944242571,0.7874498683947868,0.6924788576213669,0.761250275412879,0.8676211819319452,0.8042294127905272,0.7914147497236554,0.6318785548772364,0.6218057868670717,0.8363738942670924,0.6470587283737164,0.26947368137396127,0.7820289289367852,0.6113543317442081,0.8521272197169933,0.5716586105341497,0.7382293998023742,0.8034667004952978,0.8801304697580156,0.8418835181637131,0.7679586555369936,0.7543314065874469,0.8159264922757259,0.8200972425172953,0.5753646630845651,0.8507811761149021,0.2476190240362834,0.4367816058484168,0.0,0.0035938903540530965,0.0,0.49999999161073844,0.0,0.0,0.0,0.0,0.0,0.0
p_24,0.9634327907272313,0.786623052322147,0.5848366335113893,0.8622842734681853,0.4563636322148761,0.7802816126093701,0.805035817331001,0.8329379442920852,0.810825365812811,0.7738419610998035,0.728958280729548,0.7393901265658908,0.7712962945108882,0.883202798098395,0.8242195259254131,0.7738577189882656,0.7310420056436387,0.53871318932701,0.8090336756180337,0.2711863947141704,0.4131591658773141,0.76586408489756,0.5744651741204219,0.859963206865005,0.40447343518664086,0.8149319833151384,0.8307216042387595,0.8584197127065858,0.8028030822665689,0.7674541786550968,0.750294740037032,0.830077549003556,0.8164674613108434,0.6202414055687892,0.8141683769875068,0.20512815253124292,0.5404847831847097,0.0,0.0,0.0,0.45980706656258735,0.0,0.0,0.0,0.0,0.0,0.0
p_25,0.9670016180564962,0.7908934555213952,0.6043699885100215,0.8753232946411609,0.356136817342688,0.7686225044828334,0.7988593209405014,0.8405158156946347,0.8247534105867405,0.7266968317571303,0.7269479778366869,0.779285711502551,0.792670371026003,0.8990440205040399,0.826086955794678,0.7346134890826846,0.6856663843853043,0.5746478819281889,0.8215243193972384,0.15686271434064425,0.3744752277541962,0.7896661099249371,0.6060103652684344,0.8589766285149714,0.5075690070563758,0.8000476301976547,0.8025821628943339,0.8708579611494072,0.794527488225833,0.7297808424410047,0.7154966296120482,0.8020928944353838,0.8515406140780732,0.6958719402201184,0.8095646367442464,0.0,0.362700962297743,0.0,0.005471956149494444,0.0,0.4901315708859939,0.0,0.0,0.0,0.0,0.0,0.0
p_26,0.9742943821796225,0.7997174915735111,0.6710424633115728,0.6298220747678932,0.2002383766360146,0.7464704180477865,0.7910188244869221,0.8646539103123997,0.6867771543021615,0.671779707381464,0.7041127176235478,0.5565438338211954,0.6108763014627323,0.867712479377552,0.7616449845135911,0.8023097798834585,0.5700586011184944,0.4909747248106974,0.7705706695665472,0.10256407626562146,0.07294832715884002,0.7933622015127761,0.6455228055435273,0.7448792666570531,0.49619150711434706,0.7071087554844052,0.7836329564339263,0.8742660901327871,0.7526829847429363,0.7304618975536329,0.6945500619042035,0.7750424439993183,0.809890813070357,0.5396551677615934,0.7248532930615313,0.0,0.1891058562270724,0.0,0.0,0.0,0.2905263096731303,0.0,0.0,0.0,0.0,0.0,0.0
p_27,0.9597682750344249,0.7658225665019311,0.5533194351630564,0.8847901846689648,0.5774647853435165,0.7927197492751286,0.8103418231921166,0.7910283253659053,0.765441905893305,0.7149427353999975,0.7561790230323335,0.7894375843802511,0.775984250440976,0.9013197762943034,0.8084978446652993,0.7499193263958718,0.6365951231844484,0.6666666604068858,0.8045544192177206,0.47761186901315383,0.4243542415850819,0.7453209378504115,0.545945920923038,0.8737557606696782,0.6066426546352834,0.7559850517470555,0.802815916724727,0.8165285309066075,0.7271462631884477,0.7819604226581128,0.6996715140786685,0.7772925757120701,0.7873838333219266,0.6688206731113031,0.7857017073554308,0.199999960000008,0.4043179574605235,0.0,0.004143237632011726,0.0,0.6622516468575941,0.0,0.0,0.0,0.0,0.0,0.0
p_28,0.974147547809205,0.7784694312530266,0.6679224714839584,0.736344809256831,0.3286713248406606,0.7641751664827271,0.7862656104889668,0.8012303673387564,0.6668191165483431,0.6653211647373455,0.6252918275772533,0.5933587338412698,0.6097902080845029,0.8773640660318106,0.7596344099127161,0.7462765937599026,0.5892008613857413,0.5596650344754708,0.797881887634283,0.05714284081633119,0.3886462853810314,0.7688207284720353,0.6357848443953037,0.7150180100339305,0.26086956049149346,0.7177579363299211,0.7927147921079707,0.8573090750701772,0.7181918404430079,0.6626601850086963,0.6989946763276274,0.7617443005334547,0.7694293809206574,0.5421836194653622,0.8106570091303181,0.04999998750000312,0.4215116248436655,0.0,0.0,0.0,0.011594202562486883,0.0,0.0,0.0,0.0,0.0,0.0
p_29,0.9676907033390282,0.7985551455262009,0.6170308958387145,0.7259757180012513,0.18774445648312313,0.8188455708272844,0.8457618134541688,0.8383735291194212,0.791344666473965,0.6995827530139282,0.6160300273437183,0.7608861697445142,0.782059379275512,0.8891272165660966,0.7528274719794084,0.7571690031813025,0.6775862039759215,0.5801376540792758,0.8392967569226109,0.2127659121774655,0.07722007622625385,0.7886268005653027,0.5877813148528127,0.8099457738328623,0.33052631231024937,0.8496256024080352,0.869029557142825,0.8319549528817204,0.7960990622403451,0.7375115388885921,0.6952176999875859,0.7677921047664218,0.8173164079389927,0.6503496446647758,0.8347733135879813,0.19999997777778025,0.15930735792807482,0.0,0.003215434031906205,0.0,0.4073394420671662,0.0,0.0,0.0,0.0,0.0,0.0
p_30,0.9721295609711079,0.8042380446072769,0.6572342365133202,0.7064501970121919,0.2866242007789363,0.8206418827878905,0.8569349248163034,0.8297475684840291,0.7859109674324106,0.7855447104672956,0.7653946210637584,0.658988068042007,0.716040051547251,0.8934028673893657,0.79237655135973,0.8194364553782735,0.5977473829535503,0.5978530091011313,0.8202655833373378,0.47761186901315383,0.27313566690803537,0.7954784550854195,0.6332879597777464,0.7222687896603319,0.407809106205975,0.8196437405196328,0.8409423151766411,0.8831735884541142,0.7655329879034576,0.7667875014959542,0.7600311633034064,0.8155286836843998,0.8414695499711384,0.46341463100667596,0.8222568214191127,0.4642856313775658,0.31226199305207925,0.0,0.0,0.0,0.5767097860127581,0.0,0.0,0.0,0.0,0.0,0.0
p_31,0.971479169675305,0.7928324978131773,0.6365322146122896,0.887428590005142,0.41238793469936486,0.8169101997965923,0.8256640984014223,0.8434151395071926,0.8105726861744329,0.7461609803708534,0.7631137706272725,0.8256396707316284,0.682850428914512,0.8895726743095655,0.7840331769994472,0.7926863550135405,0.7170600516371076,0.5673892500717319,0.8096272160607789,0.42603547774938,0.4681357923279584,0.7816675583309519,0.6130700265787538,0.8849938047937491,0.6001511670434531,0.8082991386440792,0.8198557900143254,0.8243918689190315,0.7908212550835493,0.7364566497184096,0.7129817426141436,0.829416372082436,0.8088642636873565,0.7274490715087384,0.8399736264104987,0.08888886913580685,0.5518937503595979,0.0,0.00575815733437469,0.0,0.5274725178118587,0.0,0.0,0.0,0.0,0.0,0.0
p_32,0.9733706792620888,0.7887973445803784,0.6267261957023418,0.782844870652574,0.19246861656250186,0.8139505323434885,0.8250836379969592,0.8770601331419488,0.7929128266578132,0.7307486908781922,0.7717842305860207,0.6666666632052614,0.6598224177030454,0.8818152073898086,0.7840104555233521,0.7561551407886842,0.6801414821619935,0.47682118754189984,0.8375547506783901,0.0,0.3206307448011729,0.7900073457005837,0.6318380191875759,0.7920191759785539,0.36781608772625185,0.7814576632418387,0.8479643670509047,0.8619773614795696,0.8361012784697778,0.7341304339846408,0.7542134813805864,0.7940620264806524,0.8004379939763536,0.6328600341494925,0.8350593100780839,0.27906970254192964,0.2660098495959621,0.0,0.0,0.0,0.5353535263408498,0.0,0.0,0.0,0.0,0.0,0.0
p_33,0.9694409647393302,0.7950499392839646,0.6146297588687392,0.8933812643490417,0.3608490523484782,0.7803366035350214,0.8188034653177408,0.8739214098492014,0.8080878905936327,0.7838077407822243,0.7206703893839144,0.7852332232845267,0.7096774176590743,0.8833934761049682,0.8058489023954405,0.7969717797764219,0.7051851825733881,0.6973821916504482,0.8298878271716994,0.3692307124260442,0.47600767449771164,0.7882677342270837,0.6105277374377802,0.8971232990419133,0.35044642466019615,0.8059158803051503,0.8419364537875824,0.9004854363180343,0.7977071879654799,0.7569737098565386,0.7411239107897393,0.8045054078236809,0.7976952599305529,0.6872586806249162,0.8488872256883419,0.0540540394448542,0.41815856510128796,0.0,0.0027855153009365232,0.0,0.5627009555835859,0.0,0.0,0.0,0.0,0.0,0.0
p_34,0.9674817249994424,0.7982661656982676,0.6472275493486345,0.8511805132113598,0.5007610311966436,0.8120922382418188,0.8470093968189565,0.8753480397968794,0.8204493910323136,0.7522545510019955,0.7514065414640414,0.7213510224312383,0.7749140880156116,0.9021267771976768,0.8014406209824276,0.7947691465311738,0.5943279876928566,0.6322136035123721,0.8439709955742808,0.21428567602041498,0.38540145704086526,0.7981685824562106,0.6270835424793535,0.8599144579302815,0.35401459531008583,0.8226825740860139,0.8514093217325441,0.8831111352087674,0.824275173205575,0.7299488800194351,0.7615687886250907,0.8219812799351485,0.8286744796468114,0.6826178699323162,0.8353909457547049,0.12244895460225415,0.33333333081950733,0.0,0.0026367831072064397,0.0,0.5782688659618994,0.0,0.0,0.0,0.0,0.0,0.0
p_35,0.9642096731119462,0.7686427870137027,0.5998734305518074,0.8551924704709002,0.353327852478818,0.7633559165671328,0.8266287034627302,0.8010471200076752,0.8039674875272524,0.69619348842107,0.7382753385318321,0.7267644978100471,0.7877185831888602,0.8848996830543998,0.7807623930665984,0.8174358953399079,0.616981829377153,0.48710601253957964,0.8075161252617405,0.38709671175859484,0.3862928324841568,0.7718202779215458,0.5796873341972364,0.8329019265492753,0.5992040898282883,0.7773983737730626,0.8208974594872023,0.8671551444902011,0.8149266006106097,0.7215678504191153,0.7710730200256563,0.7974427987908456,0.8130344330643994,0.6094276042977474,0.8093261495987581,0.32098761469288706,0.4189636140079183,0.0,0.0,0.0,0.43971630426034924,0.0,0.0,0.0,0.0,0.0,0.0
p_36,0.9649069858008132,0.7910602638554711,0.6368889931209538,0.7298254817413559,0.26590693004836724,0.797573847028781,0.8394827163005957,0.8416524028118368,0.7767513461935446,0.7702959021526026,0.7318738687851499,0.6933216138254762,0.6793703382780234,0.8844459809562939,0.7579488081144727,0.7665267555967293,0.6352545198348568,0.5617792375471232,0.8057621539139105,0.21739125708885715,0.07613469873887703,0.790739765126541,0.6339270656049081,0.770475353837655,0.4095744644541271,0.7629485671239834,0.8291741968741566,0.8694628398972466,0.7689131745368389,0.7233813909524659,0.7356819509236726,0.7657220655555085,0.783254555968367,0.6030150710479895,0.7986624148077903,0.0,0.24112303681979327,0.0,0.0,0.0,0.013856812613006638,0.0,0.0,0.0,0.0,0.0,0.0
p_37,0.9638779228032682,0.7683313887994154,0.5815686028206863,0.8838988521824485,0.4662349633095748,0.7881374010825878,0.832307365680867,0.7960789205818688,0.7858398182452425,0.7798252071392806,0.7532903927379154,0.7783760482912426,0.7532710262774042,0.8811570311077441,0.7771353760476324,0.8141377184212745,0.44647659912190263,0.5941320220766256,0.7977561847162615,0.6909090280991792,0.3530113276504989,0.7445411344514479,0.5571240705682627,0.8424006906809545,0.4332723909207277,0.7975984476960833,0.8309912920122595,0.8079877106738879,0.7104294469810681,0.7600148818553704,0.7250193629614785,0.7129098822369756,0.8249068631588428,0.6609523746575965,0.7878591479932392,0.12244895460225415,0.19999999916666666,0.0,0.004121586789687858,0.0,0.5777079972102356,0.0,0.0,0.0,0.0,0.0,0.0
p_38,0.969423155088688,0.7817408152590517,0.6591268484691206,0.8283102764752197,0.19370459813916951,0.7406030194120776,0.7982359561819502,0.7366162424972555,0.7175807270962781,0.5991361573435457,0.5109283184232002,0.7633892870435866,0.6337854484986795,0.8622707343898594,0.7434210518673715,0.6376496174166223,0.5592592583177454,0.5266005362795263,0.8011988004711663,0.21052627885503877,0.32952182780913813,0.7770888271085915,0.6364678051214314,0.7770342929928801,0.23818525294720932,0.7744714956869108,0.7894988869396452,0.8395324118316612,0.7582332847689908,0.5917232853698545,0.5848168598632764,0.737667736970641,0.7613476818873476,0.3450586235757234,0.7806566263392979,0.0,0.27904967482051973,0.0,0.005795001789949287,0.0,0.3706563635008424,0.0,0.0,0.0,0.0,0.0,0.0
p_39,0.9698921792788504,0.8140124720656005,0.6657387784266559,0.743025684685372,0.3920076080684338,0.7890371934138075,0.8346909979723017,0.835800422451963,0.7904943383135362,0.7579052197212174,0.6925934002783627,0.7651290699740623,0.7271200656441644,0.9112540502472547,0.7937956196332161,0.7459978635378925,0.6536072591800894,0.6955153367780068,0.8319206484833899,0.10909088925620194,0.3073229254823178,0.8071391183517794,0.6518324239291511,0.718802238012354,0.39883833108578576,0.7845390674093647,0.8396256150757695,0.871110599372456,0.702720784229794,0.7392851086402803,0.6860869550302457,0.7855769223215606,0.796401513266095,0.6517524187043071,0.8433230088874814,0.1428571088435455,0.29417571279194754,0.0,0.0,0.0,0.4526112098140965,0.0,0.0,0.0,0.0,0.0,0.0
p_40,0.9703925862133209,0.7905082718562997,0.644434609226163,0.6413563716708394,0.30096050906125393,0.732125235379904,0.7569504285418225,0.8092643047687637,0.6981315206283287,0.7367851337391439,0.7145249043228864,0.6076190447256236,0.6276619577949744,0.87492258130885,0.7734490231900659,0.7337393404781015,0.6104129236516475,0.6408839728422733,0.8128453585225872,0.0,0.10659186386266671,0.7815864544634042,0.6265810944458539,0.687521543702584,0.2801047083755928,0.7836764954536265,0.8127282211265849,0.8663976681986115,0.7330483992918466,0.6927579272361685,0.6507968516223586,0.7792337861787549,0.7487437168827233,0.5429602848883734,0.7960855706295816,0.0,0.26833333109722224,0.0,0.0,0.0,0.4302325498016948,0.0,0.0,0.0,0.0,0.0,0.0
p_41,0.9640363004756165,0.7887867273707627,0.6054419567660412,0.8643203096983144,0.5094494617136446,0.8057074502148246,0.8070747378554566,0.8006652699269032,0.8141269159784341,0.7616550109152534,0.7434771357698859,0.8029842475739589,0.7557458297527133,0.8829888832022407,0.7994230959107622,0.7737438258096316,0.6976421612425722,0.5848513846131219,0.8285449481736743,0.36111106095679707,0.30992978781379243,0.7754184822791503,0.5888072074982794,0.8808742526424251,0.46034482361771706,0.8044385210324375,0.8166633760568172,0.7988569196604164,0.8047352662875826,0.7304487493921807,0.7200201951021958,0.830649003306348,0.8101408427883356,0.6552315552724567,0.8347590227052378,0.20512815253124292,0.4588634416502822,0.0,0.004197271729304599,0.0,0.5876288558826658,0.0,0.0,0.0,0.0,0.0,0.0
p_42,0.9683947709976721,0.806717651139281,0.6283458845961247,0.6546633052541135,0.3195402262121813,0.7797297637894567,0.82331757215394,0.8219820995295885,0.7803297156822183,0.7705728401952381,0.7700584777308574,0.6810228771600588,0.8185185173525378,0.9025166528857997,0.8326947629111948,0.7962480437825741,0.5747686284716579,0.5654761862687784,0.837324681960381,0.3977272501291335,0.24602332718957237,0.7991860063543947,0.6247255375596691,0.7011087894093614,0.2977099198764641,0.8048132518610164,0.8509260803703704,0.8731790911536423,0.7929390532238899,0.8040649626706573,0.785494191074913,0.8099748687319014,0.769343420138288,0.5738993665573949,0.8418582817063742,0.4705881799308023,0.3901477794074111,0.0,0.0,0.0,0.4492512404450709,0.0,0.0,0.0,0.0,0.0,0.0
p_43,0.9583814264214121,0.7657899791488975,0.6092604181733423,0.8172335597818468,0.20558002785917748,0.7770819700960178,0.8129666246741587,0.8270901190612151,0.8009902047131738,0.7346102303660359,0.7610350059555665,0.7537976475958794,0.7131969500337005,0.8812516110980195,0.6754837124046994,0.6744966426785796,0.7008240748806016,0.7170099106254012,0.8163004388203752,0.11940296725328846,0.1285714275510204,0.7741474334079387,0.6150122326966164,0.8474327813727451,0.44432989461685624,0.7684181802509514,0.7763040026208985,0.8756214003663821,0.7589979206224725,0.7295673985177774,0.7245017570838184,0.7257903012975323,0.7154088036253758,0.7191489310698658,0.8249480242619975,0.27906970254192964,0.20229007504904534,0.0,0.0,0.0,0.42758620099881106,0.0,0.0,0.0,0.0,0.0,0.0
p_44,0.9715817096471695,0.7781257226579684,0.6591246112577965,0.7330661581150607,0.39627906608112495,0.8134058403053431,0.8172009264035099,0.8405241286670266,0.7879368109287497,0.7703330743896852,0.7781637697812313,0.6272448505157913,0.7759266955936553,0.8819371493132845,0.7855630406298719,0.8194760796711956,0.7282157651168196,0.5496183164151274,0.8231129811316245,0.10909088925620194,0.34426229226014515,0.7745953437898215,0.6313650457232804,0.7069065577423874,0.4344978118504606,0.7996460174969289,0.8283075424761538,0.8804671142004699,0.7373306563756514,0.7225755159751833,0.769587626882506,0.8119034242823289,0.798964216574943,0.5223367661695067,0.8344383579951588,0.5263157202216158,0.35157545313784866,0.0,0.0,0.0,0.45502644700129724,0.0,0.0,0.0,0.0,0.0,0.0
p_45,0.9608615835877767,0.7887772407106574,0.5770021728650988,0.8800741424917055,0.3985890617408372,0.7820287426309394,0.8232251768150264,0.8044315479797248,0.7362599369325269,0.7346610332582367,0.719400095018384,0.8122948349379443,0.7306967967733127,0.9081332634231978,0.7793301820635605,0.7748031471659743,0.7031195208443058,0.5971830929841964,0.8259726596337429,0.2413792687277123,0.2996363614571901,0.7644243398799853,0.5616173518548324,0.8786702125322685,0.3432657885188822,0.7655427586727961,0.8059160221373185,0.8352291920062906,0.709491849675624,0.7113390559579228,0.6004962765610281,0.7808589440576045,0.773057571903137,0.6888731347351301,0.8134647241532531,0.09999997500000624,0.327795238761584,0.0,0.006894174398848071,0.0,0.30537633751878845,0.0,0.0,0.0,0.0,0.0,0.0
p_46,0.960175523153408,0.7937868450160229,0.5595417107759725,0.8903151043164604,0.4463519274991251,0.7584679772341668,0.7870607123158813,0.8028117291072697,0.7362113235462745,0.7525478997629964,0.7079388183832512,0.7905163988615901,0.7281870738541939,0.8986716841666501,0.7611685566096089,0.7722192635119232,0.6645276268644291,0.6229819503990318,0.829647230095369,0.1777777382716137,0.4170616093978122,0.799450533565993,0.5450081885426781,0.8820024363978286,0.46140796894480096,0.7722036846736678,0.8158090649722058,0.826794885353079,0.7083952019321585,0.7747136181854968,0.7710843355277951,0.8001626338685072,0.8191279864440844,0.6703448229631391,0.8231461958007796,0.0,0.4064171106276548,0.0,0.006133087991005556,0.0,0.513911611883607,0.0,0.0,0.0,0.0,0.0,0.0
p_47,0.9669661697300471,0.7630803974902166,0.589254933639454,0.8934894406623285,0.5507998246830963,0.7742743132320699,0.8218100801120735,0.83057682144201,0.7798874815050545,0.7642293090306335,0.7433433962576355,0.7989949726437884,0.7782241848569221,0.8817975974053426,0.7776506476185635,0.7788353841577956,0.6588579770905637,0.6994871723129521,0.8059644051890674,0.09836063961300989,0.4684418122857899,0.7501859238589175,0.5693060771318714,0.8730289598904902,0.5729803083979612,0.7028032115219599,0.8273325016859179,0.8404748296575415,0.7332601528723819,0.7470317673044906,0.7217391286914514,0.7821598174869298,0.8176914756804436,0.7354409256618891,0.8381519003084951,0.31999993600001275,0.4067048945447512,0.0,0.0032237266175895334,0.0,0.5388600896668371,0.0,0.0,0.0,0.0,0.0,0.0
p_48,0.9624124272663303,0.7853245059867154,0.6042443030845187,0.580575041418264,0.3433874670140665,0.8161906355607272,0.8226974150638996,0.8106140007664733,0.7130488548035733,0.6709405983462481,0.7202312124851037,0.7087784453842152,0.7607709736191025,0.8798527173809568,0.7745384840365798,0.7907465804659658,0.5990338135312375,0.43165467182266526,0.8355997203315902,0.0,0.25781249496459974,0.7694762790184452,0.5786397949428933,0.6612213879179206,0.026666666271604945,0.7941884136971703,0.8238844896801767,0.8320914914618543,0.7644008398536779,0.6489657294957644,0.5775087845031066,0.7443664178342245,0.8219248563511969,0.5768143206709301,0.8064872827068861,0.0,0.17314930773965737,0.0,0.0,0.0,0.06896551486325811,0.0,0.0,0.0,0.0,0.0,0.0
p_49,0.9725860196532494,0.7982364434810496,0.6474665181061755,0.8877450373296311,0.35328184987179684,0.7887139105455178,0.8201439791754538,0.863164975131361,0.8401980634253905,0.796308141463668,0.7653604238864045,0.7934611732365257,0.8497058811033738,0.9023003226083474,0.7858500519684793,0.7724340153301055,0.6995657295713946,0.6660377295656819,0.8262270221468382,0.5321100429256841,0.46002620930520177,0.7983046827996877,0.6404029999166977,0.8846664251162183,0.43224699457764154,0.8148128079279371,0.8415075259071015,0.8598174855108522,0.8491134149112152,0.7606302194754838,0.7905563328879002,0.8154598817852643,0.8327272705643447,0.6512424965617609,0.8287355231816821,0.3157894182825582,0.48101265569086155,0.0,0.008908685869613743,0.0,0.5793780592573149,0.0,0.0,0.0,0.0,0.0,0.0
p_50,0.9696930920527401,0.7841657816316416,0.6123605584611236,0.9068125552573715,0.465274402791285,0.8093210584553161,0.785581202354931,0.8119959371455906,0.7793621975896264,0.7788189139476804,0.7261410769550283,0.8065960895631188,0.834163699880194,0.8791902102681057,0.7802049893568641,0.776749563977011,0.6373555820367278,0.5866957406030999,0.8250070289389755,0.4324323739956251,0.4378762975485698,0.7683975128999045,0.6014341319341727,0.8925328395243721,0.4108658729681973,0.7867280604586326,0.8328495535877616,0.7356426023077743,0.6959715104651998,0.746430998474472,0.7115474504171402,0.6853418921453731,0.7880208312811957,0.6754966812859086,0.8058805251000305,0.2564101906640536,0.3458847039457357,0.0,0.0036957191139645237,0.0,0.4637223901621074,0.0,0.0,0.0,0.0,0.0,0.0
p_51,0.967133553661257,0.7684953633913298,0.6114371934795994,0.8782444330400866,0.4591549274218078,0.8072743277829602,0.8224091694353188,0.8199829823629616,0.7622243519148798,0.6376877039204158,0.5788452193623358,0.7795626073552108,0.8074349427371098,0.9171751798222189,0.7762977465462314,0.6342668845846599,0.6566164132106652,0.393280628524895,0.7953074425613801,0.0,0.3276390699621591,0.7713380168516399,0.5993597963411609,0.9056126425851058,0.42630937621005255,0.8230279639365757,0.8379442503605055,0.810179751182791,0.7529049078101673,0.6945043778468024,0.6991788984842525,0.7922410389993688,0.7283391076290613,0.5878070920126743,0.8207195396344659,0.33333325396827285,0.5117318416695276,0.0,0.0029019152556531767,0.0,0.44178081435306826,0.0,0.0,0.0,0.0,0.0,0.0
p_52,0.9598911650234477,0.7893712687564992,0.6113054910486537,0.7831086924798388,0.2199440799632425,0.7915015299273813,0.8015631719636376,0.8345496128773828,0.7819232780058811,0.7515483978485681,0.745689653565324,0.6774941963921383,0.6748106506845574,0.8816104967227902,0.7241136881348662,0.6636387906394903,0.6397092201739699,0.6400693786637521,0.8211872796854452,0.08888886913580685,0.3056943026404166,0.7775854000822183,0.5799070198560321,0.7415995551641213,0.4575438564382887,0.7678802238345862,0.8069807289602896,0.8901978212434998,0.7499340533501265,0.7234557229171009,0.7627652852221785,0.7792256484679614,0.7289946558305133,0.5333333291005291,0.8202914185822168,0.0677965986785426,0.3591711407584717,0.0,0.0,0.0,0.3594469963261061,0.0,0.0,0.0,0.0,0.0,0.0
p_53,0.9633830959431682,0.8005589514890933,0.5993213635558854,0.8765440615290373,0.5031847093695485,0.7756069953985267,0.8163832043659713,0.8712591751150428,0.8305495027468537,0.8199440980795744,0.7736900763128427,0.7852507351467529,0.8020691521888522,0.8810743261909156,0.8178640768758602,0.8284749897868211,0.7246478847723665,0.6932880145005267,0.8420573501665386,0.49999994791667207,0.3622149813536483,0.7878733963731331,0.5785230471274164,0.8864512300302212,0.5056867847271498,0.813883834621726,0.8499512788763733,0.8922054445914969,0.8430583491582179,0.783452779839016,0.7813476109296127,0.8185321093407962,0.8019750498909172,0.6584938646366562,0.8325842688833481,0.3999999619047655,0.4668674675358059,0.0,0.010172939876165413,0.0,0.5846153746219594,0.0,0.0,0.0,0.0,0.0,0.0
p_54,0.9663145478803994,0.7907180385162155,0.6021636589684756,0.8519735357792999,0.3943217634517211,0.790958521709523,0.8149912165983116,0.8808184750025019,0.8227918628827084,0.8036787463087973,0.782710827383813,0.7587898578953808,0.7125062264262425,0.8977802337850639,0.786626023255262,0.7710771053973083,0.7258207598676985,0.5385385331477625,0.824849698572295,0.6216215376187111,0.3825463216823292,0.7843182707998384,0.5982825649018989,0.8118990952822945,0.4023769066012147,0.8003082764580363,0.8142169006739212,0.882698502379699,0.813456499636762,0.8066788912202694,0.7920659665877737,0.7969910839552461,0.8165618427238945,0.6503067427668121,0.8291327256069644,0.4137930321046496,0.42893791467964126,0.0,0.0,0.0,0.5347985250036901,0.0,0.0,0.0,0.0,0.0,0.0
p_55,0.9650633044787189,0.7900049357515204,0.6461397127390831,0.7699381635379007,0.1322314031373085,0.8065420558952955,0.8366434197411334,0.7529898800584224,0.7097440597845243,0.7041171736142564,0.6131900692604852,0.7085131396292148,0.7747808483230263,0.8865344105249576,0.7826162080675513,0.7499395971250554,0.655714782748288,0.5857043678993451,0.7805547523977501,0.0,0.10059880119043352,0.7892712334121088,0.6359718244685159,0.8375090047076327,0.3056300227127343,0.7952789601109806,0.8523706628385633,0.8234570428421893,0.7843137246678057,0.6624730713808935,0.6475963435685412,0.8115660086554373,0.7920241113099372,0.5485789785288898,0.8153882984951806,0.0,0.36758893099017326,0.0,0.004733727754630441,0.0,0.16867469473073027,0.0,0.0,0.0,0.0,0.0,0.0
p_56,0.9699796761551862,0.7559074390085245,0.6656706975383344,0.6986517002952216,0.026845637223548494,0.7579483261402702,0.7937494498409774,0.806662039876631,0.757551455817226,0.6384984717254487,0.6793827675109672,0.6263694725108822,0.8166252000342087,0.8773328059261513,0.7425170967736769,0.7113731252484079,0.6872586848464068,0.43902438627800916,0.7805637489507017,0.0,0.17150760482008845,0.771986614521476,0.6603602396013502,0.682807131782425,0.24206348966206856,0.7216664946061496,0.7976994539245337,0.8218834422897128,0.7956600351386464,0.6818217691358263,0.7585650931911224,0.7531958405034976,0.7033297514429007,0.5928473136667998,0.8099322054970741,0.0,0.23450905400849328,0.0,0.0,0.0,0.22388059283804865,0.0,0.0,0.0,0.0,0.0,0.0
p_57,0.9678473433619882,0.7949742050941317,0.6447836097655635,0.7466305614212378,0.19016393286750874,0.729619377036398,0.8164206738137209,0.8262845479380985,0.8056807925995483,0.7108351754457942,0.6174114284895649,0.7730706050145464,0.8108901193171012,0.8850666042089169,0.7373991929289322,0.7159583679185638,0.619695094274021,0.41123369697859885,0.8145328140242218,0.19047616024187933,0.21845174741832718,0.7945335785281772,0.6311741984894024,0.8736489960226244,0.37206178393511224,0.7334199746507916,0.8371380240617056,0.8534122742224389,0.842733074351017,0.7119725606508953,0.7311827943195949,0.7826441556295212,0.7859089124447083,0.6011560635726776,0.8193105694990112,0.14035085257002586,0.47635933524610324,0.0,0.007957559576159687,0.0,0.5192307592455624,0.0,0.0,0.0,0.0,0.0,0.0
p_58,0.9686571167089716,0.7843388627818184,0.6551282581873991,0.8878730839634594,0.39137930697086803,0.7618993264159534,0.8099212158382891,0.8147609143374424,0.7484997264064378,0.5097644448260877,0.48201824927175124,0.7555168386889755,0.574723689152514,0.8686433657663337,0.80444158869006,0.7733638160235387,0.6700854677945796,0.272291464311683,0.7778160516897898,0.03703703017832774,0.4014510253842139,0.7938602250225434,0.6448199332130616,0.8697137972902301,0.45007032032299354,0.7679487687904322,0.7936910676095631,0.7936833023640815,0.7634320727646251,0.5001442164213593,0.4725065039505525,0.7955994055744352,0.7802167247007037,0.6402877651777859,0.7639956085755336,0.0,0.36115843117053475,0.0,0.00461301895281133,0.0,0.4632237799182507,0.0,0.0,0.0,0.0,0.0,0.0
p_59,0.9590896486008631,0.7850611009163115,0.5852050690753106,0.8519163114786461,0.37831857988585643,0.7930558689463244,0.8138880689576186,0.8511691879773484,0.8360844519052023,0.7737821442883315,0.7657334272176755,0.7290944095217942,0.7706576712254265,0.8929220215458273,0.7960072201380406,0.8043087947207995,0.6526406154888766,0.6306653748248277,0.8296770541100866,0.46153841081995484,0.44676681615436437,0.7706517586213086,0.577672506912199,0.8297781928997289,0.4309178702326776,0.8255786703398914,0.83409535074713,0.8765231514004159,0.8550724626616557,0.816137843227424,0.7605021710272764,0.7935817797167891,0.8014301408101481,0.5636208320783874,0.8282244063734101,0.1081080788897084,0.46903669455827585,0.0,0.00790513823576893,0.0,0.5347985250036901,0.0,0.0,0.0,0.0,0.0,0.0
p_60,0.9711327879957073,0.8013251840422098,0.6581030144739634,0.8311629173885972,0.34782608335583765,0.8062721293037494,0.8311073682459925,0.8314417818731298,0.7824769884859875,0.7121501818945332,0.6207050410069054,0.5620915004419733,0.6544727046171114,0.8909338039759817,0.7863710106486651,0.7279393773455405,0.5411764679354095,0.63729346469478,0.807617263086227,0.04761903628118183,0.28121720586340815,0.8147526631546996,0.6684959489769845,0.8193080754540132,0.16347381655844423,0.8036767930941442,0.844060701145442,0.8699516526493375,0.7776199313980768,0.6470989755570828,0.6807387848980337,0.7914581241312495,0.7318825253921772,0.5678688487352862,0.8148939410843171,0.0,0.35181078823495354,0.0,0.004056795090701875,0.0,0.3703703631506752,0.0,0.0,0.0,0.0,0.0,0.0
p_61,0.9668700693573836,0.7755820252934214,0.6488296795509378,0.8878279239286297,0.48122391876756665,0.7170929092811369,0.7534414514866762,0.812382436280764,0.5719884482549624,0.5660233857153499,0.5301914571589078,0.7936145937027469,0.46455379289176896,0.856628495971376,0.7976255700478305,0.7964788704349335,0.5856469340344501,0.22158548021408328,0.805675056470778,0.0,0.2741217205634749,0.7801211308623376,0.6117344641425158,0.8572359217379939,0.4608819312881797,0.6103741402863245,0.6947438540797852,0.8559019182715367,0.5668913299170055,0.6087048825809928,0.5907083543707679,0.8119847524049422,0.8058443360330307,0.2515500420589013,0.8162586597540336,0.0,0.40576576430354677,0.0,0.004872766635428352,0.0,0.5709624702942501,0.0,0.0,0.0,0.0,0.0,0.0
p_62,0.9634902012677116,0.7528112911672106,0.5830169534120442,0.8950415301249246,0.4140030409893224,0.8014382957835313,0.7566302651549297,0.8400215938815778,0.7574781399476782,0.7075649221795588,0.6562668083478569,0.7582771732836883,0.8223215750582521,0.8654100712445867,0.7765659075760196,0.7560744690562496,0.7065584830745149,0.4888366570054447,0.7817608816409682,0.0,0.4251162770924824,0.7526977009846113,0.5764180137054294,0.8585625847767918,0.5700787356686714,0.714786711498187,0.764728191202461,0.8707690348188423,0.758934516360783,0.7098926293027285,0.7075471679571614,0.7948025979062443,0.7877263561676902,0.3733974329054693,0.8277426984730242,0.0,0.43550502651724954,0.0,0.005598320464672355,0.0,0.03333333253968256,0.0,0.0,0.0,0.0,0.0,0.0
p_63,0.9629437371108661,0.7633167877561081,0.5514070714271898,0.8972739170797954,0.597375324948161,0.7321696394893673,0.7862668884306842,0.804910799408587,0.7727958305597206,0.7324681230277003,0.7567897444101624,0.7801500273511252,0.7293298499294173,0.8975482910665772,0.804834628684686,0.7906976719668288,0.6455245979682139,0.5738705668636073,0.8301104964185966,0.6428570663265397,0.4482512475080255,0.7711263485396831,0.5661533975405802,0.8737635517039207,0.5463362039529299,0.7482754293401871,0.7793957448122989,0.822115384081266,0.7058416062042928,0.7423156913077008,0.7180993040093451,0.7791490456726081,0.7766621417186915,0.6993642079985086,0.8282165913281504,0.0,0.433105902007992,0.0,0.006273525682098333,0.0,0.5263157810794932,0.0,0.0,0.0,0.0,0.0,0.0
p_64,0.9748280544739633,0.8011499930373194,0.6737100206460096,0.8485457140683126,0.4186046476860079,0.7800718362799886,0.7930210932108844,0.8053390278668772,0.8493745202331191,0.7829181487329855,0.7635949925743004,0.778846151349852,0.6573846555899955,0.8786912122184357,0.7187533347008717,0.7038432536954452,0.667768592281948,0.7048543620887926,0.8010955791451685,0.7466665671111243,0.31556195738067755,0.8027006923270198,0.6648171707299729,0.8183617779581821,0.40711462048305713,0.7887644712228493,0.8437816009024879,0.8684611473006821,0.7794392512958088,0.7504477604473156,0.753989360031052,0.8130192544101073,0.8327733242885156,0.5583673423806748,0.8159049352688255,0.22641505161980158,0.37884872571051725,0.0,0.00576368870544007,0.0,0.5219298131155743,0.0,0.0,0.0,0.0,0.0,0.0
p_65,0.9703038486223535,0.7867225768138855,0.6555056532122061,0.7846830526340579,0.2656546464359142,0.794527476217149,0.8388312337142944,0.8026656053298858,0.7989361691503508,0.6956003568421886,0.7196388245606348,0.7515243873798613,0.7492511751192744,0.9006196488812229,0.6785839461281249,0.6790744449721468,0.6794220980889414,0.5863192134664559,0.7965957440028972,0.23255808545160803,0.1075697200441263,0.7748329115289078,0.6230071371598234,0.8000478779100797,0.1542699703268599,0.7667935037512015,0.8312757201107369,0.8235294113445593,0.7859449673350407,0.7101409222527946,0.7210884336826451,0.7655461459536856,0.7839219312641219,0.5612762830944432,0.8177274235107236,0.0,0.3179723477882308,0.0,0.007968127410676021,0.0,0.49377592336564474,0.0,0.0,0.0,0.0,0.0,0.0
p_66,0.960912110666026,0.7825996852429135,0.5706994602364123,0.8689315105076206,0.2923076890955199,0.7773815586185029,0.7939749591626257,0.8647236409285163,0.7621454636869623,0.6729172764206297,0.6877647628014832,0.7655222762398748,0.7949806222642912,0.8949146697302336,0.7731969301552972,0.8141162129172004,0.6851138329768341,0.5093023196592754,0.8491520372417415,0.0,0.45924627117225003,0.7710198949281143,0.5703450124362192,0.8787549761568024,0.5546719626772171,0.6484727088831934,0.7980254143949008,0.8430464830724546,0.7899910624409664,0.7410256401619748,0.6732110548354144,0.8220540980183915,0.829594014878221,0.7032966968562574,0.812194878138692,0.3137254286812885,0.41927990464994247,0.0,0.003980099462884582,0.0,0.4302600371096918,0.0,0.0,0.0,0.0,0.0,0.0
p_67,0.9746320760473419,0.8037909471648268,0.6889346782776574,0.8360524912058643,0.3375527390553509,0.7682010089670989,0.848976452653113,0.8489895502843104,0.8141279424732987,0.7627643564615836,0.7386945851220883,0.8057343452143524,0.7121212105798242,0.8940503590545353,0.7949678279122561,0.8168092581358599,0.7169642825135523,0.7215815426558357,0.8339247071969497,0.44444438271605796,0.254616129692749,0.8042481859518527,0.6858870453580126,0.8647184220710968,0.3618711353762477,0.7795991814086328,0.8494175432249242,0.8532940658522611,0.8251001326639621,0.6869396425853225,0.6967018739023456,0.8208294923310328,0.8116290225573546,0.7134964426716934,0.8503636986055043,0.21739125708885715,0.32911392144688356,0.0,0.009708737746253183,0.0,0.5848739397500179,0.0,0.0,0.0,0.0,0.0,0.0
p_68,0.9658142867335071,0.8005522307256405,0.6154211619635819,0.8292566172853111,0.334346501171768,0.7665787975483075,0.8182027149853739,0.8811466367799633,0.8226130050482556,0.8058949717322125,0.7494726956890727,0.7084639470671474,0.7021379963504908,0.8752702225671123,0.8020273686750863,0.8155685555442163,0.6636550280753386,0.6459016340499866,0.8433955352694882,0.14814812071331096,0.4075187939284301,0.7820270321314198,0.5856809866769407,0.8682959438165593,0.504621067424944,0.701942311264128,0.7911765519366212,0.8694437974927602,0.8537849972879538,0.8219741472561946,0.7837900051029473,0.8179134851726072,0.7822244026952506,0.6465583863375222,0.8372786571879975,0.08695650283554286,0.4912872372608924,0.0,0.00599999994,0.0,0.4568138108097157,0.0,0.0,0.0,0.0,0.0,0.0
p_69,0.9656102232789436,0.7955828828746453,0.6102184984301833,0.7652607607257613,0.4301270378391376,0.7585384993289717,0.8032246997733637,0.8701622207484281,0.806825937465084,0.7674735400110306,0.7383309742142128,0.7962905694086845,0.7290856013397724,0.8987456494890614,0.7962710313821385,0.7939179994734781,0.7346106778042777,0.5329400144253686,0.8348054869058397,0.399999920000016,0.4019933521429124,0.7992045669230018,0.5894212363035352,0.8433966285238977,0.5185185137174212,0.785979560089463,0.7895563048079605,0.8813065382300367,0.8306864053422794,0.7863856725176752,0.7635850370181486,0.8222981622999807,0.7981220635235513,0.6015293066989864,0.8226827856239851,0.0,0.49797022667137875,0.0,0.002928257665239695,0.0,0.5219399417565833,0.0,0.0,0.0,0.0,0.0,0.0
p_70,0.9741144394562706,0.7999002633169756,0.6761431489133244,0.8499192243268929,0.3068669494971357,0.8021011958579302,0.8144638581616849,0.8176989372531074,0.7696998563414008,0.666956219017585,0.6055729972418112,0.6350534605529825,0.5491753190312298,0.861714173048177,0.7632188530937468,0.7168497168045815,0.6220414178178941,0.5162790657652786,0.8138135512219294,0.19607839292580528,0.3883366442124808,0.8006115808117944,0.6638462139973373,0.7373333329552136,0.15363881194556858,0.7904076120204003,0.7929105734294083,0.8637218518458182,0.7102613409771905,0.6832091182084971,0.6753507000493975,0.7373766962228961,0.719793134180082,0.4290657409753236,0.7680887365459994,0.0,0.2801444023094267,0.0,0.0023174970897016393,0.0,0.4751131114227803,0.0,0.0,0.0,0.0,0.0,0.0
p_71,0.9719190148619954,0.7940844278026286,0.6652123917198156,0.8451572235992867,0.04651162713435836,0.7124278180485996,0.7787782915024758,0.777931272328643,0.8110857371693111,0.640690230410344,0.44373807916139424,0.6535729182884541,0.6161798898522102,0.8522924409891498,0.6602181974353637,0.7195410033090077,0.44008085347940845,0.5457598610767435,0.7493295183717776,0.0,0.4482758575225572,0.8020119878622113,0.6591715976240654,0.7577497125386052,0.30641329802359507,0.6663835027361302,0.7586437652828294,0.8482719861158228,0.7772288864064586,0.6963629677660149,0.6666666653909937,0.7520193104149854,0.7454920125051725,0.5628571388367347,0.7641868505500113,0.0,0.2831379595749508,0.0,0.0046882325143542776,0.0,0.4566666590555557,0.0,0.0,0.0,0.0,0.0,0.0
p_72,0.9636276598569801,0.7672479201988748,0.6040111121500575,0.8821555277140416,0.46229738927204095,0.7601575964638863,0.7717585770908916,0.817235395710101,0.7191301531713531,0.7476212045785037,0.6547721396071107,0.6995336426836917,0.6467833358472188,0.8612630033240092,0.7595905645219487,0.7212062857837462,0.6040955616672463,0.6351020356318201,0.8081478815432988,0.26865667631989903,0.3181818170154625,0.7420520958960055,0.5587025551153114,0.866041143371208,0.49931223865672464,0.7640459684503725,0.7743144731902409,0.8479036020853906,0.7374047529427901,0.72673175199746,0.731807030392872,0.8074825930647743,0.8122923565551152,0.5996955814330626,0.7940640925035833,0.0,0.38278068533222603,0.0,0.002392344492838229,0.0,0.49128366891784997,0.0,0.0,0.0,0.0,0.0,0.0
p_73,0.9609460212645365,0.791264751875051,0.6037654545077081,0.727080998664021,0.3162863861818538,0.7926262465944367,0.8285644126842585,0.8259803917167624,0.8183333321967593,0.7883054651527276,0.7800490580947484,0.7807570947131028,0.6763666583322249,0.8934451907798507,0.7395307387986034,0.7228298796303704,0.7205169599332917,0.6146872111089101,0.8127264685702815,0.4938270995275186,0.13602941051443557,0.7761875023396233,0.5810742968276073,0.7061173158472392,0.40967741605098856,0.7969262182823025,0.8422130882966196,0.8674213557921948,0.7792064139648743,0.7966360848656001,0.7928341736498986,0.810393385290821,0.8204033195245474,0.6386554562217044,0.8394950398201126,0.3703703017832774,0.33025984635155203,0.0,0.0,0.0,0.4952740927169359,0.0,0.0,0.0,0.0,0.0,0.0
p_74,0.9655327247085419,0.7638426421315723,0.5631068924860219,0.8952518503529062,0.5143782887226477,0.8015436158904081,0.8299019405021316,0.8660943100550396,0.8047083993529071,0.7981987045705988,0.7463969639787686,0.8336159773250124,0.8211519016147661,0.8953669010517469,0.7581110717490924,0.7795144636530945,0.6637649595075626,0.6137566072618349,0.8166818495630308,0.07272725950413463,0.32794053201600115,0.7528337501356576,0.5678057220878999,0.8798969351164201,0.5407619805786071,0.8157072732959371,0.8557523448510181,0.8548353690516771,0.7459447838157216,0.8084248706959338,0.7541449532114047,0.7166592814392343,0.7946455710537098,0.6323666919329589,0.8038353967201005,0.48780475907200993,0.3183781976790355,0.0,0.004217629683218833,0.0,0.5136841997119116,0.0,0.0,0.0,0.0,0.0,0.0
p_75,0.9700338476834668,0.802746455454361,0.6389114152674608,0.7972596631406597,0.3091286274986657,0.7781254807422855,0.820636562052636,0.8559802972181282,0.821497119795041,0.7938793871448351,0.7818008556888975,0.7571428546846011,0.7220728410606873,0.9068836711401274,0.7867795235925237,0.8171793359919346,0.7062436004563507,0.6363636300754583,0.8324997632985753,0.09090907024793857,0.20194174561221606,0.7938582870619371,0.6235177911919265,0.8248990810127543,0.4930612204648064,0.8081937617069015,0.8297368076768206,0.8690832998534845,0.8173298915967271,0.727829391123491,0.776172368121236,0.8009041243163457,0.7819134249189043,0.6958041897219913,0.8404738569159403,0.0,0.32957501882415424,0.0,0.008928571295705784,0.0,0.6451612799167535,0.0,0.0,0.0,0.0,0.0,0.0
p_76,0.9673445863454628,0.7846536397974562,0.6262739484984757,0.824641387287534,0.24335663995305398,0.7653486359129658,0.8400929142023084,0.7980700495603585,0.7686412250221281,0.6808907294863897,0.6658227834054372,0.778980721470872,0.7558661988121163,0.9006147887468811,0.7995079942604469,0.727049429760364,0.6960203188144779,0.41885964453004776,0.8213271816702208,0.22222218106996647,0.36142625314889587,0.7777569850264089,0.5980107947765729,0.8657491978785575,0.3533980548213781,0.7448559668816988,0.8326230376826272,0.8494519031916379,0.7937414955187191,0.7444027953151628,0.7420396844899869,0.7885966665442716,0.7844718911407312,0.6260869510775048,0.8496181188222122,0.2222221604938443,0.41150442250274105,0.0,0.0,0.0,0.2931596043459348,0.0,0.0,0.0,0.0,0.0,0.0
p_77,0.9728784843753643,0.7990275427055104,0.6635132850074411,0.7915233410371478,0.3039443120192075,0.7660541393089176,0.760860425473609,0.8293231607837818,0.7845245891350497,0.7083535926204867,0.7431738847399428,0.7184014836505507,0.7153846136649409,0.8692203317556935,0.7872860627997202,0.7733402469571051,0.6476101188022019,0.6230007568697582,0.814019020065147,0.0,0.16506189594137696,0.7934880880089915,0.6405741591678447,0.7844929035759828,0.3690888077383067,0.7227511786537106,0.7386378942900781,0.8747424352701755,0.7961093316964919,0.7029025691413362,0.730482874429945,0.8018159911036635,0.7921361764753388,0.5996908763547846,0.8225850580839322,0.0,0.2209523788480726,0.0,0.0022371364403004873,0.0,0.0,0.0,0.0,0.0,0.0,0.0,0.0
p_78,0.9716131282693646,0.8028992192549209,0.6551262534502135,0.8408715247478731,0.24093263936615752,0.7917820014369641,0.8033092780585487,0.8487592215242794,0.8038548741441967,0.7599999992657005,0.7768933345988326,0.7580906118200217,0.5668061350995645,0.8635657818916632,0.7860929845166262,0.775430792730876,0.6590509637124298,0.6135084370214968,0.8014659865902691,0.3999999272727405,0.37285067535881744,0.7985205675640972,0.6463238586765302,0.8309544813250872,0.18556700757633274,0.7137323501902455,0.7889886039324083,0.8750217878827368,0.7870270259634771,0.709339539608826,0.7094034363813885,0.7729487809319256,0.7987298466078899,0.5458750921675012,0.8019613177136463,0.11428568163266238,0.3766578224359561,0.0,0.002844950172902558,0.0,0.3084112077474017,0.0,0.0,0.0,0.0,0.0,0.0
p_79,0.9704870449995087,0.7931517170973003,0.6378608356145852,0.8469369684636433,0.2368421024301184,0.7648616257169918,0.8048490457583802,0.8453063514079222,0.8202709230524058,0.7532920209592447,0.7521019089118423,0.7457770238776308,0.6664978458685797,0.8865282644223009,0.7947147912829361,0.7128205107896851,0.7055276346455898,0.6655462128945696,0.8446592732019153,0.37333328355556217,0.2667671419233825,0.7898606957516331,0.6317443655541783,0.8474523768274986,0.46393761731054955,0.7893908131204824,0.8152158138961837,0.8776850696031214,0.8280983676307544,0.7444277853628908,0.7283464549007223,0.8120205938719969,0.776312094369037,0.7042016747546078,0.8405545919116555,0.058823512110731724,0.42297649854453984,0.0,0.006615214921552206,0.0,0.5880341779823217,0.0,0.0,0.0,0.0,0.0,0.0
p_80,0.9656291953208002,0.7710670938995572,0.6209107689696599,0.8866808337009129,0.526578068716129,0.798608638273778,0.8097575583441996,0.8417548443456457,0.8264698871382172,0.791880028537052,0.7483370267507288,0.7894736811552876,0.8034969187293922,0.8767707413278725,0.7761663847373059,0.7516046188972894,0.6076165998818288,0.5647968997601848,0.808120496825889,0.31249996744792,0.3208358923120105,0.7488393928199044,0.590883464773112,0.8751318562516047,0.21421215021408702,0.7968816925677826,0.8193084135504011,0.8441929941871509,0.8191653777664326,0.8424203929579784,0.7744479474909359,0.7696873755741123,0.789260383005926,0.6258503348141978,0.8355632274109158,0.09523807256236366,0.42406014825032506,0.0,0.0009298000886573682,0.0,0.499999988839286,0.0,0.0,0.0,0.0,0.0,0.0
p_81,0.9568878274267507,0.7641630407812443,0.5615516562623146,0.8847716716126228,0.5582486273788223,0.7373825709545567,0.7355408456472734,0.8796138218169107,0.8095301822921561,0.7640647354793959,0.7007407390105167,0.8231997735410485,0.7544165196456418,0.9014116611196554,0.8192793984035751,0.7522992006367284,0.726705650188282,0.5952133132652101,0.8356067308807735,0.0,0.37205986905160465,0.7369232643361056,0.532249285809428,0.8896371702193585,0.5364963454699239,0.7916168962993764,0.8030852354408139,0.873636537045585,0.6762998926018005,0.7240863424619723,0.6698586396036055,0.8211628540266714,0.7364425142721189,0.6646294830815166,0.8134567454490417,0.0,0.2970387230203247,0.0,0.005494505444189511,0.0,0.39862542270403056,0.0,0.0,0.0,0.0,0.0,0.0
p_82,0.969453381711716,0.7518879199372663,0.6089514066400027,0.8792559897577314,0.6401273851373281,0.7814022736933534,0.8074587387375303,0.8056765982771896,0.738646481813617,0.7708394402708498,0.6846525816119812,0.7832310818424563,0.8077706394990277,0.8689379160441013,0.760914332000706,0.7137681133559126,0.7108481234286069,0.6261398112853109,0.7835014402165873,0.3124999511718826,0.43507588288321597,0.7599872186571303,0.5944374682457487,0.8795460812326045,0.6760563346274833,0.7321325812141406,0.7994117456285423,0.8711946704406434,0.6617432903455968,0.759055117313328,0.7149590654553235,0.7820338316332551,0.773734608006198,0.633301245107784,0.8073532162752268,0.11428568163266238,0.40440440238035835,0.0,0.002999999995,0.0,0.5382059711261467,0.0,0.0,0.0,0.0,0.0,0.0
p_83,0.9673704502561883,0.7828322741008802,0.6256763013712839,0.861951802409252,0.2870813362789314,0.766630289616435,0.7826530472925035,0.8245789067289284,0.8122035351313028,0.7068430838258807,0.665436653002385,0.7811282035258909,0.7841921720569699,0.8703214560095014,0.7621523843972955,0.8396464619960654,0.6669051854493553,0.46710525803612657,0.8006753580333221,0.08333331597222583,0.2456479666765187,0.7752720998440894,0.6069826534227805,0.8585172397978492,0.21136063128981994,0.7506424037047976,0.785237173909788,0.8428624576194578,0.7800065759289635,0.6189624322238793,0.6008548735989113,0.7804536816423967,0.826318591299098,0.5830449776553203,0.7826086948770836,0.0,0.29530201162109815,0.0,0.0023174970941772996,0.0,0.3488773687585947,0.0,0.0,0.0,0.0,0.0,0.0
p_84,0.9630101362258752,0.7769670035321997,0.6052024393356312,0.7882691977237559,0.3273092336615539,0.7970623131629102,0.8207206483681941,0.7955925559277216,0.7236064722275797,0.7156124736380756,0.668507014795245,0.732795075998481,0.5585386090270174,0.8717535137970713,0.7962525006401197,0.7341973003591713,0.7238325252663746,0.553819439636984,0.812996031073912,0.393939334251616,0.173003800636846,0.7739798025182081,0.597986531902424,0.8320790740019774,0.5640243859449361,0.6967690144944435,0.8089100253809275,0.8175475682782518,0.7671071250977972,0.7184341107163811,0.6674500571857813,0.812388325693535,0.7993695095713365,0.5994065237432751,0.813303993895308,0.21739125708885715,0.3941427675769203,0.0,0.0,0.0,0.1786743464358978,0.0,0.0,0.0,0.0,0.0,0.0
p_85,0.9690557280340042,0.7781237466837281,0.6477788001078812,0.8506427692829138,0.245772263294563,0.692394228248375,0.7572702597447369,0.8632061602120944,0.7782301255857831,0.5760175572864948,0.5526914318561573,0.656058749522464,0.5118005820424275,0.860579923800227,0.7173296746983725,0.6885803324211381,0.5781556554017147,0.41932366744614813,0.7869347675002976,0.0,0.4445828116775666,0.760948292428835,0.6174113174785495,0.8296621739507029,0.357096138933315,0.7558075101752253,0.7708722926048152,0.8258516782524588,0.7673355843757843,0.5230527756297305,0.5381930970566245,0.7298694896742433,0.752387605980928,0.6693944298740226,0.7564722119809525,0.0,0.3698630121153124,0.0,0.004515805307285988,0.0,0.34463276349388755,0.0,0.0,0.0,0.0,0.0,0.0
p_86,0.9759312721693683,0.7980104887564129,0.6808949602418269,0.8375587574795567,0.3029756510101384,0.7750589380876733,0.8305748701798779,0.8772879009570117,0.8323201610532927,0.7928198949129364,0.7565522811225283,0.7454474980804048,0.5657126963997979,0.880136220415862,0.7493998530952929,0.7986762250450187,0.6820550979819244,0.6118479167829539,0.8116471258777176,0.45751630996625425,0.2209072956518018,0.7880874094394436,0.6681527536082723,0.8656470848948707,0.4374482150998491,0.7971022126456526,0.8367495711237315,0.8876835087036828,0.8333734060671154,0.7727594212662833,0.7733681441948612,0.80407429518267,0.7734241886047013,0.5778491125373265,0.8452871660297818,0.4444443738977184,0.37655860114364964,0.0,0.002308136166715891,0.0,0.5270049013583487,0.0,0.0,0.0,0.0,0.0,0.0
p_87,0.9690047067245945,0.8006259871485766,0.6435145416525799,0.770844189180013,0.41711229574766223,0.7810832702642299,0.8332591447701515,0.8726474273982395,0.7987719063595089,0.750197142950848,0.7456926240622729,0.6713008904106212,0.7172069807550948,0.8977123733590903,0.7986798672336823,0.8223991193455966,0.6373517755071553,0.6378633099932183,0.8436682846062119,0.327868798710033,0.3597122259027311,0.7954873559502643,0.6387960708618449,0.8038306325339815,0.46072373821073487,0.797396256903337,0.837326013923098,0.8748456875698984,0.7975666570054794,0.782876771969632,0.7761385486933108,0.8260138284189742,0.8280254755973873,0.6594926928555519,0.8155246757877099,0.34042545948394476,0.4439685906925868,0.0,0.0020703933533085576,0.0,0.470085460040909,0.0,0.0,0.0,0.0,0.0,0.0
p_88,0.9673223777527938,0.7707795245034205,0.5973196852168907,0.8011336793149983,0.38281249626159675,0.7787347942706027,0.8225793960319501,0.8027723200159504,0.7778496561290599,0.7175967189181701,0.7694394195989164,0.7798387065329084,0.8177240668323785,0.8813036079210497,0.7731826894338278,0.7892303486830831,0.6851691210530393,0.5485611461460329,0.8084956369009468,0.20408159100375692,0.29752065892170804,0.7792879249801199,0.6050598211080643,0.7787945719288137,0.3808630358268008,0.8250292633658126,0.8537365590824102,0.8373563562732679,0.7134850729572401,0.761960229002446,0.6987283220838651,0.7862717622710909,0.7515774696153834,0.672627230587158,0.821608261257297,0.04999998750000312,0.34567900997476675,0.0,0.0,0.0,0.4799999898947371,0.0,0.0,0.0,0.0,0.0,0.0
p_89,0.9683233895439294,0.7880112839224368,0.6445909080113585,0.7920260462717621,0.24444444142661184,0.7599892599868219,0.8078637286571112,0.8270812326486543,0.7850159020084628,0.7031284175200958,0.6629188201868252,0.5808950061063037,0.7410004657760625,0.8658131814384422,0.7563158934192203,0.7584881461931834,0.5291005272342133,0.6397800124676443,0.7504946926151335,0.0,0.24435590644945676,0.7830893262533839,0.6165731090179626,0.7809593283598034,0.1791044753842727,0.8057603627830837,0.8306887026368942,0.8636754335776314,0.818765431087944,0.6698617914959186,0.6449787822893943,0.7735708975746373,0.7686062225477504,0.677502132784413,0.7702595681739908,0.0,0.3047619021232736,0.0,0.0,0.0,0.35087718528778106,0.0,0.0,0.0,0.0,0.0,0.0
p_90,0.9666001887847028,0.7804253233271151,0.6374538769703959,0.5826927840460429,0.1804697134676179,0.7614924118576747,0.8410633329045296,0.8307999995846,0.6955177733658595,0.7263974843045511,0.7304949195364278,0.5752620520953372,0.7094412317737163,0.8658280574465134,0.7448631707870053,0.797082571510595,0.5490463196558367,0.36774193251821025,0.784523014689357,0.0,0.30294529729389486,0.7765951235880626,0.6295470823649376,0.6248404152609517,0.3083900191792515,0.8172624235359062,0.8470127503043553,0.8562788472299439,0.7640136647298321,0.7122171939255953,0.726552728790011,0.7722631618820357,0.7801857565010687,0.4484240655557015,0.7600885401327359,0.0,0.21782177978193862,0.0,0.0,0.0,0.3260869494328924,0.0,0.0,0.0,0.0,0.0,0.0
p_91,0.9629342564931684,0.7781761914710862,0.6463496607575071,0.7941189938193931,0.23068782824668965,0.8078170067285698,0.8349159078749411,0.7933790449432768,0.6699933458971021,0.6975628621295452,0.683163175838098,0.7592829681200929,0.7820925881260089,0.9070526836194855,0.7111765662647876,0.7113187935843229,0.6185255175103005,0.5477424089730392,0.793969123651732,0.045454535123969284,0.2729181226527773,0.7786796826690154,0.6259836786660763,0.8226436361788285,0.30769230480588833,0.7526847612595303,0.8193227273614876,0.8501251270506418,0.7271412328472557,0.655101197310945,0.6798046726895629,0.7920640970682457,0.8196248179352199,0.5712260767453857,0.8116111145710663,0.0930232341806432,0.3580508455611714,0.0,0.0,0.0,0.16666666351010107,0.0,0.0,0.0,0.0,0.0,0.0
p_92,0.97319845974225,0.7905710462611886,0.6528077461600802,0.8811569153456115,0.48954298613831926,0.7790600520159111,0.8022325779598195,0.858245260382349,0.8239726824161395,0.7917178776669019,0.7850641755307721,0.7995404916727729,0.6621848723597002,0.8941533114951116,0.8115551865691083,0.771253820271395,0.6192090372157851,0.5378868672584113,0.8095193646201406,0.48351643038280984,0.42772511594949575,0.7952980312377805,0.6572394484481363,0.8375309020250576,0.5578082161215988,0.8111145798509594,0.8449349826702581,0.8652498559073809,0.8298969063252826,0.8222263930709345,0.7710951508727668,0.8126103843053599,0.7996729332252032,0.6226583352126821,0.8157894729387889,0.18749997070312957,0.4881818159628099,0.0,0.0024927295284888676,0.0,0.5008129999867805,0.0,0.0,0.0,0.0,0.0,0.0
p_93,0.962562990379859,0.7899497075862175,0.59038326873268,0.8572383070314632,0.32284263631631843,0.8041763854259201,0.8047003177293105,0.8544132472509881,0.8284901683832198,0.774732930074563,0.7387464985165917,0.7369589317907549,0.7915700720936353,0.8902777262508269,0.7784377442805809,0.8133862710907933,0.721265375320684,0.56199999438,0.8248555982626649,0.16438353912554257,0.39146341224717435,0.7862494329283153,0.5818919752201053,0.8114883640462759,0.5255157380508606,0.7838854370534963,0.7862110673747328,0.8805832104452516,0.7635251884041936,0.7543124444456559,0.7219273157984335,0.8235416658088108,0.820095422901781,0.6422018289706254,0.8227998168510717,0.22727267561984643,0.4776484967688396,0.0,0.00189573457918735,0.0,0.4912959286016262,0.0,0.0,0.0,0.0,0.0,0.0
p_94,0.9677000350592482,0.775617142981179,0.6104728529445608,0.8938157736508762,0.31105710436139605,0.741589648615751,0.7741179027849641,0.8394313674904269,0.7985706712565237,0.7616817863996861,0.7483610672002998,0.7946647918755184,0.6730047518813992,0.8837155430307089,0.7830631390965623,0.8243040981014543,0.7475862034593737,0.6459286308698204,0.8360902247257241,0.4126983471907385,0.3825198616202051,0.7706880730743484,0.5962297224479707,0.8770278047627501,0.588888883436214,0.7990952894092105,0.8031751674689729,0.8641035396116588,0.7685325255061365,0.7184952970548638,0.7271810369965178,0.8340710132447419,0.7878635887967311,0.6781411301364791,0.84365119750775,0.24657530868831387,0.4172086022150645,0.0,0.0014306151542874453,0.0,0.31499999212500024,0.0,0.0,0.0,0.0,0.0,0.0
p_95,0.9657383118653377,0.7669237955129063,0.6144918681482118,0.6192201146251721,0.3360433573979823,0.7844512464606819,0.8306164935893006,0.7735673718257268,0.7453554955365896,0.6914023083831383,0.7303024054097873,0.7579564457372008,0.7742388740650143,0.8814460989263938,0.7825090357202601,0.7503766932436546,0.5964444417935802,0.610628013423884,0.8149218672071883,0.2641508935564352,0.04755944871640239,0.764116568437235,0.6109897481554215,0.6197775242009481,0.3737645968215221,0.7597468279067809,0.8000493471795841,0.8507051381365401,0.7010010528174381,0.7004673839661986,0.720616568591964,0.8108824301644003,0.81602235487652,0.6614583275915076,0.8295931391811776,0.292682855443206,0.214624879253325,0.0,0.0,0.0,0.28363635847933893,0.0,0.0,0.0,0.0,0.0,0.0
p_96,0.968090789162993,0.781114044480097,0.6582931409206945,0.8120833769907505,0.4229508162053212,0.767159366808083,0.7770599356763525,0.7875626254906448,0.787582497204128,0.6538865039066414,0.6005665711037459,0.7790608130136226,0.797054008189333,0.8584460790406835,0.7733424114619607,0.7841548485614341,0.6379072939976719,0.6051924744387424,0.8267917379850311,0.11428568163266238,0.3260643787532256,0.7717562236875141,0.6376799925844235,0.7960684992787816,0.202964649909183,0.7147508492084864,0.7953286419605039,0.8155802857363115,0.7585956407280925,0.6093765481124229,0.6247909298926019,0.8034515812747742,0.8078397937625911,0.6661354528594785,0.8256741990878987,0.0,0.2807924179087647,0.0,0.0,0.0,0.16901407974608226,0.0,0.0,0.0,0.0,0.0,0.0
p_97,0.9734874983617698,0.7970015514549441,0.6668422508421149,0.8419877658427523,0.3004366785988063,0.757212971708359,0.8288798319101919,0.771312318853222,0.8173621833882507,0.6454563525099858,0.42824219478683806,0.8194808958312018,0.8314798959256119,0.8925099960027921,0.7768425366692234,0.7852054773008069,0.6961414763016821,0.5740913273616838,0.8217913197164515,0.27586202140309973,0.24899598193577524,0.8007160833232752,0.6576701484610119,0.8255177333816248,0.44162436268004845,0.819994907686216,0.8613906531419495,0.8555579257224462,0.8132576724100365,0.7326020177862202,0.7623611397029817,0.7639740346520248,0.8028624173525799,0.5711556774483698,0.8329076007813727,0.23529407151096635,0.36698599582176866,0.0,0.011347517569538758,0.0,0.5708812151172181,0.0,0.0,0.0,0.0,0.0,0.0
p_98,0.9717434733049458,0.7835715849600424,0.6576653282823212,0.7840995955093919,0.3484848447133675,0.7760874338817861,0.841090675220364,0.8494503551528715,0.840751480468098,0.7719231129655512,0.7459432029768174,0.775855720368584,0.6025998129001862,0.8913763315412869,0.7957871388073313,0.7925222163882248,0.6035015416915471,0.6762956612039451,0.8459446780628742,0.6153844970414428,0.3548664913448192,0.7692496665842051,0.6325305504600592,0.7640327708280636,0.3972055848582277,0.8166761200179591,0.8719594826126461,0.8860515533088102,0.7713028393501763,0.7434715814674813,0.7821011654131782,0.7555819000636417,0.800583655640604,0.5313028719855933,0.8353939833591124,0.32558131963225123,0.41467304294519103,0.0,0.0019212295684800235,0.0,0.6185101440516898,0.0,0.0,0.0,0.0,0.0,0.0
p_99,0.9725444280407757,0.807740032887282,0.65303736400419,0.5757326754535446,0.35597189278721436,0.8019922252667657,0.8319519151093362,0.8296821816645021,0.757819480833535,0.7980004910284353,0.7683755388750761,0.6174424793074239,0.66847334989053,0.888092116553507,0.7825589153873114,0.8105620135403052,0.6413338478428311,0.6135734029530928,0.8557205527710762,0.4761904006046983,0.15750371236993,0.8051663195222328,0.6458321307507667,0.6548784905196967,0.40931134423558346,0.8279421531943527,0.8595658200392929,0.8744369649909222,0.7710791202824125,0.7698191373039446,0.7537751662043306,0.8192404148878176,0.82851902606942,0.5281980706451302,0.8351203032206667,0.2399999520000096,0.23660262652575706,0.0,0.0,0.0,0.4534686894506144,0.0,0.0,0.0,0.0,0.0,0.0
p_100,0.9745507592751211,0.8070775323596031,0.6750950061768703,0.7443804903093726,0.47984644453122416,0.7715808832585401,0.8240653470951286,0.8682040859910359,0.7220006125774768,0.7523683398672014,0.7745604943780752,0.7730165431776981,0.7327466402669138,0.874169224025087,0.7802172920097133,0.7827172807624443,0.66114090365119,0.4848484794068633,0.8021304383457638,0.292682855443206,0.5007610311966436,0.7890265253048636,0.6404941903841559,0.7690811301241097,0.47392497279117135,0.7761385090485043,0.8502030941363865,0.8795939577572348,0.7953116054955524,0.7835237514697097,0.7655713566317524,0.7075491639801764,0.828778320885825,0.547202792419556,0.818181817403783,0.0,0.30653950744864095,0.0,0.0,0.0,0.37113401105324717,0.0,0.0,0.0,0.0,0.0,0.0
p_101,0.9684353068749324,0.7831210890578495,0.6077491151284679,0.8860088362633257,0.2939719216022137,0.7481186143164419,0.8172851046285861,0.8707039650349192,0.8369189895924051,0.7223516353606748,0.7676560881073283,0.8102815152684164,0.6679495388754554,0.8951600767541319,0.7176456389848684,0.6678818787171641,0.6900678073790674,0.5251141492566878,0.8245979178575232,0.0,0.42202642985891436,0.781185858363751,0.6037269527016104,0.8928163573623317,0.4013547806828554,0.7869476757298378,0.8500954590415972,0.8616684260751175,0.8298735375448896,0.7627640836677332,0.764940237139093,0.7956687379229309,0.8057851215885917,0.7240506268012605,0.8227197643395855,0.4347825141777143,0.5821005895632374,0.0,0.0,0.0,0.6305084638896871,0.0,0.0,0.0,0.0,0.0,0.0
p_102,0.9618805644930885,0.7591737780091566,0.5693953026836129,0.8847262245562149,0.5588547160187979,0.7939342787307901,0.8272409335231432,0.817696508058111,0.7669421477039364,0.778513612132331,0.6763110292126785,0.8554606980999095,0.7012054354931894,0.8921801562768282,0.8026409336692322,0.7503359291848,0.7090507694964645,0.5507584533167041,0.8246557847864906,0.22641505161980158,0.3216216194485026,0.7399485932631016,0.5616648794450152,0.8805347722063858,0.3870967709074977,0.7594155927029048,0.8314370234930427,0.843880801621865,0.7616608239934473,0.7336388194881461,0.7070854621205613,0.786885245085199,0.7793497126350217,0.6391752526631622,0.8337804080716119,0.47368414819945415,0.409418546807215,0.0,0.004255319103666818,0.0,0.601252597051094,0.0,0.0,0.0,0.0,0.0,0.0
p_103,0.9686701703828957,0.8027591526517471,0.6205924671434067,0.7874615852566309,0.281070743010796,0.7868473529761495,0.7963628912614463,0.8562257133208168,0.8239579106651047,0.6305281478461658,0.39794608387260144,0.6763241255032859,0.6804331385534295,0.8822876377162499,0.740657487364749,0.6982421857953072,0.598449609310338,0.6410748498937154,0.8305268868092279,0.0,0.14461118493027034,0.8033709563213991,0.6255514543033197,0.8344650494525164,0.3840653689063803,0.6859588863777211,0.7934877879152885,0.8740576232399874,0.8399442392092964,0.7754253300799383,0.7447190994500695,0.791134339149115,0.7941315646139812,0.6222910168553327,0.8229946009821058,0.3571427933673583,0.3100537198000482,0.0,0.009523809372637948,0.0,0.5902335331160609,0.0,0.0,0.0,0.0,0.0,0.0
p_104,0.9739535166005611,0.8064152131708997,0.6688829318091531,0.7808709854955879,0.2605156002643745,0.772780622926595,0.8196440891775211,0.8659616450609919,0.8068194149127816,0.793668022800843,0.7691975824650613,0.6373127524407046,0.6718436856917743,0.8909218081116694,0.7958363384563163,0.8133605282678211,0.6021416779153966,0.6075268762766409,0.8473025939450228,0.0,0.2654867227269168,0.8034670135178963,0.6444332273424146,0.7110193464013005,0.3292978168365882,0.7960935652001538,0.8275424965406278,0.8797458295579847,0.778499703746604,0.7848335952676059,0.7603414297212926,0.8061865627779734,0.7902813279020937,0.5902335414703925,0.84280373753009,0.0,0.2688356141366814,0.0,0.005891016113534373,0.0,0.36099584313286637,0.0,0.0,0.0,0.0,0.0,0.0
p_105,0.9706622313816375,0.7979881649448292,0.6319476417622,0.7111343845577441,0.3787610585950349,0.7985363364030663,0.8466991316263712,0.8523314731779027,0.7809498027588286,0.8025657949225867,0.7932036646697884,0.6594911905112956,0.7245657550258914,0.9044431837957188,0.7737892939955509,0.8156193410508938,0.6973347911743891,0.6078431318374052,0.8338316126590495,0.5245900779360527,0.345047919648052,0.7981628300394825,0.6407491615286669,0.7583700281272314,0.6335504834401426,0.797409326195334,0.8191310508667506,0.8887755097002407,0.7705149598426674,0.777380503596744,0.7362542939513439,0.7977357719622604,0.7899920128027894,0.44761904406651554,0.8318229506517,0.3137254286812885,0.3682864418730909,0.0,0.0,0.0,0.6156787645185705,0.0,0.0,0.0,0.0,0.0,0.0
p_106,0.9654717796432266,0.7415531237142209,0.5947288529122097,0.8487042128099377,0.2732123770201454,0.7854906852333594,0.8236324231167753,0.7890271194685196,0.8037570434517758,0.7186395751781807,0.6762148320301411,0.7788093916471617,0.6893203869552581,0.8845157947669573,0.758456110439452,0.7628318561568381,0.6566878959978092,0.5402843537881001,0.8069653475612834,0.2127659121774655,0.11345454462942149,0.7445236154804152,0.5866167541403636,0.8524932812584005,0.3770491751769238,0.7440268362784904,0.8336841577185333,0.7961610678092212,0.7451471499747688,0.6944237910839897,0.6642151214336587,0.803259846616592,0.7771525020338984,0.5944625358757123,0.8190217383885673,0.0,0.3571428551498725,0.0,0.01193317408194303,0.0,0.4662309266616356,0.0,0.0,0.0,0.0,0.0,0.0
p_107,0.9705030857346095,0.7939827776061057,0.6619988203293738,0.8552977921400703,0.35452322304983835,0.7658095505041509,0.8308877426711656,0.8645125651121168,0.824342025932664,0.7946313653294436,0.766453380332602,0.6833903432786379,0.642049734634389,0.8965989667493753,0.803955287184055,0.8043676044756821,0.5308880283258299,0.4953617764808741,0.8157894728890941,0.510638243549123,0.37912417289067685,0.780067848672149,0.6363984026045474,0.8465253181039759,0.4390243861254748,0.7792749069999214,0.8428149167346362,0.8437499995515785,0.8534209875171402,0.7800581006653002,0.7749999981721699,0.7940082855688853,0.821621619284149,0.5885462503211785,0.8093354422376035,0.3999999384615479,0.35839598772934844,0.0,0.002490659993889664,0.0,0.5253623093231466,0.0,0.0,0.0,0.0,0.0,0.0
p_108,0.9648334865150283,0.7811050502669841,0.6226278563487638,0.8032676051812577,0.3329928464454255,0.7775361389848954,0.8263614785471594,0.8655976364249406,0.8223751263731204,0.7508798623124895,0.7335164818371875,0.6834804510992835,0.7747274913711597,0.8954030423704104,0.7626579219185476,0.7630751621518286,0.703046532631247,0.6926751537207393,0.8336366240459375,0.5248226578139958,0.27735848794944823,0.7708346850989042,0.5920238603619302,0.8279363501777374,0.42677823821361677,0.8179639066488595,0.8475444546155279,0.883841101903412,0.8357761098259942,0.8085592003722689,0.7397640510299236,0.7868821991946469,0.7982854241092148,0.6423357612138219,0.8167608278561574,0.32558131963225123,0.3894080966557002,0.0,0.0,0.0,0.6010733345067383,0.0,0.0,0.0,0.0,0.0,0.0
p_109,0.968117748270318,0.7926049619728156,0.6315911414853573,0.7591349734283278,0.3336623856499271,0.8051985640832469,0.832932536858213,0.8519220819100602,0.8116130701580353,0.7679531013503146,0.698646400620645,0.8160517080095564,0.8312855055736749,0.8702436550323587,0.805031445724253,0.7965549329689131,0.7236421696340168,0.5795768115954295,0.8311001724263056,0.6363635640495949,0.3654419030244101,0.8014333122825806,0.6343937590328629,0.8103018203976666,0.4553571387914541,0.80335228949316,0.8485679403510739,0.8594951263033507,0.8300621107701092,0.8018993344711307,0.7520252008280262,0.8146998925485311,0.8108352126166248,0.6735904994540765,0.8179223736511393,0.4363635570248078,0.5344129518595617,0.0,0.0016207455298156764,0.0,0.5030425861451808,0.0,0.0,0.0,0.0,0.0,0.0
p_110,0.9741303912671639,0.7880888518745559,0.6789236690322471,0.8309623805125943,0.2741258702919459,0.7636820177013975,0.8285157674607092,0.8841663248237576,0.831091179911359,0.7611701054286014,0.7438613366782346,0.5391949123983321,0.5593792153867098,0.886112869939149,0.7884823546346803,0.7656123255863413,0.5940690296836701,0.6387771469124928,0.8430416060803045,0.5423727894283408,0.46615252385473416,0.7890245177350322,0.6673017098872612,0.8224917305278436,0.41688653803579767,0.7898836037390763,0.8507183849541875,0.8704668833493665,0.8268403036896145,0.7673485752433328,0.7629013061524346,0.7940783378286437,0.792715584379444,0.5652173869160141,0.8026110133284812,0.32258059313216236,0.42588042239246177,0.0,0.0029154518737940826,0.0,0.4742646971642519,0.0,0.0,0.0,0.0,0.0,0.0
p_111,0.9692728788457324,0.7618100730876232,0.6339110128590784,0.8418444593522164,0.2570379405503312,0.7829001185425781,0.7672414403025712,0.8420404388576206,0.782067892223286,0.7001843122054225,0.7326277019497752,0.7283406728034483,0.7755424047819677,0.8861915494506691,0.7850273422732158,0.7728649280046489,0.6310231002276465,0.501858731395365,0.8110625348687868,0.1428571088435455,0.4636363594214877,0.7383459267395294,0.5931500465896851,0.8562275077432513,0.225442830508167,0.7377955597961169,0.7482528364352027,0.8573552957805106,0.7630798424924904,0.7247555419452459,0.7456877471347021,0.7749781099572156,0.8065630374019486,0.726731193397385,0.836719477318994,0.0799999680000128,0.40379008452048043,0.0,0.006015037503533271,0.0,0.04022988390144012,0.0,0.0,0.0,0.0,0.0,0.0
p_112,0.9743368361056713,0.8136670932138097,0.677411390964238,0.8481532143741907,0.37571591780394137,0.8066630719354513,0.8191928250555921,0.8643906559220005,0.7914071427591113,0.7666952455304418,0.7539105513242773,0.782670451766085,0.8112504222106907,0.8922423105790819,0.7918351239603243,0.7941339214329443,0.7258713112403776,0.6136162633632515,0.839836620457255,0.23809518140590918,0.4654731418118232,0.8080471418262501,0.6642181056606364,0.8216968006555233,0.43699421460122295,0.8341420995668727,0.8371517278599302,0.8735096174693924,0.7942351934186325,0.7357026136277547,0.7385873251451571,0.8366634327481441,0.8224248904977872,0.6244131406540443,0.8509136956297144,0.22727267561984643,0.47350309378180944,0.0,0.0025412960287001774,0.0,0.40890687431362605,0.0,0.0,0.0,0.0,0.0,0.0
p_113,0.9703500239680107,0.7874960481172356,0.662181720068335,0.8687565385869119,0.4738243081293318,0.7988404476783832,0.8513180503742146,0.823418318737059,0.7784755296898273,0.7600403287178287,0.7449781643122748,0.7594936680584747,0.7466362582744898,0.893799323407545,0.7734911734769145,0.789729727595325,0.6871532194316977,0.627697836081854,0.8311760863849743,0.13953485127096482,0.4076086919600662,0.7902923063984686,0.6560317572823811,0.8345394329962225,0.40831074608572043,0.8143827857263921,0.8542746071543623,0.8273676152645677,0.7965870298104812,0.734261938554394,0.7659478868689401,0.7321740912314291,0.8418064494404994,0.6285714231292517,0.7914197000739301,0.1777777382716137,0.28416148847700706,0.0,0.004667444519633086,0.0,0.4907748986941901,0.0,0.0,0.0,0.0,0.0,0.0
p_114,0.9723525186931394,0.7991196360857912,0.6724069838499706,0.8654433244048704,0.19163292588889438,0.7719540009570532,0.7940345129687121,0.8685115251826008,0.82833787375658,0.8209269065346734,0.7479956646847331,0.7341389700372395,0.7058823511119918,0.8915763864235825,0.7889020529335485,0.7858617110787881,0.7033575607360416,0.609028304445078,0.8286445005218812,0.577777713580254,0.4102244363452342,0.786351114238977,0.6455784817133636,0.8786869644968441,0.4009111586870831,0.8031179150716768,0.8127133557511388,0.8847854661857384,0.8152852520825777,0.733249730622313,0.8000827798011533,0.8289192446529884,0.799163178058663,0.6772106349589458,0.84847373650337,0.1282051117685754,0.4002052313996653,0.0,0.008219178025896041,0.0,0.6122448875468557,0.0,0.0,0.0,0.0,0.0,0.0
