NiftyReg,,,,,,,,,,,,,,,,,,,,,,,,,,,,,,,,,,,,,,,,,,,,,,,
,Unknown,Left-Cerebral-White-Matter,Left-Cerebral-Cortex,Left-Lateral-Ventricle,Left-Inf-Lat-Vent,Left-Cerebellum-White-Matter,Left-Cerebellum-Cortex,Left-Thalamus-Proper*,Left-Caudate,Left-Putamen,Left-Pallidum,3rd-Ventricle,4th-Ventricle,Brain-Stem,Left-Hippocampus,Left-Amygdala,CSF,Left-Accumbens-area,Left-VentralDC,Left-vessel,Left-choroid-plexus,Right-Cerebral-White-Matter,Right-Cerebral-Cortex,Right-Lateral-Ventricle,Right-Inf-Lat-Vent,Right-Cerebellum-White-Matter,Right-Cerebellum-Cortex,Right-Thalamus-Proper*,Right-Caudate,Right-Putamen,Right-Pallidum,Right-Hippocampus,Right-Amygdala,Right-Accumbens-area,Right-VentralDC,Right-vessel,Right-choroid-plexus,5th-Ventricle,WM-hypointensities,non-WM-hypointensities,Optic-Chiasm,CC_Posterior,CC_Mid_Posterior,CC_Central,CC_Mid_Anterior,CC_Anterior,non_jec
p_0,0.973022033186736,0.7397363164540874,0.5777757172705437,0.8244905894935124,0.034482758224336114,0.6084213790984985,0.6624270787977464,0.8251613226842328,0.7257352003966487,0.48859682992764064,0.5672990052984661,0.6690140825439728,0.6035470652017815,0.7807995605953539,0.6051456131810384,0.31684760692230074,0.5444887094090805,0.00622665002349533,0.7221202549576975,0.0,0.22100456419173914,0.7414461574323693,0.5745246767256501,0.7517512117991293,0.05577689187473216,0.6436513628687855,0.7243530152094377,0.8088310794632717,0.6534926460577625,0.6042599161874828,0.5916349798638119,0.5808689901033628,0.3206412819809778,0.060948080920157556,0.7217943919837051,0.0,0.16311399292758116,0.0,0.0033140016295443112,0.0,0.0,0.0,0.0,0.0,0.0,0.0,0.0
p_1,0.9704757196338938,0.746674532784468,0.5900966882045054,0.7974953365324439,0.0059171596757816615,0.6190117967825248,0.6377173240920652,0.8437499995774489,0.6584934268724805,0.4888699149302495,0.45340256838835397,0.5828571404781341,0.6825756003238519,0.7669494607361939,0.4231728367320422,0.11635296964958941,0.628904178777638,0.0187499998828125,0.5544120572641843,0.0,0.15962441127201396,0.7433291761482613,0.5891548607627533,0.732583854835437,0.0,0.6343006991898076,0.713657214692088,0.8347835540380772,0.564455719989784,0.4815108129872002,0.4119820527685642,0.3076068847791904,0.06930461234065884,0.047999999744,0.569608241446653,0.0,0.07415254158736714,0.0,0.0017108639716778104,0.0,0.0,0.0,0.0,0.0,0.0,0.0,0.0
p_2,0.9761266181387279,0.7604253643057693,0.6204137069608866,0.8620181804570524,0.1328273232179571,0.6905144865447437,0.7832231623846458,0.841425467714774,0.7969904952521245,0.6633986922399392,0.6835214431523219,0.6803634900025148,0.759156049444355,0.8650077152116834,0.6695742858921264,0.4337097439696576,0.6252446153363767,0.13071895339399378,0.7746291042051766,0.0,0.31719876089393656,0.7500722660413,0.6041743764247007,0.8351449269543305,0.31970935222788965,0.6480302301409152,0.7814993720536136,0.878028253154176,0.7607648909605655,0.6696848331275598,0.6996370220062681,0.6860420643536883,0.4330254033236617,0.27714856577515945,0.7830545509094271,0.0,0.2554890194062972,0.0,0.0025220680640344506,0.0,0.0,0.0,0.0,0.0,0.0,0.0,0.0
p_3,0.9666836333561549,0.7284790478434031,0.5557199702677397,0.814842027421723,0.0,0.7151500107481694,0.5691290949988426,0.8303264152516809,0.6821862338314254,0.5048749466547443,0.473740951064622,0.661581135015322,0.6299051022572323,0.7493649710753105,0.39134133624034284,0.04471374833950324,0.5852782738542267,0.06812339287838437,0.581906392278891,0.0,0.2537067524406363,0.7273175823570647,0.557071982835582,0.8292503219611115,0.016073478575505413,0.6621859705281915,0.6528463729278898,0.8319027974406963,0.66106851568569,0.47352805401626685,0.39309234539281085,0.2642924083971267,0.015321375158218657,0.07295173920902503,0.5441229783597107,0.0,0.3375527405813578,0.0,0.003933136637825598,0.0,0.0,0.0,0.0,0.0,0.0,0.0,0.00039614722842261905
p_4,0.974106799092828,0.7543485061038003,0.6153412952006094,0.8700816627240211,0.2942528701810015,0.7012244695111423,0.8101112262534923,0.8423019039788792,0.8147185273325482,0.6316131648666289,0.68755019942259,0.7105459958468736,0.7577664959233168,0.8816204204547752,0.7454073681936613,0.5024808288171384,0.6334379880948273,0.21568627318819686,0.7783242414572796,0.21874996582031783,0.3658536563057704,0.761114373900627,0.6196857234959382,0.8499077521072577,0.4577656634172056,0.7092841052028978,0.8068408740224482,0.8617163655111535,0.7826559435093937,0.7268626655442105,0.7268201602845464,0.7361635502936149,0.5169438002169148,0.36598240254555775,0.7932400309891383,0.11320752580990079,0.5371312281936357,0.0,0.003558718829548765,0.0,0.0,0.0,0.0,0.0,0.0,0.0,0.0
p_5,0.9746910966357488,0.7425647681065511,0.6050667707929619,0.8967563288605457,0.1447368405182364,0.7104325156380187,0.7928026438620259,0.8706214684346771,0.8104036947073673,0.6413625298934611,0.7635266204709493,0.7257970993455156,0.7166002637009289,0.8516905787395022,0.713716033836858,0.5153021174070046,0.6530775353594023,0.34378769394579195,0.8078927766121624,0.15094336774653438,0.3697688921313623,0.7512043452281472,0.6036551796567562,0.8823205094087477,0.12472647565944775,0.6816742501046608,0.8001365261222579,0.8673926964839598,0.7918280395121727,0.689342403089106,0.7820455543053918,0.6903029738555089,0.4431190624185574,0.2711864389101275,0.7967690458747816,0.0,0.432518594938796,0.0,0.00265251987630955,0.0,0.1374045766563721,0.0,0.0,0.0,0.0,0.0,0.0
p_6,0.9716739385853106,0.7409010072341377,0.567471085217497,0.8737129419577566,0.2547425451242769,0.7829199598831798,0.7962111123958805,0.8281622907397727,0.6948770264258651,0.46221581775358966,0.6105032811624667,0.6082589268742775,0.7579564473242119,0.7598636626885255,0.573902395859802,0.0630094733134843,0.6301512747514278,0.04823989538305153,0.5656069360075094,0.0,0.4173441706141994,0.734624547700099,0.5687309576979701,0.8469960309131668,0.11517164877993745,0.7005764165115602,0.7794755569749273,0.836388712811684,0.6555155614487449,0.5198606267751756,0.6046354244550238,0.5300815919213829,0.003423819996517926,0.09142141458095546,0.5832476116214198,0.0,0.40707118773496803,0.0,0.0012084592071996423,0.0,0.0,0.0,0.0,0.0,0.0,0.0,0.0001537504650297619
p_7,0.9755477641207861,0.7499612421073155,0.6090511780905016,0.8447664399408418,0.28163653395207866,0.6914864356315823,0.796686619959202,0.8858612093061224,0.8293956391732207,0.660027752297749,0.7133592721284927,0.7332802518579608,0.7304023211729525,0.8497338608961504,0.7366882813620529,0.5168098146826753,0.648397581753843,0.3594080312938123,0.795942184400806,0.12121210284665108,0.3385939717460978,0.7566130464763352,0.6159663579912535,0.8623733242634957,0.227692305357002,0.6837900647129393,0.8006421584976418,0.8760492745688165,0.7938675013497455,0.6928209657586454,0.7004490042752854,0.7013703663189825,0.4733375813185945,0.39207920533281054,0.7943844897389127,0.2372880953748991,0.44825396540791135,0.0,0.002063983466831956,0.0,0.0,0.0,0.0,0.0,0.0,0.0,0.0
p_8,0.9736672303227148,0.7544843661949844,0.6087947652164267,0.8353468737349793,0.34608378555479247,0.726332126072096,0.805290599756046,0.8320043098965494,0.8156555762352831,0.7030936813044936,0.7602905552271835,0.7174409721346497,0.7077981635142244,0.8708509460340572,0.7248899347548993,0.5083785685428875,0.5969645843298289,0.5003399014252896,0.8062844445123926,0.21874996582031783,0.3592592559327847,0.7492963969227134,0.6030074327917594,0.73552678826364,0.4779660976443551,0.7097780549269591,0.8206693354987865,0.8377914377594332,0.7116347559475188,0.7207408036347931,0.7557720805851047,0.7188384615844777,0.51875397220014,0.4296977632739963,0.8027061303994029,0.0,0.2400690825555347,0.0,0.0,0.0,0.005249343694242948,0.0,0.0,0.0,0.0,0.0,0.0
p_9,0.9711050384077291,0.7693918038868213,0.5794867768939143,0.886626401815753,0.0496350357717513,0.7235024182752071,0.8077239759139305,0.8502174538415671,0.8054187183101,0.6363636358894459,0.6695842438556087,0.636246230580085,0.7184275166623402,0.8760333566910813,0.6052244706488472,0.3782929389402188,0.48234708860095926,0.12621916163959174,0.7490253827003159,0.06060605448423692,0.3695212382365392,0.7488419718071085,0.5576594701152614,0.8582207281506891,0.04545454498497371,0.6876247989364377,0.7695178985172093,0.8408630344255197,0.7483501971531564,0.6303145015795614,0.6411090182421547,0.423505572012659,0.12608158194049943,0.11414391988744467,0.6914398274611033,0.0,0.40970988508164663,0.0,0.003162055310971895,0.0,0.0,0.0,0.0,0.0,0.0,0.0,0.0
p_10,0.9733325383119917,0.7606791917505134,0.5680696699579544,0.8203679137187199,0.1940119737244075,0.6996814608834824,0.769322081254097,0.8300799299493883,0.7366203108068264,0.5695967601066334,0.6411703225889858,0.6960521245839321,0.7125934012892411,0.8746365262810474,0.5639632101129147,0.4263862322505109,0.6332378193255118,0.20113544038008566,0.766188827841334,0.0,0.2707838458370242,0.7806375009834265,0.5887546291998788,0.8140052615435437,0.3181357617210156,0.7174459217849447,0.7988645410877652,0.9035688957081253,0.7225714275391837,0.6505756247315795,0.7263417395669605,0.5902081721374247,0.4355429027337477,0.22431372373087277,0.772572979656676,0.021978019562854993,0.32899245833452734,0.0,0.007226738868773813,0.0,0.0,0.0,0.0,0.0,0.0,0.0,0.0
p_11,0.9696660020481175,0.7417025876339649,0.602365178725513,0.8842511159233355,0.3275039719594279,0.6850010778609584,0.779249146698578,0.8810068644845499,0.7841930894649869,0.5430443155737616,0.648920560366966,0.6187969901548985,0.7100766036827442,0.8450631193097614,0.6715891922540785,0.3631722873962219,0.6793198865981815,0.10871080063616168,0.7304964532365008,0.0,0.40368963427189564,0.7455560961715043,0.5910290552831998,0.8683799325548124,0.2906898841882794,0.6671728144442828,0.7986668983624414,0.8916471782145187,0.739598684117902,0.606713504600536,0.6451472177859385,0.6686434390341459,0.32328145213475773,0.25885225727196426,0.7663348409354436,0.0,0.5304465469984369,0.0,0.0026143790678798753,0.0,0.0,0.0,0.0,0.0,0.0,0.0,6.539481026785714e-06
p_12,0.9738845647794734,0.7454183113540713,0.5834151055385562,0.8746956205841301,0.22010581777665802,0.7136092812339717,0.7626498190324903,0.8836227880302858,0.7990762115484109,0.5568641232581613,0.7138347247653951,0.6597852986796643,0.6943634579825961,0.866583880899751,0.5938053092090219,0.31688077458444724,0.689521966733356,0.14399999895272728,0.7322104917944956,0.0,0.46247464190348453,0.7548348507894229,0.5821045690218475,0.8544264857365771,0.1480686679391774,0.6893646527365234,0.7713574114359576,0.8437167760771227,0.7305622343632633,0.6381573223484074,0.75290869502483,0.5820054719282106,0.3457268716374857,0.1595672741070502,0.7391776565250755,0.0,0.3583815003007117,0.0,0.0,0.0,0.0,0.0,0.0,0.0,0.0,0.0,1.4532180059523809e-06
p_13,0.9776357402717563,0.7836894971860159,0.6175129280403397,0.848726207409238,0.15085157967333845,0.6941268596918311,0.7815830651012974,0.8291958408502038,0.7744107734795446,0.6489966549757553,0.7391826908269578,0.6028622513288807,0.6941284946383999,0.8689854752332572,0.6730048970776866,0.48434704721747085,0.6268801522228037,0.13667117634187295,0.7439960784643065,0.0,0.25126903234430165,0.7870652551184707,0.6108949682290908,0.8118556694876776,0.4615384580577794,0.676565281489988,0.7810829354197459,0.8475704455027898,0.7457541819779165,0.685490587468357,0.7549263425388821,0.6771022927947741,0.534254460690358,0.18924173564976193,0.7497325316848551,0.040816318200751385,0.22745097816224533,0.0,0.010330578405675844,0.0,0.0,0.0,0.0,0.0,0.0,0.0,0.0
p_14,0.9754599727430485,0.7641165443925533,0.6151231471178347,0.8223110978272311,0.25116278836127637,0.6648023435938054,0.750695423739459,0.8540213095061814,0.773975381071317,0.6600670860999206,0.7763027525732064,0.6386266067011733,0.6372613540577309,0.8667954656658866,0.6820587692260826,0.4802215180375366,0.686626743765961,0.3384433942308762,0.743544221478741,0.04705881799308023,0.1907356922243094,0.7551775995203417,0.6034679720481085,0.7745142333714287,0.21455938491801355,0.6692391866479988,0.7672482366782065,0.8256416024169059,0.726668591842432,0.7125648179397169,0.7446937522848317,0.5933393929482362,0.34421575524447173,0.35005973506535404,0.6986280007026598,0.0,0.13926940480286068,0.0,0.00156372164531883,0.0,0.0,0.0,0.0,0.0,0.0,0.0,0.00023266020275297618
p_15,0.9648917755036046,0.7540025923762527,0.5551747165082757,0.8970196537704265,0.3515944370270283,0.7076215319622929,0.7804149326397147,0.8864890803416793,0.7612267240399415,0.6220876897614313,0.7020926388382492,0.7056025351331856,0.7545337701634531,0.8589474444659498,0.7097973958013141,0.5137254889369474,0.7021052594626039,0.17002629123552768,0.8046964482582126,0.1599999840000016,0.4684994245790411,0.7344586119127924,0.5386889044434078,0.8904712229827948,0.3395683428808033,0.6702074961004437,0.7543470994135713,0.8765692971556437,0.7170835291209492,0.6493436426457978,0.7103849581235789,0.6869989858223542,0.3627002281413039,0.08547008465840375,0.790228258073733,0.0,0.4789319963331998,0.0,0.0043604650845896435,0.0,0.03636363541912636,0.0,0.0,0.0,0.0,0.0,6.0163225446428575e-05
p_16,0.9685015738495447,0.7212177449374771,0.565545726831879,0.8498238624407168,0.176470586752348,0.5988674731642396,0.6803280305223415,0.8497937915944249,0.6872493976379986,0.5402529432706037,0.6502722630418545,0.6562952219381504,0.6706500939994023,0.7326602927415042,0.6376036860482915,0.27297056138945014,0.6554621821199067,0.011721611635739109,0.6802277034685179,0.0,0.39843749777657644,0.7253706784101909,0.5641670516367745,0.8331600336359013,0.01533406335888211,0.6069699079729206,0.6975393847037775,0.8592288382048661,0.5819091279951242,0.5280080377392548,0.5726823906149527,0.43509845112301815,0.04173764897415322,0.017057569175141656,0.6308076078649769,0.0,0.48456305345597567,0.0,0.0032362459023261183,0.0,0.0,0.0,0.0,0.0,0.0,0.0,0.00024239676339285715
p_17,0.968719190021941,0.7318906582872963,0.5561053855627204,0.7377830045646675,0.23208190967862177,0.594875939449628,0.7214753592950153,0.8044426408335315,0.6824830968869292,0.5736360551856076,0.5467470243443873,0.6797927437658281,0.6771359119889028,0.8046729098263781,0.6446072633383698,0.3086785004788322,0.6360745086957087,0.1260273965697129,0.6554790080342231,0.0,0.2573099390125737,0.7334124007114134,0.5680914083893929,0.7178566675190422,0.05944798238377938,0.5872592230189175,0.7292367649821333,0.7311062427540491,0.5872127627250712,0.6281530777849231,0.5405814649597495,0.5185246991667851,0.16606616415645895,0.15102254771356818,0.6046541115942844,0.0,0.2733333310555556,0.0,0.004474272880600975,0.0,0.0,0.0,0.0,0.0,0.0,0.0,0.0003861200241815476
p_18,0.9735037746822564,0.7675505548017004,0.5949130888651281,0.6701189099826248,0.16557734024425555,0.6940776166050211,0.7851269163269992,0.8148533090117385,0.6112829568253307,0.6891044770976832,0.7745189598832076,0.6266274648188682,0.7313392596838069,0.8714371823178443,0.6443080640986186,0.48512396593982654,0.6870824015195858,0.39648682310861466,0.7635353302068519,0.1728394848346315,0.17475727943255728,0.7736545200039563,0.5933840601866693,0.738858263347792,0.27077977488620586,0.707302437059799,0.7929409268031901,0.8727622503752673,0.5917142848689796,0.6853297052442688,0.7493942527701727,0.6482400183886605,0.4084989711985967,0.33867863798153536,0.7767579564938876,0.029411760380623472,0.23819742233693753,0.0,0.003319502047141062,0.0,0.0,0.0,0.0,0.0,0.0,0.0,7.847377232142856e-06
p_19,0.9693177762942529,0.7278265841116214,0.5775963325316423,0.7971237079048284,0.03444316837608303,0.7411342644468156,0.6412259020767919,0.8437499995117188,0.6551342365691473,0.5553148688261528,0.5862198784144957,0.6835937473297119,0.5467806827294248,0.7430181652253446,0.568282788711336,0.21675634072058328,0.6769378879300053,0.013888888792438273,0.6308104156479188,0.0,0.19161676417225432,0.7314052075033637,0.5904614550901325,0.7769519458555068,0.0903387692554734,0.7212089468357248,0.5969518487158767,0.8436960271134369,0.6367617775225458,0.5552543449567419,0.4904200433116801,0.5974613789260441,0.2493677282514726,0.044046799421563664,0.6798305078984488,0.0,0.22704507323000775,0.0,0.0,0.0,0.0,0.0,0.0,0.0,0.0,0.0,0.0
p_20,0.9722507145641489,0.7240117584212389,0.5353722192007131,0.7172721035664221,0.0,0.5966252669376425,0.7052072198566323,0.7476107524374508,0.5215535630650825,0.4798398961211137,0.44991212592954966,0.6002470127614367,0.5181866090717274,0.7808443231738238,0.3538212693552151,0.03607459481481322,0.5039215661572473,0.06360946698513709,0.5871810653347144,0.0,0.030508474059178406,0.7324414808848401,0.5392397391401098,0.6927436581875466,0.18642803738681554,0.6023787955176285,0.7247270468136341,0.789265566094129,0.43722098153289485,0.5015918390607551,0.4485273485995409,0.39584415550143365,0.1157542830845084,0.11635027485394811,0.6018403702918225,0.0,0.13888888760288068,0.0,0.0,0.0,0.0,0.0,0.0,0.0,0.0,0.0,1.3805571056547619e-05
p_21,0.9748900920209527,0.7651888867582165,0.6100719134383417,0.886593678686706,0.3434065910480317,0.7702547423804326,0.80478705210252,0.8845489439133642,0.8212519717819549,0.6322211919738793,0.6713728391763463,0.7051433030814946,0.7184229722111878,0.8620066478100482,0.7224193269788652,0.5432558126901028,0.683147916427079,0.3398876380625868,0.8055670608851239,0.07017542628501293,0.4327202302385274,0.7630663824341162,0.5988903086279981,0.8763030448673139,0.40928269754372226,0.7490626848321466,0.8188558600836787,0.8890908168564335,0.7959206044567161,0.7020703450303468,0.7324553477675351,0.741362125630098,0.4960454258851239,0.5284327286516455,0.8065256592830582,0.08450703035112248,0.45568445264183544,0.0,0.005717008071857988,0.0,0.27258319694796834,0.0,0.0,0.0,0.0,0.0,0.0
p_22,0.9681251042860877,0.6977952172355075,0.546680412992968,0.4521276591736457,0.0,0.6048298571890176,0.7051524178069514,0.6021942681347799,0.47615374665618493,0.5823631565045584,0.5057758343650081,0.49423000201261436,0.5732484061828066,0.6891993737768567,0.12165044031372235,0.05518394637294326,0.45707744961054003,0.038031319697811414,0.49134143157706034,0.0,0.003738317687134249,0.7342630446764646,0.5671534284429726,0.5616479848918026,0.007425742482354673,0.6692906364184988,0.6428552399806293,0.8162824203292083,0.5946808502730309,0.5641244138023468,0.5457870665633089,0.2942252414474129,0.03420302557727905,0.06632361311421604,0.576212624201852,0.0,0.004395604347301052,0.0,0.0026367831072064397,0.0,0.0,0.0,0.0,0.0,0.0,0.0,0.00018688383556547618
p_23,0.9759504822327641,0.7636330564192002,0.6108037358916265,0.8595067283554974,0.2850729485401465,0.7757474503540169,0.7818279343593345,0.8413417946804967,0.7899259957150562,0.660234206943564,0.7456226623143367,0.6935323348580481,0.7500601377193646,0.8665617795055867,0.7402029035804626,0.5670498069807156,0.6833242765707536,0.17277124966986007,0.7960173153281236,0.02564102235371508,0.2913472038187601,0.7606634175717798,0.5899698006409629,0.8471861955299502,0.4446240869472588,0.691273267624872,0.7484747290619779,0.880134024600014,0.7857227549084279,0.7405801927804433,0.807291665165008,0.6872558133141806,0.5020644085423939,0.27198917271996503,0.8012342497632345,0.09836064767535675,0.43044189500456714,0.0,0.001798561134905026,0.0,0.1102362175791019,0.0,0.0,0.0,0.0,0.0,0.0
p_24,0.9665078252731234,0.7495516382543749,0.5528445448539742,0.8697049609074893,0.2583926728546015,0.7049129626436085,0.7586245069702744,0.8713477845951062,0.7536274355069216,0.6815459982929178,0.7576524723644362,0.699969162195593,0.7172449489455076,0.8542767383881413,0.7010327951612314,0.44668007958414474,0.6811352234804251,0.36350148098292673,0.7550193875441453,0.2461538082840295,0.45195052116103457,0.7453588455389025,0.5592755484370346,0.8576900972717438,0.3125564560744674,0.6936161605524085,0.7528975948732287,0.85177203014142,0.6918708895817829,0.7697111624027019,0.7862968986569637,0.6975713671090146,0.43526373951445274,0.5898692762265582,0.7489911212007971,0.09999997500000624,0.5010351940940208,0.0,0.002828854273990746,0.0,0.0,0.0,0.0,0.0,0.0,0.0,0.00013820103236607143
p_25,0.97067936707193,0.7461523563186612,0.5597275984353898,0.8331503838665711,0.09921082188037406,0.6527278410480053,0.733159795556755,0.8282571907634004,0.7146692693255196,0.4177946513554022,0.510591899516212,0.6630862847723369,0.6685159485240039,0.8085556007172099,0.5852095749886895,0.18565840890310714,0.6416747777912619,0.005714285673469388,0.5362532459210688,0.0,0.30412370872745953,0.7358190280053089,0.5548464825491914,0.818795203718851,0.03484995125992303,0.6684873036481792,0.7242013295931488,0.8653639190793747,0.6876670920752446,0.46604215420293355,0.5759539228567978,0.3491870269114103,0.05397301335838827,0.03385579916077869,0.5557146945318572,0.0,0.2876434821901183,0.0,0.002721088398352539,0.0,0.0,0.0,0.0,0.0,0.0,0.0,0.0
p_26,0.9763878532928487,0.7513069008424534,0.5879104326031362,0.630384108006097,0.050188205141929676,0.5880939963355782,0.6449288935172163,0.8355105893404244,0.48671402198538016,0.5277530013531712,0.5951041499238192,0.46652267566672423,0.479562042045394,0.8015159654404118,0.512436804335251,0.2745098031414896,0.5891089072456132,0.004457652270002583,0.6693558548661567,0.0,0.020134227850096848,0.7537608069454188,0.5876075783282907,0.6798426550131031,0.20696324751486223,0.550173698705267,0.5956756986927787,0.8470174637973364,0.528453180899569,0.5959821424137037,0.6089186485127246,0.5676785887509482,0.1819209034409014,0.010687022819183031,0.6524394159205249,0.0,0.06538895078479198,0.0,0.0,0.0,0.0,0.0,0.0,0.0,0.0,0.0,0.0003354027157738095
p_27,0.9580878922071308,0.7265714590271994,0.5201811576087294,0.8770256140274817,0.37483617054497925,0.6413893790413393,0.6915607698652104,0.8227943765693584,0.6993701081319239,0.5368822522625316,0.6979865758034217,0.6144697708335585,0.6944384782167953,0.7972854052058639,0.6779310338983353,0.35957026888934385,0.5753317698074482,0.10483321916383105,0.7243202411447732,0.08571427346938951,0.5161557559397028,0.7254563916031906,0.5225802401284779,0.862710971474406,0.4758169913907756,0.5666429675532928,0.6393733937995946,0.8372741403478237,0.6574311920574026,0.592365210080783,0.6095008039261256,0.6670340912786127,0.3834655833484673,0.0708762882031167,0.6785255031586473,0.0,0.5242009116462681,0.0,0.0035502958474843316,0.0,0.0,0.0,0.0,0.0,0.0,0.0,3.749302455357143e-05
p_28,0.9759085168706163,0.7113302317817101,0.5850756526916108,0.7325329947561457,0.039318479170137886,0.6093617901258886,0.646228667515466,0.7373491673881103,0.4490629499650854,0.4371155605044395,0.40689755048993254,0.5608108081041949,0.5042415999177414,0.7661536350793278,0.5070367849101847,0.2439862536966464,0.5095669662156749,0.003960396013462732,0.5225291226298416,0.0,0.1520467823554989,0.7383505957508558,0.6005678724782765,0.7325764737207691,0.0,0.5535317635660165,0.6303883085140182,0.7953585365513296,0.4896265554361274,0.537048927355176,0.4682356135651808,0.36418089211921645,0.0721724386723845,0.05060240933372043,0.5355080827543967,0.0,0.21402747495280205,0.0,0.0028248587171630125,0.0,0.0,0.0,0.0,0.0,0.0,0.0,0.0002051943824404762
p_29,0.9691628495769008,0.7538135372553532,0.5551962411472411,0.7309012527094266,0.07061790579296462,0.7418792583070336,0.7638893639205675,0.8032697543306432,0.6952498447019589,0.5919274980348012,0.6294097089950931,0.6771472366673802,0.6942463131377882,0.8076240149806314,0.56006752268586,0.2393678823161332,0.6711217151736433,0.08458781301370744,0.711555044041711,0.0,0.011142061126155138,0.7477156260759542,0.5456363980898981,0.7554959380315255,0.0,0.7365177806793254,0.7857284523725189,0.8312570776719949,0.6440025649211,0.5965239869315399,0.6091817709483622,0.3056059289556052,0.1086071985780795,0.08619528561484656,0.6551887106507402,0.0,0.05693950127278024,0.0,0.006379585225205977,0.0,0.0,0.0,0.0,0.0,0.0,0.0,0.00018441336495535714
p_30,0.9751822185667042,0.7718996288379207,0.6129836801432625,0.7710025093968681,0.141843969954563,0.675984202146763,0.7966044999339453,0.8152200940983735,0.698662666293385,0.6681014599015361,0.7455374083829521,0.6329617809197381,0.7090656782861571,0.8214265995664127,0.5799882179752687,0.42810985373968125,0.5883476571712146,0.26892950216103456,0.6976147032248026,0.2820512458908659,0.267961162446979,0.7618727633245309,0.6013490161739509,0.786320678530898,0.2744721662718602,0.6538706255472126,0.7649176550176133,0.8316601027058295,0.6878757506414382,0.678513252866494,0.6925855828443394,0.5961884749428358,0.411123227169896,0.2540059332106473,0.7264894951776198,0.028169010117040826,0.22187004578549885,0.0,0.005226480790710098,0.0,0.0,0.0,0.0,0.0,0.0,0.0,0.0004439581008184524
p_31,0.971280058367496,0.7454855585086717,0.5760739310302085,0.8886511849526755,0.27422003058932654,0.692958385147305,0.7806258930400969,0.8793671715670363,0.8065044739612953,0.6057869511557437,0.7616955836554018,0.712960506989238,0.6548723878919014,0.8759703597607673,0.5758015139553717,0.4169504343228331,0.6699416620511462,0.3358259664457786,0.7471703998538987,0.11111110425240096,0.4716049353604634,0.7489084265911201,0.5617378808203093,0.8719578356565038,0.38986628860051875,0.692995874312104,0.7812993151808336,0.8460656587566099,0.7827209757216563,0.6900994782661303,0.8110578002945904,0.604025764408997,0.41222182901409077,0.4746019675921003,0.7602153937597281,0.1538461242603607,0.498989896469748,0.0,0.0019138755797715257,0.0,0.0,0.0,0.0,0.0,0.0,0.0,3.47319103422619e-05
p_32,0.9706462071584296,0.7450115700988527,0.5535137165149534,0.7982043602692003,0.027067668765899718,0.6761673513865956,0.6626799003311358,0.8501968836100001,0.7051477720200531,0.49931940067313685,0.5778344867338052,0.5943152424066396,0.6176203432709042,0.6742855465239297,0.5653785065480376,0.2344989708066442,0.6503416819456624,0.0,0.7257807914880844,0.0,0.09537572116509074,0.7528237382654276,0.579146596193781,0.7698538748651097,0.122844826262448,0.7318369756282513,0.7531914893066323,0.825549369571902,0.6947192410551495,0.5464320621159726,0.5769097812358974,0.4977238235314435,0.17174753076052485,0.0033670033386615883,0.7105151483403929,0.0,0.030800821039005943,0.0,0.004519773960228543,0.0,0.0,0.0,0.0,0.0,0.0,0.0,0.0002859933035714286
p_33,0.9710703606355837,0.7647911383281674,0.5746711666917075,0.8994536480217982,0.19843341777502066,0.7091470520625044,0.7726270579260825,0.8813500342836059,0.7834141079338567,0.6393683431515164,0.7183098576220447,0.7078808111727073,0.699475827899022,0.8653367883153903,0.7250608264835916,0.4808344185636651,0.6621567820845332,0.36468054296711744,0.8026361422106867,0.2857142486085391,0.4745341585432661,0.7600102447413999,0.576222953435429,0.8815473327482137,0.17599999798857147,0.7450026690501605,0.8077418270818587,0.8978898854608963,0.7538703155105785,0.6242687609691887,0.6714579041653842,0.7078651678162766,0.43432406415550323,0.2615979364587762,0.7975820373077875,0.0,0.4265165701906406,0.0,0.00416088762717831,0.0,0.0,0.0,0.0,0.0,0.0,0.0,0.0
p_34,0.9709195860782919,0.7387599050950123,0.5790246782002367,0.865119433024972,0.256060604120753,0.7153471913499895,0.7884181363072899,0.8652119435867551,0.8051313369933503,0.5147422749665967,0.6096561542674931,0.6495999974015999,0.7344398326396835,0.8733046086352533,0.7212509876822886,0.4499691792686066,0.6025697802278698,0.15151515047165875,0.7480660333774096,0.0,0.38678595742060595,0.7475507797627506,0.5770802038348304,0.8551301093328557,0.12487611372768966,0.6931710015067689,0.7756169463597535,0.8564756986931981,0.7544934632817674,0.6401461901601446,0.6714839607481777,0.6627876217378228,0.38095238028050726,0.23644751882094858,0.7731868475653317,0.0,0.3460706535971835,0.0,0.003937007848182363,0.0,0.0,0.0,0.0,0.0,0.0,0.0,0.0
p_35,0.9676101820795677,0.722670875059623,0.5316459734751044,0.8428988104810865,0.21959459273991053,0.6318494568863778,0.7422985091469909,0.8076175666500109,0.6623838153876657,0.5195812326331282,0.5959341711598565,0.6393162371305428,0.727622712397443,0.8299355344039504,0.6139885278537894,0.32118226537698075,0.579554820364572,0.008759124023656029,0.6918694173915388,0.0,0.3450099117976873,0.7308427590382313,0.5367254303661911,0.8193861061823446,0.406417109884628,0.624435867462183,0.7418958724674809,0.8491924694737206,0.6822943940776658,0.501777708686213,0.5831892068779156,0.6316357187521106,0.2746133529335848,0.010130245946959146,0.693403297831032,0.0,0.29508196535257275,0.0,0.0,0.0,0.0,0.0,0.0,0.0,0.0,0.0,0.0
p_36,0.9704894312633539,0.7412182509838934,0.5715523072405923,0.7319269963404227,0.017348203006837634,0.5931103178230082,0.7280847582378032,0.8334468197224355,0.5646679207251036,0.4800165377067141,0.479707905519298,0.5838926150004504,0.6094399593801908,0.8004020997430467,0.41232827150006485,0.15565610824512194,0.6650270503441857,0.020833333188657408,0.5928023149661493,0.0,0.039755351074077204,0.7492063247246489,0.5924771761774411,0.7515078402054374,0.03937007835265671,0.6160001264108037,0.740865319008262,0.8361429530699629,0.5401273878469715,0.5625871197640179,0.547670250110867,0.5450263901380216,0.2488584470151095,0.0324171949794419,0.6409170192867449,0.0,0.22459892847951043,0.0,0.0060698026393049675,0.0,0.0,0.0,0.0,0.0,0.0,0.0,0.0
p_37,0.9685091129052822,0.7348943654811535,0.5540391994791272,0.8878622425220857,0.3375858651856147,0.7067246098352823,0.7940276101025795,0.8278370509045605,0.797535210264669,0.6697619276205059,0.7505950786813143,0.7113861368530046,0.7454361035866224,0.8772723754782098,0.7480431555446974,0.6143896507292114,0.6229137181812907,0.38503649283725827,0.7957053377117951,0.24528299572801926,0.4678633441351283,0.7243376205507449,0.5461384276468266,0.8846021223545837,0.3256669703250509,0.7426434861863065,0.7950924015045365,0.8146984919505663,0.7619260409318221,0.6792833139089772,0.7495532275987918,0.7239154608187814,0.575923717339872,0.613264421935707,0.7904497966420275,0.0,0.401386747298202,0.0,0.0041152263162797,0.0,0.3141762391920261,0.0,0.0,0.0,0.0,0.0,0.0
p_38,0.9690907923543824,0.7482316051390727,0.6052027146630605,0.8158858898571147,0.10282257960864336,0.6023064913124999,0.7052877331107166,0.7807614489696701,0.6871774893513996,0.5588423404550349,0.6895937264975166,0.5926814625221327,0.550173934840316,0.6772687438869587,0.5464892455046537,0.41036017723520807,0.4208950250858509,0.044890726255813786,0.6823297687940844,0.0,0.3698347088334984,0.7417924111027534,0.6004254100490428,0.7647554519281506,0.22050886491512056,0.6806284356758139,0.6776391667958654,0.8203128900783162,0.7256912076983626,0.5935582817534062,0.7167919788270802,0.5023634641099822,0.3381018299675407,0.17463352342489788,0.6754469764736952,0.0,0.295127608839315,0.0,0.0007246376785339214,0.0,0.0,0.0,0.0,0.0,0.0,0.0,0.0001953125
p_39,0.9725872239806033,0.7718548045727276,0.6029671053713784,0.7692522316062694,0.17921830143738512,0.7130890051022646,0.7963151022251617,0.8563253173079154,0.7002065856116094,0.652280599991137,0.7385373233449464,0.6891724961335014,0.6854304619549895,0.8900472745233324,0.6461457505514814,0.36107608162867577,0.6894649713763653,0.20217917553160306,0.7710586437387216,0.0,0.22698612576310057,0.7633371388417566,0.5926056729228462,0.7308308724328715,0.13247469979324103,0.7045774646646871,0.7950349487829198,0.8436139959127175,0.657617598107164,0.647556912376765,0.667967363128827,0.6197331455234084,0.3176138647367718,0.15699658613767584,0.7808448009061771,0.0,0.025793650537761403,0.0,0.009153317973074166,0.0,0.0,0.0,0.0,0.0,0.0,0.0,1.8310546875e-05
p_40,0.9717399349804037,0.7316471457813237,0.5866983180775854,0.6347992345747617,0.0,0.7102278092414162,0.5998735736752459,0.7830036330323963,0.4857630225878979,0.47276048771921414,0.4066451037832327,0.5273178786120948,0.5102949345845995,0.7488851765426138,0.4082963495984998,0.11422070508709738,0.6744444406975308,0.009531374030727768,0.49969523314659564,0.0,0.005847953130877878,0.7383604610160005,0.5860714375053454,0.6706819102994264,0.005772005688715647,0.7045183216597095,0.6221715773646641,0.8211163411672739,0.4826626164481617,0.49269717592165063,0.34718637022820553,0.3473776220739706,0.032278889536735765,0.043055555256558645,0.5196553885321759,0.0,0.07122774066328266,0.0,0.0,0.0,0.0,0.0,0.0,0.0,0.0,0.0,0.0005544026692708334
p_41,0.96877914731016,0.7607486828503716,0.5739390509706616,0.8707473505051773,0.2864674843016917,0.7258464851014268,0.783762438736968,0.8718035367400003,0.7868767750104925,0.586545078641995,0.6669638861637007,0.713946585418556,0.7191499620402079,0.8303683987900321,0.7026781654991574,0.4068166912676061,0.6522218117803091,0.13855421582413993,0.7910447754081598,0.0,0.4073339920350149,0.7465014166936433,0.5580214950568058,0.87040307312625,0.2523364462398463,0.7008370651830436,0.777319300147953,0.8706906553275156,0.7596611340841811,0.6659850028408444,0.7010535542119106,0.718884709970756,0.37701370431109954,0.18515797071889809,0.7882699052972669,0.0,0.5348237294289607,0.0,0.006315789407202217,0.0,0.051401867957900284,0.0,0.0,0.0,0.0,0.0,1.52587890625e-05
p_42,0.9724600487261783,0.7666099773133984,0.5861409548668631,0.7208139035855753,0.12412177840606817,0.741025262068458,0.7870894521845456,0.7887339712253015,0.7333039766133803,0.6949097932547441,0.7114711017699845,0.6631252737356118,0.762350807127435,0.867275106278092,0.6848517906120642,0.4194002809027968,0.6540954587266031,0.18202898445200588,0.7468721511750169,0.2234636746668338,0.20160366321187098,0.7558206511960022,0.5791034202179935,0.7251040215209394,0.16781609002510242,0.721208677751571,0.7976707528893491,0.8002549389418389,0.6760679070700056,0.6801310038364543,0.6933892955018064,0.630004477716073,0.4096559171146534,0.2052858008279914,0.7791395479848369,0.037037033607682075,0.22637590626816298,0.0,0.006920415165048312,0.0,0.0,0.0,0.0,0.0,0.0,0.0,0.0
p_43,0.9639637754616852,0.7299017753228724,0.5544099955169267,0.8504790717555559,0.14613423835060121,0.653263075211326,0.7114396488308471,0.8638489590800905,0.7697180212814487,0.4543007131146179,0.5171640494787579,0.6819615695957512,0.7008426949886641,0.8406675861630967,0.6470300826083408,0.3853107337376446,0.6848874570543108,0.1742305676878948,0.7504870576464744,0.0,0.18087472067550245,0.7190776386255756,0.5544332303617718,0.8340652713191832,0.3402692757633459,0.7414882929075823,0.7567717848414773,0.8831107092821644,0.7255694697509423,0.5120168561848839,0.5227779539299491,0.6091932096069723,0.40902719314686403,0.2776137018451642,0.7491601338541712,0.0,0.2623152693207188,0.0,0.0018173557391305962,0.0,0.0,0.0,0.0,0.0,0.0,0.0,0.0
p_44,0.9747411765207409,0.7297301145912523,0.6070281086376329,0.7886884875019012,0.23552893976518025,0.6930138954110179,0.7481029666999458,0.8075247099545516,0.6580778141483151,0.6462973380668189,0.7246252661142928,0.5713020346709387,0.7334696643184058,0.8576594921425407,0.7158234654504634,0.5049922331817346,0.6114151657098703,0.2307246363436253,0.748370496785274,0.0,0.3026435706231215,0.7394109565317706,0.6016946410680042,0.7501657974891844,0.2523859994444751,0.6505956288058163,0.7462098406801619,0.8257588457567451,0.6197371941274642,0.6678360702696252,0.7075612338497099,0.7117004114749146,0.4334203647269296,0.24109263514790596,0.7577585446649545,0.018518516803841038,0.277544152417627,0.0,0.0,0.0,0.0,0.0,0.0,0.0,0.0,0.0,0.0
p_45,0.9666072360998827,0.7379048913207609,0.524749256373526,0.8542598255900623,0.08622502538144032,0.6426585848797871,0.7477950271368807,0.8158245661995236,0.6702171234430386,0.45895522349138806,0.5359179009199584,0.6187236779438818,0.6916175321927261,0.8260201181656217,0.5562463565608643,0.2998819355374689,0.581554568741222,0.018387552910979117,0.6656525702269147,0.0,0.30657989655401374,0.7192725491767015,0.5314003865375034,0.843774642704584,0.054545453925619845,0.6506800847844405,0.7370173000307663,0.829278589461566,0.6317354137572135,0.4517139373136298,0.4969905408478237,0.5525704187481915,0.24829861775974715,0.059360730254790356,0.6374954491172221,0.0,0.3124710231225265,0.0,0.002071108035653752,0.0,0.0,0.0,0.0,0.0,0.0,0.0,0.0
p_46,0.9624258433779957,0.7477915385661491,0.5007619278495158,0.8560379239381142,0.10776255609349264,0.6794893745259042,0.7177909019740841,0.8242139744637358,0.656976126623898,0.4197785214011688,0.49328673810320633,0.6635071065858289,0.6295907643504964,0.7743547590375875,0.5279657993160262,0.28056680105148424,0.5653420706049075,0.026479750572587613,0.6812806021233291,0.0,0.3894139868175142,0.7665778615185872,0.5125778852734911,0.8355625104932971,0.26710634569574326,0.6025344901673981,0.6920102807564782,0.8175944586666696,0.621923111807944,0.45232334991880924,0.5838343343623341,0.5789098676710813,0.27361818840921565,0.038905774839478574,0.6527563900117367,0.0,0.4251418575943175,0.0,0.0018393623487450571,0.0,0.0,0.0,0.0,0.0,0.0,0.0,0.0001140776134672619
p_47,0.9717582348707011,0.7166281276958272,0.5633562859276352,0.8806815497992444,0.4364464672599249,0.6547791592312954,0.7301274023567997,0.8681825577314904,0.7361744293992325,0.4992599037881934,0.5485066480302886,0.6568828862433728,0.7057789481305671,0.7828645725068664,0.7080194942773421,0.4068895635118753,0.5830055051809382,0.024427480729561215,0.697240259174318,0.0,0.4568720357494216,0.7302670502482191,0.5752749410389338,0.8557183096181075,0.44161073529120315,0.6260989124148787,0.7553563825019769,0.8472230227537788,0.6384985745912366,0.5864283229899094,0.6153540162781345,0.6896427924164039,0.36541827027403173,0.04657727560637068,0.6730769225591716,0.0,0.46952010173143055,0.0,0.0006464124090290484,0.0,0.0,0.0,0.0,0.0,0.0,0.0,3.749302455357143e-05
p_48,0.9659447088972548,0.7277288657613057,0.5341829737023989,0.5637421224385093,0.004932182429936098,0.6228415541365713,0.6498904046422684,0.7219062780243937,0.4797601191408294,0.4807515713210768,0.4707240632183341,0.594953516622605,0.6117847253525107,0.785428145720649,0.46555819433201123,0.0947126434604307,0.5663411799750651,0.03460837855547925,0.6412745456530015,0.0,0.14255764900298432,0.7331031415844895,0.5374578340921756,0.6417676080733876,0.0,0.7215490915239654,0.7295587834831793,0.7203414948002955,0.5176328128989969,0.5501858732126209,0.5323698561681612,0.2558249219358316,0.037970430043732475,0.015673981068385728,0.6052044605165766,0.0,0.11111110967556706,0.0,0.002871500338323759,0.0,0.0,0.0,0.0,0.0,0.0,0.0,0.00011829194568452381
p_49,0.9729807477153904,0.7561802603343942,0.5871448906985521,0.8786361070421453,0.27531285238551934,0.7138824958283289,0.7781122129982585,0.8837529083542665,0.8038327884554778,0.5716179267901433,0.6344086007862181,0.732424674560887,0.7744940559356023,0.8795898113001008,0.7166474426022228,0.48163841694529563,0.630963093470013,0.16817806951213463,0.7802589271176827,0.018518516803841038,0.4254473132839807,0.7654332349561892,0.5908673297130695,0.8747788477574279,0.3316977396300516,0.7540217953740654,0.8125524711704434,0.8859759771370723,0.8015235733976492,0.6691951111089801,0.7264089813724703,0.7573011070609713,0.4493333323348148,0.511987621717033,0.8118513254574192,0.0,0.43736500843755394,0.0,0.0,0.0,0.055979642341484934,0.0,0.0,0.0,0.0,0.0,0.0
p_50,0.9721690215624882,0.7513452366766732,0.5736710194143282,0.9085337103711246,0.522558252243142,0.7303140210150056,0.7579653937382186,0.8693993236294564,0.7798756880733251,0.6941315302069182,0.7170191321323788,0.7374681377708834,0.7635310249069508,0.8580398894760084,0.767408810262995,0.5868844077905475,0.6565526124707791,0.5145067648500313,0.80419213903564,0.12307690414201475,0.3927785099393284,0.7358578897881151,0.5654903192574224,0.9017255481242646,0.48436881486201494,0.7162608426057283,0.7929250096456091,0.8404536634891852,0.7470430367289106,0.7057335574349352,0.6908835231054992,0.7135811829347675,0.5477680422449561,0.5360169434743968,0.7902990510664669,0.0,0.3899800729007114,0.0,0.0006161429432651172,0.0,0.2737226227422879,0.0,0.0,0.0,0.0,0.0,0.0
p_51,0.9692640628434066,0.7345567869140766,0.5682330312244396,0.8915943287899134,0.5541082136567724,0.7034065498918395,0.7687837102779903,0.8562040538782557,0.7547254716981037,0.5703454992198143,0.7363473573492674,0.6921397364800442,0.7706497217244318,0.8971675278182168,0.7381884619001232,0.5633919326506889,0.5899490146032447,0.24124513430937639,0.7908573486395724,0.0465116170903216,0.486035846244119,0.7338290070932918,0.5647123119586528,0.8914758337630074,0.4920424370554215,0.6875253960252098,0.7839569610108662,0.8614845775271243,0.7154213028983346,0.5460116211875208,0.7615101271604279,0.7088584797363535,0.5626911303512924,0.4305750320436534,0.8169014077131623,0.041666657986112916,0.4884510852973808,0.0,0.0011607661022612708,0.0,0.24034334248190253,0.0,0.0,0.0,0.0,0.0,0.0
p_52,0.9627103074751375,0.7421032290186769,0.5578480119765051,0.7953662686232598,0.16106014106972333,0.6742916765642725,0.7275877132969082,0.832282063274418,0.6759376307403602,0.5922558390090485,0.6740310064456764,0.6069609481877718,0.6526602983556336,0.7853324470793001,0.5122920888338401,0.39004149307226865,0.6743169362059184,0.24164889664784012,0.7317073165603397,0.0,0.12938596349357495,0.7566242387138552,0.5544298791742496,0.774079999380736,0.5053908321739162,0.6542455835946602,0.7440357268227733,0.8620433360802451,0.6348931244441174,0.6777777772689356,0.7341628945434335,0.5756112056360175,0.45314465337555876,0.3632812476348877,0.717160424317244,0.0,0.20611353531778573,0.0,0.002320185587932882,0.0,0.0,0.0,0.0,0.0,0.0,0.0,0.0003772553943452381
p_53,0.970335295877261,0.7695069507140663,0.5827717425170653,0.8871425449730254,0.2580645138791237,0.7169255782740599,0.7867232959263868,0.8875251176410551,0.8184307645928911,0.6397555478934098,0.67413399569771,0.7432605881153382,0.7505454534537521,0.8661715747560953,0.7080331405727367,0.47544853523265224,0.6530454870738416,0.32739725803152564,0.8059701485816976,0.23529409457901032,0.41310160151670056,0.7700304655360163,0.5779192065061646,0.8744968028753268,0.31462741200894745,0.7135613858710148,0.8247752801386282,0.8788639210226623,0.8144845576180029,0.7379609183730187,0.7587197358253597,0.7004212433299568,0.4867746555530559,0.4594795504871409,0.8048821260617939,0.13084110926718603,0.48261327459107867,0.0,0.004077471925815781,0.0,0.0,0.0,0.0,0.0,0.0,0.0,0.0
p_54,0.9706051958132889,0.7475768956334169,0.5488349001162387,0.8663299004923597,0.30883720642942136,0.7289447753181286,0.786065937081588,0.8948472832275314,0.8182076802016961,0.6651910143751508,0.7542245973171666,0.7026800640591286,0.6964947258578092,0.885703398434849,0.7008787340062577,0.5138823517320416,0.6803813312574946,0.33644859571208774,0.7735732550290436,0.1609195217333883,0.33056796215336337,0.7575078348238661,0.5620564997424168,0.8408553560443149,0.3482490238497177,0.7424710333335335,0.7948695043105343,0.8732876706988212,0.7554112543893247,0.7294178429818999,0.7606372237131737,0.7012685360896297,0.5170197559699602,0.42990653896544545,0.7865964395326949,0.030769226035503687,0.37072649374611916,0.0,0.011792452691126738,0.0,0.0,0.0,0.0,0.0,0.0,0.0,2.4850027901785714e-05
p_55,0.9714715251525016,0.736678538549615,0.5875045245092229,0.7631166546962223,0.0,0.6462757682369826,0.7381130148535074,0.7544984853222437,0.5599905240317535,0.4689045700264429,0.4228274962090435,0.6227106204296314,0.6878367962127853,0.7952423395538608,0.48501219894997194,0.1880608658055777,0.6120794462420776,0.0062383031426181965,0.5747321262941267,0.0,0.08060453298986735,0.7444704414990094,0.5977847020882229,0.7990717987082211,0.0385109109305403,0.6695274735014423,0.775894336431784,0.8527746315341758,0.6419213967124959,0.46251398703063906,0.3963018485803325,0.4495485224427557,0.09482268140560843,0.04558404532430743,0.611220601359072,0.0,0.33572159500654253,0.0,0.0023557125753155173,0.0,0.0,0.0,0.0,0.0,0.0,0.0,0.0
p_56,0.9605680962314473,0.6873781529805516,0.56551536814019,0.6681787628795541,0.0,0.5681113379154165,0.6720761120949373,0.7440673155223281,0.6033139773356267,0.5423271930284788,0.611416888486528,0.5438045356237189,0.622198878462537,0.494369771548607,0.2739116201152788,0.11393692760654421,0.5332182893303783,0.13077469700941935,0.4584189368207151,0.0,0.003552397805463627,0.6980966825939798,0.5749430223058881,0.630096801965291,0.029668411608478086,0.5322834644608225,0.7029291507002529,0.7778382385467039,0.6237677976125852,0.5655352787460409,0.610446289440453,0.36247544178888896,0.06759505544109677,0.20331728088112744,0.4796680495583754,0.0,0.002134471695469886,0.0,0.0034071550062058204,0.0,0.0,0.0,0.0,0.0,0.0,0.0,0.0025864374069940474
p_57,0.9652810304209908,0.7519040532156628,0.5781535100268572,0.7786823556279111,0.13518197456514755,0.7124192709385074,0.7405905647898259,0.8050390475989964,0.7705959937995012,0.6689365396486986,0.7406264453932627,0.6515690693899415,0.7473016947964679,0.7205773500221345,0.5984613304100005,0.44154976546167374,0.5954128413054456,0.19983065029779298,0.7212084748872345,0.0,0.046798028980319845,0.7637429585937953,0.6007741350638992,0.8536799736995513,0.37499999739583334,0.724338939581582,0.7872989112452421,0.84306161768193,0.767159884127456,0.6954829738043898,0.7253566784608355,0.5919495880967403,0.4158130133951623,0.25834542628196355,0.7017656910028576,0.0,0.32354778061494205,0.0,0.0105820104420369,0.0,0.0,0.0,0.0,0.0,0.0,0.0,0.001063319614955357
p_58,0.9646664969954463,0.7325604823616008,0.5838890401927053,0.8179461923130096,0.1909009795637736,0.5255523941490947,0.6345954748656666,0.8027462117411239,0.6489239040652153,0.5859910137836113,0.6438374060334108,0.4750360736651195,0.36244948597311316,0.5549618144904064,0.4955999666949585,0.08168642929726895,0.5003891031113264,0.18684695644224367,0.5024864373290651,0.0,0.3981841738120352,0.729577096801865,0.5666635307170482,0.818702171088564,0.0,0.5324935666103908,0.6265883473169336,0.8131545274069305,0.5966810299837892,0.532271859640587,0.5564424166973291,0.3657276209653879,0.004246284489792238,0.10825587693681861,0.46482598092413735,0.0,0.3991379293140606,0.0,0.0,0.0,0.0,0.0,0.0,0.0,0.0,0.0,0.000565156482514881
p_59,0.9655012095813332,0.7487681911787023,0.5544871410862917,0.8567191418143132,0.2716049354773155,0.7077483826912565,0.7754421515194468,0.8540267550346389,0.8054925663825995,0.6733197909800231,0.7336302878983736,0.6692576732636701,0.7178646670150676,0.8699775309162738,0.6365791387339723,0.3931560342325534,0.6522167455555825,0.14130434686613896,0.7338821413857021,0.19999997777778025,0.4382252529813976,0.7560345421787592,0.5723985681429365,0.8214801440336281,0.259677417260666,0.7090986930523131,0.7941385434664973,0.852111032859744,0.7923946546860295,0.7228510782429687,0.7875426604361292,0.6031831664390045,0.4274553563477393,0.28646517551599754,0.7531408596778927,0.11320752580990079,0.4728773557023741,0.0,0.005277044785263261,0.0,0.0,0.0,0.0,0.0,0.0,0.0,0.0002692812965029762
p_60,0.9737358288215509,0.7462224897322157,0.5579831100697845,0.8069876433707991,0.0,0.6877593918885069,0.7441242590914043,0.8405330878490197,0.6446723131468209,0.3553597648339698,0.30439829704063165,0.552999997235,0.5299031054797757,0.8167194130096519,0.3049859069831996,0.08836104492075762,0.6206896516637103,0.0,0.5658161195046468,0.0,0.1318918904660336,0.7557031173865763,0.5729974641915742,0.7973509928974407,0.0,0.6746638543417076,0.7703024773322087,0.8304110511373177,0.623679102195731,0.38397099250814515,0.3082191777182107,0.25853961471161424,0.03349561824051486,0.019173157464510742,0.5372523958228419,0.0,0.19061371703528002,0.0,0.0,0.0,0.0,0.0,0.0,0.0,0.0,0.0,5.5948893229166664e-05
p_61,0.9597896001604156,0.7313583879008334,0.5694539429179801,0.860333262697174,0.29480216993947117,0.5014583518830709,0.5549939740060327,0.8564389269134659,0.6330343790797511,0.6540515070241429,0.7224550483676423,0.5768206026269526,0.3210315681590415,0.5334165861913587,0.6945157873587281,0.4001835695268849,0.5272779190880379,0.05568181786544422,0.682618573783997,0.0,0.4053811641014297,0.7297887636139931,0.5451842839015837,0.867190552497028,0.29992463978956563,0.43280282927483,0.5262237039327825,0.8542068695222854,0.6609511479610554,0.6853280312641526,0.7855443176895534,0.6769208440274825,0.39091084076466237,0.19151376036976056,0.6920054292405476,0.0,0.4679444796168391,0.0,0.0005420054185853511,0.0,0.0,0.0,0.0,0.0,0.0,0.0,0.00142822265625
p_62,0.9619964244587835,0.7108652484988844,0.5367735405477834,0.8751311645242763,0.4593967481871868,0.6311391807957125,0.5392463963672065,0.8586480336834426,0.7361229710331736,0.5528455279870889,0.655564922732789,0.6526249586525464,0.6844543252094603,0.6920619099648148,0.7179919446305217,0.37271037862301465,0.5811905580091914,0.027196652435181462,0.7615276304456814,0.0338982993392713,0.4612596263649314,0.7255497776752476,0.5562455127358246,0.8554398179776801,0.49724625887296414,0.584611708342984,0.676696817218423,0.8670385862000008,0.7259398882333858,0.6463179179495101,0.6292428184742324,0.6928238576954111,0.4321507307433339,0.34171725635978095,0.763349513901396,0.04347825141777143,0.4437663450576881,0.0,0.0,0.0,0.0,0.0,0.0,0.0,0.0,0.0,0.00025271461123511907
p_63,0.9648220195373796,0.7323241600720832,0.5216958291031184,0.8738419119602161,0.5382467864977846,0.5707363221794918,0.6960485366150035,0.8325420544912127,0.6938621806277618,0.4545454541077182,0.527569245333758,0.5955249556894903,0.6608641571002046,0.8213707683831591,0.7333615932739622,0.4235899826267494,0.5826484000528207,0.029595015345833215,0.7030983160908365,0.1052631468144056,0.5413260655727337,0.7356375127613627,0.5305615918777508,0.8501875963694134,0.42866201376878876,0.6286280478917741,0.7223598288112836,0.842435297661364,0.6527371493389709,0.4816105974537122,0.5036496339552391,0.7020331847767912,0.3207878995413509,0.03994673741713224,0.6739322055662055,0.0,0.4908763801313894,0.0,0.0025078369748724955,0.0,0.0,0.0,0.0,0.0,0.0,0.0,0.00016363234747023808
p_64,0.9757238890081876,0.7657501512340634,0.6044085922882342,0.8554628065070674,0.16375198597971394,0.6637774359082548,0.7605515073038612,0.836504191136738,0.7921815879039324,0.6125455404621055,0.7048119678430814,0.6598143214197137,0.6844646387831166,0.8548709169778079,0.5551839459996621,0.33646420301301566,0.6149708623264416,0.1662337651543262,0.6973037384944856,0.061855663726220235,0.35542607170119395,0.765924705008522,0.5987891140056603,0.8068829061653079,0.020091324017430832,0.6507907355064195,0.7799226174909635,0.8495250786815947,0.749628025497595,0.7118697390766383,0.7450523850503447,0.49124335584974876,0.29687499942016604,0.40297498037204205,0.7198797557789101,0.0,0.37491288937342937,0.0,0.0019193857781248966,0.0,0.0,0.0,0.0,0.0,0.0,0.0,7.09170386904762e-05
p_65,0.9726479359841536,0.7342290782241412,0.5802768805294835,0.8186444880718443,0.18298261497728624,0.6054983310114671,0.7385448622283934,0.7970529781411212,0.6664915957635352,0.5050445537189451,0.5916764155245254,0.6485480243911094,0.6343656327813045,0.8325894166863526,0.5577683182139189,0.3189335127928898,0.6182669760268525,0.0168895143076037,0.6587873927224978,0.0,0.2770475199489634,0.7120661415214626,0.5593639267078003,0.7926086646653541,0.021476509778838797,0.5820719306803517,0.7154015001066941,0.796796593442751,0.6698337283787552,0.3092531045949198,0.45020719095013073,0.38394443516076204,0.06926546380595125,0.02324080036642479,0.5887545833296519,0.0,0.24862312943648207,0.0,0.0,0.0,0.0,0.0,0.0,0.0,0.0,0.0,0.0002883184523809524
p_66,0.9630565697037635,0.7407925926037189,0.5170109625417114,0.8525607443073052,0.10817030945718861,0.6153943004542337,0.6821376397669806,0.8561318141899084,0.6733031665503515,0.4873226679087514,0.5554678236173158,0.6358778601684051,0.7351635027550192,0.8098010443492842,0.5227485484714954,0.21679012292150585,0.628062358470444,0.04726735563318053,0.7154444062897564,0.0,0.3691722134236707,0.7385954650337735,0.5306142737285787,0.8549237390418433,0.3137614650113627,0.5784694669355659,0.7132559223408841,0.8609052554663634,0.6813872546725223,0.5286381722368592,0.6035433058985368,0.6120218573661004,0.26586316861775405,0.034200743240143175,0.7059910925922266,0.0,0.38209331411038266,0.0,0.003972194598091414,0.0,0.0,0.0,0.0,0.0,0.0,0.0,0.0008540562220982142
p_67,0.9677083740757745,0.7528904513491504,0.5931467138594482,0.8530024809662519,0.18403755695739382,0.56450631875304,0.6695776924710182,0.859376596392756,0.7911667896898112,0.6592768928289862,0.7688830273707233,0.6634353206197051,0.6102540821001495,0.675854868092423,0.5775817709830343,0.4304190370229022,0.6736736703019336,0.2752293563128475,0.7527500917292358,0.15686272971934023,0.28982527965236093,0.7558416229780772,0.602894979972464,0.863309352098333,0.1381074157024091,0.6187937808613029,0.7202895234991354,0.8655655441848392,0.7974478420119021,0.6908374666684874,0.7962495477889479,0.6299771342505897,0.40605960743280156,0.2932375805311934,0.7869441527272465,0.07792206780232885,0.25821972527490195,0.0,0.0,0.0,0.0,0.0,0.0,0.0,0.0,0.0,0.00028584798177083335
p_68,0.9721973978368331,0.7565385789514847,0.5831526146591287,0.8318896203994556,0.14255765049729927,0.7001534525421681,0.7905399275078655,0.8766690278071454,0.7725404873428324,0.6660730181607115,0.6888567279535731,0.6827615388277782,0.7070081601266305,0.8669789982444298,0.6719188620194523,0.46757538110785757,0.6452488658586023,0.22136916045189278,0.8094449040518269,0.0,0.28727556372150226,0.7662109546001897,0.57826494131651,0.8588725840514504,0.3185378562355278,0.7838989015798544,0.8126427214139017,0.8704778914300593,0.7868778271641653,0.7215264346292961,0.7617099595792393,0.7091890004270893,0.5037397148396789,0.2824655877769863,0.8005434314336899,0.0,0.4849161984082894,0.0,0.0,0.0,0.0,0.0,0.0,0.0,0.0,0.0,0.0
p_69,0.9697247702061771,0.763956363122411,0.5678607500636602,0.8331793824538584,0.1803852873871691,0.6686650399282758,0.743051884772357,0.8723090528621003,0.793055165509584,0.6161515448054459,0.7269255236008371,0.7378091846720523,0.6894865506941413,0.8574675043716161,0.544515239758468,0.35211267540379415,0.6502202614527741,0.27195026983721626,0.7995220612788921,0.0,0.2642924061453383,0.7606200493068427,0.5579582566062676,0.849294117147474,0.19884009777265868,0.6900262522639937,0.741093641648773,0.855108877210392,0.7902015003421553,0.689455288816422,0.6910928601998466,0.5863967318536701,0.39620132878214376,0.35568952256451003,0.8042421557187431,0.0,0.38837703480951785,0.0,0.0043923864978595425,0.0,0.05952380775226763,0.0,0.0,0.0,0.0,0.0,0.0
p_70,0.9777796975416158,0.7584842485509098,0.6172514563195144,0.8657319389063295,0.14847161409965487,0.6962226435179774,0.7412365183857929,0.8059659354446382,0.7217285560548793,0.5475241154035215,0.6407900142082156,0.4932318084042647,0.5049279738251403,0.8159839900558432,0.2698838245756292,0.07561260192389124,0.5024368608664738,0.16419752985063255,0.5384176127540019,0.0,0.44415414471486514,0.7645546837699686,0.6243822154351133,0.7724707162878736,0.005405405332359388,0.7523764095341936,0.7575265418504111,0.8323075366601214,0.6682033232218813,0.6602756137006354,0.7023928919581705,0.34868671455206823,0.0984668535986464,0.29669787926713714,0.5780031197490879,0.0,0.34889434603690134,0.0,0.005780346787396839,0.0,0.0,0.0,0.0,0.0,0.0,0.0,0.0
p_71,0.9739082881696386,0.7460312666893454,0.5946431197982164,0.8222703317583961,0.0,0.5286875807257918,0.639017871562077,0.706206779217595,0.7081879738270183,0.6317445116380055,0.6101744177177698,0.49295774455024355,0.5051154618383061,0.6822294069524768,0.36680461733085973,0.2723535450350628,0.3999999987034035,0.07030302987695133,0.5948627340344776,0.0,0.219269100561804,0.7482147481059884,0.6005591877608336,0.7555226288015069,0.0,0.6107741460454178,0.6559539721729563,0.814127423446848,0.6990649882268671,0.5472663252858125,0.6022078408803352,0.10259150404970033,0.19464402309025905,0.12430520402069124,0.5196627481570172,0.0,0.08073394421345005,0.0,0.004690431497699665,0.0,0.0,0.0,0.0,0.0,0.0,0.0,1.8891834077380953e-06
p_72,0.9622551556195129,0.6847807854067026,0.4929647682629763,0.8126448194467165,0.2515822764906466,0.5781394685201688,0.6421404229565276,0.8392901770360959,0.5777989513313017,0.5752697090661663,0.6795205824569731,0.5583916861116068,0.5591016531941441,0.791200854039819,0.6321884662233771,0.3274003501443962,0.5001328713788655,0.09870129806038118,0.6689645659251588,0.0,0.47055157223262206,0.6727102944397514,0.47526467570410413,0.8048867941796723,0.08858602990982939,0.5993296088355256,0.6626946123715562,0.8244541480480585,0.5204621525532209,0.5568117576619476,0.6003189783089011,0.40232201854202854,0.04650070444692179,0.039682539457581975,0.5583668771144574,0.0,0.5104782361352008,0.0,0.0003985651646102727,0.0,0.0,0.0,0.0,0.0,0.0,0.0,1.220703125e-05
p_73,0.9672800840509356,0.7551053978975939,0.5675965632260045,0.7512116311123428,0.25380710445171656,0.6820072749287551,0.7638322576645268,0.8084377337999584,0.7663551390678226,0.7219014137401445,0.7920948600946742,0.6612365765966806,0.6657011811110278,0.87635634316534,0.570262770874602,0.4207593165782666,0.6496751591720382,0.3403068316575535,0.7465464586690806,0.20618554575406745,0.06122448917117868,0.7426571310931265,0.5567516114532117,0.7188932263462119,0.2888198735340072,0.6958530182265925,0.7937041340997043,0.8153691495502239,0.6876182152078886,0.703782338048453,0.7780219764674886,0.6519136866814351,0.39317123574207413,0.19285232506505512,0.7641180917758379,0.0,0.14901256598731988,0.0,0.0022321428322305487,0.0,0.0,0.0,0.0,0.0,0.0,0.0,8.457728794642857e-05
p_74,0.9674553947036802,0.7430249049823882,0.5439348915427831,0.9198716183549066,0.5161290299773352,0.7754236203196198,0.8256072527635986,0.8873854990795752,0.8423477555665587,0.7241540032402778,0.7338690023524008,0.7235399626798088,0.7705217060005077,0.8767444709456049,0.6735856729002995,0.5369127504352864,0.6771066343135472,0.5711920482517214,0.7750692513618936,0.18181814049587713,0.4266211585895001,0.7391876424744952,0.556657021191478,0.907880704426161,0.5416666642134661,0.7567432938764306,0.8369944925767251,0.8680007569799881,0.7731075885686509,0.6957212342939331,0.7111845193223584,0.673378075377895,0.5350262685310283,0.6458157172796642,0.7612501138655943,0.1428571088435455,0.4654477828774472,0.0,0.0029535864916591004,0.0,0.0,0.0,0.0,0.0,0.0,0.0,4.359654017857143e-05
p_75,0.9737550403739821,0.7622173684063388,0.5946049539105409,0.81709717046919,0.17566137380252514,0.6929140338980192,0.7740944339653809,0.8722507703636944,0.7819775393289817,0.66464681382908,0.7486278798054273,0.7378277125924055,0.6666666648361705,0.884644121611824,0.6907234950835213,0.5061938292295511,0.7197284016607755,0.34918160289024475,0.7982055182002662,0.0,0.20123203078817217,0.7540074058090706,0.5855848472028331,0.8237462652871377,0.372549016564142,0.7035854317669296,0.7911701580845083,0.8861801652573215,0.7773697799845373,0.6569380876807374,0.716502730674311,0.7022149296946555,0.4509921818981917,0.4185053350996062,0.7990034551161268,0.041666657986112916,0.2740213498752549,0.0,0.005934718012838012,0.0,0.07423580623939288,0.0,0.0,0.0,0.0,0.0,0.0
p_76,0.9651818450101474,0.726725932081722,0.5551979426226923,0.808622633908621,0.08463251576133056,0.5982223763475384,0.677880887098829,0.7935189513374363,0.6824469709768722,0.5186342678969964,0.5456722535996027,0.6323086177446997,0.6502384720449431,0.8085054454363303,0.5648019595224157,0.15647649106768913,0.579049463729149,0.006182380168606027,0.7109185691233435,0.0,0.28300258599652645,0.7350800306160342,0.5500856442042537,0.8314208493946121,0.03099361867827148,0.5617599792079797,0.6947000094101042,0.8229179252853149,0.6149374439341116,0.5364412339654947,0.5712733190159875,0.5114846866582184,0.17195298635976014,0.019578313105584992,0.6978648722595314,0.0,0.37562813834404435,0.0,0.0,0.0,0.0,0.0,0.0,0.0,0.0,0.0,0.0003372918991815476
p_77,0.9708948884478403,0.7457454921800516,0.5930067132618079,0.7560205007680822,0.016806722487314258,0.5876213591214249,0.5886333150129425,0.8105761252692443,0.657730347920705,0.5024525481606223,0.4884287446887504,0.6373344697251837,0.5365257744037972,0.7266570195684726,0.5330261131595372,0.17719568521521395,0.6059602615565107,0.022471909972085456,0.5745204127787784,0.0,0.031161472646438065,0.749647077013876,0.5802577275796401,0.7347253249597617,0.04171779089916821,0.5367653730170343,0.4843034261440956,0.8312664407412539,0.6245622803594769,0.5623497993575769,0.5260115599335093,0.4404871743490615,0.16133217958189408,0.030683402854369577,0.570284049111228,0.0,0.0076335877134199644,0.0,0.0022446688861428856,0.0,0.0,0.0,0.0,0.0,0.0,0.0,0.0
p_78,0.9710192926614453,0.7502432669241377,0.5824685573629061,0.8086097854162821,0.019950124439524635,0.7021429462854331,0.6510562191124272,0.8182668496185602,0.646884272082967,0.5342379516442345,0.5854060276965805,0.5849399760460532,0.5309679410800873,0.7691594047962029,0.4956131794739587,0.21118849649249946,0.60769230477071,0.040629095408721526,0.5637248779405037,0.0,0.24326833571709996,0.7467233364507005,0.5824169732546541,0.8019154398493836,0.0,0.5796217872773762,0.6276084904253083,0.804984998381615,0.551304582193721,0.520557539734848,0.4359626796212006,0.314926828961047,0.05347359181794085,0.039667306208142634,0.49648417849291554,0.0,0.32735103856890857,0.0,0.0,0.0,0.0,0.0,0.0,0.0,0.0,0.0,7.600330171130952e-05
p_79,0.9708669530621226,0.7593594769984277,0.5959854329568587,0.8602815289802732,0.15727699345919022,0.6457027425298938,0.703238531481629,0.8640945047880706,0.7898029024078804,0.6524732879679673,0.7343514718555572,0.6655348019289694,0.6427388165578718,0.8509725889651493,0.6865701440972839,0.4363149666823222,0.711622803116103,0.21465666350457782,0.7567076688213427,0.06382978044364038,0.27482128455265065,0.766158454614437,0.5972594874775564,0.8461110488226822,0.2471910089214325,0.6161761366769736,0.6863165914860425,0.8733720925154813,0.7786666657228283,0.7288191031004096,0.773991217282059,0.7005507771760066,0.4122941813121972,0.27199001701815334,0.7765475584830167,0.08163263640150277,0.3962641734738881,0.0,0.0,0.0,0.0,0.0,0.0,0.0,0.0,0.0,8.719308035714285e-07
p_80,0.9695253903347969,0.7422177407194636,0.5925564861857625,0.9021199553518308,0.3901192471029025,0.7498054748178997,0.787227689122007,0.8598550219423226,0.8071123105929414,0.7023200266953941,0.754914155872321,0.7439933689146918,0.769768456160401,0.8538166057610919,0.7257566391540492,0.5053418789921423,0.7000446995974756,0.2949806927028518,0.7991012145857408,0.5656565085195445,0.44993819252201367,0.7275080756228652,0.5822957370927652,0.8816682488020297,0.24202419975770958,0.7453472319612195,0.8156071453810945,0.8649364720509807,0.7609967489046623,0.7445661324814102,0.8008626867940027,0.7330308179873031,0.4855440289438446,0.33309195993416396,0.813478690967811,0.16326527280300554,0.45675815403025294,0.0,0.005565862682904162,0.0,0.22588234762629772,0.0,0.0,0.0,0.0,0.0,0.0
p_81,0.9601375736859276,0.7240473040979167,0.5225725110433791,0.8589508386219588,0.3394342733824104,0.6010169856970643,0.6178879161838485,0.8869238416674456,0.7295149997278371,0.45981507782733366,0.5262550480356702,0.6401468768661356,0.6776636001144846,0.8289207251756282,0.7205298006882739,0.34388411924923784,0.6430446166096035,0.025677603240530648,0.6942655621785759,0.0,0.47480105785940946,0.7117642059025369,0.5120701696196375,0.848839532716081,0.2128801412085855,0.6726225758589587,0.7211861635986232,0.8730958513750318,0.6363922384516075,0.530359976171085,0.48432944518161547,0.6968922589259812,0.29148753161761065,0.0986651184058902,0.6653356990052235,0.0,0.4454072770996218,0.0,0.003663003629459674,0.0,0.0,0.0,0.0,0.0,0.0,0.0,0.0005442301432291666
p_82,0.9719671934309793,0.7243817086763867,0.5935593084152935,0.8978534000229396,0.5683453203336611,0.7308019849262026,0.7902128372054456,0.8875771107809098,0.7289342251312994,0.5664271231191937,0.6109660559910609,0.747658686920763,0.752588359956108,0.8509623081226242,0.7314072686566568,0.4861183853166098,0.7202406501064003,0.2962962943366647,0.7889615320138653,0.2857142346938866,0.48323471162113063,0.7478001976463344,0.5989979632598164,0.8978840074304852,0.5305651641835919,0.7526994337416275,0.7888254238169564,0.9012708867373083,0.7345767568296732,0.6715108043111156,0.6825954540112545,0.7357161485905591,0.5192866019923547,0.3754208722607671,0.7758429628179175,0.20512815253124292,0.4319727872790272,0.0,0.002666666662222222,0.0,0.0,0.0,0.0,0.0,0.0,0.0,1.3078962053571429e-06
p_83,0.9630556134165564,0.7361720097523328,0.5647172066795312,0.8183203939103405,0.13019079539628736,0.5763129248244413,0.5865804801307708,0.8462076757031772,0.711333750040353,0.6349781690131163,0.764029973748493,0.5405750787208199,0.6630638107190526,0.602770353540968,0.4150375935948895,0.1421541822248382,0.6095461634994281,0.09276177025466079,0.536275242747273,0.0,0.26833976574961615,0.7287274332057696,0.5593036113606201,0.801493413540778,0.025433525717531495,0.594399128722566,0.6734179654765781,0.8496312555032195,0.6743311029741523,0.6480086108735542,0.7024128675249758,0.39702322209537955,0.19159101722027946,0.20521172527029466,0.45658941516396323,0.0,0.2912873843219286,0.0,0.000772200769219302,0.0,0.0,0.0,0.0,0.0,0.0,0.0,7.193429129464286e-05
p_84,0.966573196663491,0.7071293915923004,0.5290666974106261,0.7955000964663477,0.028665931326726228,0.664717576794422,0.7105189711128195,0.7637240710257,0.5513430143280517,0.3736309438696583,0.2783505151052184,0.5914567338756599,0.5276938552276137,0.7862541475995062,0.4367966987651944,0.0028157682968307156,0.48198636571574305,0.012030075097518233,0.5201973066789779,0.0,0.13521695120870886,0.7149372234236704,0.5475657961862559,0.7962073319872267,0.08293460858903821,0.6003476157182275,0.6910564080961956,0.7631868415676566,0.5573146047407278,0.4436944243242069,0.31625952151791503,0.32593357397527656,0.0,0.038759689672095025,0.505728424848669,0.0,0.300319486898917,0.0,0.009433962115818206,0.0,0.0,0.0,0.0,0.0,0.0,0.0,0.000914946056547619
p_85,0.9643426303134484,0.7206175242981575,0.56682679998544,0.801161723998422,0.0021715526365738043,0.4741683004998695,0.583538608231074,0.8479115735742845,0.6547433897212837,0.5594269935391875,0.6825419181590222,0.48408758982748146,0.33603707898019386,0.5294450530950784,0.46862976013456636,0.10723742253478062,0.4363769694302274,0.13627514512475572,0.5563501519293139,0.0,0.32069194730078543,0.7073746125338736,0.5613163817207151,0.7937900303558236,0.22367465342284204,0.6116071427596289,0.6558365343139247,0.8473669845307684,0.6245614029320763,0.5761204728747792,0.6825351295059721,0.5775371369030008,0.2110043664436605,0.09315068442109214,0.5554607505147119,0.0,0.37730627132238803,0.0,0.0015052684357619959,0.0,0.0,0.0,0.0,0.0,0.0,0.0,0.00035385858444940475
p_86,0.9778696077734019,0.7658920661144143,0.6339380131102025,0.8704918029219296,0.12560386352073563,0.7147527766224576,0.7999325730116434,0.9013233754866161,0.8612887347992023,0.7253940448989544,0.7553191471893638,0.7481781346227605,0.5989967524373067,0.874293141426665,0.6294662940964213,0.49297510354208746,0.7351746517661467,0.3487109881362891,0.7979915710589155,0.2547770538358564,0.3357531729967952,0.756694317446773,0.6225168502180779,0.8769780496811647,0.2444444423551757,0.7337004794959805,0.8202664273388183,0.9043097146124012,0.8328966843229335,0.74961544970978,0.7625461638875817,0.6872889855942249,0.49099399490550594,0.37310720549299087,0.8127901876366271,0.15789471606648472,0.39600249596500625,0.0,0.0023054754910347233,0.0,0.20253164044223695,0.0,0.0,0.0,0.0,0.0,0.0
p_87,0.9734339760118736,0.7616585289305114,0.6071930017244281,0.7943938525936299,0.2680036438650534,0.6619543649425523,0.7645960706493129,0.8389911669474347,0.7334506555659258,0.661444988901658,0.7193548372593653,0.651070180930462,0.7162966954079678,0.889471316351542,0.7107536994518319,0.4808813988315373,0.6744314993098641,0.22026431579443476,0.7996321986126956,0.05405404674945314,0.26493506149434987,0.7650552921589178,0.6002574151746048,0.8317301351747726,0.23193916129335398,0.6580196397999141,0.7642973711371985,0.8650160204689683,0.7189115636477394,0.7138461533231897,0.733909700799405,0.6866416972653454,0.4158201849668896,0.25407165958259503,0.8038845420340935,0.0,0.41592920047249854,0.0,0.0,0.0,0.0,0.0,0.0,0.0,0.0,0.0,0.0
p_88,0.9692282488656563,0.7200045608025799,0.5430712041055985,0.7905239955983571,0.2120911772835364,0.6583977394127819,0.736282306110744,0.7965741089975593,0.6045258612546797,0.5675657492651068,0.6547119407578941,0.6389444196763517,0.6558470416721942,0.7868167611475833,0.6583827177801733,0.31368680563825696,0.621036735676715,0.054282267465125045,0.6838273916068838,0.0,0.25059476407141346,0.7256482586903796,0.5441838051595088,0.7674676519279352,0.025615763294425976,0.6732115121520887,0.7565923334474355,0.8133487602378974,0.5274946514061978,0.6383773681355902,0.5858697646451397,0.5147383930409558,0.18333914223886522,0.1039112661768169,0.6826382721956239,0.0,0.1901021194807375,0.0,0.0,0.0,0.0,0.0,0.0,0.0,0.0,0.0,0.0
p_89,0.9672455162066198,0.7254527653974948,0.5636092811756023,0.7551444461725689,0.031662268711579566,0.560987233947066,0.622406054702549,0.8271373524798826,0.6122091561018149,0.588852141172177,0.6636568837234643,0.6160754350423195,0.5555281936578965,0.6459724292758914,0.4657184889988048,0.34252297314808416,0.4983974339006513,0.12871972229259707,0.6971584860225205,0.0,0.08529411639273358,0.7373823706296913,0.5770287105409679,0.7718025318168996,0.03943661916286452,0.6457840034982767,0.671284094350519,0.861414096195441,0.649797834029219,0.6142893034472826,0.6479831513883312,0.5304418831953164,0.30184108454011366,0.1519949325396141,0.7152713885960814,0.0,0.17910447594118958,0.0,0.0011337868416451994,0.0,0.0,0.0,0.0,0.0,0.0,0.0,0.00011436825706845238
p_90,0.9683434422800682,0.7125408226275058,0.5619575582158475,0.5266673209638864,0.0,0.5465513714839544,0.6779126929401728,0.7421492050944524,0.617361421459194,0.5888034823557557,0.5319435095293485,0.5553335974617115,0.5818347357572622,0.6741773914900712,0.27295875040488987,0.12843633136477606,0.485574787014759,0.22023399710781832,0.6130559441134521,0.0,0.003745318281922879,0.7234177861963925,0.5804572536308141,0.5911130094091935,0.050383351036326934,0.6382564265306951,0.7419113850562172,0.7935822955498854,0.608080532433573,0.5884263955408282,0.5912064497319239,0.4523056430395325,0.15599639279531924,0.2561463678893861,0.6541730803465812,0.0,0.053179190136656763,0.0,0.0,0.0,0.0,0.0,0.0,0.0,0.0,0.0,2.7611142113095237e-06
p_91,0.9548633945230929,0.716153577850485,0.5580973598143385,0.8058066570212663,0.09941520370940347,0.5369660689058482,0.5003862220908339,0.7893616129642347,0.5226881096810017,0.41279139246097346,0.43286061015349353,0.6963210679052807,0.645172655663896,0.6923000298068311,0.5932841435075409,0.22278664691076444,0.5405636185287633,0.004115226309223414,0.6529144583314948,0.0,0.23699421794079323,0.7253911986480259,0.5707209783897519,0.8131186421506552,0.14486486329875825,0.5303784793364423,0.4817170358659829,0.8092351574214498,0.5494528179336643,0.48330034606426253,0.47646145825599917,0.5225660373414596,0.1582867781528759,0.03276539952316252,0.6880405796396953,0.0,0.33097165824407054,0.0,0.006866952730755771,0.0,0.0,0.0,0.0,0.0,0.0,0.0,0.001231747581845238
p_92,0.9705834131104395,0.7455784841433114,0.5736515294045507,0.8968046647941094,0.38929440073564964,0.7405607720488189,0.7927738639096408,0.8706992520433127,0.8333517873620289,0.6833216039027783,0.7723485684027279,0.7271623650161991,0.7099424795673993,0.8859414671779464,0.6807840386062443,0.43635561342079066,0.6688259082233768,0.39711769097583915,0.7718295648610559,0.26966289104911334,0.4389400896374419,0.7559366499726519,0.5874220760008926,0.8683054566361271,0.5576679305597723,0.7285441236472555,0.8203435262003779,0.882543162026559,0.805305946934846,0.801391241593337,0.7945086058084363,0.7273485031863395,0.5859142965933087,0.6157371992686234,0.7703763652202539,0.23333329444445092,0.4837786236460943,0.0,0.0016611295612079335,0.0,0.0,0.0,0.0,0.0,0.0,0.0,0.0
p_93,0.9680388482860197,0.756286414646762,0.5503800181799666,0.8686102857321361,0.2291434902208733,0.7183098589890764,0.7615762857416842,0.854572713201379,0.7690140835223892,0.650807136235508,0.7275653908902106,0.6687069599513887,0.7472731474883427,0.8725183048617915,0.6685976821128669,0.44486691921236393,0.6256450947771135,0.1854014585007193,0.7545721744329097,0.057142848979593,0.48004764455004384,0.7648080063790946,0.5618781858983929,0.8272684856384018,0.28237791632295206,0.7044757949037072,0.7463979658515869,0.8454124689107474,0.7028181031841473,0.7104437085683858,0.7726526877435685,0.6751302693745805,0.3569120280845386,0.3447749783007248,0.7507216971594588,0.0,0.4365482205802778,0.0,0.005676442708832141,0.0,0.0,0.0,0.0,0.0,0.0,0.0,0.0001190185546875
p_94,0.9661703681284292,0.7429088071932382,0.590906757407144,0.8780221891624376,0.15440289319176245,0.6660041915397116,0.5786660980529554,0.855202870077172,0.7272727263682717,0.4965574446316405,0.5569837177442508,0.6439509929404632,0.6638276536477263,0.6299969776863482,0.6568636928926539,0.38079852208447146,0.6591375736183903,0.07745504787375486,0.738792274107496,0.0,0.4471101393287343,0.7514848114076472,0.5936721041875168,0.8522555137797851,0.373083472120243,0.6635141860443159,0.5848409043008866,0.8844758898362115,0.6657783153655018,0.5314075715482373,0.5857564252301803,0.6438697477069596,0.38981531219326643,0.11055276302546473,0.7304031833099125,0.0,0.425212604176025,0.0,0.0028612303085748907,0.0,0.0,0.0,0.0,0.0,0.0,0.0,0.0010035923549107143
p_95,0.9695175820878685,0.7222576668592862,0.564071261171919,0.4315974466454561,0.14412955348882953,0.6342898166621992,0.7673374623812635,0.5784022148608337,0.5741115276305815,0.5686641185717016,0.5960557623324452,0.5927893715643666,0.6956746938728964,0.7944940500518999,0.5486132747362004,0.29307909552775585,0.23542354105927646,0.0,0.6768010570046258,0.0,0.01820546140174953,0.7287793818051835,0.5722005583214177,0.5685569185690257,0.26116838263601044,0.6440368604718788,0.7371231437875264,0.7045251010353869,0.5334980772467077,0.604852418015104,0.5852807802837796,0.5732368892214065,0.2229407756587121,0.021103895932598246,0.6385046724198096,0.0,0.07975460041150716,0.0,0.0,0.0,0.0,0.0,0.0,0.0,0.0,0.0,0.00016305106026785713
p_96,0.9698921086145874,0.7312423172288134,0.585223444860094,0.7872173646142796,0.09075630175835041,0.6746471262452476,0.6493713829142972,0.7402058684179823,0.6586355246974364,0.5494167768740541,0.5856445984869065,0.6591928226487562,0.6868871135988892,0.7485350619726542,0.5811153872892348,0.2992728658643841,0.6060606028941452,0.02985074603416539,0.6549555702973646,0.0,0.2333333309027778,0.7292393826391307,0.5854714792174234,0.7822359631914582,0.002460024569987398,0.6397137870958013,0.6981534662297597,0.7857851063060142,0.6087486284772162,0.5472377051102535,0.5765347877537043,0.3922048410450015,0.11043397948211639,0.05963938932288912,0.6414489720366082,0.0,0.17918551874040256,0.0,0.002169197373436037,0.0,0.0,0.0,0.0,0.0,0.0,0.0,2.5431315104166668e-05
p_97,0.9670672553580328,0.7609466162509605,0.605991810784663,0.8528728956989394,0.23336371710698525,0.7363268779285793,0.726443788917006,0.7884332776542151,0.8175791789619701,0.6196025818566256,0.5896551712841855,0.7123809501194255,0.7531844180299346,0.6143934878951246,0.6515164454066498,0.46043165372984246,0.6932865261374,0.2088197133020771,0.7969812442673682,0.05479451304184753,0.18450826645336582,0.7634920949011618,0.6041007172803255,0.815966224770699,0.5040106918181103,0.6689949390043508,0.7521331996312968,0.8673835120942375,0.7631440578823028,0.6566494724851242,0.7186834448815422,0.632007846802982,0.4881516578779591,0.2489331418994798,0.779596497312831,0.07142855867347166,0.2700360991333134,0.0,0.0,0.0,0.0,0.0,0.0,0.0,0.0,0.0,0.0030258905319940476
p_98,0.9747615135347176,0.7458192071621386,0.6160272267765989,0.7926228006618645,0.12290502655972038,0.6584382660810293,0.7749673738496801,0.8507349945670007,0.7552901457155782,0.6620170827819003,0.7192032891985207,0.683972909390621,0.6760495009074267,0.872234746922602,0.6921672070899277,0.43112244787978965,0.6643067807415529,0.20423412077064682,0.7732780076570307,0.0987654199055037,0.2907407380486969,0.7394683460594829,0.5973547526990592,0.7744864537254492,0.23472356707348627,0.6422962359886071,0.7877788695000773,0.8202085800161065,0.6760485641886748,0.7053177485058304,0.737413827580084,0.647889924602558,0.39182470927669916,0.08766716131005081,0.7755272144906833,0.08955222543996635,0.3376849404901224,0.0,0.005741626739314577,0.0,0.0,0.0,0.0,0.0,0.0,0.0,0.0
p_99,0.9770405823694313,0.7679041765850669,0.6082379659096852,0.621505138002536,0.21686746750418984,0.723520264034496,0.7876759844393882,0.7703630522250615,0.6022917463598665,0.6628922900238399,0.704449151298642,0.5194058432227798,0.6458773767286539,0.8630143339575675,0.6582982151364671,0.47505837300985276,0.6114588319140162,0.2578947351454294,0.7366986944380477,0.023529408996540116,0.025889967218608947,0.7732958794972667,0.614441458540185,0.6977811775081636,0.29359605622072854,0.7129203538421002,0.8074419456976699,0.801953912710017,0.6304971311777042,0.7223868251068788,0.709465304188501,0.674125167669814,0.41553682591510294,0.2862523522520254,0.7687188014405565,0.0,0.07328605114319088,0.0,0.0033361134000324155,0.0,0.0,0.0,0.0,0.0,0.0,0.0,0.0
p_100,0.9788090705796338,0.7702467688346233,0.6306842701156942,0.7804717781848532,0.19234042389497513,0.7199115877193693,0.8025622576954717,0.8190648562177588,0.6324558469969079,0.659581761519042,0.7510335306590871,0.6869901215672386,0.7242905474504281,0.8628774491546966,0.585570469252824,0.4190332886608364,0.6493955057605325,0.23129251504002965,0.7740519656126651,0.0,0.39473683885907207,0.7702049151359734,0.6181355876132132,0.8016887811811286,0.2833471393260386,0.6809422987481729,0.8140230342743859,0.8378082539193817,0.6396355343361647,0.6951219506140053,0.7037764664837886,0.6514025169477624,0.4332101877635423,0.25525291630153374,0.7947443174762568,0.0,0.4378453008436098,0.0,0.0016286644818512665,0.0,0.0,0.0,0.0,0.0,0.0,0.0,2.0345052083333333e-06
p_101,0.9693781740105533,0.7384290400680107,0.5572323533692848,0.8814388308316498,0.2829457336923863,0.6041381823709528,0.7119839952091798,0.8887634737351072,0.8197159149936677,0.540972932247258,0.6840131254476954,0.729653879857643,0.6582278464989585,0.8725066487911391,0.6407064574521689,0.44766675336760675,0.6946938747155351,0.2535211246601398,0.7641331908990157,0.0,0.4211968916345505,0.7562303599639708,0.5841558770033514,0.8850503220386038,0.34842519342101186,0.6385216112583079,0.7668650412256438,0.8925601253694313,0.8025407942147182,0.6746280337953915,0.7090700328149943,0.7243769901401752,0.5386620318447828,0.5404644578433184,0.7869126109782885,0.0,0.5533655613485847,0.0,0.0031695720826499835,0.0,0.0,0.0,0.0,0.0,0.0,0.0,0.0
p_102,0.9608021406478304,0.6928615459995302,0.4901482904265825,0.8562279149579759,0.3520599232099523,0.6545786800701363,0.7465969726160707,0.8325191900252854,0.7164829832669457,0.5063810794231316,0.5570364551998501,0.6242118517521694,0.6703877771140194,0.8224453707927184,0.6741999632306998,0.34044986591603155,0.6369489814910897,0.0434782605741966,0.6682695805695668,0.02898550304557927,0.3672172784801952,0.70110867692061,0.5071873637456472,0.833097785573357,0.1449541271105126,0.6250550796741086,0.7459807073401024,0.8437856323328419,0.686122547001547,0.5817477091422236,0.5798933427219172,0.6200927903104098,0.24417808177366768,0.07642563153188929,0.6776418237466505,0.0,0.4255725170535662,0.0,0.0,0.0,0.0,0.0,0.0,0.0,0.0,0.0,0.0016158331008184524
p_103,0.9706035048996032,0.7635984251643648,0.5714763395894319,0.771384337007235,0.12801678774379027,0.7595290434145219,0.7629018296299659,0.853998202575248,0.7341493594634172,0.5355779238670793,0.47703116469639495,0.6401480081399259,0.6935529659370833,0.8702024460722967,0.5626417943343905,0.2844390337098011,0.6420047694391123,0.1678035459222132,0.7744889609366403,0.0,0.03684210477839336,0.7641286107587816,0.5777130552091785,0.8160797751224184,0.05151793880848263,0.6846493770001301,0.7566211780441099,0.8484990889687487,0.7390294259950575,0.66972263175377,0.6811708847286969,0.4862637358708276,0.2893847189158473,0.34334763702898685,0.7663631671823028,0.0,0.18466353533127125,0.0,0.003174603124212649,0.0,0.0,0.0,0.0,0.0,0.0,0.0,3.47319103422619e-05
p_104,0.9776075651852889,0.7579198356673358,0.6123021418953375,0.7904479293553427,0.1272949800820688,0.6994518943869121,0.7836308746760366,0.8528099001558075,0.7162748222822702,0.6176024274525019,0.6881996684011752,0.643536118614372,0.7017161517250989,0.8637387588776624,0.6511891273582586,0.4703688344998574,0.683158893039206,0.10355486782415095,0.7623214721684789,0.0,0.12282734504255684,0.769193739100201,0.6083599556230888,0.7527847639662372,0.030237580666980773,0.6995317046999258,0.7842198853457868,0.8529906182674526,0.6754683758638648,0.6795216736326445,0.6937688608312288,0.5912950213680445,0.3795859799557574,0.09108402763897352,0.7714357549480884,0.0,0.12188365538426911,0.0,0.005891016113534373,0.0,0.0,0.0,0.0,0.0,0.0,0.0,0.0
p_105,0.9692796540808318,0.760308637531006,0.5791550086029951,0.7614151793457702,0.21739130245746693,0.6166755935063659,0.7213689084203476,0.8354597667689423,0.7338674424852623,0.6720366416551871,0.7742065882874336,0.5874524686908152,0.6906198554837634,0.7248092289964535,0.549708604259763,0.4032087810783011,0.6375105103552964,0.277188327074348,0.7351930295458452,0.1333333155555579,0.2640642908833032,0.772834122379186,0.5990651632325602,0.7558896460354234,0.371822800495114,0.631699602931014,0.7438761873551663,0.8561726613777424,0.6799617529299798,0.7244857432098437,0.7790346893306285,0.6137382952130472,0.413115968112049,0.3153153132862592,0.7553873986219877,0.10810809349890628,0.26115702263506596,0.0,0.0,0.0,0.0,0.0,0.0,0.0,0.0,0.0,3.197079613095238e-06
p_106,0.9684542306423685,0.7018012891710027,0.5676536645281116,0.8565640191018784,0.045977010907062445,0.6611965312743282,0.6958017713479204,0.8294631941198349,0.7307458319372846,0.4337715763940868,0.5004074969429351,0.6305156814712501,0.6962285698371918,0.7282256917531178,0.5318403110692889,0.22998986770519284,0.5668186581311165,0.03482587035799444,0.6439906065295733,0.0,0.3952011263570845,0.7030949633090994,0.5546889798381742,0.8262056411505477,0.011641443403475631,0.5938286618500115,0.6408929515347831,0.8156145392411416,0.6615041644239069,0.4048550012994013,0.3933535702295038,0.3366571227794875,0.0014531363491084128,0.07840236628400617,0.510020732197636,0.0,0.4290357506552776,0.0,0.0047904191043063584,0.0,0.0,0.0,0.0,0.0,0.0,0.0,0.0002147856212797619
p_107,0.9745394552896893,0.7579600232320203,0.6210250838569035,0.8795016399869138,0.1405152208370583,0.6575268029305676,0.7578012398707804,0.8735217686410767,0.8284375347714739,0.6605026471711334,0.7182272415419787,0.7073926484843176,0.703090505786174,0.8784158992988426,0.7105473424784785,0.473876062031893,0.6775421387844365,0.4017391269413989,0.7985416464442913,0.2718446338014919,0.34071340503866293,0.7487965982138771,0.6109987125160022,0.8478935250435837,0.36032756723996756,0.6582169708575258,0.7866777983463388,0.8372799660324393,0.8001983133363928,0.7456728772292565,0.7536171089251057,0.7569255558004175,0.5454976290391051,0.3852779922844323,0.8015347714133959,0.27777773919753623,0.2998102447829839,0.0,0.012391573576312596,0.0,0.24708624132666104,0.0,0.0,0.0,0.0,0.0,0.0
p_108,0.9703580822858535,0.7457793218661906,0.5917968444007888,0.8319369142237945,0.15401069353999258,0.6934258007190238,0.7758278375025458,0.8552893162837243,0.7352631569272854,0.6418031452555513,0.711857291265777,0.6695842421462396,0.7248322131958601,0.8665470735710434,0.6898443022913621,0.45819256660010016,0.6909643102089433,0.2664835146532726,0.759268928843108,0.3333333127572029,0.19644722887724944,0.7432140511831575,0.572646408753895,0.8344123334216029,0.33233830515086266,0.6947413698903664,0.8076215540660628,0.8675903282436347,0.738246963161901,0.7020362705201748,0.7284794836514894,0.7083333327106774,0.5069514396394289,0.2255845926713577,0.8001749009180805,0.0677965986785426,0.32816326262723866,0.0,0.00867052010591734,0.0,0.03950617186404514,0.0,0.0,0.0,0.0,0.0,0.0
p_109,0.9729110034063285,0.7508591830743033,0.5955210997850705,0.7939726402375025,0.3032069941379301,0.7229123451364783,0.8010647333283576,0.8733753765432546,0.7000956405245312,0.6334250879800039,0.6795305337586423,0.7213483125804823,0.7530987309401642,0.8561293281465304,0.7661645841603926,0.4974073353228206,0.6675615182659439,0.08423912986250591,0.7638455999649599,0.16666665123456934,0.3435194905846208,0.7688257950806086,0.6091582962929067,0.818705522996472,0.18425760121415383,0.7028468930913749,0.8080126314956588,0.8510487019486618,0.7305219841469247,0.6934764527224458,0.7260299967229353,0.704838850702697,0.41034139806042197,0.15880893201731433,0.7532908012975121,0.0,0.4955991841868708,0.0,0.0032467532203997304,0.0,0.0,0.0,0.0,0.0,0.0,0.0,0.0
p_110,0.9786017724002483,0.7476022984181387,0.6390838960198387,0.8450909794467788,0.18766066596837191,0.6406835676432462,0.7626986347209395,0.847726674981484,0.809188081863557,0.5950267845246447,0.6813967238481028,0.5347593554290944,0.5591142722059538,0.8641046793300003,0.6949152535362033,0.4409379784331844,0.5852861003526643,0.2016908200380989,0.7660218664709656,0.0,0.31941923485100515,0.7455188196108516,0.6234436270241214,0.8465133210860513,0.1766561495619753,0.6088644701685405,0.7491339511919013,0.8468310817264554,0.7664373511148784,0.6817075144605522,0.7196078417262591,0.6463871537498777,0.3049946859635234,0.2464985980588314,0.7541522769658343,0.0,0.34918032500671864,0.0,0.0029090908879338844,0.0,0.0,0.0,0.0,0.0,0.0,0.0,1.7293294270833333e-05
p_111,0.9707905088805753,0.7045669950412664,0.5593765767010102,0.8310619692306187,0.023166022867876154,0.6546541940165131,0.6448552579651099,0.8212037761500768,0.647981485410155,0.5010211024120558,0.6122376367622953,0.6267553561465063,0.6896112158708069,0.7681999828640081,0.5557088963513581,0.3025885893375507,0.4823327599233867,0.04889228381289317,0.7169373543943177,0.0,0.24064711586807772,0.7038273064465069,0.5509965724113828,0.8237791928084447,0.0,0.5645573540847809,0.6188304084721157,0.8289848944602383,0.6122540746349027,0.53499507074004,0.5631503112483587,0.40028288507754345,0.12036448374578411,0.02853260850181652,0.6542056069449772,0.0,0.21717530009101987,0.0,0.0030120481474089134,0.0,0.0,0.0,0.0,0.0,0.0,0.0,0.0
p_112,0.9759861262623394,0.7737535406763227,0.6098918598104615,0.8584662888016128,0.14137213990257652,0.7285348583453944,0.7870104216758053,0.842257597249195,0.7557027216633521,0.6227066013621557,0.6953124987654253,0.692930778008355,0.7526373212938572,0.8707076844519049,0.6646347264838225,0.44207464749860725,0.5966972455167073,0.21990891203702725,0.7734617769006668,0.0,0.4140969126511285,0.7701856964867876,0.6041005740059164,0.839287952338418,0.21989528565554675,0.7068811242210162,0.7871535716014478,0.8219496718006187,0.6926829259628732,0.6697013251320066,0.7581722940975758,0.6728935584034894,0.4007171662915348,0.2493857478538959,0.7783363055145643,0.0,0.3991291698176403,0.0,0.010113779897423769,0.0,0.0,0.0,0.0,0.0,0.0,0.0,0.0
p_113,0.974850567253336,0.742625394284133,0.6042842238362038,0.8623898949383456,0.2036553507079604,0.6926230395651859,0.799784959521412,0.83013323834534,0.6830748475128402,0.5821292498151612,0.6543187224384399,0.7430415460143543,0.7320754697248639,0.8657973785655411,0.716068795365043,0.4504072821025221,0.5708680697848549,0.1865569260181281,0.7750894523981177,0.0,0.4251550006629318,0.7441732417761334,0.604335841456952,0.8382973053227851,0.18014705716776602,0.661293960696956,0.7802152992456224,0.7923995652592837,0.6769089650574307,0.6471929948883872,0.6926084515125518,0.6778383731503834,0.4398395712124787,0.1375274313275243,0.7605382757681683,0.0,0.3136327792463926,0.0,0.0,0.0,0.0,0.0,0.0,0.0,0.0,0.0,0.0
p_114,0.974341516805623,0.7518683248789714,0.6102941176375111,0.8672058254149754,0.049566294305250384,0.7307382980676494,0.7766409965617938,0.8834236181563252,0.8005958706101343,0.6639356693491613,0.7114825568468703,0.7053497913360091,0.6912362138965867,0.8781815379425599,0.702979691874189,0.468303570383251,0.6212952776388756,0.18914185528813862,0.776144336137534,0.17142855510204236,0.45675170842096013,0.748077266102418,0.5894971520577421,0.868653542700006,0.2662284283793884,0.7290685367731685,0.7903462158416832,0.8784147523747696,0.7685157110553544,0.6888125233380584,0.7418759218207609,0.755524620884353,0.5042654018876486,0.29670329489192127,0.8073187644750964,0.05194804520155257,0.4582238546598852,0.0,0.005468215957155052,0.0,0.027397259523362756,0.0,0.0,0.0,0.0,0.0,0.0
