nnFormer_ncc_1_diffusion_1,,,,,,,,,,,,,,,,,,,,,,,,,,,,,,,,,,,,,,,,,,,,,,,
,Unknown,Left-Cerebral-White-Matter,Left-Cerebral-Cortex,Left-Lateral-Ventricle,Left-Inf-Lat-Vent,Left-Cerebellum-White-Matter,Left-Cerebellum-Cortex,Left-Thalamus-Proper*,Left-Caudate,Left-Putamen,Left-Pallidum,3rd-Ventricle,4th-Ventricle,Brain-Stem,Left-Hippocampus,Left-Amygdala,CSF,Left-Accumbens-area,Left-VentralDC,Left-vessel,Left-choroid-plexus,Right-Cerebral-White-Matter,Right-Cerebral-Cortex,Right-Lateral-Ventricle,Right-Inf-Lat-Vent,Right-Cerebellum-White-Matter,Right-Cerebellum-Cortex,Right-Thalamus-Proper*,Right-Caudate,Right-Putamen,Right-Pallidum,Right-Hippocampus,Right-Amygdala,Right-Accumbens-area,Right-VentralDC,Right-vessel,Right-choroid-plexus,5th-Ventricle,WM-hypointensities,non-WM-hypointensities,Optic-Chiasm,CC_Posterior,CC_Mid_Posterior,CC_Central,CC_Mid_Anterior,CC_Anterior,non_jec
p_0,0.9761355315431111,0.8351173397068268,0.726434884074652,0.8712999823129219,0.333333329794763,0.7400879049121887,0.7681562466285847,0.8421869338218657,0.7988571417159184,0.6253124282829897,0.698004199847678,0.8378522040461132,0.7243191573714306,0.8402004085898542,0.814305114699588,0.7863733125470233,0.7212490452351521,0.5661835694088544,0.8321806873569284,0.26229503896802636,0.22319093092248535,0.8241527350218144,0.7070485285088416,0.8311614724991775,0.4599999954000001,0.7107753044469912,0.8015345047485213,0.8811629444609977,0.7800559167753093,0.5821002379688541,0.6678927990859359,0.8162806767920147,0.8129114444406214,0.6136534087497869,0.8351668000758726,0.3703703246456389,0.22764227436637513,0.0,0.0,0.0,0.32941176118276194,0.0,0.0,0.0,0.0,0.0,0.0151580810546875
p_1,0.9734953203318747,0.8246814524133771,0.7204849874968189,0.8222864895105433,0.197802194179447,0.7716019246410484,0.7606237393070857,0.8370048449787677,0.7800177497400561,0.5950761561499415,0.5877533406904845,0.6108108080594107,0.8108204292386182,0.8143898939959128,0.7803921561340876,0.7085427117875811,0.49185184942295385,0.47238742164496667,0.7855917660500928,0.0,0.20446533249746965,0.8271392805651409,0.7284639763321776,0.7862046413973482,0.15566835608006166,0.7684365081304323,0.8167898465896438,0.8399081394029558,0.7127698491123675,0.5054413537833118,0.5272543049093125,0.7648776918904001,0.6479736082752743,0.44573925385477603,0.7300161051707925,0.0,0.23016759519365815,0.0,0.0,0.0,0.09147608957430167,0.0,0.0,0.0,0.0,0.0,0.016236659458705355
p_2,0.9776533069085492,0.8466250916363871,0.7419870088278533,0.8796484426217226,0.569780846946011,0.7948366905661096,0.8443073745792953,0.8723782433508839,0.8408111522930151,0.6522245508359835,0.6376456142316198,0.8164146832984246,0.8313993159873733,0.8846237968641324,0.8355829516042269,0.8158863734458538,0.7284317861095121,0.625327505455655,0.860217100685377,0.4687499267578239,0.3360824707620364,0.8378149953116505,0.736233084773043,0.8602435145181025,0.5771929773930441,0.8172541479443552,0.8719683123445072,0.884318455437685,0.8160964729111332,0.6055738096561107,0.6591715956829243,0.8296074437591107,0.8326996177930143,0.6818580133053637,0.8534297431567034,0.0,0.34676663217650766,0.0,0.0,0.0,0.22413792888756773,0.0,0.0,0.0,0.0,0.0,0.013922991071428572
p_3,0.971402234030092,0.8370000707377243,0.7075993103893415,0.840275861605365,0.40733197141209804,0.7212998938805036,0.6378192259887029,0.8491578551356688,0.7925189935819419,0.6436921819216304,0.6484268111070981,0.7862595392565594,0.7215419484772292,0.8144966441666803,0.7942398755250412,0.7911392384199915,0.7299107115702725,0.6177669061306691,0.8328827299485614,0.1355931973570852,0.3211567707674523,0.8225410584998541,0.6985333082010721,0.8825759116027814,0.31738622733504984,0.7576141837646428,0.766322001166881,0.8448769997343701,0.7846379506805735,0.5623743412519154,0.6557749020744841,0.7937522179679161,0.7576054937252072,0.6031745991853532,0.8347796487708188,0.0,0.41406692901833847,0.0,0.003937007835265671,0.0,0.09859154756000797,0.0,0.0,0.0,0.0,0.0,0.019355701264880953
p_4,0.9768856549296157,0.8437982202061605,0.7298143585440944,0.8938243227506184,0.48180676936252487,0.780807311262511,0.8453484648711285,0.8572513283125874,0.8442971088321796,0.7090155842286293,0.6986564282661795,0.8103077995336155,0.8172847893547384,0.8940243595931663,0.8402993657567077,0.8084592120590356,0.729483279903179,0.6333104822939651,0.8297565192669074,0.42424235996327875,0.3793814406915365,0.8380120933166395,0.7274681330328084,0.8776851660643474,0.6194690210666458,0.7896374951819731,0.8464685750338772,0.8578267641628664,0.8494771301896302,0.7145292282016151,0.7558416767862621,0.8420193770096692,0.8170798875562537,0.6539973744823239,0.8583485174466784,0.24999993750001562,0.528124997249349,0.0,0.007136485217337331,0.0,0.3788546213782531,0.0,0.0,0.0,0.0,0.0,0.011875988188244048
p_5,0.9758809655573237,0.8377435075721648,0.730912856111976,0.899674146051428,0.30217669267379393,0.7522705129467111,0.806863252221632,0.8639227925836374,0.8406123358390226,0.7523633166822304,0.6431578930443212,0.851533740241635,0.754345835420069,0.8575320739162856,0.7961663859340319,0.7333530608660755,0.5676646683925561,0.6384364768856965,0.830956416843566,0.22222219478738336,0.2775510185200611,0.8374388634669419,0.7247606552824811,0.9177689970458199,0.4480874255725762,0.7518768043786087,0.8216605841557264,0.8596630928884147,0.8490749747386401,0.7673027620171815,0.7372484126351022,0.8391621821299364,0.8022324659009161,0.724960248609219,0.8319070250059092,0.19277106111192033,0.42925659215073986,0.0,0.003986710936965376,0.0,0.34348355245452433,0.0,0.0,0.0,0.0,0.0,0.013772147042410714
p_6,0.9728415495305286,0.8278723603993718,0.6799864230491001,0.9127970613916476,0.5009242097881311,0.7231786877665869,0.8059408388448575,0.8146429779254029,0.770401795894183,0.5426205546241835,0.5923442285768532,0.8275862047826661,0.7984790860724523,0.8292293853701649,0.8347227248688631,0.7557508380569893,0.6629098326695193,0.574971808624895,0.8297027949292682,0.3298968732065079,0.3258928547180591,0.8160295789939186,0.6645361340546654,0.9037781837587512,0.3563096462745531,0.7456481323195518,0.8237653306488335,0.8516446351972674,0.7881850844696934,0.596218285547848,0.6610169475964761,0.8373799119324193,0.7890385051050355,0.6503906186485291,0.8267379671775954,0.15189871494952975,0.43536711253688154,0.0,0.0060496067389618465,0.0,0.12478336005574767,0.0,0.0,0.0,0.0,0.0,0.01642732166108631
p_7,0.9783558446384053,0.8430017577778818,0.7462631229091562,0.849882757883963,0.451727188204365,0.8067725934842933,0.8444241278834325,0.889723637837551,0.8257351986313919,0.6961347103940541,0.640563819784485,0.7970037423333193,0.8234872881785047,0.8711576191864047,0.8179580576765206,0.8021201389808005,0.7065404444641116,0.5434262904906272,0.8420446908583057,0.07142855867347166,0.3944223081379661,0.8336610209899763,0.7349652623690324,0.8896121094079046,0.3774038416177423,0.7958486107775002,0.8519510645348133,0.8820611112402407,0.8407643302184898,0.7133770232137847,0.6832904866753458,0.8313639086407332,0.83249999791875,0.6671543477165007,0.8558081585634713,0.20512817882972065,0.4562737613670864,0.0,0.004127966933663912,0.0,0.49098473660215347,0.0,0.0,0.0,0.0,0.0,0.010715157645089285
p_8,0.9767037946643697,0.8458483639870622,0.7357054510198685,0.8469186843635959,0.5547703131204036,0.7958341100083013,0.8466333589495163,0.8521092078283585,0.8422843246144783,0.6950309226967041,0.675075402590964,0.7992831512570496,0.7883211663280308,0.8800392954300612,0.8366231729267055,0.7875113646938121,0.7168432564236636,0.6687847444893984,0.8521879765907198,0.4225351517556124,0.37522768328572237,0.8342936849133311,0.7337784900934466,0.798672951982999,0.5921787662236332,0.8212279461337394,0.8651089403015112,0.8838011092583089,0.8458781350778201,0.6591371124247378,0.6631158437733267,0.8362573090983492,0.8352408814606311,0.7374631214051393,0.8580293335294948,0.09523807256236366,0.28445229430695856,0.0,0.0,0.0,0.3224530136255884,0.0,0.0,0.0,0.0,0.0,0.01326017833891369
p_9,0.9743702324426474,0.8511389831106588,0.710290728202412,0.9082898169853432,0.3339130376710776,0.8168394404481558,0.8486791323893358,0.8738794050878795,0.8497203221258914,0.6940557698778845,0.6569795124893294,0.7135900809491363,0.8188235276602706,0.8968360602792446,0.8073937143470195,0.800542738125703,0.5728395033440025,0.6503551645591542,0.8342857134911564,0.4957264533567134,0.35982008725772047,0.8478297708500644,0.7076707612303027,0.901767417744055,0.5062656578162198,0.7926595773682111,0.8251527979868838,0.8702356520112942,0.8187257998137677,0.6883568644481718,0.7146541601063209,0.8232703664117854,0.8322851131229425,0.6437699629091856,0.8339446804461736,0.04761903628118183,0.32953864392127835,0.0,0.0047543581239749754,0.0,0.31076581231114525,0.0,0.0,0.0,0.0,0.0,0.015807960146949403
p_10,0.974828750608514,0.8520565344569587,0.7037374471123441,0.8338069672488123,0.26666666370370373,0.7927248891821713,0.8340844340304271,0.8715761845325154,0.8289926955642929,0.6818848160399112,0.6805877786012173,0.7635392800780347,0.8439781009063594,0.8832477047278282,0.7796416743356822,0.8058224139568488,0.6900900869815761,0.5557729886910666,0.8444163346183445,0.0,0.3924528272267711,0.8435709905498936,0.7003186079820899,0.8436654361355072,0.4264849033448403,0.8266353920180778,0.8622827956270899,0.893318964982448,0.8389911372338226,0.7138033756566005,0.6892554598991185,0.8013029307804327,0.8153582763136261,0.6735653746607209,0.832952380159093,0.5046728500305747,0.37109103286246675,0.0,0.003619909469503082,0.0,0.2341463386079715,0.0,0.0,0.0,0.0,0.0,0.01719723656063988
p_11,0.9728417342808594,0.8428846721563544,0.7367538660806573,0.8972022584390393,0.6149019559615533,0.7829992461844764,0.8213553542450057,0.8887961356575064,0.8386401713686376,0.5894125882223431,0.6184106986141864,0.8042488588609679,0.7419028321308127,0.8608676287251021,0.8491089100503872,0.7730496432813703,0.7284132814449694,0.5463228219071364,0.8345219629617344,0.0,0.4527282525514411,0.8292548304012194,0.7111037446222817,0.9018646641736636,0.6877370373720795,0.7910428069418103,0.8489194731987071,0.8732665633838813,0.8350819275785902,0.6087137354593806,0.7173738972047667,0.8538715303183859,0.8362338223198711,0.6930091132750068,0.8531782462471399,0.27586202140309973,0.5457809670297084,0.0,0.003913894299322282,0.0,0.28659160402669803,0.0,0.0,0.0,0.0,0.0,0.01535615466889881
p_12,0.9745289144746476,0.8375588629423305,0.7019424457113899,0.8747850894850258,0.4313725437331796,0.8042530232423114,0.8249309300865064,0.8832656688263913,0.8307618119204896,0.6238716140623476,0.6899755484352675,0.7612312780314838,0.7682755842814429,0.8920094023733642,0.8373894895824084,0.7785507223810123,0.6850288730118663,0.4845734983251044,0.8167274760812728,0.0,0.42208245686874596,0.8305381534814882,0.6847221191554018,0.8551478079229624,0.3735408511862406,0.8135853485957172,0.8485389609815653,0.8612145744338923,0.8245750463008832,0.7158780701593743,0.7357001954248023,0.8338768455458692,0.8212275507337776,0.64251967998016,0.8470262786103954,0.0,0.36337209038247026,0.0,0.0034399724683867473,0.0,0.32438478384357067,0.0,0.0,0.0,0.0,0.0,0.012530662899925596
p_13,0.979977007649651,0.8550576562669516,0.7359653295493219,0.8482287938206973,0.4398340188128075,0.7982201007288089,0.8442527641526781,0.8722216365362785,0.840126123040843,0.6850042473608706,0.6489043808543218,0.7425795966401533,0.7393195171672563,0.8794926791234742,0.8345278894416455,0.8127536208325982,0.6976336516317543,0.5604395553073301,0.8474062846957533,0.42696624416109613,0.26909090582920114,0.8554636055561695,0.7346564295602402,0.8202824127654526,0.6693174243252656,0.7926141979452703,0.8500615294684913,0.8963286425703119,0.8590509656015806,0.606969766204743,0.6719348642913437,0.8369193637272075,0.8362196911523511,0.5679925941906329,0.8461244741827755,0.1694914966963565,0.34380776022358817,0.0,0.0020746887751588302,0.0,0.2907662053952239,0.0,0.0,0.0,0.0,0.0,0.00923432849702381
p_14,0.9777554306834635,0.8458359003683957,0.734667320279652,0.8280848757750474,0.5475285119056226,0.7645380041461686,0.813538083488112,0.8689550945223689,0.8107968477194927,0.6623028214805207,0.6300102758735604,0.7541137717248999,0.6533931557672654,0.8752039290283176,0.8233215539146523,0.7964229332024646,0.7365998002742525,0.5781910348420031,0.8365091455444844,0.5647058159169628,0.26341463093396794,0.835637455871853,0.7283416742047203,0.7990617663113008,0.5390898420176214,0.7887820510713722,0.8343592577240131,0.8683507006010417,0.806443023420603,0.6811284455213417,0.6646153829112426,0.8353349867639355,0.8332909115976306,0.6314127811253925,0.836342456963364,0.2916666059027904,0.2830578483155181,0.0,0.0,0.0,0.3000987137206445,0.0,0.0,0.0,0.0,0.0,0.014902314685639882
p_15,0.968331060251314,0.8367604659576465,0.6557513951311669,0.920956713512396,0.6179211425238628,0.8046933114206082,0.8238639711775901,0.8787878782353905,0.8316672027867347,0.6986451041317252,0.6797720778354072,0.8515111676489024,0.8549823138736647,0.8620956449668233,0.8385784619582761,0.8218923907795535,0.6975999962794667,0.5446224193979128,0.8428823948810623,0.6868686174880184,0.4669446071057498,0.8247934668426694,0.6555416183936068,0.9290145317515585,0.6391752536135615,0.8124999997166225,0.8128450329713683,0.8613108964165349,0.8233938334436851,0.7248965359127679,0.7414765080765731,0.8296614714350764,0.8174402227357518,0.5646258439384825,0.8479376145619356,0.23076918639054106,0.4866286695018471,0.0,0.004382761107503571,0.0,0.3298245575459116,0.0,0.0,0.0,0.0,0.0,0.01996707007998512
p_16,0.9731616913773975,0.8178368747956749,0.6943057795549886,0.8908386739929264,0.5723270395257308,0.7894434019288447,0.8111748565208298,0.8468676152113034,0.7929147454019085,0.5729327162648528,0.6417415981028358,0.8074000634046908,0.7799999983404255,0.8162328606762385,0.8306595357192914,0.8022129991640027,0.7093712901962385,0.5493646085106099,0.8224489788288971,0.37499995312500584,0.3296460158758517,0.8166574915380035,0.695787527959233,0.8789663203224036,0.4247258182978483,0.7689204227488127,0.8137035800783321,0.8304945223640255,0.699359068863677,0.6345838061960544,0.722510229952223,0.8405939612148747,0.8090371145534235,0.6906338629079105,0.8248650653034942,0.09999998750000155,0.38060094686030077,0.0,0.0032362459023261183,0.0,0.44386422397044095,0.0,0.0,0.0,0.0,0.0,0.01605616978236607
p_17,0.9736404465509692,0.8359149861636664,0.7018151960250166,0.7817954429983169,0.6104690645107473,0.8210830754909038,0.8495694857514783,0.7985185943117542,0.7586371778139425,0.5914008838165389,0.5110647170958983,0.8056968436565044,0.8178124478826386,0.8450071585799097,0.8170018274067625,0.769265844119321,0.7133182817407137,0.5924895647253855,0.7591230020370695,0.04878047590720099,0.27689242752099175,0.8297006444516118,0.7051272648245366,0.8017905988548927,0.37135921879418426,0.8044737086008046,0.8569505594179899,0.7826546796495745,0.7005988015561692,0.4731848592098424,0.5225819745873748,0.8177785983942168,0.786218346230348,0.5721649447669784,0.7719925390332666,0.07692306213018035,0.34454470595123293,0.0,0.0022522522268890515,0.0,0.33793835985187715,0.0,0.0,0.0,0.0,0.0,0.015053449358258928
p_18,0.9771625269799694,0.8475453821848326,0.7245741532141311,0.6915330094260229,0.31224489477301126,0.8225747180234644,0.8403750186270404,0.8653950949748432,0.7745271112553253,0.661027069405825,0.6586088924547118,0.736468497176271,0.7961904742947846,0.8895951116884512,0.8034917547977771,0.8101721016949085,0.7092130484202828,0.5813609424455551,0.8400137026036196,0.41463409577632976,0.16381417892647704,0.8456938812436348,0.7248369234487586,0.7721518980554221,0.49646642670966057,0.8255130663441567,0.848931199056079,0.8899809760674376,0.8090172228862498,0.6332867126962362,0.6986190075170208,0.8212789207312089,0.8185730445785435,0.661710032254944,0.8490758005349536,0.2531645249158829,0.1716101676736211,0.0,0.0,0.0,0.2224719076126752,0.0,0.0,0.0,0.0,0.0,0.013364519391741072
p_19,0.9727795786411152,0.8170955467776397,0.7049781047568038,0.8317577920083306,0.3667745375752477,0.7717385086130939,0.7223726976704608,0.8290278515178884,0.7742023815223849,0.5437248438300709,0.6131709999635556,0.8159437248302316,0.6972215609184955,0.7924274591662371,0.7898076127816132,0.8053122328191233,0.7368421023251909,0.46551723636296083,0.8142152015654341,0.0,0.20562770340229758,0.8141236648589388,0.7017566196995795,0.835424353683043,0.3048128301495611,0.7822915203755152,0.6959961908009022,0.8698092026001938,0.7986235014037427,0.5317876747629192,0.6454569947547668,0.7926509178029911,0.8092485526858008,0.5979202721150756,0.8378834499772824,0.0,0.33121018844577876,0.0,0.009174311786325507,0.0,0.1573770466003763,0.0,0.0,0.0,0.0,0.0,0.018444388253348213
p_20,0.9734176455424622,0.8283349104859792,0.6863718723126425,0.7477542735817486,0.10463378019979402,0.7582348119493773,0.8054044210783056,0.8416329790584013,0.6951270879158445,0.5956811792523866,0.628301141844105,0.696554584074078,0.7571301230901736,0.8446928055385531,0.7542616349796384,0.7782347333810985,0.6339590416639972,0.5360641092069091,0.835776897963093,0.32307689822485397,0.12017167210054833,0.8261781308902422,0.6742289154125962,0.7748732566738964,0.6071005881236652,0.7391337097955721,0.8129930796510936,0.8720474415157063,0.61161651418948,0.5263635533838247,0.6473429938660568,0.7694542806052354,0.7846522762957979,0.5847797023712971,0.8286161056852103,0.18390802483815805,0.28638866808506164,0.0,0.0018814675358350538,0.0,0.1356783902552966,0.0,0.0,0.0,0.0,0.0,0.01453218005952381
p_21,0.9768046214272004,0.846996905092637,0.7148519853682769,0.8848148980620502,0.5870469365000182,0.7970104631796187,0.8107500181982948,0.8859502502772834,0.8496745739558319,0.6897260907827184,0.6569142842127674,0.7629682969633707,0.7605811733826465,0.8761469418978101,0.8244860659438227,0.7986050543487211,0.6798029528743721,0.6322282140923037,0.8475026559976065,0.23188402436463415,0.38719211631925066,0.837081566520302,0.705851986276171,0.8813018018092533,0.6472081177207607,0.7914714989399596,0.83628292648215,0.8672950641456815,0.8421052622421649,0.667540737340756,0.7059807597114581,0.8364024545535073,0.7901561238683351,0.7263537853692867,0.8505077255183154,0.21621618699781256,0.44688644484026346,0.0,0.0066730218938368824,0.0,0.5587364209404104,0.0,0.0,0.0,0.0,0.0,0.010450236002604167
p_22,0.9707366038494196,0.8105772329431667,0.7097082491833318,0.7151716175979438,0.2183507524001074,0.7775113606043452,0.8054111522959299,0.8136444582795358,0.7098020271489595,0.5860798140611985,0.6284875168172112,0.5601304502236834,0.6706031196317944,0.7875494069891066,0.7624425720114447,0.7020005177916329,0.5039525675100376,0.6484560531564367,0.7937710431028864,0.0,0.1156249981933594,0.81980340466015,0.7205072648881848,0.6583259906094044,0.27125119129655023,0.7833442440851489,0.7286121051743286,0.8695345907574669,0.7056519296227589,0.5363898020801914,0.6853482772511044,0.7730914847467716,0.7310376902488653,0.6150627572171355,0.7748163328422891,0.31999998171428673,0.16245883466016647,0.0,0.0013175230479741565,0.0,0.34723787658130917,0.0,0.0,0.0,0.0,0.0,0.014969598679315476
p_23,0.9763164021424073,0.8432745388309091,0.7186594398015044,0.8775003645897209,0.4573378787561106,0.7775572950178683,0.814877780099278,0.8462517172139795,0.8510486167170537,0.7248381069862385,0.6897991111667124,0.7433129951041154,0.8171915214553546,0.8685957093145701,0.82677000332345,0.81763647025304,0.7075011064913399,0.6068855035477542,0.8429460380394297,0.5411764069204227,0.26338329482459,0.8353204184803725,0.7028358075898906,0.8803967627875767,0.619426746660615,0.7368883542833945,0.8135143410694762,0.8871168967251875,0.864736025664717,0.6778080938178626,0.7045889084498353,0.836201659408583,0.8464878650153567,0.6229760938860749,0.8552680906868503,0.44444441358024905,0.41845663947130757,0.0,0.001798561134905026,0.0,0.3728423432354161,0.0,0.0,0.0,0.0,0.0,0.013838123139880953
p_24,0.970587106093505,0.8335856359460369,0.6603948340853338,0.8823279356639765,0.4942886760717687,0.7723015162878285,0.8087041465416712,0.8575231329335004,0.8175385030976294,0.7463154586115653,0.6650806220854332,0.8066465232427596,0.7620704637623522,0.8576693967130176,0.8360490838502825,0.7938174371717193,0.7685161270489906,0.5215469555630171,0.8209919482944121,0.3103447740784872,0.3686770410083801,0.8268451481704456,0.668628207293774,0.8882603811949449,0.5425867450832098,0.8047232385622359,0.8220630587544167,0.8437638417744961,0.8110169480070383,0.715240792390662,0.7113402043522159,0.8414646109340683,0.7933517983563662,0.6778711421300547,0.8272859207678976,0.22222217283951712,0.5311374136328492,0.0,0.008415147147052635,0.0,0.3368083373150895,0.0,0.0,0.0,0.0,0.0,0.01769743419828869
p_25,0.9731640737581897,0.8355892474725025,0.6829485375930933,0.8889276370047332,0.40762812386617253,0.7697090826437414,0.8069546487741543,0.849964420137958,0.8213483134531625,0.5705466230603902,0.6486749315616949,0.7938071752505025,0.7792801356326793,0.8574973690716836,0.8381831078440534,0.7701833751603159,0.675579319627543,0.4919278205894794,0.8241349720482938,0.114285697959186,0.30610489848577044,0.8321685850944949,0.688440181088265,0.8822641180023884,0.5560307907952884,0.7748790920817338,0.7906065714272299,0.858966564827376,0.8045858549470748,0.5825584310347344,0.6795847735188356,0.819630337048502,0.8347193325501057,0.6602451781064346,0.8043951872649473,0.0,0.3090300982673572,0.0,0.008230452561996535,0.0,0.20930232355327205,0.0,0.0,0.0,0.0,0.0,0.013433837890625
p_26,0.9780334144943087,0.8299681577932787,0.732439783518879,0.6974258477799716,0.22778472806276936,0.7388676244506771,0.7836861350516684,0.8633537122519969,0.6878230548289181,0.5126436776252418,0.551290391343981,0.5911864366699224,0.6507790997531955,0.8408174080797359,0.7806291382650775,0.7973316366031395,0.5957671926149885,0.47938143918057186,0.7562490043335066,0.08823528114187042,0.11093502201370806,0.822295877059659,0.7178089657886383,0.7823918830862421,0.4816176426321908,0.7053429279531845,0.7812563343900931,0.8798161116025525,0.6966124820739391,0.5689884643201104,0.6915027193564196,0.7893168750911717,0.7995102516084779,0.6203787139731406,0.7621621615184442,0.0,0.165929201704323,0.0,0.0,0.0,0.18450184161435718,0.0,0.0,0.0,0.0,0.0,0.015097336542038691
p_27,0.9650913150073268,0.8199550735375211,0.6359078079387211,0.9094208614270513,0.6167146938517886,0.7879365967771254,0.790561686066738,0.8141492903802061,0.7897568315152176,0.7400848545101597,0.7065980329747356,0.8452323896418585,0.778688523202622,0.83121326835883,0.8352869837961935,0.7910750480355813,0.7077708839555968,0.5566820225190597,0.837099554553862,0.4102563576594413,0.3966244707143719,0.8067993200533257,0.6323927258789794,0.9031898878480751,0.6746550447543389,0.7456626059159887,0.7658589393036257,0.837535357989463,0.7470784633273388,0.7633081591791231,0.7279411746864186,0.8126127829683609,0.8013505886287265,0.7411255347088699,0.8287012752764366,0.23880593450657692,0.40944881749589584,0.0,0.012952605201788031,0.0,0.48568607615314835,0.0,0.0,0.0,0.0,0.0,0.019804454985119048
p_28,0.9777827584066763,0.8152637655262314,0.7333333333227979,0.7558793451202203,0.39119803922740787,0.7524914302166825,0.7517352897032366,0.8256231027197539,0.6299028209461388,0.5183481838475154,0.5222613366695769,0.6046770567668316,0.6800472234945477,0.8308713633813786,0.7947882728759532,0.7546308024495538,0.5784003588865776,0.47835990525163324,0.7960410031848347,0.07407406492912778,0.23252279458569305,0.8123994232235352,0.7186837250353414,0.7964836385986998,0.2679127684125737,0.7146241752497853,0.7646408839247618,0.8819390947044938,0.6558448870974581,0.5273583050329885,0.6547067110366727,0.7978924338424372,0.7831084438203187,0.5681960995085098,0.8227814087733667,0.03703703017832774,0.42677269432224857,0.0,0.0,0.0,0.0,0.0,0.0,0.0,0.0,0.0,0.013213675362723214
p_29,0.9721455655661104,0.8434875679102414,0.6840149820769686,0.7759029005506936,0.2882352898788928,0.8063076328689517,0.8138180038212562,0.8705604594176963,0.8062639809004266,0.5500794905271867,0.5660561646738554,0.7742959112483303,0.7802263236445776,0.8567178685355564,0.8012522714590464,0.8058690722182024,0.7118226571764258,0.5280588727869469,0.8327982639194809,0.19047616024187933,0.08298755071939765,0.8319736023969526,0.6685447812854941,0.8194095056140543,0.3672514576929654,0.8212294690579661,0.8432377263463214,0.8358226032413032,0.7719570550097568,0.6183250311382775,0.648537709983228,0.8012820505038053,0.8138584015195645,0.6018181763471075,0.8259555548213728,0.5040649996695122,0.09422222138469137,0.0,0.006410256307527944,0.0,0.22950819382713503,0.0,0.0,0.0,0.0,0.0,0.016695440383184525
p_30,0.9768963560007787,0.8404779065208835,0.7193332734006426,0.7738201854813502,0.3225030045426835,0.8260837271739945,0.8607552957248414,0.8448564943067085,0.8191697448172466,0.6648762702235984,0.6657243800571864,0.7240204398465909,0.7671763097209671,0.8843439179423349,0.7832928598510998,0.8026868155536333,0.6866883089014273,0.6115965003050318,0.8307511926716764,0.3863635924586827,0.24544582698517903,0.8380839698397797,0.7172292249461286,0.796255667108194,0.44224421955726934,0.8282249497818605,0.8476396988654828,0.8894205205266239,0.8146426486756041,0.7149810702046322,0.6707641862922267,0.8157991194869876,0.8038105025648545,0.6548672521792563,0.8305138837930787,0.43749993164063566,0.3556515453156836,0.0,0.0,0.0,0.33534136209496623,0.0,0.0,0.0,0.0,0.0,0.013077363513764881
p_31,0.9757660542056406,0.8346470357872272,0.695144523728368,0.9018547137745188,0.5734388691869933,0.8336306609789863,0.8344496987216138,0.8608116858922003,0.8098930470455975,0.6534195925907814,0.6409287239715746,0.8386454162384327,0.7287963414708066,0.8844122252587496,0.8370096807695282,0.8058952624462362,0.7570921963442901,0.5290806704589055,0.837807605483028,0.5760869252126671,0.47428916833460877,0.8291472899664142,0.6836849112775227,0.904734576433022,0.6588235245674741,0.8159554184437731,0.8326151404790079,0.8186093378016968,0.8147963621686433,0.6697090694013588,0.7139819226103616,0.8358447252411488,0.8109773150070643,0.7054408939452074,0.8381416252921117,0.21212117998163937,0.5007759932706881,0.0,0.00576368870544007,0.0,0.3243801619382215,0.0,0.0,0.0,0.0,0.0,0.010856991722470238
p_32,0.9749487316397326,0.830307120187779,0.6891201541887128,0.8170692217722793,0.26519336528189014,0.8111534219833767,0.7743225458767952,0.8913484187763145,0.8094001901770731,0.5919589385409276,0.6629303425061907,0.698857732612369,0.7201861526463462,0.7475775507661478,0.8138349768905617,0.7518103991052981,0.7220831210711912,0.4277227680423488,0.8348521472616216,0.03124999511718826,0.2712765921372794,0.82936232285437,0.7040821892506234,0.8417603687230916,0.3791146381485285,0.7664342362361115,0.8090017805612882,0.8567954132510305,0.844971689343527,0.5825914928504062,0.7064796888141207,0.8055555547892356,0.7634791435313348,0.6138001996519032,0.841238283781844,0.39130426275994284,0.35555555196408534,0.0,0.002265005636862903,0.0,0.3806451551508846,0.0,0.0,0.0,0.0,0.0,0.016450282505580355
p_33,0.9748953390380216,0.8449367033026919,0.6856084082112255,0.9154394891920571,0.4205882291089966,0.7748522854838674,0.8200749801042556,0.8827102505587637,0.8406745521763472,0.7366652659211831,0.6642138811277559,0.8423597658550296,0.7498151324875151,0.8784501060016896,0.8332949564433629,0.7808580832314914,0.7219662030646459,0.668610294765692,0.8475306898626833,0.5287355714097044,0.4040540513239591,0.8379349493298563,0.6840751256200919,0.9165730334504008,0.4727755581304707,0.8033649310627413,0.8452266608375681,0.8876874551794507,0.812747983088765,0.7055713697584676,0.7236084435614001,0.8289848708298785,0.801053245169534,0.7312775265966738,0.8552842454461353,0.0,0.4050455472666745,0.0,0.006944444396219137,0.0,0.4270152458930801,0.0,0.0,0.0,0.0,0.0,0.012712169828869047
p_34,0.974114658198576,0.835850438675698,0.7215483992727775,0.86821488497894,0.5592804533174125,0.8339009328477168,0.8496696106738849,0.8861219468358243,0.8452332648628466,0.6098052378299863,0.6462741475476675,0.7637431776594914,0.8240384602178871,0.8871308922408497,0.8326937827775386,0.8055271217872898,0.6379460372587205,0.6678052889171197,0.8541345186038536,0.2528735341524673,0.3352435506071379,0.8378609140991882,0.7123189479302062,0.8841640931256445,0.40041928301447294,0.8294746467645702,0.8484784529389879,0.8800835343591539,0.8557383619023492,0.6196540575749344,0.7147540967983518,0.8312244130710603,0.8426724119769992,0.7320916853002029,0.8607911412976238,0.17142854693877901,0.34214618707506855,0.0,0.002635046095948313,0.0,0.3405128170203814,0.0,0.0,0.0,0.0,0.0,0.016862996419270835
p_35,0.9712741030784373,0.8186992561249403,0.6764724478144422,0.8637852517121574,0.5146627528250531,0.7471922128711113,0.8159601696423016,0.8195979636935901,0.7899721437465569,0.542929876714962,0.7137566118683687,0.7642097515063815,0.8082389272744822,0.8639241050687496,0.8128807650973012,0.8085544941804831,0.6416666642361111,0.4917695422657455,0.8210983196630512,0.34666662044445057,0.361928613888988,0.8191352652217007,0.6648740286754545,0.8556398100210238,0.6501291956065675,0.7714926749976263,0.8283073213567564,0.8686847374387276,0.8359746423191038,0.5379739259203756,0.7220528436939714,0.826180072966521,0.8212689883349665,0.6065573715249785,0.8203570763663197,0.5352112299147022,0.3430303009513315,0.0,0.002554278383725691,0.0,0.3288996332660262,0.0,0.0,0.0,0.0,0.0,0.018059285481770833
p_36,0.9719260720148432,0.8409433337123052,0.7246395139638586,0.7675668126665502,0.3054695530911295,0.7835521734118552,0.840230973643321,0.8684352030523234,0.7580380774706367,0.6278670947182561,0.6640176585783275,0.7127996349488935,0.7299145283548836,0.8329622659284157,0.7754104079851464,0.7945477055897207,0.6003460181645933,0.4891961928332222,0.8141579145747507,0.13513511687363286,0.08393632295316465,0.8371319582185679,0.7278166694934429,0.7905370838935185,0.4607046028843306,0.7834264142549995,0.8414326612145074,0.8752467615796395,0.7308697266008838,0.5810170881397807,0.6986917401907364,0.796980140491564,0.8000886507090235,0.590717295423929,0.7944339019651852,0.035087713142506465,0.19338422227833568,0.0,0.0,0.0,0.0,0.0,0.0,0.0,0.0,0.0,0.01860017322358631
p_37,0.9713256573538914,0.8172923169096216,0.6567811085058239,0.9080835556395009,0.599630990778312,0.7952043060939551,0.8312708589216826,0.8022249685467484,0.8071618026430215,0.7802631570391851,0.7183791585575132,0.8313520031606851,0.7753185764021494,0.8788701363391812,0.8209695593901133,0.799608990551942,0.617081446218661,0.5572979426140175,0.8383806839021952,0.6470587759515606,0.5054677976581543,0.8031075146025686,0.6465081672641809,0.9043636632277052,0.515445714779826,0.7922421698880245,0.823154199547422,0.8132601287002154,0.7758346571597315,0.7649330577176454,0.7530496048982119,0.7978048770758477,0.819380886085112,0.6423220913640254,0.8169106392648999,0.08888886913580685,0.3723353843091644,0.0,0.009254498667071986,0.0,0.42967884352515123,0.0,0.0,0.0,0.0,0.0,0.017332967122395834
p_38,0.9721752999780667,0.8205901855009704,0.7212245126421449,0.8286736018881957,0.30232557787993514,0.7322345888843675,0.7850141095608066,0.7702338125167301,0.7622347328256446,0.5478437456124194,0.5337331320996174,0.7821782164388645,0.6086956508167322,0.7785012582969064,0.7728475465368945,0.680746021171843,0.500611780282098,0.4680851018560435,0.8238532102533457,0.2857142543171149,0.3074517962092142,0.8250825521805583,0.7201679377986305,0.7884679109719241,0.38389031376272226,0.7888921366483694,0.7421029987855553,0.819883552983232,0.76149392580146,0.452641165240618,0.571610437997856,0.7708706718508909,0.7335378788446121,0.44097221839433837,0.8054830279695235,0.2181817785124039,0.256194875026481,0.0,0.005070626566205626,0.0,0.3035175848892705,0.0,0.0,0.0,0.0,0.0,0.014606148856026785
p_39,0.974950818931419,0.856154920503402,0.7376601037268755,0.7902356678632503,0.4874141820661993,0.7877778546971577,0.8437714372288567,0.8646546525362028,0.7912399206894314,0.689835709794335,0.5966101680469488,0.7862190777993856,0.785311911568304,0.9059496054504599,0.8333995226038527,0.7836484961522566,0.6715686241589773,0.6579754550768754,0.8420024846067793,0.32258059313216236,0.28824272707657744,0.851583967737896,0.7332435466895062,0.7829867967562758,0.43764171839408483,0.7753106354516416,0.8443305820844763,0.8785570239309002,0.7760198032762676,0.6883646677116312,0.5979958037800145,0.8147792698514594,0.8031088063987075,0.7017815592425906,0.8519570988615298,0.23333329444445092,0.17578124828338626,0.0,0.0,0.0,0.32638036409349247,0.0,0.0,0.0,0.0,0.0,0.016072300502232142
p_40,0.9735143020732264,0.8310735641055955,0.7206745331444206,0.7048026368129711,0.36091953608138466,0.7470561359487338,0.7137641894527765,0.832105965090641,0.6839577321278125,0.5654355674774834,0.5925925911946389,0.6600887979275343,0.6762723665436385,0.8297801027600396,0.8032252523561286,0.753086417965132,0.5926928254727432,0.5723793629585744,0.804841149132223,0.0,0.09179415727685455,0.8189787427546809,0.7064873771202266,0.745688072710378,0.2629674274672204,0.795270418101559,0.7461762629194842,0.8631767133006444,0.669623590662163,0.5284512612286479,0.6039396466807636,0.772540811408505,0.7569826242423958,0.5948275819337099,0.8047779016015096,0.0,0.2391653271335046,0.0,0.0,0.0,0.2469437622623012,0.0,0.0,0.0,0.0,0.0,0.015934971400669642
p_41,0.9718920122497449,0.8440443960338592,0.695480205876926,0.8854270385489907,0.5398155864223337,0.8017753149765999,0.8089053041408362,0.8250371465917303,0.8146762578206097,0.6238898749734793,0.6396551705757035,0.8427902112368812,0.7792372864846668,0.8511737780800284,0.8358717426494271,0.7816028620721485,0.7581612233239132,0.5880114121026507,0.833848299776888,0.4827585652001649,0.4232602458376537,0.8312626129836782,0.687673541795111,0.9120009175906375,0.5684210476454294,0.8127508992795649,0.8262152423124471,0.8258700014089365,0.837772395967484,0.647540088744911,0.688399889463733,0.8442472747186351,0.8072944997079626,0.6766917229634237,0.8365564557740108,0.199999960000008,0.5362802312915753,0.0,0.00420609879909465,0.0,0.440641706517201,0.0,0.0,0.0,0.0,0.0,0.015533011300223214
p_42,0.974497594582432,0.8555401100816494,0.7097827557852997,0.7520246187625327,0.3413258061872242,0.7586171121304517,0.8063547660214665,0.8690686320895709,0.8260573904174386,0.6914632839268217,0.6320154806966671,0.7537205916768094,0.8341032059732042,0.874282609285448,0.8414774905333999,0.7813319329278134,0.6163967580141865,0.6425939525232576,0.8490120063827059,0.638655435350612,0.26360338254409454,0.8443138598409469,0.7093752982618269,0.7761194022996385,0.3981191160169418,0.7822165290256407,0.8441082408618074,0.8813640724775672,0.8345808372822096,0.7099522120195801,0.7194850192634686,0.8238068281231778,0.8099733701041555,0.7292736556913159,0.858804460998375,0.577777734979427,0.2874870704499786,0.0,0.001730103791262078,0.0,0.3688622710315896,0.0,0.0,0.0,0.0,0.0,0.01525544666108631
p_43,0.9666864498601517,0.82937852425192,0.7059456485696497,0.8404291357649429,0.33208019842055014,0.7791331428216187,0.7852229239085518,0.8440638446717791,0.7754693914282087,0.691796773318557,0.7450360994019944,0.7971838592006936,0.7315589339704203,0.84841352025101,0.72249112558689,0.7143557062362672,0.725414167340803,0.6982693702161823,0.8379915105005273,0.32432428049671885,0.13705179173663912,0.8314019630261386,0.7180674959714648,0.8584786354249938,0.5630769201893492,0.772063689653898,0.7848957613755667,0.8804300446121216,0.732815838977595,0.6191123953246791,0.6594202885277369,0.7089079383459501,0.7457883764039592,0.7280108205141352,0.8439171115943206,0.2469135497637593,0.16566466155200626,0.0,0.0027285129480285903,0.0,0.41354070984866687,0.0,0.0,0.0,0.0,0.0,0.022770472935267856
p_44,0.9773819550958418,0.8292471923765259,0.7375605770410988,0.7881574358842512,0.5054294125821381,0.8382041719141882,0.8386303442528296,0.8588074738301451,0.8145785867715506,0.6901976596508697,0.6740270475461577,0.7001506745346525,0.7958706645970576,0.8760974557200392,0.8272571093460039,0.8270065053497654,0.7402011767596213,0.599250931840817,0.8361426883220867,0.23529408304498778,0.2795883337942682,0.8212853023571477,0.7202338191043656,0.7636233048176467,0.448430488246295,0.821795855507343,0.8449687016979885,0.8796047209005738,0.7934395046429291,0.6413393425184167,0.6944222025769357,0.8111649095118534,0.8139904592005668,0.6429980233859434,0.8533172245511756,0.5849056051975844,0.28059235946537525,0.0,0.0,0.0,0.30844793410169025,0.0,0.0,0.0,0.0,0.0,0.011709013439360118
p_45,0.9703419700191129,0.8372922244555989,0.6719143484420848,0.888068240692794,0.46904314756995175,0.7783292204013836,0.8261022134928273,0.820351428890453,0.7552921244039046,0.5958555351144399,0.6613162101088383,0.8414669337526222,0.7359538069376997,0.8489978793267327,0.8173469379414827,0.7725515439028623,0.6972677570227039,0.5630676027944742,0.8272506075536579,0.378378327246172,0.2646023908191246,0.8161816270621622,0.6640849861222597,0.9007680965937962,0.3276059527192904,0.7412572907994147,0.8021943366163656,0.825767009608419,0.7279372237687443,0.5722691218057443,0.5873694193082398,0.8057826512404959,0.7954228278107094,0.6521423336808836,0.7999999993028323,0.09523807256236366,0.32720232174635855,0.0,0.007570543676632678,0.0,0.16326530427136843,0.0,0.0,0.0,0.0,0.0,0.018322608584449406
p_46,0.9675380434695972,0.8439848201995187,0.6460629819386351,0.899986741304639,0.5207413899316735,0.7422650460605565,0.7713389681411947,0.8070749731747229,0.7536422092746526,0.6221786057137162,0.6749162137795406,0.7864957774726609,0.7209911824613029,0.7964915803293342,0.8176654907778442,0.7971098242858097,0.6643247436989665,0.608015634330248,0.8425795045560251,0.17647056228374083,0.39116125815156905,0.8482329543961609,0.6417340948263331,0.9108292596931825,0.4923817121701547,0.7588750574115735,0.7924632118968621,0.8091646021114813,0.6873072644784665,0.6308032416718211,0.7436661680485191,0.8397487835902059,0.7988716479580489,0.604166662171379,0.8335547534318137,0.0,0.42158207397539055,0.0,0.010403916736830119,0.0,0.30118109939782384,0.0,0.0,0.0,0.0,0.0,0.021946353004092263
p_47,0.9725817470365584,0.8026657318444874,0.6579170702209076,0.902968353022136,0.6559055092287184,0.744308413455507,0.803355542280791,0.8479773553202162,0.8171037618961189,0.6183517002655107,0.6743550814131863,0.8318169980976943,0.7829428975421983,0.825944229857158,0.8098765424099985,0.7874276239662872,0.688717380783839,0.6432865667005354,0.8212036042046675,0.23999996800000425,0.4354354332560789,0.803079192736981,0.6525779075833634,0.9127441763627545,0.6759371180414926,0.6992761690703574,0.8222689369474971,0.8432152548821019,0.7756925817965901,0.6351335161835308,0.6944791389096199,0.8393401273097193,0.8486486463550036,0.7199999936000001,0.8271840940286904,0.30555551311728985,0.4801097371737094,0.0,0.004508856668248448,0.0,0.28817733635249587,0.0,0.0,0.0,0.0,0.0,0.014213344029017857
p_48,0.969136056066781,0.8268824499268721,0.6829166711648117,0.6543388652619596,0.40431266301465413,0.8016975466718357,0.7869186458818604,0.8573813245397072,0.6940478089298127,0.47582340519058236,0.5701316373805456,0.6933701625535443,0.7577188507851093,0.8203903064189464,0.8018953515456242,0.7247333653511088,0.605908860260847,0.3952802321014727,0.8328481954371983,0.0,0.2324649252011037,0.8093503753395543,0.6689619407776437,0.7121242679926122,0.012820512546570245,0.8296729935479245,0.8204252821665239,0.8373040570215019,0.6899970826917512,0.4396789260336901,0.5224611442996356,0.7904531586684332,0.807127375855701,0.4894026927803209,0.8075329559251102,0.0,0.11795543751041367,0.0,0.0,0.0,0.04852320623920669,0.0,0.0,0.0,0.0,0.0,0.02302740187872024
p_49,0.9767738321646313,0.8402906129815039,0.7156234066793753,0.9074131414790942,0.43415637413419367,0.7772410967997704,0.8155299698291937,0.8843844666018262,0.8672369727061027,0.6943770219514795,0.6402102479889349,0.8097116819128628,0.8567980680386189,0.8930539479187662,0.8303960182143936,0.8042641373874322,0.7014010477171583,0.616063542664929,0.8373157549781967,0.48684207323407414,0.39419907452736275,0.8393401564237165,0.7116281090633884,0.9131644189051326,0.5303030252812214,0.8063693574201471,0.8418909510684287,0.8643067841508515,0.8631278779741962,0.6652434678608891,0.7575457675468932,0.8445357588841251,0.8200972425172953,0.6757624343839291,0.8500888423734323,0.20512817882972065,0.4553119704591795,0.0,0.0022346368465403707,0.0,0.37408568052157076,0.0,0.0,0.0,0.0,0.0,0.00935392833891369
p_50,0.9751849478315382,0.8313680413651522,0.6887223243800052,0.9309015016059613,0.6112232514686182,0.8344181044860517,0.8117610655183057,0.8340294835171809,0.8036843541329608,0.727339719077205,0.676594547129546,0.8556851296361423,0.8615742524730848,0.8649858984932935,0.8154873713050643,0.7935198798423567,0.6921807961326928,0.5486338737854222,0.8340353825385797,0.4719100593359484,0.4693675866137965,0.8157948530604893,0.6866338933706128,0.9205093211653154,0.6095890391980415,0.8043129030946407,0.8398049132866393,0.7731629387601313,0.7561151070070562,0.6258519953434128,0.6774987674113767,0.7886494999593805,0.8241816240121921,0.6816037655471254,0.8214426479883301,0.16129029656608118,0.3923705708706724,0.0,0.002464571773060469,0.0,0.3081180783383941,0.0,0.0,0.0,0.0,0.0,0.012183489118303572
p_51,0.9729128830259397,0.8243863895247114,0.6825772233070291,0.913007456368652,0.6369278485766956,0.8002486417123189,0.8168918274888854,0.8270628741059413,0.8180687929022395,0.619710543597918,0.6576846290975932,0.8527077070864214,0.8171351154467743,0.9026006095504537,0.83011660551858,0.7953906666796214,0.6455696178497036,0.3569457188873439,0.8316231790954528,0.08163263640150277,0.4645375343652528,0.8208495902830925,0.6817610062786685,0.9285995378683207,0.6044624715798049,0.8188927116845642,0.8445549901746061,0.8197228483276037,0.8170971537733092,0.6017627110484574,0.6999244124466505,0.8283693586728067,0.812042308619359,0.6492851080800244,0.8473442865424682,0.3599999280000144,0.5005636959768369,0.0,0.0029044437905766953,0.0,0.44415917273223143,0.0,0.0,0.0,0.0,0.0,0.013406808035714285
p_52,0.9655598456184514,0.8463262324683941,0.6920341151071018,0.8288588448588077,0.3746397658536046,0.792729849941087,0.7832575972178886,0.8506767726850695,0.782928429700685,0.6633605594483075,0.6642371218070041,0.7414209727335863,0.7236999743021808,0.8484218155268091,0.7842583241329382,0.7488839264819086,0.6995687556321573,0.6279683322078423,0.8416744813354298,0.1874999414062683,0.2911795930799193,0.843583800098508,0.6824994602065289,0.8169035259666866,0.609037324105846,0.7746255224753544,0.7887076518225058,0.8906651755781637,0.7884004226848511,0.6396584434158838,0.6571233795566386,0.8159815589550696,0.7355431871871687,0.6428571377551021,0.8366457454352809,0.42666660977778537,0.3768115909905235,0.0,0.002320185587932882,0.0,0.2339561313244831,0.0,0.0,0.0,0.0,0.0,0.02527189708891369
p_53,0.9705691195561829,0.8501450449741167,0.6830696917004158,0.9018573020393595,0.538851346800242,0.8105084460494507,0.8243869638977022,0.878226264423976,0.846201205705946,0.7234496117020838,0.6975397957126392,0.7915611792079854,0.8482287124322826,0.8759482137881347,0.8332354660077946,0.8070175413313986,0.7206564369580576,0.6530291057983548,0.8491118834928476,0.5696969351698827,0.3893687681769517,0.8461266636456941,0.675081588521076,0.9040974526009238,0.5839694600766273,0.8158487165646531,0.8547631119541707,0.8772681296464584,0.8650897931832131,0.7068647434635744,0.7127409480189447,0.8318949335535695,0.8177056028870989,0.6948590323809367,0.8483724373102361,0.44628095485281366,0.4946466782941827,0.0,0.006097560913642674,0.0,0.34673815597195573,0.0,0.0,0.0,0.0,0.0,0.01573646182105655
p_54,0.9732122298943775,0.8398774263361474,0.6766839592930646,0.8741919439111289,0.47183673084214917,0.8115289218543407,0.8275743612486597,0.8785375920815391,0.8466582937816963,0.7667374100263,0.6928274410269557,0.7718309828095332,0.7420546914460342,0.8911662602682683,0.8273998128356013,0.8131067936495546,0.7298747731222058,0.5350444172256228,0.8369320949321621,0.5999999333333407,0.32452829984573395,0.8347877842077231,0.6837150624020304,0.8678896399844827,0.47321428148915823,0.8021756193781048,0.8224506685816636,0.8839772002001411,0.8463883355249989,0.7310752900111455,0.7160668061254604,0.820522457413529,0.811273830308721,0.7144046568326007,0.8493981790298482,0.5365853004164267,0.44654400573573344,0.0,0.0023809523526077104,0.0,0.35581622330580426,0.0,0.0,0.0,0.0,0.0,0.01559084937686012
p_55,0.972724285826798,0.8402665589532197,0.7440324023879754,0.80551062479474,0.16776315513547443,0.7994140131390541,0.8267765141131808,0.7840756936605928,0.7237668153321,0.5069772316577723,0.4743879850352027,0.7296268060562573,0.7953327013633985,0.8395180432018993,0.8013890058428145,0.796522554519449,0.6805266781686532,0.5627586168085613,0.7849345761693526,0.0,0.07644882766400952,0.8328677109354957,0.734989487778872,0.8528945278140783,0.2789400240036259,0.7993977661626934,0.8585224528667488,0.8438713527611912,0.7508583682930704,0.5347686931095251,0.6139320171759715,0.8251554934129618,0.8024174783765284,0.5684210488919668,0.8204764151912949,0.0,0.3213149505762728,0.0,0.004705882297577855,0.0,0.14457831131755944,0.0,0.0,0.0,0.0,0.0,0.016174752371651786
p_56,0.966892273452306,0.8014972890698627,0.7133299509304417,0.7167154602560188,0.05531295407113604,0.7590051241697274,0.7464396874327359,0.8160029494763998,0.7478331517499551,0.5081817252686435,0.6393874117267591,0.6466984321079018,0.7919128255324763,0.7274827678222133,0.7541778968965158,0.770580643172695,0.6432374844045528,0.46982357966737626,0.8107247984638994,0.0,0.13554633284168283,0.8181016359828827,0.7201205344089443,0.6945764372484218,0.32398753557645343,0.7501401414793507,0.7965854033174021,0.8301508493268327,0.7851515545664954,0.5449490263716876,0.7418397610389154,0.759814048932667,0.7538597248481259,0.6090534937650652,0.8281809300128694,0.0,0.2220264297618817,0.0,0.0,0.0,0.23286539857254007,0.0,0.0,0.0,0.0,0.0,0.020511590866815477
p_57,0.9704717991564104,0.8465907483467402,0.7158017058832564,0.78211339480024,0.3314829474109203,0.6902532452489442,0.7684407463557461,0.8631758267447432,0.8062185233126576,0.6439622635434319,0.5896324211317014,0.8092256974984325,0.8226725762782259,0.7905305315204736,0.7980714220821513,0.7978817281600139,0.6598305810975007,0.4244984115681266,0.8125659543692134,0.1399999860000014,0.19122609458688308,0.8443716927844037,0.7165335675057914,0.8857505281667016,0.49110806777627863,0.7269519711536497,0.828243674986735,0.8663212430744449,0.8390143728552214,0.713679833086337,0.7446002259480861,0.8006767637764448,0.8177710827978707,0.6518928841007121,0.8290605152864579,0.18181816115702715,0.39734299276966795,0.0,0.007968127384221415,0.0,0.3404255281027377,0.0,0.0,0.0,0.0,0.0,0.021356637137276785
p_58,0.9692587171840419,0.8251964062685739,0.7105346004283265,0.8952495902889797,0.40954580131219553,0.7563795779054928,0.8111111110651298,0.8136649238008,0.7804140488713491,0.48610121111178284,0.47845634979682217,0.7687056950152121,0.6016791030744424,0.7416934020446794,0.7956546162243354,0.7384954512579348,0.6765236181877979,0.27620967463498314,0.7724938971698562,0.04705881799308023,0.3540731215261506,0.830856358699452,0.708726161019465,0.8806754899425844,0.4244293619714413,0.7487080226945305,0.7535473378787236,0.7872622728951447,0.7405298875185791,0.3833626756345041,0.5004487515698282,0.7887001665152688,0.7589828613626786,0.54179566144121,0.739894251458388,0.09708736921481852,0.35132743207377237,0.0,0.00511901713560528,0.0,0.38105974767689127,0.0,0.0,0.0,0.0,0.0,0.014811779203869047
p_59,0.9685451943849723,0.8446952787370734,0.6790712796744399,0.8699841791780584,0.4617379966052141,0.8113007771062931,0.8335830634133125,0.8718894004489621,0.8457300264891936,0.7010047341482796,0.6899866470227326,0.7599526970439389,0.7846153829841677,0.8793814603678203,0.8331766417704203,0.8139262702927844,0.654817583466709,0.5762376180570533,0.8398503266231522,0.5510203519366987,0.42229964862508956,0.8340800264771315,0.675651708172354,0.8545439085035519,0.5673249500240131,0.8184198691198931,0.8489693300432669,0.8760021061056807,0.8774226014630977,0.7954420940117869,0.7325374632142813,0.8291552550777804,0.8345598232909244,0.671592769527153,0.8453911840135554,0.12244895460225415,0.5153090669248466,0.0,0.0052980131748607525,0.0,0.3480083820963482,0.0,0.0,0.0,0.0,0.0,0.021849714006696427
p_60,0.9753446408761841,0.837000896705109,0.7275371682742784,0.8391268454374361,0.3841201675523587,0.7975257169534767,0.820423050846979,0.8624409047310594,0.7657156103389984,0.5524608922620556,0.5781069183566144,0.6101333300792889,0.6827468766096854,0.8668556098169389,0.796394771702213,0.7250922492502485,0.5438413332784899,0.6023529364521338,0.8281641597523777,0.030769226035503687,0.16089612870777872,0.8481304967207625,0.7382367097986652,0.8328130592944,0.18801089662110496,0.7909661108032323,0.8368896380081343,0.868688826015753,0.7641087209211781,0.48469487182229004,0.6302170270654904,0.7987284584250223,0.7989130419275756,0.5584958178377729,0.8054538365364599,0.0,0.2303741729246209,0.0,0.00609137049653431,0.0,0.3868471878752962,0.0,0.0,0.0,0.0,0.0,0.013818068731398809
p_61,0.9659687811372267,0.8170443591993489,0.7042775668964563,0.891714735040031,0.5350993342046402,0.7073108382650023,0.7074629475913468,0.82838152540568,0.5342173803762522,0.46348651843304606,0.5167183159081418,0.8397809559445665,0.5023655892371373,0.6768026405122314,0.816751034683156,0.8117727556065272,0.5764287651724671,0.18331616701013217,0.8138795353405541,0.0,0.22843373383887355,0.8274909260342497,0.689360979923852,0.8678663237480965,0.47130317034906705,0.6451931574259883,0.6720590220784219,0.8366755661894703,0.4907827133164272,0.43961941883432615,0.5714810720847463,0.8187679075763181,0.8173961504951319,0.25551470353387223,0.8069109542368417,0.0,0.427331066714492,0.0,0.005415651217396016,0.0,0.4516853881833103,0.0,0.0,0.0,0.0,0.0,0.021775454566592262
p_62,0.9673516754247261,0.8015596088105633,0.6521214896344856,0.9119434114192564,0.6086956479053601,0.7821136348394707,0.6701992424200826,0.8405600438903595,0.7838764998972354,0.7147186960459191,0.6160409538792919,0.7999999978863936,0.8358490552895456,0.7582167919156162,0.8329140452485178,0.7095148055780881,0.7721437715913229,0.499999992236025,0.7797129179141503,0.270270197224271,0.41189724915774106,0.8069108965854395,0.6604382505973672,0.9070685132267622,0.6439344220069874,0.7235754043812299,0.7704376789012419,0.8520997369736879,0.7924050623792808,0.5972206774905829,0.6247915491250929,0.8008461762860419,0.737638474094465,0.6440037710670088,0.7979405471168248,0.038461531065090176,0.4144302665445215,0.0,0.006983240174698043,0.0,0.15304798763880692,0.0,0.0,0.0,0.0,0.0,0.01802789597284226
p_63,0.9689548936624743,0.812338275452246,0.6168318478655981,0.9199180915896622,0.6465441791489756,0.7234401346813315,0.7867492641651488,0.8227094323841457,0.8083981324908271,0.5896812525801172,0.6980214054556555,0.838778031363627,0.7330123040850393,0.843220264401212,0.8303235144081859,0.7853801146626312,0.6759522436726769,0.5311004721160231,0.840206687296279,0.5825242152889111,0.48862114963647535,0.8172529681425538,0.6411771780769994,0.9083627232334344,0.6393357517419006,0.7299361460091598,0.785143144012512,0.8189255516642177,0.75113923955552,0.6537499991828125,0.7146814384634863,0.8143514891717909,0.7259863925823499,0.7017543794851858,0.8346878088853441,0.0,0.4777585197060701,0.0,0.006269592437181238,0.0,0.28379673745161327,0.0,0.0,0.0,0.0,0.0,0.015156337193080358
p_64,0.9787847632592904,0.8384510707324859,0.7388255135248951,0.8720881781477641,0.5646853097492543,0.7916029543108454,0.8221907090571284,0.8233352845992786,0.8385233540450485,0.6905011525576629,0.660204079948459,0.8146101878004598,0.7268634298977903,0.8812615282865092,0.805124307018647,0.7412814254088093,0.7356948200245432,0.6805687139282587,0.8220354800914702,0.5869564579395155,0.3245679915509542,0.8436842901207403,0.7422353662879575,0.8471180683961257,0.48253967743344256,0.7869166550466903,0.8471217701686392,0.8689372827264813,0.8197621215269087,0.6239683056850794,0.6967994119306147,0.8311794028379166,0.8355739378604603,0.6778846099528477,0.8347333640068586,0.2564102235371508,0.39434628696575064,0.0,0.0038350910466434223,0.0,0.25583566521161843,0.0,0.0,0.0,0.0,0.0,0.0117218017578125
p_65,0.9762356530577452,0.8317349232327543,0.730094786383615,0.8360547215158568,0.38169257010628177,0.7994076946566397,0.8475344840801555,0.8280483655474926,0.7914466726617653,0.5502397674247355,0.6312669779420425,0.7823392688522878,0.7766486469694084,0.8675958716439033,0.7544381204837866,0.7393518501403893,0.6952380924792139,0.5013146318903188,0.8162951568739473,0.30188673549306877,0.14564102414727156,0.8231731271153241,0.7162493590108234,0.8370942807807763,0.22857142585034018,0.7618076295471679,0.82836706499521,0.8248197416345995,0.8215053753048636,0.5585661565012482,0.6812545570599209,0.7759318233830319,0.757484333354643,0.6006051391784786,0.8124624488778109,0.0,0.23397913387496921,0.0,0.003992015928223394,0.0,0.2521631612835209,0.0,0.0,0.0,0.0,0.0,0.015849522181919644
p_66,0.968284121255938,0.8316580034782198,0.6473284383932584,0.8924879891933003,0.3629536875725446,0.7931554819368631,0.7940062222978966,0.8690157677070555,0.7989328828995607,0.5292362103136551,0.5799136053458056,0.7649173229154661,0.827850303171714,0.8481961191589836,0.7951095254252578,0.7790351376443265,0.6843718056371405,0.5017667785422052,0.83766360535489,0.0,0.3978494588006321,0.824831531814296,0.6552584864523278,0.9056508391747063,0.605947949758848,0.6461713479113271,0.7919981879905605,0.8488518793534874,0.8057572603659787,0.5809259984422557,0.6400873821952829,0.824167796280739,0.812431240889903,0.6455331350092879,0.8273084273212079,0.3013698217301614,0.41138114753182486,0.0,0.003984063705338011,0.0,0.2586466126519307,0.0,0.0,0.0,0.0,0.0,0.02088870093936012
p_67,0.9735097450899148,0.8370073948042186,0.7373622196786339,0.8607940329888608,0.3764434136669352,0.7866086863345185,0.7832769048914305,0.8575468729142417,0.8256052515125101,0.64853639176371,0.6395572650636255,0.8169590619387161,0.7665063385078568,0.7829902227511097,0.817984729175243,0.8138484676019857,0.7050161035204044,0.6538745339197451,0.8409512856149313,0.5546218021326217,0.26321036626908906,0.8341768602283702,0.7472513627484463,0.8942641169878772,0.466666661952862,0.7959014121507763,0.8233733837779499,0.8563743943752693,0.8467579532352417,0.6107808158830947,0.6390118838522212,0.8325047447957111,0.8331788673930055,0.7092651700537926,0.8495559651371177,0.21333330488889268,0.27796609933927036,0.0,0.014545454369146008,0.0,0.3690036866328073,0.0,0.0,0.0,0.0,0.0,0.016465395972842262
p_68,0.972434174118081,0.8463270691475424,0.6882290984891295,0.8496204005987832,0.4576877180251762,0.7593679223905271,0.8267269920706278,0.8966378790415307,0.83625664723746,0.7340285504363384,0.6089911118426787,0.7538891074834897,0.736627608923516,0.873093064940195,0.8355065187206555,0.8088541645602756,0.7274200051542324,0.6326693176679736,0.8452507996751594,0.15686271434064425,0.3657407379186672,0.8389069672016999,0.6853795885241186,0.8872258829862519,0.5742574200568572,0.7143343981439116,0.8079278830306852,0.8650192325066912,0.8676175608785185,0.7892903346379115,0.7351377459276517,0.8460317451924289,0.8210914095761193,0.7021604884092555,0.8517827134106938,0.10714283801020749,0.44457546907679557,0.0,0.004004003963923884,0.0,0.28121720586340815,0.0,0.0,0.0,0.0,0.0,0.017052496047247023
p_69,0.9720665364038529,0.8443870056134859,0.6880701132083219,0.8244395500454913,0.5705521414053973,0.7492928474429102,0.7825976355395833,0.883400140955317,0.8321400148075577,0.7152745723174037,0.6232784212171795,0.8040293015750021,0.7590887039285296,0.8673251230865019,0.841680671325848,0.8058586995811065,0.7464387434007377,0.5135135085568194,0.8417815869905129,0.3571427933673583,0.2986666640118519,0.8426558753333783,0.6817927316857091,0.8672962493218537,0.5875912355146785,0.7705434780514827,0.7946992921075365,0.8802501680788214,0.8597319708235712,0.7335533092044202,0.6718346235869906,0.8469597139572743,0.8096644273566055,0.6578483187138596,0.8466710854752618,0.0,0.43763363907602537,0.0,0.0014641288326198475,0.0,0.21874999786376956,0.0,0.0,0.0,0.0,0.0,0.017403448195684523
p_70,0.9775415070526949,0.842096716255608,0.7353793764471052,0.880152352895713,0.35714285302830817,0.8162856593271224,0.8242218530494533,0.8177548852104455,0.7973100958540348,0.5914922344058144,0.6128346778307806,0.6446525350189624,0.5418302611240402,0.8524822470355556,0.7898388076006542,0.7432694955779364,0.5032822735086114,0.49772382019936406,0.7943482374477917,0.12765956088728075,0.45959595669446995,0.8480681516309971,0.74437561923795,0.7796499259612575,0.1566433544525405,0.8229356855425303,0.8045167799606772,0.865024129608827,0.7706503604550857,0.6050322947989663,0.6898395707736743,0.7937280864883832,0.7738122282932207,0.543178970318029,0.7822722469378541,0.028169010117040826,0.33416046042878034,0.0,0.0,0.0,0.2697200983496171,0.0,0.0,0.0,0.0,0.0,0.011535499209449405
p_71,0.9746543760900482,0.825710640690806,0.7242862459364628,0.8360423326510691,0.05734766922316005,0.6793474421056646,0.771497632009198,0.7674315186911101,0.7952320127764666,0.541354989804066,0.4485733234935339,0.6596726787256706,0.6223038076587797,0.7946367177245937,0.7346842592663946,0.777202070022014,0.4164885483465998,0.5428571382953182,0.7514450860369541,0.0,0.3392070447223894,0.8364529642982441,0.733964836044456,0.7808444314078524,0.34267241010051286,0.6919162920089654,0.7538148301658885,0.8442890218589438,0.79137031674802,0.5388870804437715,0.6485421579027932,0.7698650667448791,0.8136822990057467,0.5722300100124122,0.7701368432616171,0.0,0.24788732161608149,0.0,0.004681647918157079,0.0,0.3755656066112488,0.0,0.0,0.0,0.0,0.0,0.011723254975818453
p_72,0.9674422367706109,0.8055415374864734,0.6536993051753518,0.9012521743169063,0.4479108610144242,0.7574624263612482,0.7597622410667323,0.8144472356693171,0.6743705137156423,0.6108804887362023,0.5912260954078153,0.7916509951266435,0.6647151527477705,0.8260355411663449,0.7729387671943618,0.7489361675569639,0.6312768994947946,0.6091846240938649,0.8208451697258122,0.21874996582031783,0.3154848034895629,0.7910981913780681,0.6287559321590545,0.8886067230042166,0.5144927505163481,0.7430452460803706,0.7680249949632371,0.8466041412182261,0.6777598402113997,0.5819770610792168,0.6976641677001671,0.8033166897260016,0.8043354226915703,0.5716498793830374,0.7809151050406159,0.0,0.4169570255024476,0.0,0.0011959338226112542,0.0,0.3954081582218347,0.0,0.0,0.0,0.0,0.0,0.014308675130208334
p_73,0.9688214836957848,0.8448272003087849,0.6885544443154088,0.7842116366817621,0.3985815574568684,0.7768504794797986,0.8067388687816367,0.8443957415756649,0.8375223172125775,0.7176009317393229,0.6538180027962479,0.801879401715429,0.7216835140877171,0.8844098070822425,0.7762230814962557,0.782567276059616,0.730457066508086,0.5874001722502203,0.838849044466561,0.53703698731139,0.18403755695739382,0.8346584573869179,0.6793855145085097,0.789879717304123,0.5698234304187526,0.7873225449407394,0.8422064670859797,0.8773862355609934,0.8211938652502823,0.7371860315119604,0.7109050970702486,0.8270947949606794,0.8211562095420512,0.6562227967256502,0.8406135071839506,0.29629625971651113,0.29298245357032937,0.0,0.006681514402210307,0.0,0.2983725108646247,0.0,0.0,0.0,0.0,0.0,0.02006588890438988
p_74,0.9706002353869764,0.8237060223721188,0.6246151974901819,0.921473933570119,0.6700507589918391,0.8163812357955677,0.8359712833707006,0.877004638252482,0.8278116817482436,0.8301374811594271,0.7542416433052914,0.8741051145903526,0.8367694918047288,0.8757216105138725,0.8068554748913875,0.8122210751382729,0.7016034387891926,0.6411012719655725,0.8316054344925965,0.07547168387326719,0.41939953616905523,0.8088237603698656,0.6334201306416779,0.9259898547051588,0.7139414777489105,0.828532071381526,0.8559394582162149,0.8570607665155432,0.8071150630271094,0.8076047125382665,0.7606958139146784,0.7999999990361446,0.7886129594530195,0.7003816727062817,0.8245059280390258,0.4489795002082652,0.4582593234164855,0.0,0.0037958667148969495,0.0,0.32221162705232004,0.0,0.0,0.0,0.0,0.0,0.0144622802734375
p_75,0.976491871410744,0.8462907776964337,0.7126776965906682,0.8421901083296736,0.3907284725085158,0.7847363669499197,0.8208013419691077,0.8733457398297427,0.8318607753254876,0.6802294116651559,0.6616621966175276,0.7888815327965535,0.7514534865517115,0.8990129332524904,0.8143064274390465,0.8090614862928465,0.754162583238124,0.5762711812999894,0.8393076696875933,0.1052631301939131,0.2696629188233809,0.8362216345307893,0.7081974338762864,0.8555124127217835,0.5664122094167007,0.8264437217251267,0.8556900879743421,0.8589295769808848,0.8352418148521598,0.6387918396948137,0.6926829249520787,0.8307550636917541,0.7876598088169543,0.6748466198523522,0.8421148248163928,0.0,0.34644351174524257,0.0,0.0059701491646246396,0.0,0.5300896218938589,0.0,0.0,0.0,0.0,0.0,0.01144133068266369
p_76,0.9701878253032181,0.8327095738304262,0.6932863535642961,0.8417652143975972,0.2999999951612904,0.7509060782978911,0.7843785501343883,0.8119658114770881,0.7962114256092095,0.5448003707697303,0.566872916309203,0.8352622486203835,0.7570917741189708,0.8454796682439036,0.8317794884153026,0.7480456982921055,0.717791407897496,0.43985418663603665,0.8186892322482092,0.28947364612188864,0.3449920481320187,0.8271858881067565,0.6838812033549699,0.8975259373912506,0.4728312633667182,0.724251988202436,0.8049636779512056,0.8462047071897615,0.7731700518046618,0.5957147867981328,0.6711610470133307,0.8178047538514873,0.7794153158264912,0.5668849338925638,0.841838580490555,0.22222217283951712,0.4303659179117099,0.0,0.0030120481474089134,0.0,0.09912536298651074,0.0,0.0,0.0,0.0,0.0,0.020086379278273808
p_77,0.9749058767248208,0.831740096694719,0.7313804928034955,0.8098306792962909,0.3523809481859411,0.760741052026827,0.7210423587037058,0.8423449608321972,0.7773352167835857,0.5496446257272835,0.605812895990434,0.7528479407981776,0.7301435389231016,0.8227028964086288,0.8108568178448489,0.7857514280141669,0.662155627539122,0.5737583352575364,0.8386048890078605,0.0,0.11174784940189328,0.822313241196034,0.7153341638362161,0.8082741146779188,0.36160713882134893,0.7245258904300587,0.7056301462798533,0.8685493805966725,0.7526989696802674,0.54403983759307,0.6826795930306753,0.8097336998992345,0.8041578058016589,0.6316626839167646,0.8473366274507261,0.0,0.17769376013521967,0.0,0.004489337772285771,0.0,0.0,0.0,0.0,0.0,0.0,0.0,0.015140933082217261
p_78,0.9746858352526993,0.8364561753841673,0.7205675164680232,0.8514743171142786,0.3488721752049297,0.7705910300637115,0.7532253868176962,0.8421584020405214,0.7837295892527505,0.59688825960517,0.7264444959807134,0.7754770573468247,0.6629769861259045,0.8361686079215338,0.8066471563475678,0.7921709997626294,0.6523681829652895,0.5891181933478593,0.8161213664630586,0.3797467873738244,0.31400534956284254,0.8335518809675898,0.724246218936998,0.870865896759554,0.22810590166790426,0.7203897288337587,0.7565411271183756,0.8597092537172265,0.7470250584529959,0.544279825616264,0.675943494252702,0.8271825388619221,0.8241604458391781,0.5625942642338291,0.8098796930278166,0.1016948980178139,0.3456090627081511,0.0,0.002844950172902558,0.0,0.23733003414919612,0.0,0.0,0.0,0.0,0.0,0.016719127836681547
p_79,0.9743514987524542,0.8449910991892126,0.7164069852452681,0.8714515261241512,0.34582132066539883,0.785479309521129,0.7946990874879017,0.8618482240729616,0.8368844687063395,0.6596410677591391,0.6469594576380645,0.7695749406283,0.7178958207377621,0.8648715023480621,0.8195771162181206,0.7618270778634391,0.7117794450537371,0.6292682875669245,0.8423127455957268,0.5057470683049347,0.27943484867005614,0.8368557951324821,0.7124041592789234,0.870784745839487,0.5280788125312432,0.7870328930445757,0.8126392138882876,0.8757072027554931,0.8426167328245832,0.6515739535882127,0.6487483513866973,0.8264195659665774,0.7670072246025237,0.7118927913576818,0.8494789648306842,0.1249999609375122,0.34492160637408587,0.0,0.008820286562069608,0.0,0.35493519087801406,0.0,0.0,0.0,0.0,0.0,0.01674223400297619
p_80,0.972030104812434,0.8252247719316674,0.6955161504865649,0.9103310594714326,0.6245901588148348,0.8153794603184845,0.8113449054496725,0.8735979538132167,0.8336134443774148,0.7751922882142028,0.661393365800446,0.80597014624638,0.7966820261812313,0.8496773551375603,0.806433083507831,0.7728130875619474,0.6074766326753428,0.5394352430434738,0.8194384440394833,0.6341462899068057,0.42893725717709824,0.8092725271534232,0.6847205386228497,0.9015526921369169,0.3644444403950618,0.8069105688779046,0.8398859670921706,0.8521051635489081,0.8332241859493297,0.8440235833088945,0.6912654923860896,0.8119814666393907,0.7798043859904721,0.6356011124361499,0.8201593788281721,0.2181817785124039,0.5087538593781985,0.0,0.0018552875609680539,0.0,0.3497409281121642,0.0,0.0,0.0,0.0,0.0,0.016055443173363094
p_81,0.9647140468259247,0.8203034170719167,0.6445607708807728,0.8972151409510809,0.628003308798647,0.7217193341856687,0.7215328606459833,0.8789627069059878,0.8107716797295907,0.6192551991290881,0.6465225302252604,0.8304590054909551,0.7849462347242959,0.8692830211308628,0.8404580144652118,0.7880910660009017,0.7243717561851943,0.5372507813509887,0.8298217172430923,0.0,0.3854094949386821,0.8007557797400982,0.6262317651246283,0.9101569498655409,0.5762114486677405,0.7856397953942955,0.8060329481174521,0.8658396208812894,0.7164723023366469,0.5903356336701552,0.6402424792719924,0.8249120851148325,0.7463556833178919,0.6557377000317608,0.7976371602992597,0.0,0.32525951396312647,0.0,0.00731930459909145,0.0,0.2303664897343823,0.0,0.0,0.0,0.0,0.0,0.02075834728422619
p_82,0.9759433137036653,0.8010745571189201,0.6892353926071839,0.9114888938484534,0.7267237004191057,0.7876691420667856,0.8102469602321322,0.8450606178751316,0.7739717295632603,0.6633315586340272,0.6495007865225938,0.8409302306024878,0.8191816969948942,0.8508548561706976,0.8283494723546351,0.7485258385413602,0.7394136777711169,0.5836734634319034,0.8246641398340819,0.30508471990807456,0.4821826253776023,0.8047449070881485,0.6741438921246722,0.9171568529210212,0.6928820274122348,0.7428669251475499,0.8018766733424048,0.8715310847326277,0.7283950608957532,0.7414973141607905,0.6943031518456176,0.8119830534476669,0.8007498639508573,0.636663000695247,0.8338814320203702,0.16666663194445167,0.45545545317589864,0.0,0.0036660556512813605,0.0,0.376333652993854,0.0,0.0,0.0,0.0,0.0,0.012128702799479167
p_83,0.9686539873589853,0.8244060327187321,0.6877633758003784,0.8827689989818602,0.305587225705961,0.7630720137396784,0.7156231677899453,0.8354216862437219,0.8050171028449064,0.6003792360744499,0.6027336847382415,0.8307353734994767,0.7373068420151013,0.7150469422936777,0.7773033699131423,0.8268047885179515,0.7150760694499444,0.4682352886089966,0.7783928223149524,0.10958902608369506,0.2552783084906112,0.8197300739018296,0.6811341227434824,0.8700007151498889,0.23655913660538797,0.7268851042544896,0.7521439914768207,0.8328385175985294,0.7921906013763615,0.4721698699935044,0.5787561432383925,0.7859504124112082,0.8186945989291039,0.5217391253938249,0.7643465190141747,0.0,0.2929687480926514,0.0,0.0038595136863777933,0.0,0.3106598953232498,0.0,0.0,0.0,0.0,0.0,0.01645391555059524
p_84,0.9707112369749058,0.8245982742080498,0.6899947286239289,0.8216560504796433,0.4653679603315156,0.7974716668080859,0.820926740264606,0.7995300333874137,0.7259259249988175,0.5467196813047055,0.5792790507202443,0.7689873387302716,0.5895332373704859,0.828450695211685,0.8305849831132336,0.7858220191407189,0.7239057208589826,0.5334476798160577,0.8144961105291278,0.26415091847632843,0.1680830956743806,0.816424915360069,0.6887433511936207,0.845507505688154,0.5890804555382151,0.7163123533820906,0.8025060645973989,0.8086380153898663,0.7517531548015975,0.6112341447440768,0.6194645968990128,0.8140886606974159,0.7734374982228,0.5941223145820309,0.8134889746532737,0.17948715647600558,0.34650455716410605,0.0,0.009374999853515628,0.0,0.11464967970303058,0.0,0.0,0.0,0.0,0.0,0.02019929431733631
p_85,0.9685974875518598,0.8233879909979461,0.7015946501962639,0.8508951339921482,0.2801235810491907,0.6984095816074981,0.7266469380569505,0.8550892362459102,0.7965992242826095,0.5472799433256129,0.5601554896789981,0.7255449951773476,0.5756788652286213,0.6552352722259748,0.7387619742642207,0.7167487662661676,0.5991533682867034,0.3737916178969751,0.8110286701373741,0.0,0.33487145461521783,0.809952444476206,0.6950202660206926,0.8399530093869005,0.43529411508650523,0.7812627815681952,0.7674768849002335,0.8285876628394547,0.7841318899699826,0.4234354189708884,0.5780913176992136,0.7732752840143375,0.7351298841099057,0.6901669694789706,0.7697560156801099,0.0,0.3575174809549061,0.0,0.004013042377694902,0.0,0.36082473916817237,0.0,0.0,0.0,0.0,0.0,0.01650477818080357
p_86,0.9802103222703725,0.8438629908728398,0.7540455565044732,0.8746177366601514,0.37275985329068234,0.7891741768210923,0.8377987676778011,0.8777003081050976,0.8429855206652702,0.7247038357518707,0.6505808738439652,0.7631474861085508,0.6265448666669938,0.8723615678329972,0.7835153914761516,0.8027327048029242,0.676111764360048,0.5588235245776512,0.8216402209695659,0.7239818676931281,0.2700660975442295,0.8354710770865553,0.7480384550208545,0.8932247312501945,0.5442834094663171,0.7987828069339827,0.8430231321047914,0.8902572360647654,0.8532332273513766,0.715580675359304,0.6913512000791622,0.8268558289271098,0.7905158916349246,0.6333333285353536,0.8379647006778401,0.48888883456790727,0.4063897737610877,0.0,0.0011540680833579454,0.0,0.4301075211007054,0.0,0.0,0.0,0.0,0.0,0.012884085518973215
p_87,0.9756183940038865,0.843799545147859,0.7240629668342096,0.8021844654785704,0.5113043433799622,0.7879124848383663,0.8387685679586829,0.8910230069376422,0.8019801970272522,0.68157043816945,0.589935758592249,0.699588473767549,0.7510316351420642,0.896452104221372,0.824134446850827,0.825632560985609,0.6823176789095021,0.5826287426392871,0.8555105041876977,0.3098591112874491,0.26485148187065,0.8420359141842731,0.7257745723275393,0.8425925920724737,0.46638297475418744,0.7938030651687608,0.8442204936865594,0.8880041538930217,0.8246851375003966,0.692518679000739,0.6949152526014236,0.8163227009227743,0.8257303925532281,0.6944045861233531,0.8410640537394948,0.38297864191943787,0.3884588290748851,0.0,0.0,0.0,0.27032966735901465,0.0,0.0,0.0,0.0,0.0,0.01347016834077381
p_88,0.972446133627041,0.8171909516055017,0.6698462026599447,0.8359506597641957,0.5112195072076146,0.7752582779403289,0.8090696567288641,0.8215696738806355,0.7869061256057749,0.5990872894464635,0.6598209566618721,0.810551555513383,0.8099924284443747,0.8228367291573768,0.8221222645449578,0.7808441537314822,0.7443254786110257,0.5487364571413678,0.8274035483116416,0.14999998125000233,0.28899082347866345,0.8236083053642052,0.6807190616343708,0.8272751387455061,0.4990253362668096,0.7941846639602276,0.829229494559786,0.8361224360517724,0.7340013655955347,0.712290256775639,0.6524300425811732,0.8235757150215727,0.7452937157058432,0.6313672879935168,0.8174035823692494,0.09523807256236366,0.3602573240867954,0.0,0.0,0.0,0.3084577076062474,0.0,0.0,0.0,0.0,0.0,0.016658528645833334
p_89,0.9689526512136172,0.8248221475410588,0.7038608919208029,0.8059532562922567,0.3061728357262613,0.7476495273856065,0.733662281294977,0.8346679736151507,0.7795971247737106,0.6335858577858765,0.6244808193880264,0.5925619810224712,0.6850490182086417,0.7224440701271038,0.767066282802867,0.789015402581998,0.5300713539583032,0.6018181763471075,0.7846233939737736,0.0,0.15604681201499596,0.8224558935679198,0.6966671015142019,0.7919725309069545,0.18227215752469217,0.7873506209467311,0.7447980082053781,0.8594275113805612,0.7969086522274058,0.5528017233933167,0.6369565203544424,0.7920407211549831,0.7832825884769372,0.6870228949361926,0.7847585283254245,0.0,0.2897278288873764,0.0,0.0,0.0,0.31826400871131993,0.0,0.0,0.0,0.0,0.0,0.017207409086681547
p_90,0.9699681868637603,0.8336468132778022,0.7087876363801187,0.6347401149402576,0.19371727495134458,0.7594048468240302,0.8096250263228124,0.8390209217758374,0.6904761894486962,0.5902545782856186,0.6442618853764952,0.5685237878465889,0.7007887805420004,0.7682215096159599,0.754713368978167,0.8076923054733728,0.5278263894720812,0.44407064386820316,0.8180547555553278,0.0,0.17619783344361928,0.8270850222523723,0.7138571673797673,0.6569696963571379,0.3259604152973176,0.7892074197345142,0.8267625782133129,0.8524607547451948,0.7226868435912825,0.5739295501224114,0.7024901688455872,0.7850703202442568,0.8060165954200814,0.6675496644533135,0.7752492961942817,0.0,0.21289662013411853,0.0,0.0,0.0,0.25799086463480747,0.0,0.0,0.0,0.0,0.0,0.01588469005766369
p_91,0.9630178998008915,0.8207693406280002,0.7271413730015985,0.8161476781576787,0.33478639638372804,0.8127994762375711,0.7067790137867893,0.8108457622162059,0.674233328959693,0.5461748388536184,0.6035985891233564,0.7664596249488831,0.8023708707834533,0.7765476219258056,0.7144946370535468,0.7647058804629118,0.6148055181313027,0.5292307651597633,0.8103709032694484,0.11111109567901449,0.15961137987778362,0.8222232365842881,0.7215514662595468,0.8569959251327205,0.3085824463974692,0.7749100300764113,0.7006503462855893,0.8598147890790498,0.7046642740085451,0.5315114328578626,0.6706029689200161,0.7910616200503637,0.8201025624203024,0.595655216568639,0.8098539601638487,0.2127659121774655,0.25067824063658034,0.0,0.0,0.0,0.06946983419616391,0.0,0.0,0.0,0.0,0.0,0.03126947312127976
p_92,0.9770525380125415,0.8335517693174531,0.7177092682590447,0.9066301776572632,0.5764525949812492,0.791153754700911,0.8102441577421616,0.8723132458359827,0.8477425542174081,0.7172995773024267,0.6766995311969394,0.8324678851258052,0.7341109242225401,0.8912544137798254,0.8384441234426383,0.7719188743465869,0.7212869408107484,0.5559174749628939,0.8284503401248845,0.46464641771248305,0.4012578591115858,0.8377081195452367,0.7281200344443909,0.8767678338423782,0.6443089398155034,0.8217850011913929,0.8574224764498709,0.8553054657468389,0.8491644195696341,0.8186214081552845,0.7373316995414156,0.8226221072138982,0.8126721740697735,0.6802973914470503,0.8285949347942272,0.23880593450657692,0.4923224544514277,0.0,0.0024916943418119004,0.0,0.45766589865370827,0.0,0.0,0.0,0.0,0.0,0.01161528087797619
p_93,0.9707639026401575,0.83952411223777,0.6725004237407605,0.8861056174884254,0.4542518788562769,0.8049573797653214,0.8129457102695443,0.855472555561615,0.8425118354815452,0.7174724934718154,0.6392389996688728,0.7534039305847052,0.8152195106044497,0.8811453758937056,0.8350377936471345,0.8392857118684167,0.6813833676181626,0.5459940598813644,0.8314940175911212,0.393939334251616,0.4708737835505232,0.8380589067309132,0.6745036178562671,0.8476007672894978,0.5575501525073902,0.8067715835069346,0.8091218649611236,0.870411321942497,0.8161919820461604,0.7126247549000672,0.6737434994069682,0.8370852439591537,0.8122646562338228,0.68694095986636,0.8416092779615719,0.270270197224271,0.465088036034681,0.0,0.0,0.0,0.27359490696081756,0.0,0.0,0.0,0.0,0.0,0.017255365280877975
p_94,0.9700032892684725,0.8206232586027943,0.6866968964145372,0.9061398138222629,0.3518987297228009,0.724908613447926,0.6861929304791736,0.8378441705695113,0.7941176459571065,0.63484068692123,0.6648153272290604,0.8004012009348004,0.6944565676681437,0.7300483969321387,0.80761864140496,0.8079079350607614,0.735410264434356,0.6023391754157975,0.8294527354930818,0.3703703246456389,0.3534830146604317,0.8163728033671874,0.6851048179372763,0.8978854386717461,0.5667215768803824,0.7615469611389694,0.6943425055119069,0.8604754918347406,0.7545914283276665,0.5692831156056751,0.675254963297759,0.8209438922210412,0.7837701593150953,0.6759002707673105,0.8370780847989138,0.35199997184000226,0.3898840864600417,0.0,0.004285714255102041,0.0,0.21647058568858135,0.0,0.0,0.0,0.0,0.0,0.020120965866815475
p_95,0.9717632906811756,0.8251252674582086,0.6944578981930695,0.7341692784214975,0.41811174934381745,0.8110050048174517,0.8446940110444018,0.8160857377630963,0.7623007612442124,0.5598513004214978,0.6218801011852576,0.7539266985343266,0.7993467083543008,0.8333512177927976,0.787387547174323,0.7433670990270934,0.6874717291385267,0.5483271324504914,0.8175669575096339,0.21874996582031783,0.12777777600308646,0.8160759040325477,0.695409089426986,0.7387890052296042,0.4701627443927419,0.7815313987459445,0.8143646249306393,0.8458595976262812,0.727750754926054,0.5497345943344858,0.6541729119086134,0.8128585731601324,0.8223187724163761,0.6423902834510712,0.8100358415494571,0.40506323986541265,0.1908629422247417,0.0,0.0,0.0,0.15686274304754586,0.0,0.0,0.0,0.0,0.0,0.020229085286458334
p_96,0.9713056377492667,0.8214507409152277,0.7299718473257485,0.8361673409791269,0.5107112209879073,0.7557058324562596,0.7328441788497261,0.8237388719961727,0.7937596019456806,0.48329795499575695,0.539027981192872,0.7892577367054914,0.786827745933695,0.7673004033550402,0.8060765502791508,0.8187006127772155,0.6394088638452765,0.49559255146334424,0.8234014054039158,0.057142848979593,0.26229507927976353,0.8101678839498057,0.7226353480581591,0.8271228610717742,0.27010621744907104,0.7114148875571189,0.7765781305580619,0.8400966924651049,0.7531219971744453,0.4460761812229507,0.5967413429801602,0.8349168638997991,0.8194888162550144,0.61102106474051,0.8191044769133438,0.0,0.25381679147121383,0.0,0.0,0.0,0.1333333312661499,0.0,0.0,0.0,0.0,0.0,0.02295285179501488
p_97,0.9739360625243507,0.8452035577366637,0.7333172750330359,0.8676589982554538,0.3966635737102542,0.738990233844898,0.7806592215729594,0.8002868750656051,0.8360218457563549,0.5425860288755162,0.39904191521187565,0.8466955556698387,0.8395382850926056,0.7084222949184529,0.8246147798364758,0.8136250323632649,0.6855713065655908,0.5245282969384123,0.8373105577850536,0.22222219478738336,0.23781009206321566,0.8454761942177692,0.7309876614285779,0.8471674049139793,0.6062461689758348,0.8054014678082025,0.8239768418768713,0.8652797623919963,0.8324365861741782,0.6311874099845614,0.6855106872078132,0.7855729440676624,0.8015966170425062,0.6125760586959832,0.8393385545349534,0.27450975009612744,0.34077380698829013,0.0,0.002853067006375649,0.0,0.37674418166576534,0.0,0.0,0.0,0.0,0.0,0.016514224097842263
p_98,0.9771354244518782,0.8327568802731319,0.7336479703086309,0.82361716730341,0.44295301418855015,0.8038314814123488,0.8571614726997374,0.8767092064284929,0.8473870996849993,0.6824461594042603,0.6430394084404893,0.8116374456857983,0.7261904746467039,0.8866787111806739,0.8331305973314933,0.7937259520753892,0.6544276422547104,0.6438848862959993,0.8374953402557814,0.4637680487292683,0.34316353580729636,0.8319119551291841,0.7277286069368138,0.821561598972829,0.47894102913428366,0.805759803697148,0.8708452874083336,0.8792480110392576,0.8177835041007945,0.6701761483395666,0.6735024266770037,0.8336914473209159,0.8294015375480468,0.6333333274691358,0.8436918488614702,0.1851851508916387,0.40243902088467753,0.0,0.0076335877134199644,0.0,0.22944895908356858,0.0,0.0,0.0,0.0,0.0,0.013566080729166667
p_99,0.9772038803649303,0.8499609348488363,0.7241510251077012,0.6449298294344943,0.4256410201840895,0.8058454080397,0.8398006247576899,0.8645137509261926,0.8044012383245367,0.7123871181526775,0.6415614221778154,0.6408209769622522,0.7566813833216793,0.8844563442252797,0.8229611733020982,0.8196402508030135,0.6243298943326602,0.6312247602205602,0.850355088898922,0.39999995789474124,0.11345218616771173,0.8436533567066175,0.7222638302444883,0.7256954823754158,0.4449108033062875,0.8288724591491607,0.8655946773111645,0.8723680267077297,0.8255136452769972,0.7137503117233694,0.6717259308939161,0.8236654796942479,0.8367620732630544,0.6720321886516956,0.8562685925573578,0.2153845822485258,0.20675944128469742,0.0,0.001666666652777778,0.0,0.2945205454236255,0.0,0.0,0.0,0.0,0.0,0.010948108491443452
p_100,0.979189411000966,0.8478852697966637,0.7424479502662857,0.797803417783795,0.5501930448823066,0.7949281592930874,0.8353328054902768,0.8692806563519482,0.7937336803108012,0.6405884312486477,0.663765591343877,0.7903986249875755,0.767399265642401,0.8654681465441062,0.8131059837143587,0.8068912296042909,0.6935400480954003,0.5039908722463983,0.82761404841783,0.22641505161980158,0.4604316509957502,0.841187511718057,0.7249499341798765,0.8474903470091469,0.6128755312199525,0.7883548080918,0.8633357433035249,0.881297927066799,0.8286077009047712,0.7035263379369544,0.7075495987952857,0.812618860261082,0.843933461732061,0.679452048589479,0.8488349316146124,0.0,0.4587039360946383,0.0,0.0032653060957934196,0.0,0.19327730821740466,0.0,0.0,0.0,0.0,0.0,0.011908249627976191
p_101,0.9741787198147082,0.82442030535681,0.6690254811860223,0.8990567693189241,0.4776119367342393,0.7519468847963391,0.8185793080303222,0.8784632429020667,0.8575982985419789,0.6205664702467895,0.6735781970569366,0.8188343358632376,0.7303132922728339,0.8889115992354093,0.7858062995833163,0.7607692278431952,0.7376058011382273,0.4543325473731552,0.830286241153937,0.0,0.48820852094245537,0.8255608224667859,0.6841858251902995,0.9138394974637684,0.4690763014532024,0.7770360478606675,0.8535872059494567,0.8570364849484757,0.856766150237605,0.706926356221129,0.7391975289629693,0.8256605275964166,0.8134502900191511,0.734520774092275,0.840320647894296,0.4067795920712556,0.5750636111411719,0.0,0.004750593786614459,0.0,0.3650254637943509,0.0,0.0,0.0,0.0,0.0,0.013099888392857143
p_102,0.9670237462423065,0.8084693244314037,0.6387570905069887,0.908695216902968,0.6732209706309878,0.7819256662154672,0.8235607848723188,0.8285678761632472,0.7968080378353657,0.6797433095050934,0.6192570854856865,0.8621908103773014,0.7365254431272864,0.8455003406797286,0.8266925809019625,0.7406471164291023,0.7377574336944739,0.5077473121841799,0.8154285180747229,0.37499994140625914,0.3828072506191588,0.7936373594276543,0.6369036940655867,0.9050971384400105,0.47581284317356987,0.759167442488821,0.8335928014829971,0.8331412467453315,0.7873043217186496,0.5860428223816511,0.6495007865225938,0.8248899797104801,0.7881417189970072,0.6284751421358455,0.829032551446127,0.6226414506942027,0.3919597970253277,0.0,0.002132196139315606,0.0,0.2758620654423746,0.0,0.0,0.0,0.0,0.0,0.021329752604166665
p_103,0.9739218206718109,0.846983190527347,0.6930210739461465,0.8189968495159942,0.29938649939403067,0.7731228214174635,0.7916196705961244,0.8800302485388483,0.822635576601211,0.5473317570004581,0.33372893345898663,0.746599492460456,0.7209533249231546,0.8731378108064153,0.7826659139098835,0.7180771138756206,0.7014369308066156,0.5864661599016339,0.8451225142439921,0.024999996875000388,0.10624169845628555,0.8467281208254107,0.7052710876967387,0.8662983420376282,0.4699205395014695,0.7050612596589161,0.7940565962851063,0.8772924495936983,0.8536525162220477,0.7056949415514786,0.6497584525368154,0.8315996618577456,0.8368827502062187,0.706655704957636,0.8520869389766427,0.36363631641086797,0.30970723952459756,0.0,0.0031645569119532137,0.0,0.295081964189734,0.0,0.0,0.0,0.0,0.0,0.016099330357142855
p_104,0.9784826067594455,0.8444322836474126,0.7385363067832528,0.8204354664084238,0.32551319170801774,0.792875778501444,0.8311542529245858,0.8845962851898916,0.8387563259593469,0.6520414374852311,0.6483570361737199,0.7016293243297896,0.7550827405317193,0.8813577959857479,0.8260694910362829,0.8213468848250396,0.6232318875986631,0.5960034700607866,0.843799129895682,0.03921567858516106,0.22895622638657434,0.8435205699508556,0.7223436697858882,0.7869349265199639,0.3994293808925909,0.789239556529378,0.8292359655657763,0.8945936227886258,0.833351910786588,0.7159124658719552,0.6731616778632298,0.8233612797033525,0.8231841505913814,0.6522988458886577,0.8549315706890689,0.044444434567903424,0.2438596469836873,0.0,0.008849557391599448,0.0,0.1828442417286203,0.0,0.0,0.0,0.0,0.0,0.011267525809151786
p_105,0.9736170141134561,0.8507986869045063,0.7117326305615027,0.7767728963703898,0.5672990011987443,0.8041200176730496,0.8090022084937338,0.8543689315999543,0.825125097675632,0.7606762427824917,0.6953476720976797,0.7239392314094331,0.7801526697706038,0.8023300196155915,0.8153324418709974,0.8462354166324617,0.6885998443435354,0.5809859103786452,0.8464061467093935,0.399999952941182,0.3213114718982353,0.8398611799574409,0.7159715861928116,0.8060188267689431,0.6491611914722014,0.8252677158332061,0.8368425488877824,0.9002309723957913,0.8295652163607886,0.7167859976961157,0.6690359825210218,0.8406539286580127,0.8139298403306308,0.6488609532689634,0.8506137857879001,0.2666666222222296,0.3608660756947388,0.0,0.0,0.0,0.4049216956943882,0.0,0.0,0.0,0.0,0.0,0.017800467354910716
p_106,0.9705076167665567,0.7981874046239478,0.6790105468668951,0.8791321178802892,0.30662020549802316,0.7671970200944739,0.8123166431962432,0.7881413430825506,0.7995888992811037,0.5284920525539578,0.5721462445655979,0.8341323086430195,0.7257506811178331,0.8009009154737312,0.7742806681476258,0.7479768764509338,0.723676199867084,0.5586297686610043,0.8047152632359234,0.35087713142506466,0.23363828125518452,0.7989878319338842,0.67097631037984,0.8844140149802607,0.40346534154127056,0.7256852967132562,0.7740975421962547,0.8104284972584261,0.781867492209909,0.5496786943281282,0.6461006894222588,0.8049014376079899,0.7899252676725013,0.6447709538049183,0.8324854643600241,0.0,0.3237057203067808,0.0,0.009535160792191171,0.0,0.3666245212816116,0.0,0.0,0.0,0.0,0.0,0.017850603376116072
p_107,0.9758607698885422,0.8447679053650581,0.7374738843417817,0.8866467617671688,0.33819950926764586,0.7863983580018246,0.8313643354497259,0.8853737806688116,0.8355232275510052,0.7212191800415267,0.6682110664910912,0.7619777663396788,0.7471788697546726,0.8830680489042296,0.8260447027037634,0.8117829432192777,0.6387872418254719,0.5149591975071696,0.8404919944938579,0.4571428136054463,0.39146341224717435,0.8332162956600888,0.729848140906327,0.886315690363173,0.5363321752912442,0.7843614246208046,0.8465188288979895,0.8419033405222447,0.8613611800967937,0.7106499601501077,0.7106227088873682,0.834149456212317,0.8350897156505561,0.6385224218247808,0.8423165704684166,0.3636363223140543,0.43946730968845454,0.0,0.012422360094132173,0.0,0.42659974370640225,0.0,0.0,0.0,0.0,0.0,0.014777919224330357
p_108,0.9720511560183596,0.8326222673695092,0.6998628611378634,0.8435991044378759,0.4315443545285394,0.7953361832373789,0.8313985191062803,0.879758370629715,0.8281230372528273,0.6641692814982594,0.6446280975087084,0.7487001700662903,0.7925240687322559,0.884711779302745,0.7976270205744647,0.8023133522546967,0.7418927837793091,0.6703469978679258,0.8358547647164762,0.5061728082609378,0.27212178618342736,0.8235005536015075,0.6816356469795897,0.853066683107403,0.5112474385353023,0.8410377091833255,0.8655895229787033,0.8925432679718859,0.8608637568334108,0.7393675019932909,0.6337751579926971,0.8147053382461618,0.8388037908125364,0.7242424187557392,0.8550363837083145,0.1999999714285755,0.3665399211669968,0.0,0.0028943559639022292,0.0,0.4707482929149892,0.0,0.0,0.0,0.0,0.0,0.015051124209449405
p_109,0.9752493012297835,0.8410660945483776,0.713540677829074,0.7997157250292573,0.46527011614917185,0.7912586089357302,0.8338194676935405,0.8805149076463226,0.8248337018664281,0.6398605201701422,0.5919375797348827,0.8568381742019776,0.8516396429944659,0.8582837201902469,0.8402150942575235,0.8128491601190663,0.707575113383093,0.5846438428802605,0.8392076621973332,0.6915887204122692,0.33620689292880507,0.843956960317853,0.7204734985177731,0.8448528937106051,0.504559265404668,0.8094194310398638,0.8580421780992261,0.8548770811597163,0.8365000594983661,0.7268365809826721,0.6625089933736892,0.8414161895247869,0.8178539206089858,0.6897637740963483,0.8372939815664106,0.37647054394464186,0.47249647057477806,0.0,0.006488240012260827,0.0,0.25841476375228273,0.0,0.0,0.0,0.0,0.0,0.01630365280877976
p_110,0.9791961896672061,0.8311047508683138,0.7533799395517479,0.8541193565018987,0.38523273859979557,0.7806274199504384,0.8417774947866856,0.8867400468641394,0.8556655656153295,0.6065850088700022,0.6176549487049773,0.6225402467350015,0.6121336039122917,0.8834061963726656,0.828463610966616,0.8173773107605864,0.610376395674586,0.6006051391784786,0.846771182487149,0.3880596435731875,0.3660714253029337,0.8335797429201552,0.7516434929211145,0.860314207160568,0.4783783719138058,0.7983458602368476,0.8519194161873468,0.8884832209994721,0.863832541148217,0.6595061447685682,0.6954813342448887,0.8150844193558948,0.8192646276041827,0.6324909701625201,0.8407295968026236,0.4883720362358097,0.43067389286852137,0.0,0.004369992684850745,0.0,0.2807017513080948,0.0,0.0,0.0,0.0,0.0,0.012444777715773809
p_111,0.9735750633761123,0.8061217987768436,0.7057424052976794,0.8583813692144887,0.2914572815501293,0.7789575287486706,0.7734353842752074,0.861324326649614,0.8071805161848098,0.5144679337256786,0.6498613545503873,0.7240864999101919,0.8366013056706585,0.8103758940983754,0.8134299877781095,0.7710227250823217,0.6026229488438591,0.46709916156534603,0.8186933707022477,0.2545454082644712,0.35362318498914797,0.7846107647885799,0.6794960017655738,0.8710506032746594,0.2570422489957351,0.7628925049384332,0.7890095029468227,0.8546185643911092,0.7658525120175522,0.6010626986173616,0.7122782752539086,0.81070444627046,0.8246681393123115,0.6610169440599619,0.8436045951537322,0.05263156509695655,0.3412870546544682,0.0,0.0030120481474089134,0.0,0.0,0.0,0.0,0.0,0.0,0.0,0.01791323707217262
p_112,0.978825709726907,0.851092598233351,0.744354999344624,0.8675233861534899,0.3961748579757533,0.8160464045439793,0.8339164553143961,0.8769745784721338,0.8271906262787521,0.6342567633564118,0.6075322086037358,0.8163716784057091,0.8319924265152352,0.8894267834096378,0.8020070237812273,0.801843315798744,0.733986925705925,0.6038365254058672,0.8406454419183206,0.17543856571253233,0.33027522632775025,0.8507726405089766,0.7451092032130584,0.8669513034462547,0.48275861514070556,0.8431578645938587,0.8560057486556848,0.8665610138053033,0.8008359960648684,0.619638825485735,0.6845861068397096,0.8390031637272516,0.8440832888672338,0.6843373439009048,0.8548788345573769,0.2807017051400517,0.4836879398320004,0.0,0.0,0.0,0.20735785722009079,0.0,0.0,0.0,0.0,0.0,0.010481334867931548
p_113,0.9761403322557454,0.8344165712635662,0.7370169879891341,0.8853512930945387,0.522813683243216,0.8064278424196724,0.8606255264808456,0.8532714710532654,0.8029166217870479,0.628912070949225,0.645254073237646,0.8124999969408885,0.7748989760520586,0.8807187568537621,0.8263308277846007,0.8058489011485271,0.7112323751194525,0.6150943338198648,0.8345417356064866,0.11111109053498323,0.4173913003150599,0.839243588394248,0.747570581073851,0.8850293538466123,0.4985562993401704,0.8013727528759254,0.8560203047739409,0.8367922957347986,0.8182216372993631,0.6328263868923303,0.7332718026458889,0.8152706781941477,0.8541614885610894,0.6695501672184242,0.8195974166164096,0.18181814049587713,0.38294168509189136,0.0,0.0069605567637986455,0.0,0.3256325596740093,0.0,0.0,0.0,0.0,0.0,0.01513003394717262
p_114,0.9778585992688341,0.840640528228984,0.7438357143772244,0.8815079620144596,0.3051948002403442,0.7874377812781612,0.810549425668301,0.8820301778223422,0.8508637646502692,0.7172940731296179,0.6599437132740532,0.7907932561003154,0.744186044609798,0.8904699164004444,0.8325474056059523,0.7493431404378793,0.7605254268759668,0.5926449745923269,0.8410956369629294,0.5840707447725004,0.4427577454601028,0.8329361519135572,0.7254930164238645,0.8959043789391551,0.4975530138861908,0.8101402927557921,0.8313450459203962,0.8821701715570207,0.8304673480003509,0.6270040557977554,0.7175469992892861,0.8449619502659192,0.8123473222022045,0.7275080859060965,0.8528478049926724,0.18604648999459417,0.42437672895082146,0.0,0.004112405729181592,0.0,0.4306220044183971,0.0,0.0,0.0,0.0,0.0,0.011283801850818452
