PVT_ncc_1_diffusion_1,,,,,,,,,,,,,,,,,,,,,,,,,,,,,,,,,,,,,,,,,,,,,,,
,Unknown,Left-Cerebral-White-Matter,Left-Cerebral-Cortex,Left-Lateral-Ventricle,Left-Inf-Lat-Vent,Left-Cerebellum-White-Matter,Left-Cerebellum-Cortex,Left-Thalamus-Proper*,Left-Caudate,Left-Putamen,Left-Pallidum,3rd-Ventricle,4th-Ventricle,Brain-Stem,Left-Hippocampus,Left-Amygdala,CSF,Left-Accumbens-area,Left-VentralDC,Left-vessel,Left-choroid-plexus,Right-Cerebral-White-Matter,Right-Cerebral-Cortex,Right-Lateral-Ventricle,Right-Inf-Lat-Vent,Right-Cerebellum-White-Matter,Right-Cerebellum-Cortex,Right-Thalamus-Proper*,Right-Caudate,Right-Putamen,Right-Pallidum,Right-Hippocampus,Right-Amygdala,Right-Accumbens-area,Right-VentralDC,Right-vessel,Right-choroid-plexus,5th-Ventricle,WM-hypointensities,non-WM-hypointensities,Optic-Chiasm,CC_Posterior,CC_Mid_Posterior,CC_Central,CC_Mid_Anterior,CC_Anterior,non_jec
p_0,0.9751499870528796,0.8231526104926189,0.7169345044464844,0.8666322488097435,0.29887054475351393,0.7416458971757819,0.7700945749150427,0.7910415303375509,0.7671672244245995,0.6782109840877393,0.7215725286848158,0.8337428314667135,0.691736093916379,0.8289792442825608,0.7224216544848922,0.6743460506975137,0.7205206710546681,0.622743676690039,0.8124622414667626,0.23188402436463415,0.2604074379060457,0.7983943966065337,0.664805820222405,0.8219330590620465,0.3863829754350385,0.6759015453518256,0.7884471227464948,0.8704999141952454,0.7604478776842014,0.6205134154715839,0.6976032618623068,0.7758281103170742,0.7191111095130864,0.6102169306492867,0.8389655165181332,0.4788731719896941,0.29023746446580945,0.0,0.0016570008147721556,0.0,0.38840579147237986,0.0,0.0,0.0,0.0,0.0,0.017289225260416666
p_1,0.9728662066023673,0.8138651249758121,0.7104812970669236,0.8131676725422854,0.1493001531990645,0.7828445253245224,0.7716887112627625,0.8315499842904566,0.7613708743007124,0.6506088819389247,0.6560868643639866,0.5042654004537185,0.8114695325959328,0.8225526102143905,0.7406986644507255,0.6560389066305352,0.40335351465601527,0.48630136569947463,0.7553067016920385,0.0,0.18955042297022573,0.8095120138596072,0.6977150406689699,0.7556127780191416,0.014962593143077478,0.7789393103894602,0.8171609272168796,0.8374114112889083,0.7149406362819553,0.5527321355056055,0.5105527627928588,0.7234235042762839,0.592167621371495,0.47670901103019353,0.6845053928551673,0.045454535123969284,0.15920397811935352,0.0,0.0,0.0,0.12336448367543022,0.0,0.0,0.0,0.0,0.0,0.01804562523251488
p_2,0.9764457007815837,0.8375770779299738,0.7333252884605694,0.8701607529391416,0.46883720494104925,0.7885051674121207,0.831903641563602,0.8379175438832877,0.8130593712176234,0.679275378057109,0.6918489045957145,0.7857449515425291,0.8143879853075119,0.8673526389152951,0.7818432487200729,0.7767551912259921,0.6852726462633205,0.5985130055900278,0.8416402565623353,0.4761904006046983,0.3446272957925722,0.8144182324942427,0.6976348529563617,0.8347951297062475,0.582663086839472,0.7890188965665583,0.8600799542553629,0.86151968211076,0.793735675078004,0.638559923450308,0.6576680050038254,0.8081023445542619,0.7863165483345783,0.5739282539463845,0.8342493483422531,0.0,0.33948988267818925,0.0,0.0,0.0,0.2305084719716557,0.0,0.0,0.0,0.0,0.0,0.016102818080357142
p_3,0.9704523352195864,0.8238418305034841,0.6933195356921759,0.8260728915106357,0.3917525732809013,0.682832654301843,0.6184391315870817,0.8062545531545959,0.7645421234219163,0.6582622181358978,0.6908040855379741,0.741550014538921,0.656191073420928,0.8066039985356358,0.7087878156937767,0.6186395269988229,0.6956521712599077,0.5528846109544503,0.7940689191566692,0.18749997070312957,0.34104938008449553,0.791976256581682,0.6536046518451246,0.8699987835461516,0.2576832120841228,0.7405370428570187,0.7592859045590671,0.8181873659943928,0.7656959647799947,0.6044342938391528,0.7059336808334781,0.7470738837353019,0.6583727278965595,0.4306748439835899,0.8198809816277923,0.0,0.4107859987906713,0.0,0.00394088666068092,0.0,0.05830903620090274,0.0,0.0,0.0,0.0,0.0,0.020834205264136905
p_4,0.9751723742819634,0.8313754085935761,0.7130193273920635,0.8887271629972076,0.37909835677153325,0.7510607344068794,0.828830299511004,0.8069323694213998,0.8323893425294847,0.7560370941547727,0.7263774895043904,0.7708989130083983,0.786338886674907,0.8742870259276542,0.7548355890294541,0.6789317487272054,0.7144491013555123,0.5883904974380574,0.8008761062747585,0.36619713152153077,0.3428571405247814,0.8147806924156943,0.6867163325122762,0.8750886432056567,0.5034013567392188,0.7350835320002733,0.8254300523449655,0.8403531457907253,0.8281484651060411,0.7116682731806477,0.7648945903645862,0.8058927266252799,0.7311456513208242,0.6212018864199738,0.8265978782587199,0.18181814876033658,0.5084398950974941,0.0,0.0,0.0,0.3048327080886114,0.0,0.0,0.0,0.0,0.0,0.01527651832217262
p_5,0.9743428291122447,0.8287185873390245,0.7156287031573647,0.9020380975350903,0.28661087566306614,0.7351613594328119,0.7796499821131551,0.8597274829763513,0.8445040205043521,0.7699574862825154,0.7182044869870212,0.8514602194071998,0.7163387116596536,0.8433589988684314,0.7556766568213981,0.6824183437025074,0.5675146748825257,0.6128755312199525,0.8347172787319916,0.2499999479166775,0.34246575107900173,0.8112589463900163,0.6860173536004649,0.9089027507664061,0.450777196233456,0.7296437456359204,0.8085324361933918,0.8695491948964813,0.8585219340785992,0.7896074547777394,0.73324137728761,0.8342945013126735,0.7798043859904721,0.6847999945216,0.8405520160928323,0.2499999609375061,0.39378881742988314,0.0,0.006640106197608857,0.0,0.46054749660954114,0.0,0.0,0.0,0.0,0.0,0.017232259114583332
p_6,0.9713520941240176,0.8110533295963449,0.6673108590489084,0.9107795814658525,0.3589743567293661,0.7151659526043552,0.7993762092587161,0.7614656922754965,0.7424475156906714,0.5705487731545709,0.5707571786664303,0.8168574380414738,0.7950735532071954,0.8239755142281966,0.7726299389014698,0.6442307676006306,0.6617137163857666,0.6890380236125501,0.7973440050961034,0.4324323739956251,0.3831308049811951,0.7850881100457893,0.6105552563148963,0.8823817689039507,0.24346405029849633,0.7262534884211689,0.8173163938338011,0.7942608577587088,0.7907716777011347,0.6408956975357741,0.7206880925289993,0.7671357233162636,0.6307496807350707,0.5608974314030655,0.797479747256994,0.09999998333333611,0.4017013213530183,0.0,0.0,0.0,0.08849557326337228,0.0,0.0,0.0,0.0,0.0,0.01924961635044643
p_7,0.9770403958951602,0.8303722345198723,0.7335755579410119,0.8511630115344323,0.3790262143893168,0.7960308707525497,0.834906863939854,0.8583086463259132,0.8214654272168919,0.7552132249152609,0.6680100738841056,0.7701641657024832,0.8170003498120824,0.8616979500389346,0.7502055913340815,0.7080445896111943,0.702118457837793,0.4330244276914539,0.7734044502727566,0.1971830708192858,0.4213263951799324,0.8075100774148184,0.6926973819959591,0.8832072613906176,0.287158743304765,0.7777338881292777,0.8415319028403248,0.8628458031616402,0.841280971433753,0.7244109503725928,0.7017543842549845,0.7964748566132972,0.715128753446543,0.5945945901306713,0.8114606283195145,0.20512817882972065,0.46866840425151174,0.0,0.004145077677253081,0.0,0.4065040584308283,0.0,0.0,0.0,0.0,0.0,0.013506934756324404
p_8,0.9751604841317543,0.8373839717360724,0.7249614662812603,0.8295687880954489,0.5235087682560788,0.7896440127337868,0.838891510615667,0.800068430200691,0.8169863664893396,0.7676548795748499,0.7471435649599016,0.7457746452613568,0.770030815157876,0.867301840155901,0.7750551611020147,0.6816195727304993,0.7126185240240024,0.6403162004718087,0.8080607258195728,0.43749993164063566,0.3878676434938636,0.8085233639921391,0.6926062217502795,0.7869134732785936,0.5801011755472076,0.7962535938747249,0.8498179926644684,0.8601960019599159,0.8272859205339941,0.701035374567477,0.7029330641691324,0.8287338492726265,0.7844099188214502,0.6746626636082259,0.8550032754329278,0.038461531065090176,0.3029259870660414,0.0,0.0,0.0,0.356466871349103,0.0,0.0,0.0,0.0,0.0,0.016361490885416666
p_9,0.9726730780461835,0.8404234269755327,0.6948923834735696,0.9012241334547767,0.2885085539302133,0.7945163651702136,0.8316824838890683,0.858752863422656,0.8214104505055677,0.753487517663833,0.7361990933570157,0.6739404084182106,0.7998347432352102,0.8846314639853436,0.7813906943704468,0.7888888861496913,0.5461393571274041,0.6146572055582569,0.8102046530135458,0.6019416891318748,0.3586025025800758,0.8216577808799295,0.6657664620379306,0.8686815359414407,0.4190919625251227,0.7581969597699035,0.8115893140707364,0.8397451905822226,0.7922279165666612,0.6676005596682004,0.6875555540276543,0.7281268341419532,0.7253885989482193,0.5537790657428847,0.789255799760031,0.039999992000001594,0.29415170646119454,0.0,0.006334125048819279,0.0,0.2844311334665998,0.0,0.0,0.0,0.0,0.0,0.018094889322916665
p_10,0.9731708241097953,0.8377760876378179,0.6882065947548238,0.8190999942789382,0.16741674016726607,0.802663071665613,0.83166498533201,0.8299999995337078,0.8149946051577743,0.7234170243838982,0.7206240840550364,0.7432780819768763,0.8440983343348628,0.8878292841141301,0.675772116801068,0.6394821985777275,0.6898419833415711,0.5786046457804219,0.7874421906906419,0.0,0.47433116070621,0.8214036448115564,0.657505567243982,0.8462107203658591,0.3868544564614605,0.8253626232853262,0.8632823027826477,0.8754994603440734,0.8296415615120936,0.738051910029641,0.7114542025632085,0.7877546833339258,0.6645074206086169,0.6454033710562536,0.8234854143385514,0.5217390737240137,0.4412371103695044,0.0,0.0,0.0,0.23182710742972285,0.0,0.0,0.0,0.0,0.0,0.019828287760416667
p_11,0.970594950669582,0.8352750720308293,0.7258156515181815,0.891239157485171,0.496368035736271,0.7582539063735833,0.7999457556867291,0.8594294087241557,0.8313669397790884,0.6627062700021629,0.7123220404704907,0.7705503903840228,0.6852920787686629,0.8386633128041954,0.7872406309618658,0.7603583405365107,0.7076450222526123,0.5137614626527883,0.807370517124133,0.0,0.49876298615159337,0.7997813065198026,0.6623963068659048,0.8919812789728607,0.6579727287612761,0.7264689280973008,0.8167056535516067,0.853790495499778,0.8183006526223403,0.6198017772353104,0.7052871219193343,0.8309913370250325,0.847113162015905,0.6424870418764838,0.8417428928477005,0.22641505161980158,0.5192825088821411,0.0,0.0013071895339399377,0.0,0.34078211814550113,0.0,0.0,0.0,0.0,0.0,0.01810302734375
p_12,0.9727875383258288,0.8262280511231302,0.6888586233893151,0.876220168178666,0.325670494964842,0.8027431704645689,0.8178051658045231,0.8637429236298572,0.8144654078199499,0.6728058200627492,0.7587452025304781,0.7425986811570777,0.7804878033048019,0.8827802566311651,0.7827614708735413,0.7617924505843382,0.6838301685463858,0.47058823109992665,0.7977824222504931,0.0,0.45013476785623474,0.8016799275245884,0.6367295609218733,0.844282238014861,0.32499999630681825,0.7982456138536846,0.8432438345097913,0.8246996363091927,0.8036132476819302,0.7146156376172709,0.7110593697064974,0.8075859336155808,0.7861303722992222,0.6114551036265085,0.8305635830648812,0.0,0.39139486196117373,0.0,0.004125128896097873,0.0,0.35007609817235774,0.0,0.0,0.0,0.0,0.0,0.016385759626116072
p_13,0.9787970671149939,0.8399866863795113,0.7157798354528631,0.8498663898948212,0.3444564010284564,0.7876325086351255,0.8298694618026589,0.8322468487438902,0.8541107861759641,0.7606388247588148,0.7285513344384639,0.6886409701387375,0.7074299617358588,0.8672239069333486,0.7536907528541561,0.71845220699263,0.6794871765833881,0.5759552602427283,0.809966529555628,0.4235293619377221,0.3291139202633611,0.8297544559866511,0.6897225031214467,0.7875527708106,0.6612576020198945,0.7561627559756057,0.8301799915703796,0.8760247610975268,0.8525700924619508,0.6613101209002231,0.6618604635770687,0.814941602079197,0.7857878455566739,0.4595300221102696,0.8252255596454046,0.2909090380165385,0.3510125327771212,0.0,0.002079002057390831,0.0,0.29403201900972314,0.0,0.0,0.0,0.0,0.0,0.01195925757998512
p_14,0.9769639964493098,0.8359035653692103,0.7262170730483608,0.8093949984763509,0.48247078061376647,0.7474731478775833,0.8012439256116848,0.8266861670547977,0.7827315934951412,0.7071414275783743,0.685499056766716,0.7190388136828151,0.5870901624306092,0.853055517519258,0.7770134397533989,0.7544193615599146,0.6912728503233085,0.5623342125346223,0.7956809077579067,0.4307691644970516,0.28571428200371063,0.816343131687388,0.6964537632870887,0.7649382294605108,0.5107758565649153,0.7503898092575412,0.8173343377891622,0.8364895811203343,0.7555790297694718,0.6965743973946608,0.6989247294747685,0.816412519245172,0.8130208312160916,0.5656877854274515,0.8024597911045792,0.09090907024793857,0.3017689874945995,0.0,0.0031201247806542528,0.0,0.32907800951662397,0.0,0.0,0.0,0.0,0.0,0.01709478469122024
p_15,0.9659293789745267,0.8207294585877497,0.6355589074001249,0.9158788653218289,0.5284507012481651,0.806508000266738,0.8084360313107687,0.8456112847142038,0.8384045391164993,0.7444153112276715,0.7652618115829838,0.8197802179785051,0.8527724655201094,0.8617865321370981,0.7561531440791327,0.7328244252432842,0.6289434119732428,0.5822485138195442,0.8195618942235743,0.5436892676029838,0.4498346171453439,0.7900526633578634,0.6056522768722158,0.9125965123378597,0.4975179233451852,0.7838930771816679,0.7989038395788632,0.8201659571716297,0.8265736286864753,0.7195848965339093,0.7469213351421932,0.7687457771124232,0.7569562726946159,0.5611814286795208,0.8166766399195325,0.26666660740742054,0.431321082977598,0.0,0.004382761107503571,0.0,0.3823529355536333,0.0,0.0,0.0,0.0,0.0,0.021066429501488095
p_16,0.9717299767672165,0.803137830459021,0.6790270077428883,0.8813594300569779,0.4990780547075719,0.7949927336524506,0.8120697080403394,0.7946865812961027,0.7737078315133809,0.6020557995569558,0.699955809324004,0.7922868714739957,0.7797619031042476,0.8144320943593794,0.8092543940096439,0.7894278222787457,0.7278310912559267,0.6011560635726776,0.7968849037427467,0.2950819188390297,0.36441129267761696,0.7815501363453758,0.6432721682213672,0.8645161286653158,0.3144848929939203,0.7689616037523733,0.8125916021179328,0.7868852453835767,0.6878543708029627,0.6692080660732808,0.7306388507675649,0.7897946729113695,0.774378036104152,0.694610772501191,0.8151115149612094,0.12499997395833876,0.390670552037558,0.0,0.0032520324674466267,0.0,0.4351999930368001,0.0,0.0,0.0,0.0,0.0,0.019006202334449405
p_17,0.9719760270071411,0.8239162273338437,0.6905728836427536,0.7633173839642119,0.4626708703329607,0.7968540387729557,0.835075124634167,0.7276982524749914,0.6855663741087559,0.6001487967263381,0.4896551714205778,0.7641891866074689,0.8013937269537635,0.8423185939849321,0.7277046414652037,0.6236791015232281,0.6744624644494059,0.5247252711213923,0.7083396853877575,0.0,0.3808612403745336,0.799136225817965,0.6544233440603744,0.7794001812908814,0.2922465179697165,0.7696652463129238,0.8323243492853051,0.7431777325871901,0.6832254259173333,0.5232107397908569,0.5563126241356461,0.7913173087466766,0.7479534667213411,0.5719534563873028,0.7453667647209417,0.0,0.39153438857494793,0.0,0.004494381971973237,0.0,0.3527653161021627,0.0,0.0,0.0,0.0,0.0,0.017926170712425596
p_18,0.9752143740519605,0.8303458798334569,0.6990832507332397,0.666727025199885,0.22528362864437904,0.8218943764861802,0.8144796379521759,0.8112360631250369,0.7776230847011478,0.7368707970771663,0.7323574377706851,0.6678245737393635,0.787864750375487,0.8795473753506723,0.7150571124454236,0.6977124164005652,0.665447894582048,0.5572801141368802,0.7796695456012165,0.39999993333334444,0.13631022166497977,0.8356643667803894,0.696142051047593,0.747893378548673,0.4136904731124221,0.8218414171298746,0.8398535989618949,0.8653951546281952,0.7918884654095204,0.6860579938180644,0.7602608347520889,0.7887871211131584,0.7538644452940204,0.5462184835698985,0.8278800265611111,0.2058823226643643,0.2067632830264417,0.0,0.0,0.0,0.19417475413956709,0.0,0.0,0.0,0.0,0.0,0.01607244582403274
p_19,0.9711830344850666,0.8035376197040852,0.6873790479007481,0.8189094542152893,0.30238726523088183,0.7593335811665589,0.717693049345774,0.794897200399494,0.7637762803850814,0.6125469917615755,0.702170619126273,0.7932421528831771,0.6609222155078663,0.7761613111320637,0.7328580407497819,0.7584430430496765,0.7266932241964413,0.4944071533064077,0.7925043911843603,0.0,0.19543973729164238,0.7793750452808974,0.6418374451242344,0.8205921932566674,0.31508677816973596,0.7487754810176664,0.6881991928449207,0.8578109195792398,0.789527984537622,0.5751234415999019,0.640688257488137,0.8019493977582441,0.7466666645484633,0.5441283694811935,0.8183651898776629,0.0,0.36712749334003464,0.0,0.0,0.0,0.17199016776436934,0.0,0.0,0.0,0.0,0.0,0.021037074497767858
p_20,0.9719675095263051,0.8183673502128903,0.6802266709518212,0.7427128421769749,0.10441766928490404,0.7609741867772655,0.8056988240512939,0.8067054711028147,0.683653577438522,0.6142428280401577,0.6430070584945486,0.6617886151959812,0.7066553609439268,0.843765310992809,0.7088209256477325,0.72599999758,0.6014279689146241,0.5386575995016347,0.8009135890362288,0.3749999665178601,0.1329479749573992,0.80160625671643,0.6303656915001004,0.7382405184689577,0.5952109430147609,0.7209014424292207,0.8026283874076553,0.8634502767977146,0.7054785469234607,0.5780141838847392,0.6580310867715602,0.7654927647961663,0.7300399183382237,0.5452276946648303,0.8037939948233958,0.06349205341395978,0.29588014704232074,0.0,0.0,0.0,0.099173552079776,0.0,0.0,0.0,0.0,0.0,0.017005847749255953
p_21,0.9754684604903918,0.8346666946491499,0.6978676808051278,0.8829394976168073,0.5291479794262681,0.7907211548601052,0.8081144093369373,0.8470747445101631,0.8161472486758552,0.7342105256717452,0.7436177160296362,0.6982371216790974,0.7437632119582174,0.8627541664553353,0.7393018552367517,0.7791027802978342,0.6637239138694867,0.6200150442436791,0.8100734515476797,0.2058823226643643,0.45903210129836075,0.8088164245100029,0.660913368853693,0.8731267219534458,0.5613015655938317,0.7889793046039332,0.8315929908673694,0.8293770194865836,0.800514248124583,0.6823094681918619,0.7341110202451508,0.8164551257390809,0.7963424749339361,0.6405135474999034,0.8475452188830569,0.21621618699781256,0.4612612591835078,0.0,0.003820439332280614,0.0,0.5885485940273156,0.0,0.0,0.0,0.0,0.0,0.013275727771577381
p_22,0.9694049810073613,0.7806808433739,0.6909202246987431,0.6860949204231925,0.11991434561119545,0.7806014499511229,0.7990008325882918,0.6825628871893115,0.6740277258323792,0.453420594689211,0.42940125015772734,0.5135859146054882,0.6450698508907272,0.7593922346904778,0.6600345135924937,0.5322144002917856,0.5292942725389671,0.4574269704323992,0.7178929759883839,0.0,0.0936555877091301,0.7902803954998945,0.6781982226815678,0.6156207361735839,0.15591915153109576,0.7561251006799667,0.7161091170612076,0.8201639252048193,0.6486183186300767,0.53762135867959,0.6625718235336402,0.6977717137810171,0.49536689082051866,0.2672292526917774,0.7171382439313976,0.19631900636079716,0.1857819887603603,0.0,0.001315789465027701,0.0,0.26838234800767746,0.0,0.0,0.0,0.0,0.0,0.019831339518229168
p_23,0.9745589936507065,0.825013071267345,0.6983423750454498,0.86025616475805,0.3858407045500823,0.7880426551906636,0.8019878727586092,0.7866272310200554,0.8429164186805971,0.7519139243203871,0.7237687348946735,0.6839054806780852,0.7963729532892314,0.8407374049587851,0.7454074149155783,0.7436974767596114,0.6555213345555594,0.5662172833765481,0.8132749810236369,0.5974025198178545,0.25917926285983517,0.8026211366563494,0.6519393704702668,0.8726078109857601,0.5637681118567528,0.7049050262041104,0.7920603610637641,0.8565197937505481,0.8477085771472285,0.7243362823845838,0.7239042008045545,0.8142798175667769,0.8137682999903203,0.5839636869594275,0.8442868822431716,0.38399996928000246,0.4052287548592422,0.0,0.0,0.0,0.3449477291820953,0.0,0.0,0.0,0.0,0.0,0.01702851795014881
p_24,0.968455786996352,0.8179166300865658,0.6381609866621927,0.8824213296843818,0.4464882905812016,0.7625277159749091,0.7889290743512805,0.792157378253729,0.7852598080789239,0.7508532415886365,0.6742940587285929,0.7131147518502057,0.7395811281159698,0.8460832598276965,0.7753593421197543,0.6887943242871083,0.6733721527967915,0.5027203427342727,0.7429508861448263,0.05263156509695655,0.43280815369412345,0.7976348570630682,0.618577375431148,0.8759149989459585,0.5098039165705498,0.793587967319672,0.8184897278721205,0.7750622764592592,0.7897176558649843,0.7146439856998758,0.7305893341192954,0.8140774250235522,0.7667044145903046,0.6123595448280942,0.7814075410552455,0.146341427721603,0.4943041084977508,0.0,0.0028248587171630125,0.0,0.2296983732053553,0.0,0.0,0.0,0.0,0.0,0.019420224144345237
p_25,0.9717848792471093,0.8229811973119566,0.667259937272722,0.8885466252840428,0.3137614650113627,0.7944073070382182,0.8057653284796795,0.84614533743715,0.8224642794985652,0.651259475848301,0.7159763297315059,0.8067289689468076,0.7843902423719216,0.8612216753594475,0.7939195332296382,0.7382212125517228,0.6502202614527741,0.5501489518356608,0.830679901825548,0.16666663194445167,0.3377703798854378,0.8035611349384462,0.6440043137381579,0.8782084406209266,0.50162866041019,0.7843602456085884,0.7961449465545712,0.8450913590306031,0.7829416414273282,0.6381313432332991,0.6709995502666976,0.7959297976139565,0.8068893507127104,0.6961414735036859,0.822326453262358,0.0,0.3718791039955381,0.0,0.008219177969600302,0.0,0.30410958487521117,0.0,0.0,0.0,0.0,0.0,0.01627226329985119
p_26,0.9772822971833722,0.822424493160753,0.7268550310163483,0.6630227306411394,0.22031823475742676,0.7396524555050816,0.778977507387432,0.8437261939037294,0.6503887261292655,0.5823265096531938,0.6274103242226616,0.5134788157029602,0.6272888345325196,0.8268854563889624,0.727710842611094,0.7075537051020314,0.5481081051453616,0.48611110689139664,0.6983240218045282,0.13043475425331427,0.10493826998552053,0.8028490019774251,0.683649264342458,0.7529295257031445,0.5231388277350218,0.6822196660773411,0.7681692925269661,0.8487641868705628,0.7104094712501117,0.6319758665891232,0.653052888190621,0.7988356369697104,0.7817761611694415,0.5008077503973526,0.7069136613406272,0.0465116170903216,0.24920127530137087,0.0,0.0,0.0,0.23849371885996407,0.0,0.0,0.0,0.0,0.0,0.017481195359002975
p_27,0.965366533171544,0.7974571884582482,0.6211717526754444,0.9043083002165399,0.5682451227100969,0.7896803138559505,0.7907590001726411,0.7487437181450445,0.7394601820884896,0.6887192529556883,0.6835787073984627,0.8129554642705175,0.7794273581134193,0.8592669712776322,0.7673293919749281,0.7651382542347278,0.6801918086307938,0.4682926783581202,0.8048403231691017,0.38554212222384066,0.43687943055848966,0.7691889832525117,0.5861041145060318,0.8908604362101975,0.6612740119269497,0.7188835873248342,0.7604360089611167,0.7758962820638337,0.7432292735753264,0.7599962883755486,0.7197842590836375,0.7712493962650754,0.7296528152258029,0.5613207503040821,0.8167592118317691,0.2666666311111158,0.4775821970189897,0.0,0.006491590420502831,0.0,0.3019323635032323,0.0,0.0,0.0,0.0,0.0,0.022688802083333334
p_28,0.9766984057023622,0.8034548713720256,0.720924446557268,0.7657306287274243,0.35610301952852164,0.7540822070302922,0.7544682076738284,0.8012689990997354,0.6198898903363127,0.5628974282896531,0.6479378349313851,0.5792880227654368,0.6587301568630097,0.8120887319700005,0.7707722839864144,0.7280839875903307,0.5858407053723862,0.5880596971040322,0.7907331968849854,0.0,0.3661327203193538,0.7770689671538481,0.6626930453884949,0.7263262972573258,0.32209737224536755,0.6890816203661443,0.7606361153411455,0.8478458652138904,0.6701594017722,0.5894206543408054,0.6607752547483928,0.7656047131073558,0.7225103715702531,0.5288788192022718,0.8170784940041225,0.0,0.37150837729393593,0.0,0.0,0.0,0.004291845401462545,0.0,0.0,0.0,0.0,0.0,0.01571262904575893
p_29,0.9714648270075231,0.8338499849042454,0.6783671541103937,0.767161341642546,0.2066420638789414,0.8098638746423851,0.8143590691972351,0.8654868165391431,0.7957567596059215,0.6001276316526769,0.6160631369172165,0.7553752504852931,0.7230387464725353,0.853990492002134,0.7699269764785283,0.7966444871372736,0.6620856885121839,0.537593979909831,0.8263095027927747,0.1846153562130221,0.12234042390504755,0.8106837546480584,0.6352858004955602,0.8137858728778758,0.32341269520423915,0.8233954815898717,0.8438416991915376,0.8201539533355762,0.7639783551095358,0.658125420703388,0.66518846842772,0.8002695150637507,0.8063404530063395,0.6397248440264416,0.8295404225364913,0.27777775205761557,0.10177705895172004,0.0,0.0,0.0,0.2611275925648725,0.0,0.0,0.0,0.0,0.0,0.019301932198660714
p_30,0.9751976721495911,0.8267821999876411,0.7061981525618339,0.7595427496760861,0.2479637986609611,0.8068287529714054,0.8444137474560259,0.7710044215776982,0.7947194710729159,0.6623560667295341,0.5791366893454661,0.6853932554650247,0.7371975225338633,0.8727031410009286,0.7460490997455034,0.7590467762311068,0.6418755026601637,0.5952563076108929,0.7973878375053958,0.4470587709342622,0.20432219838583301,0.8105996735818668,0.6664837200266114,0.7466037460699244,0.41945945492476266,0.7787370061718212,0.8246161670221803,0.8479114794755677,0.761120639495574,0.7090167641966318,0.6999999986166008,0.7826250462743277,0.7621346184978959,0.4527331160595941,0.8229410334573356,0.15151512855831384,0.26929133646227293,0.0,0.0,0.0,0.3069053669193687,0.0,0.0,0.0,0.0,0.0,0.016438802083333332
p_31,0.9743773547632916,0.8185390438824548,0.6830864321399727,0.8921581332170583,0.4578804316720079,0.832763317827151,0.8275244603366468,0.8046976941498182,0.7858159689584368,0.6840156556817776,0.6784381977656349,0.8262886576642045,0.7169717943667199,0.8690814818584449,0.7652155528685382,0.7779910403775078,0.7343524639909071,0.5142348708697966,0.8057342392889779,0.38323350998601735,0.4605568418761204,0.8005522706982119,0.6327898127194114,0.8987382720806865,0.646723642117353,0.8043115835572544,0.822383932216149,0.7895621914818427,0.7966971089744813,0.6768492246597761,0.7041910314225365,0.8246779379783837,0.7883628043686172,0.60658914140902,0.818364733109233,0.1777777382716137,0.5576540727750792,0.0,0.0019267822550406335,0.0,0.3047091370538901,0.0,0.0,0.0,0.0,0.0,0.013728695824032739
p_32,0.9732690170497688,0.8122631281026501,0.6631473925505086,0.8034132776498718,0.19851851557750347,0.8044498257392538,0.7622926550429102,0.8365634938752887,0.7956842381921821,0.6210291869405354,0.7360975591802499,0.6983122326038385,0.6832819919258415,0.7593233750850193,0.7783676169228405,0.7713498596027897,0.6819770310435496,0.5650485382034123,0.7849829344485514,0.03921567858516106,0.36455695741067146,0.7991064250695828,0.651101600927356,0.8254904847134603,0.3754045266946653,0.752855066249778,0.8035978943553945,0.8028669362400331,0.832474924325732,0.6231035711108547,0.7367454653735472,0.7996140850944389,0.7588774319619775,0.5977011437001807,0.8353436177322641,0.27906970254192964,0.39347234457414015,0.0,0.0,0.0,0.4609374909973146,0.0,0.0,0.0,0.0,0.0,0.018613106863839286
p_33,0.972791846308424,0.8325523585991794,0.6647975823000775,0.9122303976487465,0.3892617406122848,0.7659850191104929,0.8048512328984581,0.8586503381587739,0.8297159855764406,0.7837942363335968,0.7385620897792669,0.8122378465032375,0.7110802666873,0.8641280448748345,0.7783333324067461,0.769757096237574,0.7037178968811119,0.6301632984614477,0.8257651888298171,0.6582277647812955,0.46911957641839963,0.8112477035295634,0.6390746650838014,0.9117108110079096,0.39735098899171095,0.7820380472934084,0.8316614139677934,0.8808249052278241,0.8235443348680144,0.7334113966301606,0.7537735831278926,0.8026755843894364,0.8175096101227163,0.6854129992494464,0.8553609090568093,0.09999997500000624,0.3887826616393712,0.0,0.005563282297890944,0.0,0.5212947100290509,0.0,0.0,0.0,0.0,0.0,0.015114193870907738
p_34,0.9727361435863268,0.8334606167402915,0.7170906359303735,0.8654416120278108,0.5760214294975122,0.8260167207521562,0.8480477039301075,0.87635810469559,0.8214798105949173,0.7131606574088549,0.7333333317037037,0.7351746517661467,0.8085498988027835,0.8855743466584339,0.8055527805796936,0.7729645073774413,0.6445378124179083,0.6198198142358575,0.8462369455831501,0.3235293641868582,0.37068965250941344,0.8225221729277168,0.681705212328119,0.8782972051543931,0.36715866819964327,0.8172335598590607,0.8452312428321244,0.8568552891652566,0.8333837306386617,0.6501372363676695,0.7243589728111988,0.8102918579010255,0.7903890142096361,0.6532663269686553,0.8491934014417316,0.07272725950413463,0.3533026086535898,0.0,0.003949967057603904,0.0,0.3730445201799697,0.0,0.0,0.0,0.0,0.0,0.019617425827752975
p_35,0.9695041935371949,0.801359516603099,0.6634799099883116,0.8600936708458053,0.3944896656575475,0.7393679698073465,0.8088035895938717,0.7586169516807842,0.7877522605598438,0.574847693021271,0.7077841315399549,0.7346647620019088,0.8053097328935847,0.8605636712960716,0.7126842425652021,0.7472468419359471,0.6310975585705123,0.48140899724648734,0.7955187339526278,0.32258059313216236,0.3983500271163817,0.7945832581147371,0.6224175153166285,0.8475710310288032,0.5464480847170985,0.7471674522055667,0.813819278671759,0.839309138150793,0.8437785005292788,0.5791391475983385,0.7083534507282631,0.7906493499648057,0.7366690140082945,0.5910931126227278,0.8152076210541007,0.49999996093750304,0.38238841747654756,0.0,0.002564102531229455,0.0,0.3043478213610587,0.0,0.0,0.0,0.0,0.0,0.02025974818638393
p_36,0.9701318256620419,0.8192363819884055,0.7063858146168563,0.7552054789347907,0.2327095180414197,0.8012573869480051,0.8352327254777332,0.8191832854609766,0.7500634991744177,0.6206543960934005,0.7051901645194576,0.689029915280916,0.7046851797653484,0.8117046190903094,0.700653353546836,0.725925924071709,0.5461505719006781,0.5382674471129736,0.7772093017230935,0.15384613017751841,0.018518518232738916,0.8117165391252771,0.6866794510433049,0.7802595453080488,0.41652020723620203,0.7660592672634687,0.8282162168303068,0.8613540331820015,0.7311988077299593,0.6353812281014797,0.6761012543828957,0.7732669150906875,0.7016639308608768,0.5855915361163812,0.772214494844526,0.0,0.28124999755859376,0.0,0.0,0.0,0.017605633492858565,0.0,0.0,0.0,0.0,0.0,0.022197323753720237
p_37,0.9693311728740956,0.8034294633202882,0.641178792415975,0.9059168701941522,0.49733839925978407,0.779854272497834,0.8190632563221657,0.6950736121920487,0.7622184155418016,0.7894843268053748,0.6921883065385713,0.7793789308313803,0.7704953476735987,0.8588567531680091,0.7655107327606621,0.7411838767594966,0.49070422396984725,0.5575326149758884,0.7870219682800834,0.6079999513600038,0.47701459990797945,0.7705664787460692,0.5908227341560598,0.8650262169114852,0.3845534965039944,0.7595616079152404,0.8066163590212477,0.7254048650029216,0.7584313715576061,0.7509643192490787,0.7131625647649947,0.6594832855889761,0.693258425018937,0.6150832456896842,0.7503105582294922,0.045454535123969284,0.23497997225198053,0.0,0.005154639148687427,0.0,0.38961038238199663,0.0,0.0,0.0,0.0,0.0,0.019254557291666665
p_38,0.9711576109903464,0.7929541162072474,0.69813635200565,0.8187232456684526,0.20038910310905542,0.7315154102170457,0.7916226377514792,0.6630570591640048,0.6910877812250528,0.4378109447670821,0.39914367174323584,0.7704495195828123,0.6123822328120632,0.7688339671282858,0.6735235559903522,0.4372612387973516,0.4353891328278467,0.3267233208052567,0.7848375444180167,0.3376622938100917,0.32221700177446216,0.7915629143228089,0.6743983746963585,0.779135686186612,0.25072463586431426,0.7631164423516466,0.7480721551007531,0.7527468863602937,0.7066606854601248,0.48387809133847387,0.5705521460724905,0.6742158526162784,0.4789322154437785,0.22278911375179325,0.7831367710058645,0.18867920968316798,0.2306178660739163,0.0,0.002177068206904687,0.0,0.09558823353698101,0.0,0.0,0.0,0.0,0.0,0.019048636300223215
p_39,0.9731566194773654,0.8474411260346401,0.7247049273597667,0.7751524385320424,0.38095237759301254,0.7723885037568424,0.8322069799757789,0.8329037057725247,0.7432195967375114,0.7021787607632709,0.6083258715122519,0.7601054448150024,0.7560321700226188,0.8791201864121887,0.7698595674178793,0.7128712851681207,0.6281866251650474,0.6337115021579295,0.8136408148752197,0.21428567602041498,0.2768496387010783,0.830881156105676,0.7005562883110392,0.7447112845406073,0.3595263685734514,0.7686153983483728,0.833735728018207,0.8530262696140342,0.7167839617010194,0.7051644846965295,0.6626639967474672,0.7926770815751202,0.7686080486426624,0.5822784764060247,0.8312749720021114,0.19672127922601979,0.24289911613223197,0.0,0.0,0.0,0.36414565316322617,0.0,0.0,0.0,0.0,0.0,0.018734886532738096
p_40,0.9726500115758151,0.8193334140689039,0.7093248255768487,0.6889100175564785,0.3285123933004918,0.6958030148451378,0.6991982422813862,0.7883778251490126,0.6620108360481507,0.5958495208984653,0.6613686519616586,0.5942097741138596,0.6441881085976306,0.8069868485103393,0.762290653014325,0.6724553770563064,0.6164810662962981,0.4948778526802376,0.7612883094741572,0.0,0.1389645757634254,0.7962234834394303,0.6666555547204769,0.7012595345917514,0.2540045737528081,0.7559760955034444,0.7316177156882737,0.8425348330656242,0.6544977324570536,0.6002715277344147,0.6627073506805092,0.7533602144209004,0.6966704920857165,0.41949967659076537,0.7854371823444963,0.0,0.2291350513722682,0.0,0.0,0.0,0.24324323776479195,0.0,0.0,0.0,0.0,0.0,0.018750435965401786
p_41,0.9694930757191876,0.8283202637092999,0.6794459283450511,0.8724432633806718,0.41738065840036315,0.8022290392045737,0.7971432235402465,0.7196391850370504,0.7677364854057763,0.6509335004710158,0.6413612548655464,0.8194084047239013,0.7698462818070199,0.8275313232973309,0.7185280818608478,0.7171336187577219,0.6896772109630003,0.559754846172065,0.7821712438050396,0.4225351517556124,0.40689012845954314,0.7998336806311067,0.6356235190097406,0.8989504724610545,0.45514222862770076,0.7838466883946901,0.8080443241440098,0.7852060674015263,0.814164003176033,0.6744655953690678,0.7199617024414512,0.7930587406073015,0.7696953039536225,0.650666660882963,0.7897754876180625,0.045454535123969284,0.48818255709787056,0.0,0.00842105254293629,0.0,0.5033647307757102,0.0,0.0,0.0,0.0,0.0,0.01933317638578869
p_42,0.9734289994921247,0.8452172516127987,0.6995000861819873,0.7266982616692746,0.2659459430708547,0.7810936242108704,0.8081058014298215,0.8351351346837107,0.8235774559983972,0.7482276678668952,0.7374779744840725,0.7113647136882324,0.8201892733698879,0.872691148343572,0.7978108839588417,0.7528916909755738,0.6344621482347502,0.5909797776751183,0.8300641605590613,0.5849056327874701,0.25176470292041525,0.8242319666317027,0.6755021975293862,0.7499999993512111,0.3217158133818256,0.7907726184196436,0.8443386685155042,0.8512489121093272,0.8157496203738647,0.7422288848153634,0.7647191500908659,0.8048211500730743,0.6778285117254477,0.6452533858297403,0.8473025939450228,0.6554621297930984,0.29882812208175663,0.0,0.0,0.0,0.42692306871301794,0.0,0.0,0.0,0.0,0.0,0.01813412620907738
p_43,0.9653328972544957,0.7994869984508296,0.6802819219404367,0.8210099517799447,0.23238695987178254,0.7593190271355985,0.7686953249477534,0.7842578065572233,0.7394007905716216,0.5701800379564936,0.6751386306027296,0.7559523789070552,0.6893858702708806,0.8337401930152548,0.5736392257547106,0.5340447140903335,0.7068965492865635,0.6183924647473391,0.7820328699680605,0.12499998437500195,0.11554108937720839,0.8118354998781506,0.6905218539797552,0.852096463429031,0.5442589754969197,0.7584155251450674,0.7743707327171462,0.8450646414708267,0.7305966793061949,0.6886594606479598,0.7315422871014085,0.694222494856928,0.7294566239667176,0.6942372834288998,0.8225324021082316,0.27906973499189125,0.15919732334985068,0.0,0.0009103322671354926,0.0,0.1896024435840605,0.0,0.0,0.0,0.0,0.0,0.02631647019159226
p_44,0.975526629830962,0.8118046559585366,0.7180955713738498,0.7720294848366609,0.45574057444574434,0.8347887535119911,0.8326752995152514,0.8088733467332131,0.8086601668457718,0.7473968369192087,0.7509598137932946,0.6511193999481371,0.7902861430905759,0.8621583243056161,0.7778960604104365,0.7760358320939645,0.7356873474950725,0.5984732778742498,0.8061361449605599,0.08888886913580685,0.3208020023324812,0.7930342472066896,0.6687652982837177,0.7295423017254314,0.462901434519364,0.8010929512723035,0.8338742991486264,0.8455367226861374,0.7612748036545102,0.6624777456671089,0.743300774497118,0.802798259781813,0.7766850545054329,0.5318210426476305,0.833283625774646,0.4222221753086472,0.3058470741690624,0.0,0.0,0.0,0.300441821790253,0.0,0.0,0.0,0.0,0.0,0.014740862165178571
p_45,0.9688149995765201,0.8229867253277675,0.6635744052816781,0.8889698987373789,0.3940110292040108,0.7795703463750963,0.8211758453261842,0.7814887574866357,0.7068322972585934,0.6281855797994058,0.66369268732666,0.8292263586555119,0.6996481045339514,0.8196579344813799,0.7354182439828826,0.7689381909066935,0.7268892768826387,0.551724132335455,0.8095155401896896,0.2068965160523248,0.2743682290659334,0.7893737767348379,0.616425523675883,0.8922264226805565,0.3827160454453082,0.7109829537840708,0.7834117362656496,0.8044193695319586,0.7501335319408893,0.6194366533112589,0.6401238649853487,0.7904752205246004,0.7670011126895174,0.6534932910833219,0.8102932368895501,0.09756095181440198,0.34909799927304724,0.0,0.008267309651163245,0.0,0.17910447518175746,0.0,0.0,0.0,0.0,0.0,0.020924304780505953
p_46,0.9657131478095297,0.8337014088494945,0.6379374146873666,0.8980540610351654,0.37790332468359494,0.752488322429755,0.7725507808544703,0.7767564014134622,0.7061213424890015,0.6520888472182198,0.7166253083954707,0.7711811973680235,0.7082761757926929,0.797744322911276,0.734744966376609,0.6718403529050988,0.6491027084799438,0.4562118079815498,0.8181978479825447,0.2127659121774655,0.44384057769999735,0.8245758918226926,0.5956086628800739,0.9007355332290273,0.4070921956943816,0.7394496471443375,0.7806752003127577,0.7628516283040812,0.7162756589488323,0.6445776046944218,0.7089081115059432,0.8114864158542646,0.7202817707065401,0.5725338454382086,0.8095772532645181,0.0,0.4599303115856693,0.0,0.004904966263320152,0.0,0.26297577551354356,0.0,0.0,0.0,0.0,0.0,0.02385922386532738
p_47,0.9709200925950305,0.7907657340779461,0.6428340190304525,0.8943411669012469,0.6248391228287029,0.7445991482080929,0.797689596606338,0.8059423167541383,0.7861857605066175,0.6741141946805301,0.7168593688710423,0.808874630289028,0.7507930899704035,0.8053722563467629,0.7635615020447128,0.7671766320801762,0.6713649826729785,0.5809128570444725,0.7733644852284225,0.18181815820543398,0.4662004640270374,0.7653810458771089,0.5978215389047138,0.8959301290029882,0.5711123377359583,0.6633337859901279,0.8056295168687694,0.8143199942834685,0.7487249226468039,0.6467079866136031,0.7137029020549487,0.7961414782463649,0.7858744372593205,0.6559226377443784,0.8024912703571848,0.2153845822485258,0.46284690929790995,0.0,0.005797101430605148,0.0,0.3345323680839502,0.0,0.0,0.0,0.0,0.0,0.01770382835751488
p_48,0.9679385850815356,0.8173989380934117,0.6751050449586428,0.6390141922774627,0.3533487257119085,0.8214819370612898,0.7886806901479533,0.8520217191986812,0.6788669626370673,0.5214165255520894,0.6110147428208701,0.704426460235952,0.742562927645761,0.8307146860152551,0.7951711056618067,0.8020496202749471,0.544754569082028,0.44532019265694395,0.829981717741811,0.0,0.2971428514829933,0.7894004242690179,0.6314461268289495,0.6837091750741552,0.018382352603265577,0.7913903048125508,0.7999973056721206,0.8268716192275141,0.6876171245673676,0.556267153984141,0.5885668265125467,0.7749109351452975,0.8046266009438606,0.558015938370098,0.8148790586731435,0.0,0.0900662239726328,0.0,0.0,0.0,0.16915422605051036,0.0,0.0,0.0,0.0,0.0,0.025214640299479167
p_49,0.9756673567696843,0.8261608357362671,0.7010020653147556,0.9004310342055323,0.2968749978915128,0.7709719268029447,0.8089263034165902,0.8562932459219459,0.8562596590237805,0.773506688549551,0.7509349270732113,0.7844932820986164,0.8526779740180607,0.8854619517191897,0.6955017293016128,0.6260762588374038,0.6867061782950626,0.60755047754565,0.8022463627303937,0.5378150808558756,0.43158611006408365,0.812895215163256,0.6700097168134179,0.8988798151547068,0.3632253175340971,0.7891569528899005,0.8354164310292599,0.8442751778235551,0.850744645232368,0.7045761723261478,0.7674039563040653,0.7815623079935119,0.7300319469381471,0.6622734706567259,0.8282620862159211,0.22727270144628392,0.4501039477645325,0.0,0.0022371364403004873,0.0,0.35838149771125005,0.0,0.0,0.0,0.0,0.0,0.01238766624813988
p_50,0.9741407821687735,0.813793524550229,0.668739489025649,0.9178686986425552,0.41779359281923983,0.8183248713463599,0.7893155070647617,0.7735934366167603,0.7583540447965286,0.7368539570579282,0.682531643841692,0.7988494711431459,0.8591530933431231,0.857094388129013,0.7288696004041438,0.6201505482913996,0.6699155273881886,0.49633507333680554,0.7974484600189993,0.4788731719896941,0.40344992619334,0.7873751149679934,0.6415671332619637,0.9046397937288077,0.5037724883813914,0.7926239907144835,0.828818694973403,0.7344720491710389,0.6940116836733061,0.6675115199683047,0.6214608598109426,0.7061019940000963,0.7197213271175741,0.5822168016782363,0.7904226436696175,0.27450975009612744,0.2624928194644089,0.0,0.002464571773060469,0.0,0.2591549259273954,0.0,0.0,0.0,0.0,0.0,0.01636904761904762
p_51,0.9710464117738948,0.8017459493724293,0.6644970690727611,0.8893533204695073,0.46381472993305006,0.8005222924293347,0.8141477791906937,0.7322740013805088,0.7550145237861191,0.5161040962173357,0.4589524958369002,0.7854467615740205,0.8112394400771601,0.8971587817942566,0.7218139820262293,0.5402298835050865,0.6094957651472367,0.242718444245452,0.7576194589389295,0.0,0.37412715775770977,0.7889243684848473,0.6316839553302739,0.9152431462812984,0.45972679953025525,0.7980071669731645,0.8418920287084715,0.7637664828283305,0.7853677713578501,0.6036758987785712,0.6284604161523546,0.7523105352718109,0.6083382248727591,0.4037162128064509,0.7831179689661448,0.24561399199754524,0.5012233467276359,0.0,0.0011621150460136111,0.0,0.24096385058305522,0.0,0.0,0.0,0.0,0.0,0.016333153134300595
p_52,0.963937480229908,0.8314922610277704,0.6773148274833998,0.8086537236336419,0.25126353609196006,0.7956290304034115,0.7799563339961486,0.7708660040826706,0.7465232212719454,0.6406861825091495,0.596411536233451,0.6679389281109783,0.7120713933488225,0.8326997980770723,0.6527927532318387,0.5086158963073488,0.6721232514582414,0.49556093223921766,0.783258340450583,0.06896549346017466,0.32024793057595113,0.8113063337269899,0.6356584587866155,0.7765338755622755,0.4707379104914891,0.7370403775834242,0.7680742305790594,0.8563484703102708,0.7506582401913399,0.6337182442182742,0.6598114810201126,0.7410136406043875,0.4968152853584324,0.4574468050345988,0.8045654075464747,0.23880593450657692,0.4324758807678788,0.0,0.0,0.0,0.1194029832924928,0.0,0.0,0.0,0.0,0.0,0.026594906761532738
p_53,0.9682817887871309,0.8431592399958566,0.6703129992702809,0.9019328099113649,0.49244332183599926,0.7942589137158108,0.8087058698011476,0.8408585337336268,0.8479999989563077,0.7898829200197668,0.7576459667339065,0.7896700120812912,0.8326982165547656,0.8767468738613802,0.7822539512674616,0.7759630176395592,0.7055855830429348,0.6676946748828475,0.8287877398259712,0.585714243877554,0.4039603933731987,0.8161867743626524,0.6209859798816599,0.8986810106481906,0.52352437533341,0.8155415790872,0.8492053496682112,0.8515972005770629,0.8421878493138446,0.7305434569867985,0.7286310684934497,0.8011390595148182,0.6906166201323951,0.6026490016337003,0.8361749436284517,0.49152538207412017,0.45220193097635913,0.0,0.0,0.0,0.26801516728172986,0.0,0.0,0.0,0.0,0.0,0.018882969447544643
p_54,0.9707926743972171,0.8298551574443259,0.6586343860554875,0.8640122232320635,0.35612728262608473,0.7946008039073518,0.8133863573486936,0.8348222766046871,0.8322723486959973,0.7905730122083429,0.7517933984892554,0.738039212792003,0.7224460755571319,0.8629294754316583,0.7370107110451389,0.7260273950981911,0.7121951187929262,0.5594541855803685,0.7922501431112122,0.5909090237603382,0.38290186404032595,0.8091417013839254,0.6392754118946317,0.8328533022115719,0.37362637069367055,0.7850555816496098,0.806688351381358,0.8335707804471113,0.8158135870980318,0.7303950757093557,0.7394702545821314,0.746961974963777,0.7115800846548157,0.648648643336211,0.815622333097334,0.5476189824263116,0.4783047402709145,0.0,0.0,0.0,0.4018264779021845,0.0,0.0,0.0,0.0,0.0,0.017931256975446428
p_55,0.9710869514892233,0.8186095641848435,0.7246478340270719,0.7880931645689524,0.15119363194703406,0.8131883951687691,0.8219482381219325,0.7458348756266961,0.6799863767964737,0.46852806647677003,0.5275317664082947,0.7165085361802332,0.7927813823131529,0.8414766885103893,0.7546001408752653,0.6996432801435356,0.6404647961706602,0.525484561913248,0.767036449526699,0.0,0.07116564329858106,0.8059290032893516,0.6921514750145105,0.8533794672852674,0.3059163015019293,0.7807884635932576,0.8453747295555812,0.8331571791065695,0.7417133009667313,0.6009291736029875,0.6766612628106539,0.8027029422933201,0.6825358254006902,0.5203251999979662,0.8173099779525165,0.0,0.34576983528234456,0.0,0.004722550121339432,0.0,0.10188679053043792,0.0,0.0,0.0,0.0,0.0,0.020317150297619047
p_56,0.9686001674650876,0.7730873793841676,0.7000449126901975,0.6914487823764139,0.013636363481404961,0.7657024255375009,0.7450506504380464,0.7162303661350136,0.6897397456196488,0.36149625899102616,0.4823688958355134,0.6094420579061443,0.8132572053846857,0.8267290071255965,0.6755664184680207,0.4654800418946061,0.6170288542321736,0.3044719285968418,0.7426536058102051,0.0,0.15013404624485194,0.785416484068288,0.6842664368271776,0.6738601325053869,0.21811460057195378,0.7302155512208914,0.7906451781726964,0.7847270553919027,0.7301204809503072,0.5425398526396742,0.6817420421236557,0.7197002694783478,0.5382381400333056,0.2915782003426879,0.7786309420203963,0.0,0.2674230124195866,0.0,0.0,0.0,0.004282655154546999,0.0,0.0,0.0,0.0,0.0,0.02004946754092262
p_57,0.9693198290423131,0.8234110102098005,0.693007275657599,0.7785407169488926,0.23282442599984463,0.6432880564337525,0.7759017729378489,0.8070854979654769,0.7977332162186865,0.607532121747867,0.4591206726676882,0.750566157390598,0.7609221332243719,0.8140313218174584,0.6780387597766913,0.6068933381301972,0.6581632625078092,0.42666666229059835,0.7610501821526668,0.20202018161412305,0.1866952769667889,0.8145732299737115,0.6662181681945802,0.877049525446976,0.3769035509079724,0.6783404193930037,0.8182436812704219,0.832393754969431,0.8230722020627202,0.7378496569536681,0.7540983592509345,0.7451975960521303,0.5857142844837936,0.4551223893461252,0.80316244127218,0.1797752606994089,0.4339502205874268,0.0,0.0,0.0,0.2346938745574761,0.0,0.0,0.0,0.0,0.0,0.023708379836309523
p_58,0.9689854594336331,0.8016712456657016,0.6942431926689625,0.8873985326024658,0.29512516274621103,0.7587818333839694,0.8114724520865862,0.732442960082113,0.7132867123959956,0.26620999141820006,0.3407678238742819,0.7451085479895241,0.5636084944961496,0.7570224308320417,0.7173657382228874,0.5728380714659371,0.6529713842517557,0.179775279062561,0.7396399450240829,0.03636362975206731,0.3492063470744423,0.80638671235468,0.669978997557757,0.8643554356563821,0.3609022531722334,0.7328526528352226,0.7646045880306303,0.7520044851404517,0.7329618509076705,0.43550802092459034,0.4550072560685645,0.7705091930953774,0.7047959466642956,0.36568213526243226,0.7136990795715349,0.0,0.38429751907315074,0.0,0.002564102557527942,0.0,0.3688663220157983,0.0,0.0,0.0,0.0,0.0,0.018230765206473213
p_59,0.9659134470004012,0.8327385290029637,0.6646410607114854,0.8681374687388461,0.3886162866671611,0.8058493757124366,0.8206622452929181,0.8268187975447251,0.8538201815007876,0.7475885978675749,0.7611355830613421,0.7173091431696554,0.7772297559037613,0.8778015915071189,0.7712318277721808,0.7594098140336952,0.6508659952102734,0.5830039468082614,0.8103625004096893,0.368421004155131,0.4954128407902173,0.7963131445320963,0.6150313618313376,0.8398261014236527,0.5089722633852181,0.8057534827167516,0.8393401965144024,0.8485066134862593,0.8559461849778573,0.7743829501202751,0.7087872168753638,0.7864342704888343,0.7108075988396448,0.5467181424963851,0.8197347067279944,0.19230765532545088,0.5031161444582655,0.0,0.002652519858719896,0.0,0.2934782568820889,0.0,0.0,0.0,0.0,0.0,0.022807094029017858
p_60,0.974217676385911,0.8226610671265051,0.716429750331512,0.8283605737183137,0.3625954163874483,0.7984559214942083,0.8096032705623738,0.8410908916868172,0.7427267532883893,0.6022602983938569,0.6408888874646914,0.5371604277951798,0.640901769616474,0.8616203069065784,0.7562226151242448,0.7034784706799356,0.463253925680416,0.5841750792577856,0.7942598652361099,0.0,0.1317494586204162,0.8299377282890251,0.7139547202368722,0.8213128640675309,0.18874171872944176,0.7816263967796406,0.8270207658237259,0.83812555922887,0.7413646047533426,0.5545395764712852,0.6381565276351329,0.7889476771739753,0.7447819782087581,0.5241468092456741,0.795824568983544,0.0,0.2825443766083996,0.0,0.006109979571181471,0.0,0.42592591606652974,0.0,0.0,0.0,0.0,0.0,0.015988885788690475
p_61,0.9660775730649364,0.7945873918386324,0.6859626869865196,0.8955607552161023,0.4263852220243524,0.7349287930359436,0.7122668929052427,0.7522683854153126,0.5694942246522047,0.384820108048477,0.4356499349490831,0.8049823372281422,0.4568931249229514,0.7229744656877545,0.7239880197816752,0.7185069956512169,0.5244596117051774,0.23305084498886816,0.7846111155233413,0.0,0.20128904213540386,0.8033603430975587,0.6481544629950974,0.8503283658256909,0.42605862914619785,0.6115715909281186,0.6729533766845948,0.826014001720758,0.48349669885627455,0.5357224896212699,0.567407406356653,0.7917002049980322,0.7942715483495688,0.2787015021480483,0.7763828231655906,0.0,0.47563636190677683,0.0,0.0021656740601903785,0.0,0.37152777132764286,0.0,0.0,0.0,0.0,0.0,0.024291846865699403
p_62,0.9656006137262824,0.7853596565104395,0.633786702442616,0.9094909580551692,0.5102286371225714,0.7853894096284492,0.6652252392207706,0.7784337891530307,0.6986544799458563,0.6817776891202834,0.6032074479999807,0.7458856325079898,0.8299684529495766,0.7546964333047412,0.7703026336051572,0.7367418204612834,0.7432854442745613,0.05247813334579981,0.7234207961871518,0.0930232341806432,0.4383326152198856,0.7716077948221246,0.6051555878686725,0.8987613274441628,0.5397877948289934,0.6945125398533809,0.745490806231016,0.7986111105565201,0.7594966199493165,0.6019417469010805,0.6743412620252206,0.7708655722987047,0.6571192490853229,0.30170316057012847,0.7548146011738865,0.0,0.44206008393965623,0.0,0.004210526286241921,0.0,0.0,0.0,0.0,0.0,0.0,0.0,0.020841326032366072
p_63,0.9673573688924696,0.7990728860121756,0.6010693079282466,0.9054677639414861,0.4747819473842171,0.7048384601314458,0.7747919215136636,0.7651504543280963,0.798799746053696,0.6579207912649495,0.7535545001375755,0.8298453124115646,0.7045161272141519,0.8492193124243954,0.733108107379662,0.7970704888707034,0.6859289202949178,0.5732165134766394,0.8168355409033169,0.5977010807240137,0.4858974343400723,0.789943597208323,0.5919232642814104,0.8947219182373877,0.46703572990923137,0.7004666564201515,0.7683950085468101,0.7993665651340082,0.7289908016517692,0.69519981000804,0.7435082121263693,0.7710124576495767,0.7551574355180308,0.6943005121390284,0.809847197877903,0.0,0.4879020766071674,0.0,0.0012578616273090464,0.0,0.4009720485908621,0.0,0.0,0.0,0.0,0.0,0.01811058407738095
p_64,0.9775737786303015,0.8203248125222887,0.7191479573213875,0.8607450290010112,0.44095477109953035,0.7696969694958994,0.7877936958413265,0.7524353371669268,0.8053993240777412,0.7181525641509061,0.6679425821341087,0.790022100441989,0.6809202865886119,0.8580344900681804,0.6939775902264501,0.5344352602357155,0.724044767564474,0.6718446536714111,0.7738369407887269,0.6279069037317554,0.2882483348983863,0.8243794486932415,0.70890163304131,0.8299246497147876,0.3840304146004713,0.748893981997523,0.8260057342886467,0.8386376976872356,0.7848852195191061,0.6757157999197075,0.7597274109480603,0.7818809490722032,0.7108768015791431,0.5992031824764686,0.81619654156852,0.43749993164063566,0.378449406186272,0.0,0.0019249277966801946,0.0,0.2366412183633433,0.0,0.0,0.0,0.0,0.0,0.015358625139508928
p_65,0.9747171703461179,0.8153900552497574,0.7153901160365738,0.8115448102606396,0.33948339232853586,0.7795995583636555,0.8338396222453709,0.7766980561126537,0.7671415247408581,0.5897515201672837,0.6580466389793428,0.7469325124734182,0.7529706050594734,0.852107746027681,0.6453836380869004,0.5903614443013016,0.6666666640796791,0.5013380865179475,0.7639279918403481,0.08888886913580685,0.08975609668530637,0.7957526064808886,0.6669953453633664,0.8156646039908315,0.18400876030658533,0.7262188883331988,0.8100275225778408,0.8043823269316632,0.8145963867617688,0.5935353529358229,0.6761836767161941,0.7226680928101765,0.6322548761860832,0.547206162188785,0.7863378245729826,0.04878047590720099,0.23059866791870903,0.0,0.0019980019780419384,0.0,0.2906976701933478,0.0,0.0,0.0,0.0,0.0,0.018813069661458334
p_66,0.9668672914142684,0.8237666202666056,0.6387086336131974,0.8942538777604494,0.34086241949833246,0.7927715008090928,0.7801281512647159,0.8585794365956312,0.7923375891277935,0.5998129475217573,0.6639469641408797,0.7609022527785629,0.824213404883356,0.839110936390862,0.7649261485698708,0.7908600419204695,0.6581314856120017,0.4856156445844,0.8266589274263311,0.0,0.40669455726615433,0.7984554704396083,0.6110238937727184,0.8960583832883925,0.52925763729906,0.6253721150825148,0.7819771946727203,0.8171531433604519,0.7963340112062959,0.6277502217630037,0.668924197267715,0.8150496715123128,0.7419712050333023,0.6316742024282878,0.8184472854511657,0.1199999760000048,0.43735498586221006,0.0,0.003980099462884582,0.0,0.2821869438767735,0.0,0.0,0.0,0.0,0.0,0.022330147879464284
p_67,0.973769754907206,0.8246676597817117,0.7283493166697804,0.8469614730639018,0.3494085500508776,0.7845437768089057,0.796256741111921,0.8115894577336228,0.78658219878847,0.6793388423513876,0.6642615543083167,0.8063309329314218,0.7275680050191474,0.8048638528881308,0.7754299746678821,0.7788052967288045,0.7043633094195756,0.6682134519086353,0.8201271368787473,0.5233644370687441,0.20809248354438842,0.8207295740899734,0.7224753686938167,0.8759730600559901,0.4130626618441071,0.7711908474333876,0.8186248972077342,0.8392256351887786,0.8288738010893832,0.6381899740216599,0.6554392338292234,0.8041701880302713,0.8055241095641293,0.6486915095266336,0.8504228322318333,0.15217389650283733,0.25521669137065256,0.0,0.00487210712701453,0.0,0.40948813471300705,0.0,0.0,0.0,0.0,0.0,0.018739100864955355
p_68,0.9710186013279842,0.8384361452617646,0.6792399681239778,0.8443387061350074,0.349956252406332,0.7574163793151238,0.8184988967764663,0.8714768878965745,0.8274847171977759,0.7791534688749847,0.7210753703286717,0.7515250071105123,0.7083432357776487,0.8457088697225784,0.7560740653365364,0.7252577300895419,0.7205764582843216,0.6604572340350785,0.8262697015531789,0.285714217687091,0.39497041127980465,0.8147629837519479,0.6470247064072998,0.8828595716250104,0.4611443171550443,0.6866692146161572,0.7880570133536846,0.8453397469360555,0.8647464671287411,0.786009038331687,0.7476592812339363,0.8151277400773207,0.726089131882601,0.6718266201871005,0.8506762343815657,0.16326527280300554,0.4583808411722871,0.0,0.0,0.0,0.2599388339458894,0.0,0.0,0.0,0.0,0.0,0.019552757626488095
p_69,0.970489215265305,0.8299377265711215,0.6729202738909495,0.8113313804847199,0.440842784109864,0.7409615439184954,0.7832416714825546,0.8600874448094394,0.8305327591109382,0.738225141144388,0.7064356418157534,0.8017845736080798,0.6989853422796273,0.858445238237483,0.7737828589251646,0.7572041669000484,0.7534846644624266,0.5311871173924837,0.818283581326228,0.36734686380676246,0.3221830957554305,0.8220211437534608,0.6409676242660137,0.8539820628032962,0.47068676322707903,0.7497352627685423,0.7812545039937409,0.8657349632731876,0.8436261336867075,0.738470934807624,0.7330295017197662,0.7956869711030603,0.7385218344386286,0.5701676913489171,0.8330344494261119,0.0,0.4692513337616889,0.0,0.0014662756490742255,0.0,0.31282951998542147,0.0,0.0,0.0,0.0,0.0,0.01961306617373512
p_70,0.9755729315453306,0.8222214193694881,0.7139439522281862,0.8545198474637421,0.28066914237296336,0.8191620998720253,0.8204631155369083,0.7284761080884222,0.7447804870782629,0.6075813239469654,0.5569261869425153,0.5960203581859307,0.5418474874710245,0.8361214421132379,0.7082230916412074,0.5885084138464642,0.4647006234821241,0.46082233932643646,0.7364645025974268,0.1791044508799327,0.4192634537152212,0.8224120764484516,0.700005226834913,0.7393775086078007,0.10684931360480393,0.783681659845936,0.7725722031274187,0.8029141927669109,0.7285393250241131,0.6533432941227649,0.7086677353357389,0.7452448992359861,0.6478314729917435,0.47132169282218395,0.7159041764975317,0.0,0.3318840555660576,0.0,0.0,0.0,0.28230615740942033,0.0,0.0,0.0,0.0,0.0,0.015387398856026786
p_71,0.9733370893823748,0.8022301048611624,0.702437576670088,0.8376136701516893,0.05405405319468914,0.6864783070755145,0.7574807713834806,0.7001907239613943,0.7591097526084336,0.3680799061012858,0.26287437995502183,0.637450196663545,0.6186119156022943,0.7852344614907006,0.6913286538701932,0.6479608461730477,0.4620542503442418,0.48422712551871355,0.6946754688376272,0.0,0.36758892917402247,0.8063828642362566,0.6881003804755913,0.7575808906445418,0.2672508185405168,0.640140948331451,0.7357400250334801,0.7873203461428613,0.7409985588802226,0.5822492650207205,0.6332422929511465,0.7194535301910203,0.6659641710591039,0.4538619244438693,0.719430556122845,0.0,0.2765531034413517,0.0,0.003755868526967753,0.0,0.3529411701793018,0.0,0.0,0.0,0.0,0.0,0.01567905970982143
p_72,0.9663396781067763,0.794653506769528,0.6584959385707236,0.8983220634707109,0.3798941778841578,0.7514978738037548,0.7501558122412594,0.7042253516380987,0.5787898496046977,0.5275192224529348,0.48696785298225925,0.7219849487045252,0.657993383334083,0.8042964758675472,0.6483246529936871,0.5893895327420438,0.5774473343805518,0.3464114799386461,0.7903010917574376,0.21874996582031783,0.26819923278230845,0.7658200850288808,0.5948399015055756,0.8766730808474079,0.4394618809447204,0.7068472500816068,0.7478819513653295,0.800783033735215,0.6858116321662063,0.5960898496296902,0.6774674894959124,0.7603260862678206,0.784485270386453,0.40249826230049784,0.7652761711595871,0.0,0.4258823516885813,0.0,0.001594578430148339,0.0,0.3588784979648879,0.0,0.0,0.0,0.0,0.0,0.018276541573660713
p_73,0.9670221206203311,0.8296288151929229,0.6778394717569857,0.7682968884815501,0.37144661799465184,0.7739924996635523,0.8025738780143096,0.7791325645681574,0.8184665656836898,0.7050217470294368,0.6542553176989022,0.7549721529237384,0.6850058103738749,0.8663030280822969,0.6486718995067514,0.6237076205248675,0.68659265291805,0.5876375902824928,0.791728212015181,0.5977010807240137,0.1873170713432481,0.8103312943717524,0.6392774697403595,0.7544674480402523,0.4649776418407031,0.7623311127633204,0.8258670664117364,0.854575162933238,0.8103354967392647,0.7468879660490964,0.7166361958029338,0.7830858000349202,0.7169901732159354,0.5861781799652108,0.8161145919282771,0.2933332942222274,0.28398268152395945,0.0,0.0,0.0,0.2469437622623012,0.0,0.0,0.0,0.0,0.0,0.02225617908296131
p_74,0.9687198743200566,0.8060969467234159,0.6070058305305365,0.9053852107622503,0.576460227248429,0.8173526938625486,0.834767606016657,0.8221978317861176,0.7968291879717351,0.795193783724642,0.7403846136048448,0.8385137534145878,0.8319482905017724,0.8617010035460995,0.704057574507932,0.687359997800448,0.6552819672149246,0.5680473316760618,0.7944872306500941,0.15686271434064425,0.36462796897301136,0.7732714122542252,0.5818561487311816,0.8998901077483128,0.5951186874118398,0.7909009810315488,0.8423591896304132,0.8096364167827104,0.79079733755408,0.7933708075272623,0.7318874002494523,0.7502390048395806,0.6991094125346392,0.5410156197166444,0.7957409389511176,0.41666657986112915,0.36104963527964073,0.0,0.0025337837784337337,0.0,0.2734254950318665,0.0,0.0,0.0,0.0,0.0,0.016346958705357142
p_75,0.9745196958995545,0.8370718915056793,0.7001940516250837,0.8258027844127294,0.4219330815805476,0.7720930230529252,0.8099565286871708,0.838920330409817,0.7885714274985423,0.7288188315577945,0.7168674680801519,0.7654494355145736,0.7262621567247287,0.8817161385413292,0.7735038457653074,0.7829160507130601,0.704244029495212,0.5268817157089453,0.8014244205778049,0.1290322164412205,0.29389312696666864,0.8139697785059008,0.6651055915479029,0.841372802900476,0.5116607737691818,0.7941062022895259,0.8407813548488903,0.8385150807201188,0.8219832725050004,0.6572554162209943,0.7416955856675865,0.790455027736011,0.7528210619214909,0.6147403633606335,0.8012356568391565,0.0,0.322775261517532,0.0,0.0029985007046701546,0.0,0.5378421813551983,0.0,0.0,0.0,0.0,0.0,0.014215523856026785
p_76,0.9692347718739313,0.8193328716192347,0.6814328745548005,0.8408461619000741,0.2206736327447894,0.7618692780599666,0.7893376537701824,0.7759752317176624,0.7941312729048166,0.5668684638779654,0.6091825294307223,0.7977441661170361,0.7355508357264666,0.8540862572902281,0.7646495791081043,0.7186932827625732,0.7151872077610971,0.4889918830939527,0.8106525113840464,0.14814812071331096,0.3254716955544678,0.7995820601279646,0.6374660155796479,0.8805591886524856,0.37855946081608494,0.7134571954646229,0.7974272653117582,0.8433575671887921,0.7884880187434756,0.629446298342988,0.6758620673582353,0.8033517174338654,0.7613179727797535,0.6176218937756895,0.8395572745077322,0.1777777382716137,0.46426529179951237,0.0,0.0030165912063862565,0.0,0.1860465080223545,0.0,0.0,0.0,0.0,0.0,0.021588280087425596
p_77,0.9740865289557795,0.8220683942411667,0.7219552025431858,0.7978789764205372,0.3126903521554279,0.7511805851786204,0.7144387386982064,0.8279452594070085,0.7617445311741368,0.5575257726211075,0.625607062636629,0.7115928335928706,0.7333650172686192,0.7992093717078517,0.7636291277719567,0.735121326347072,0.6210826181335107,0.5998481351568099,0.8184413832562636,0.0,0.11965811795358806,0.7957059491446875,0.6664954760257618,0.7887535909230035,0.3540983567858103,0.6871242541521495,0.6765483763621003,0.8448523715333117,0.7449453714115969,0.6078768850785898,0.7067894608978594,0.7891661248593209,0.7479438782101019,0.5455840416981194,0.8393246179744693,0.0,0.22754490790873347,0.0,0.0,0.0,0.0,0.0,0.0,0.0,0.0,0.0,0.01801568894159226
p_78,0.9734403567103322,0.8281394208566627,0.7089801713870382,0.847462686145541,0.3167305195819857,0.765430030825427,0.7487390878700091,0.8276956196794745,0.7753950327660906,0.6648480118230242,0.7175100957056069,0.758648755561055,0.5951086940350306,0.8305764998857115,0.7970395071437095,0.7557980879787227,0.6422729201796258,0.591439682962649,0.8131313123979697,0.32258059313216236,0.38188276747883865,0.8129169256454014,0.6849711760550244,0.8607424996846479,0.21501706117718328,0.6884021140759294,0.7386361302446536,0.8363614767626402,0.740442095453299,0.6235380880586471,0.706938774067472,0.7944770032835234,0.7689672032085971,0.5603328671266792,0.8038242316567161,0.0930232341806432,0.34737619846728607,0.0,0.005698005616837527,0.0,0.2718446549156378,0.0,0.0,0.0,0.0,0.0,0.019059390113467262
p_79,0.9722588638691471,0.8291079039473875,0.694277863043947,0.8663999996149333,0.27754236994128845,0.7775702006789956,0.7773895372848741,0.8173388697779517,0.8271503793713864,0.6873735322871575,0.6628059998346775,0.7692307657704418,0.6510004638180539,0.8538487029959623,0.7898117377742949,0.670602856834671,0.7086998987844579,0.6551126459695611,0.8171695052658519,0.457142791836744,0.2133956369673237,0.8082685022625997,0.6577411550925418,0.8634858202942011,0.579476855337255,0.7626780391036719,0.7878681626435167,0.8635191068069356,0.8162654062708612,0.7137570046380913,0.6589534560637563,0.8286792443895642,0.7853805969074454,0.6842105206890582,0.8517619640309078,0.23076914201186846,0.38631790485366935,0.0,0.004405286295095966,0.0,0.386792448268957,0.0,0.0,0.0,0.0,0.0,0.019087873186383927
p_80,0.9700877399379894,0.8088303990976755,0.6751726968558666,0.8968262866163433,0.46808510327071073,0.7862548346918955,0.7922753091768263,0.8383306070395963,0.8331775691201196,0.7645155142161475,0.7128008733238488,0.8053846122869822,0.7762589914096062,0.8394124111443164,0.7727900543591275,0.686126596634547,0.5739452917295071,0.563580869139564,0.7768915706220182,0.4791666167534774,0.4255078982759148,0.7792509926879481,0.6375600745853325,0.8897378821667925,0.28751122832424775,0.7864596587238879,0.8176102395648996,0.8082942091756037,0.8209997808109586,0.82949800015149,0.713786614582675,0.788977367153209,0.7603725634762275,0.6252252195925656,0.7926117943480107,0.1276595473064793,0.45558312428991005,0.0,0.0009280742416330661,0.0,0.31437125277887346,0.0,0.0,0.0,0.0,0.0,0.01990632556733631
p_81,0.962945264503498,0.812133531374828,0.6340603371257176,0.8991834853538188,0.5626631817058539,0.715244486860637,0.7081939735089564,0.8665847660524664,0.791601865020837,0.67932335319542,0.7275369321202787,0.8306100195244824,0.7788839991227506,0.8658433374814526,0.7807248422952776,0.7407407384919832,0.7411486988939862,0.6345732972147342,0.8323729694147259,0.0,0.3731138520362562,0.7700441839845548,0.5770723207272038,0.9094692491112703,0.5339207001416678,0.7772315376213144,0.7942871379594854,0.8603249470254685,0.7085897111634387,0.6545454537969749,0.6854912748266959,0.8151517957337743,0.7643177599252632,0.6280400527321884,0.8211481409691606,0.0,0.3516908195570492,0.0,0.007312614192754898,0.0,0.29268292286337505,0.0,0.0,0.0,0.0,0.0,0.021452113560267858
p_82,0.9736977938854964,0.7806033831959055,0.6626218989126359,0.9073847407611116,0.622001651687338,0.7675213105683368,0.7951348110020996,0.7748530847362555,0.7010671339982883,0.709460793295022,0.7043141039643381,0.8262722466125038,0.7917333709915102,0.8328228006870841,0.7073416016232634,0.7063407697260333,0.7026182074926994,0.5349301343819348,0.7490570995973537,0.2127659348121346,0.363069242900379,0.7689443252867296,0.60991112781584,0.914236301997831,0.6846153813239645,0.7038323619722566,0.786112358737493,0.8749686475577072,0.7575209220113991,0.7602676265977688,0.709873415924371,0.7947923116400162,0.7365799647576647,0.6326086887759925,0.8084648486294254,0.08163263640150277,0.4864593756947875,0.0,0.0026671111807516066,0.0,0.3043478216761185,0.0,0.0,0.0,0.0,0.0,0.014993140811011905
p_83,0.9674370327069111,0.807552461646211,0.6698575764557851,0.8751762611503966,0.26326530343606835,0.7840032172576217,0.7224369118593086,0.7610282445185477,0.7724500767996532,0.5298909919335731,0.5526483715110649,0.80864079371317,0.7595115895248424,0.7485045673294736,0.7397982568319599,0.7240541453521202,0.7279693461234087,0.3427172540671083,0.78952800901799,0.1333333111111148,0.2950495020292129,0.7953850488982669,0.6352163513968203,0.8703163802072071,0.19975639220759572,0.712672133500265,0.7515728423202135,0.8239925268054493,0.7883661994179066,0.512763867804659,0.6338028156261513,0.755453978022591,0.725946702031005,0.42896935534847397,0.8008970351005295,0.0,0.3335369558122361,0.0,0.005394990345298688,0.0,0.24806201165795333,0.0,0.0,0.0,0.0,0.0,0.019748360770089287
p_84,0.9699913229204209,0.8160367973478377,0.6905183671442711,0.8145752723828751,0.38282647242552353,0.7884712836172991,0.8104093149352782,0.7465328085559239,0.7050396511831164,0.5923244019940784,0.6458963016835706,0.7587595619864697,0.5448768849751737,0.810125001824291,0.7666699106719849,0.7268408531885963,0.703124997108861,0.5343092357336758,0.7828245215662907,0.34285709387755803,0.16765285830717103,0.7900776734783885,0.6428888753171469,0.8389575671906907,0.5782608653749213,0.6646501049760479,0.7765887010163506,0.7967161415773848,0.7675268047984838,0.6371269593959262,0.675107499581683,0.7957802190806328,0.6612244882083446,0.6074177704169506,0.8041429656132584,0.21333330488889268,0.37176470369550174,0.0,0.0,0.0,0.18367346563931702,0.0,0.0,0.0,0.0,0.0,0.022530401320684523
p_85,0.9690204069739526,0.8042172642294578,0.685236140486029,0.8405989674348139,0.2239583313892506,0.6869447216409491,0.7241306191261351,0.8015784276214545,0.757474340966673,0.41306857490987237,0.5044943810777259,0.6948801399973952,0.5224436161102615,0.7064676615774265,0.6408677800831938,0.5551691414632655,0.5738772692016548,0.18691588590949237,0.7589252845427629,0.0,0.39276807735181996,0.7709870601064485,0.6435461876856402,0.8280015684833879,0.40503672400295526,0.7620732352816926,0.7558050947345499,0.7660172720318557,0.7623481773660443,0.4119068536776067,0.5038108256716615,0.6993770793588386,0.6304604471535763,0.4558823492166475,0.735073050641776,0.0,0.3801513861221556,0.0,0.0025100401543422684,0.0,0.3013293899360504,0.0,0.0,0.0,0.0,0.0,0.019716825939360118
p_86,0.9788707090970097,0.8321877438663532,0.7414720859494076,0.8535708820715817,0.3276912638612643,0.7683057997274315,0.8215526339126493,0.836341683769187,0.81856539982804,0.7461844023142542,0.7206823008510599,0.7382445112137753,0.5890032623926607,0.8333305672646613,0.7132118209111196,0.7382169201072774,0.6827794536148811,0.5462962912379973,0.7916384391835494,0.6120218244796817,0.19723865683196593,0.8131791198267558,0.7112454062777201,0.8798825253744925,0.497860196163622,0.7477784279391851,0.8159100924918533,0.8647553192675953,0.8357746804385201,0.7323290838172032,0.7317200085045016,0.7946992856323147,0.7677091666193285,0.5998457933705028,0.8470041794268424,0.23376620340698656,0.3654694368905518,0.0,0.0023148148014188958,0.0,0.5588235202806614,0.0,0.0,0.0,0.0,0.0,0.015553065708705358
p_87,0.9742598906688199,0.8325970696566904,0.7110279185965959,0.8029563325176591,0.3938411637452094,0.7683220422237494,0.8240033337418555,0.8740973307827853,0.7817371927966628,0.7171328977414131,0.6955688606094159,0.6984815580342649,0.6670828117622081,0.8633841884605902,0.7648622974692666,0.7316933617514492,0.6501457694356376,0.5718749955322266,0.8153041555965647,0.23076918639054106,0.3573141443967129,0.8213218805339303,0.6926303051359802,0.8210168663869574,0.4284532636190797,0.7584868011005239,0.8239617277387533,0.8573972922955371,0.7788099412769145,0.7117555283915247,0.7395720753413182,0.7877625388052532,0.7560975589711093,0.618235725587578,0.8280438537910715,0.1081080788897084,0.42135641831633175,0.0,0.0,0.0,0.24012157689784838,0.0,0.0,0.0,0.0,0.0,0.016416277204241072
p_88,0.9708801337947188,0.806701218294944,0.655485456087863,0.8320113002107947,0.41463414297045414,0.7855502416077517,0.8110063881912504,0.80130473197628,0.7788250474127502,0.6115920205009484,0.7089422821180523,0.8019720591537712,0.8117489971166336,0.8163035931347222,0.7552049082235318,0.7783491183265246,0.71314102278389,0.5088536765251288,0.7874057176044503,0.19607839292580528,0.31675592718625917,0.7974766342844909,0.634550249311398,0.8078308120160866,0.4047019277522928,0.7933494045795288,0.8270179228712236,0.8040935667403423,0.7201669944101043,0.6921420876460871,0.6861689663323919,0.795690180122291,0.720941400766231,0.6270337883164344,0.7998581175845898,0.15384611439843218,0.37400530255964654,0.0,0.0,0.0,0.41679626101405504,0.0,0.0,0.0,0.0,0.0,0.01902218773251488
p_89,0.9683587382780376,0.8072490398413088,0.6902602566522559,0.7946959818696119,0.1965552158403727,0.7517144751489038,0.7410598679234589,0.7326732669000156,0.7348870214895458,0.5294485425416424,0.4994350271199209,0.5657528781654633,0.6872444793801217,0.7367921439055987,0.6819883520362018,0.6119402964316815,0.5481274044517767,0.5153488324153597,0.7080486579669649,0.0,0.27828348142674275,0.7936850998800106,0.65172794696863,0.762939220819718,0.16367712820989766,0.7788389465947341,0.7597635356567037,0.811113789289348,0.7524525407664001,0.5764812177920728,0.6027684551116433,0.7497911050507928,0.6836648902110818,0.5089140963621224,0.7329987880835795,0.0,0.26155187217478754,0.0,0.0,0.0,0.2179176702683373,0.0,0.0,0.0,0.0,0.0,0.01991548084077381
p_90,0.9690790354395781,0.8170430413125879,0.6942130308612279,0.6136243613680475,0.18302387025167283,0.779036440385097,0.8149507488428039,0.748806845823245,0.635797782547749,0.5059297376304209,0.5277584192154277,0.5170655138600804,0.6900730695240188,0.7947965390573242,0.6751299473459317,0.6137080567430224,0.50655021649727,0.04278074828181151,0.7253475584179215,0.0,0.2276923041893492,0.7990567029351875,0.678568601915901,0.641624364890056,0.270212763082843,0.7922724208896119,0.827549591550318,0.790380312757058,0.6514301345950047,0.5779240812900689,0.6190271187709274,0.7339731974520344,0.6735864499492312,0.1552511405397838,0.7117329731020458,0.0,0.27135678119239415,0.0,0.0,0.0,0.12499999747983877,0.0,0.0,0.0,0.0,0.0,0.0186920166015625
p_91,0.9679885664332221,0.8014047029578991,0.7199934363064528,0.800493849375603,0.19716088172586055,0.8041757196862775,0.7744001766600734,0.7512946241000437,0.6704298733495117,0.4902009422887613,0.5426862415394486,0.7297878858598589,0.7669595768594736,0.8584948047095626,0.6768998484508473,0.6763410192372609,0.5901116403903044,0.48019801583995037,0.7710415272995473,0.09999998750000155,0.12213740373256486,0.7939399404700105,0.6841180200010757,0.8383366333313519,0.24709041855782973,0.6909013098378779,0.7560628862279501,0.8311356865489221,0.684188480958965,0.5836298927058765,0.6799786045997885,0.7371942955969136,0.685612787110096,0.42297297011504753,0.7570339971006492,0.18867920968316798,0.34213547449979637,0.0,0.0,0.0,0.044554454342711526,0.0,0.0,0.0,0.0,0.0,0.029151843843005953
p_92,0.9759552711434641,0.8175276238943601,0.7014710599238211,0.8883045327101666,0.4861431842601433,0.7678838349434433,0.7943475767566459,0.8358020433828212,0.8277634951767194,0.744752474510146,0.7240790419027103,0.7709311943328787,0.7076358617114519,0.8627345301204677,0.7358597920383979,0.6894787314055685,0.6223076899142012,0.4736318360832653,0.7679852798822583,0.45161285466528445,0.38072288927275366,0.8182634018744248,0.6995813725982464,0.8644995918814324,0.5852299090328382,0.8001924489726063,0.8423049923308958,0.8041411873801894,0.8232744600462949,0.8037314790527424,0.7318181801549587,0.7872796784600581,0.7621385685702712,0.630920459062373,0.7976529153648179,0.23188402436463415,0.4870952581553483,0.0,0.0016611295612079335,0.0,0.33802816306288447,0.0,0.0,0.0,0.0,0.0,0.014694795154389881
p_93,0.9686916488618397,0.824183118201017,0.65900552549515,0.8640847640248137,0.2992518678366428,0.8076283836706305,0.804914165744833,0.7897377418530571,0.8038044131157123,0.7418276367553607,0.6727596953349093,0.7252747225264314,0.7908934364054077,0.873027442531975,0.7551629179036681,0.7298633302417465,0.7159010575409857,0.5651340942036964,0.8030372328212998,0.2807017051400517,0.5128205099619816,0.8102942550084028,0.6258200469070534,0.8151999138089828,0.5059523759330121,0.7748214726695465,0.7913385826165523,0.8504934943637878,0.7514116864722106,0.7188977162638059,0.7015685461365481,0.8126420599495161,0.8063675808788203,0.5843694441885484,0.8343427138988754,0.14999996250000935,0.4580498840246605,0.0,0.003798670429262389,0.0,0.24010913724271302,0.0,0.0,0.0,0.0,0.0,0.019397989908854166
p_94,0.968133182983393,0.8028419120225838,0.6639639666574049,0.8987223613270163,0.2854188181445831,0.7260267192661982,0.6819609392401422,0.7784684231859346,0.7615405616477184,0.6392282951348036,0.7019354820595213,0.7924657507107337,0.622085888298393,0.7183638825602096,0.7450980383902758,0.7262470287225444,0.7198237853752255,0.5447830051266574,0.8010249326884548,0.32876707825108514,0.3964165711286866,0.7792074457424919,0.6225040823441117,0.9003716975639282,0.526401295480087,0.7322122883845037,0.6879090692009987,0.8187001134759541,0.7289107279157648,0.6035858870982234,0.6971371152758987,0.7856249991816406,0.6284867918329133,0.5664739837615691,0.8062015496063939,0.442477836948864,0.428932724183446,0.0,0.00429799423855305,0.0,0.2924187672848598,0.0,0.0,0.0,0.0,0.0,0.02298249744233631
p_95,0.9701968130315923,0.8079641539207814,0.6758265779910934,0.6840385925062382,0.31358381276312275,0.8084961869628922,0.8347123581440573,0.7691521957256628,0.7680157935862139,0.5896877262288941,0.6881296524570091,0.7313677283727774,0.7846472057351248,0.8393421429116378,0.7395344551112941,0.7137736796882393,0.6355555527308642,0.5550049499008429,0.8030575532346604,0.22950815909702307,0.05729877138746561,0.7896715801957863,0.6497431785522222,0.7170076206207304,0.4528650605095651,0.7392013737686556,0.7964480674869753,0.8167930414714579,0.7355197028094159,0.5813747221935979,0.6817209396678847,0.8202023845137312,0.7697160864602862,0.6173044873768345,0.8245150707362581,0.37735841936633596,0.21821631671521521,0.0,0.0,0.0,0.24632352488375875,0.0,0.0,0.0,0.0,0.0,0.021753365652901785
p_96,0.9709299171852972,0.8044194513636227,0.716571445737644,0.8203693927069291,0.4526690359240638,0.7482993195517502,0.7305603264781022,0.7861247943420953,0.7563287333457364,0.4547939440130425,0.5161290312428619,0.7623724942864658,0.7839969209771169,0.7839304422750198,0.7634883512916876,0.7558139517306652,0.5886901856515698,0.5035246676382209,0.8068096463266213,0.0465116170903216,0.2967607074528662,0.7875968059551633,0.6853884642611098,0.8105420779811069,0.23267326444711306,0.6950031198831174,0.7761261757167317,0.8233156852365225,0.751103159509716,0.5358003059603675,0.6165473336981955,0.7988748234890342,0.7094668102079069,0.5912518809106193,0.8213608950720406,0.0,0.3346228207483286,0.0,0.0,0.0,0.1818181779742457,0.0,0.0,0.0,0.0,0.0,0.02602989560081845
p_97,0.9736364842062244,0.8265792211093035,0.7127621709925895,0.8505990130150639,0.33311125694129745,0.732631777024594,0.7880261656733463,0.7539980945736211,0.8236629656613736,0.5483160208285427,0.33318445660298246,0.8062142251125259,0.8253041349143485,0.7666241416271341,0.7283910642835966,0.7138810178077024,0.6823720524680257,0.5178236349172267,0.8127510033360518,0.18749997070312957,0.21955402899181795,0.8208087106103206,0.69166665449231,0.834872158596785,0.4765258187997311,0.8168339413729373,0.8394015771087417,0.8530497065047484,0.8130769220345168,0.6696226408777145,0.6931637504129826,0.7527620455363828,0.614137317927192,0.5124626070542113,0.816782735090033,0.36363629752067317,0.3687457137166161,0.0,0.002857142816326531,0.0,0.31700287727661564,0.0,0.0,0.0,0.0,0.0,0.018391927083333332
p_98,0.9755247773649492,0.8188839945122433,0.7146312742762645,0.8255714035483924,0.3872778261246228,0.7905458196253639,0.8393153307224301,0.8407000884955799,0.8296260072969617,0.748451052570345,0.7255406778436131,0.8027681630035826,0.6417582404760075,0.8621039023054704,0.792423045673218,0.7348754426605117,0.6221024225223589,0.6218181761652893,0.8043292501620344,0.47761186901315383,0.38765008243867854,0.8047089411975428,0.6853246122549296,0.7961920639314904,0.4417040309226006,0.7879331108966322,0.8623519844957087,0.8611922135880826,0.771047226936541,0.6706672084309732,0.6996448485549344,0.7884966189628752,0.7636647559508986,0.497625826233373,0.8216865201935217,0.13793101070154987,0.39999999672131153,0.0,0.007655502319086103,0.0,0.18404907749633034,0.0,0.0,0.0,0.0,0.0,0.01607753208705357
p_99,0.9757179042415366,0.8360127161400716,0.7039916537377545,0.629474757134651,0.35751839792304524,0.8082808726745425,0.8301048923748753,0.8355250615420597,0.7933455754636,0.7698482774585789,0.722197992319673,0.6129204452059773,0.7299042513250852,0.8788713006195846,0.7730829413408813,0.7085684948471819,0.6074728782343395,0.6226291653196261,0.8274262994141882,0.4285713775510265,0.11656441539011633,0.8231328488384265,0.6855347472397983,0.6890371776081629,0.4228456871458348,0.8247665946381536,0.8586536375729596,0.856005308123115,0.7814432981634606,0.7538940803788374,0.7304383434444115,0.8020490296358864,0.7322431029234975,0.5575757538210387,0.8474662155004509,0.2499999609375061,0.25246548074491637,0.0,0.0,0.0,0.2735257180235167,0.0,0.0,0.0,0.0,0.0,0.014490763346354166
p_100,0.9774500015473091,0.8316407867190518,0.7260430720287718,0.7824154107295533,0.4765564913408417,0.7622155909603955,0.804996206968177,0.8058548733691343,0.7842406865555291,0.7037806390696089,0.7222074801745623,0.7523245952987125,0.7206494572842435,0.8540776793773561,0.7754266202782405,0.7521681977603989,0.6956521704760268,0.5075318597041499,0.8191414488598155,0.23809518140590918,0.5390279783576732,0.8111527568531257,0.6722770414501367,0.7951779292945532,0.47695035038164585,0.7208030329042193,0.8283494083464134,0.8343961347282473,0.8182837902155303,0.7058694931622369,0.714390780303038,0.7060281682185598,0.7212061277281113,0.556719017829677,0.8357952913029684,0.0,0.37966537722223054,0.0,0.0,0.0,0.2158054678449017,0.0,0.0,0.0,0.0,0.0,0.01485842750186012
p_101,0.9724302043762393,0.8133019659187128,0.6572321103693648,0.8880302096285149,0.3244949474463703,0.7457990328640274,0.816050208047025,0.8420176668531445,0.8318723003638986,0.6568627442930604,0.7372421261204067,0.7966589838805904,0.6931540328175346,0.876547779125749,0.640384128581774,0.5958348019914055,0.7064635623447362,0.4840909035898761,0.7898724812512729,0.0,0.45439739228665554,0.7993412310989129,0.6351389143902852,0.9066039975425512,0.3609226569815288,0.7785149066745224,0.8543994044689143,0.8028372515415492,0.839281436120621,0.7207428946959691,0.7632406269329127,0.7569965141440527,0.7178329550851215,0.7043918859426361,0.8070977766330396,0.399999920000016,0.4987314226214881,0.0,0.004769475319797494,0.0,0.3373493935259109,0.0,0.0,0.0,0.0,0.0,0.016148013160342263
p_102,0.9652981239754296,0.8023179465383354,0.6318845742192988,0.9066247494088622,0.7145807488038796,0.7843624121877275,0.8133315116801445,0.7911178973142979,0.7790628695446874,0.7335050960753836,0.6508200602547658,0.8690509691099663,0.715949606094724,0.8399407248139428,0.8045419459766928,0.7578537649211738,0.7329192514067469,0.4924623053710766,0.7929491270500054,0.38461531065090176,0.44573643122909284,0.7652199754027836,0.5884706467144593,0.9062350974886041,0.43679880002394317,0.730699546871993,0.8190851102009051,0.8265339103727071,0.7989215257571711,0.6376699020871587,0.6949885507631937,0.7949878900758262,0.7495707609772608,0.6234817763280828,0.8199999992612613,0.6788990202844936,0.3984674310418226,0.0,0.002129925429926247,0.0,0.457142848979592,0.0,0.0,0.0,0.0,0.0,0.023517572312127977
p_103,0.9722918421685574,0.8338015217040934,0.6751191009157358,0.8008255929091085,0.27619047356009074,0.7654920456979531,0.7694803631910001,0.8617840790098337,0.827782816084252,0.5826918584293307,0.33077429188248675,0.720999996395,0.6859813068084549,0.8719881399482043,0.7239393350701293,0.6584766568587797,0.6604651128658133,0.6115384556582841,0.8431247137111698,0.0,0.1121751010646361,0.8219668583042404,0.6583690008186414,0.8603518418082907,0.4377682356462636,0.6674828842467935,0.777515974389143,0.8589645192402359,0.8482272937734006,0.7236751878502545,0.6527390885498164,0.7919669445642674,0.7398072628124357,0.6015037543734022,0.8283000941801518,0.38356159129293266,0.33687653036078063,0.0,0.003174603124212649,0.0,0.36363635830445223,0.0,0.0,0.0,0.0,0.0,0.01838219052269345
p_104,0.9774696151625651,0.8325092476990703,0.7298334877009401,0.8160262720420188,0.2804878014574658,0.7692348818988304,0.8157101859418662,0.8415323420339479,0.8315121231850223,0.7110814157572956,0.7240143352956668,0.6686361365404425,0.7173913027564524,0.8580333152681294,0.7757677736897689,0.7575834800979263,0.5961049932425698,0.60112358987712,0.8193542478557082,0.0,0.20092378520873228,0.8215388617053736,0.6799292375379729,0.762144188823174,0.37692307209072984,0.7523297768210342,0.8086999794496137,0.8742450960000828,0.8085875697078106,0.7406092864629703,0.6913580231394882,0.7844522960498113,0.7604010006004988,0.5897610881244977,0.8421443827537449,0.0624999804687561,0.27067668918536947,0.0,0.0058997049277329655,0.0,0.2181259567108148,0.0,0.0,0.0,0.0,0.0,0.013886079334077381
p_105,0.9720636117247823,0.8287889565757351,0.6866899295000171,0.7515442685301686,0.43628509405122323,0.8159899235842409,0.8030108177116896,0.7988986660914006,0.7982376560862542,0.7729209105640666,0.7172762808436249,0.6573426540592275,0.7323062091181844,0.815272147359046,0.733607925265938,0.7292756796219342,0.6654191591863055,0.5760683711447148,0.797774686325661,0.4062499365234474,0.35345773486874055,0.8099392205814275,0.6607965878003894,0.7613093560260541,0.6093640768038848,0.7944725230668519,0.8096058680324875,0.8527756378619731,0.7752265101461754,0.7138765425048134,0.6747247988890033,0.7922959951421227,0.7636744287786589,0.518518514752952,0.8171155101650412,0.3571427933673583,0.35749587843907843,0.0,0.0,0.0,0.3513909172563555,0.0,0.0,0.0,0.0,0.0,0.02009858630952381
p_106,0.9691182746450954,0.7784169747347759,0.6633522645607338,0.8692186150282898,0.25604838451564127,0.7720905410299083,0.811987528795847,0.7221084099872054,0.7548648285818665,0.5555960620298991,0.5804977131018341,0.7608639064250223,0.6773588113336312,0.7772465763265137,0.694496319131609,0.6409007892851467,0.6945580349337589,0.40294839799817694,0.7259891923252665,0.2999999250000187,0.18547807199512528,0.7633537957146442,0.6174408119902546,0.8728552896524531,0.37234042058057953,0.7007354242644126,0.7654615266001867,0.7557957304751172,0.7273922177610512,0.593712502287362,0.6512844894117876,0.7848644004878719,0.7224618903581769,0.40651667644284967,0.7832699612845787,0.0,0.3763386008345813,0.0,0.00716845869571734,0.0,0.20384614992603559,0.0,0.0,0.0,0.0,0.0,0.02017735072544643
p_107,0.9743618246323004,0.8320344092824385,0.7235741355784531,0.8722577933339429,0.28684470537245593,0.7806292339015302,0.8254760013372358,0.8111945070045997,0.8399395549925148,0.7640825425134017,0.7530922912628633,0.7083636337877686,0.6786575988623436,0.8672820658619873,0.7508207848400081,0.7222405248031614,0.6270556995912164,0.5026177966612758,0.7834057826654642,0.5981307852214219,0.43876337432364226,0.8080743413833871,0.6884666297460104,0.8690347703678688,0.4317816979792801,0.7385824099201382,0.8295599292689075,0.7763313605092526,0.8508221922976196,0.733098791734241,0.7221839854962515,0.7730930149414301,0.7218749977441405,0.5905923293502411,0.8027447561585535,0.5925925194330223,0.4367126548487543,0.0,0.004987531109881159,0.0,0.44889778659523477,0.0,0.0,0.0,0.0,0.0,0.017788260323660713
p_108,0.9704672872428123,0.8213924410994755,0.6872016295517673,0.8352374871917663,0.3388888857510288,0.7972902821850886,0.8296851099194522,0.8381506055842974,0.8319389753544059,0.7216149672854604,0.7036857402917417,0.6973848040789339,0.7848330900130024,0.8749797726665943,0.7284820800868836,0.7154799633454022,0.7067720841981021,0.6749034696918651,0.7918001273983709,0.708571388081635,0.29187071212663357,0.7963448861341913,0.642247780627754,0.8453569640256134,0.4627930635800911,0.8199509309635465,0.8587310158946555,0.8579462372860498,0.860588300619195,0.7318869419467686,0.6605038117390715,0.7974323697410065,0.7534496205325446,0.6845740546080272,0.8339950833484637,0.22222218106996647,0.3657587520174416,0.0,0.0,0.0,0.42084941272491483,0.0,0.0,0.0,0.0,0.0,0.0178253173828125
p_109,0.9730233241240248,0.8304706935875797,0.697308690924185,0.7862379416165672,0.3227239058273582,0.7993213475415759,0.828901615819384,0.861392909574038,0.8162661727464373,0.699132209597619,0.6588411571957014,0.8413527609531131,0.8448468301564593,0.8609155869235854,0.8075924067856219,0.6880310738333794,0.6972552204127193,0.5445134519201507,0.821838543330062,0.6153845477599398,0.35306334005126333,0.8236416537275562,0.6803552361386614,0.8292714207098054,0.45383951290906377,0.8047203935228843,0.848535032634786,0.8394741709316336,0.829689017456646,0.7554901953377547,0.6936998838632306,0.814142193958518,0.7569272341587583,0.6363636312889662,0.8280145224268923,0.40540535062089855,0.4858831222200714,0.0,0.0016246953564200215,0.0,0.3312883394933946,0.0,0.0,0.0,0.0,0.0,0.018830653599330355
p_110,0.97797091287168,0.8209035474755597,0.7373784719092029,0.8556257434516041,0.3520923470116545,0.7597196727404972,0.822621120851952,0.8421900156509984,0.8534281577359394,0.6807610986461299,0.7263464320078932,0.5724177693455409,0.5433240809641564,0.8625328933578197,0.7716675953467177,0.7167070198635808,0.5762711834808876,0.5966850781634958,0.8136668471871789,0.42105255771007755,0.4752981220162,0.8095695565159042,0.7131168495393007,0.8308901989155348,0.4219725290640134,0.7689423780138166,0.84121923218432,0.8372066589935754,0.838816514861099,0.7036918130511591,0.7275274323429198,0.7711348848635045,0.7723919895353214,0.6040462384100705,0.8208650447179645,0.2702702337472657,0.390613168882565,0.0,0.0014566642282835818,0.0,0.2917251010978247,0.0,0.0,0.0,0.0,0.0,0.014759318033854166
p_111,0.9721473736950936,0.7872611684602255,0.6845934744138291,0.8464035845962762,0.23787528593677498,0.7700879763342873,0.74593748045861,0.8443559370902652,0.7825527524671221,0.5417227450182562,0.6868260649629019,0.7221579933635529,0.8155339791429232,0.8073358591160439,0.7807496876802323,0.7000294356784532,0.6229077760981038,0.419475651503037,0.8044952161191649,0.055555540123461075,0.42932861811547157,0.7517190586061445,0.624923669761664,0.8626373622611908,0.23584905289545516,0.7387574294216783,0.7433449871075287,0.8250236290022308,0.7625560000441453,0.6408954289139854,0.7044368584654452,0.7981229828936133,0.7644628076609716,0.6764705834981052,0.8441777603186033,0.04878047590720099,0.3670694836324057,0.0,0.006033182412772513,0.0,0.011331444438202708,0.0,0.0,0.0,0.0,0.0,0.019826543898809525
p_112,0.977371255109203,0.84130050477839,0.7317266979767455,0.8621659630275827,0.4173912998109641,0.81327366745706,0.8161108353325475,0.855208883736008,0.8084021359781421,0.6925290200490832,0.691352344316117,0.7851420219040712,0.8246285789177078,0.8726710830910127,0.7968441806737238,0.7702702681017165,0.7201819931095808,0.5636363585123968,0.822134386629658,0.19512190362880397,0.40215439495373073,0.829615274891377,0.7080667778542509,0.8443513692300479,0.46993317962212494,0.8151432466987427,0.8408441230283586,0.8378392958621557,0.7805624181897136,0.6713362061731291,0.7125858107263483,0.8149107935663203,0.7926701549930101,0.623707234497158,0.8535681178372863,0.08510636487098619,0.46774193234044403,0.0,0.0025380710337808247,0.0,0.18838304256855506,0.0,0.0,0.0,0.0,0.0,0.013428460984002976
p_113,0.9750049559803848,0.8203687079475761,0.7249150269919375,0.882871872872686,0.5025716348084377,0.8146067413395417,0.8543649989314156,0.7980667736247615,0.787411552658769,0.6973245570584455,0.7251227114566651,0.7764182396128355,0.7460954914187964,0.8694251138340432,0.7899050897434156,0.7550400421015188,0.6983849816744435,0.6262626205118217,0.8214678891546167,0.13953485127096482,0.4041159924778672,0.818700417128623,0.7168902270501861,0.855629029919239,0.433389541033815,0.781391703302527,0.842966385679414,0.7887066349724486,0.7963869835712406,0.6713902712836172,0.7204132029633659,0.730138974559076,0.7901361397633286,0.6012058518414656,0.7988055237039889,0.17391300567108572,0.31114808393387616,0.0,0.009313154722780504,0.0,0.35636362988429765,0.0,0.0,0.0,0.0,0.0,0.01824064708891369
p_114,0.9763480097976946,0.8246801573380337,0.7234303950891009,0.8881570447862078,0.2574999967812501,0.7704298759693898,0.7949654271753794,0.8303972780765416,0.828681742053302,0.7466277165163436,0.7144754300255082,0.7350169591593781,0.7062470178677944,0.8667258144378814,0.7983389032732312,0.7454827032899258,0.7490884960255602,0.602678566944356,0.8202418264037243,0.5714285170068079,0.46294045891287694,0.8098080262839649,0.6898706685901319,0.8884375843188338,0.42037302424409595,0.7832674401777152,0.8152290372642311,0.8559332580899432,0.8256517196812808,0.6743838679290666,0.7640449422304517,0.824033516640608,0.7898850556554367,0.6744666161426937,0.845339956900046,0.20454543130165553,0.4480874292454239,0.0,0.004118050761029164,0.0,0.4646097919308568,0.0,0.0,0.0,0.0,0.0,0.014202008928571428
