TransMorphBSplineJan_ncc_1_diffusion_1,,,,,,,,,,,,,,,,,,,,,,,,,,,,,,,,,,,,,,,,,,,,,,,
,Unknown,Left-Cerebral-White-Matter,Left-Cerebral-Cortex,Left-Lateral-Ventricle,Left-Inf-Lat-Vent,Left-Cerebellum-White-Matter,Left-Cerebellum-Cortex,Left-Thalamus-Proper*,Left-Caudate,Left-Putamen,Left-Pallidum,3rd-Ventricle,4th-Ventricle,Brain-Stem,Left-Hippocampus,Left-Amygdala,CSF,Left-Accumbens-area,Left-VentralDC,Left-vessel,Left-choroid-plexus,Right-Cerebral-White-Matter,Right-Cerebral-Cortex,Right-Lateral-Ventricle,Right-Inf-Lat-Vent,Right-Cerebellum-White-Matter,Right-Cerebellum-Cortex,Right-Thalamus-Proper*,Right-Caudate,Right-Putamen,Right-Pallidum,Right-Hippocampus,Right-Amygdala,Right-Accumbens-area,Right-VentralDC,Right-vessel,Right-choroid-plexus,5th-Ventricle,WM-hypointensities,non-WM-hypointensities,Optic-Chiasm,CC_Posterior,CC_Mid_Posterior,CC_Central,CC_Mid_Anterior,CC_Anterior,non_jec
p_0,0.9734510739546721,0.8160397420721371,0.6838088743141694,0.8609537089787491,0.33894500180757575,0.7584762341446711,0.7851254415770226,0.8319559224325818,0.8096828035480206,0.7243650039465193,0.7607843118608227,0.8263305298982337,0.7333166689994585,0.8909145299081572,0.8183450001630362,0.7789572994126981,0.7234834360867753,0.6410496659695439,0.8322563505069874,0.33962257742970237,0.27968337484887096,0.8115849647802887,0.6672912607801985,0.8222941382076274,0.4749999950520834,0.7089337174144896,0.8081671753892229,0.8783874575149007,0.7920642120368557,0.6865028021922135,0.6996665793801832,0.8196776922649044,0.8046177285893755,0.6401734057790939,0.8350120324137517,0.4999999218750122,0.3207712504752739,0.0,0.0016528925483232022,0.0,0.4604051480588371,0.0,0.0,0.0,0.0,0.0,0.0
p_1,0.9718736428140841,0.8069313510010867,0.6779588093650692,0.8222938293219395,0.1944954092753136,0.7873309442174705,0.7898610262929093,0.8622628245847491,0.8022668463690196,0.7160252415642829,0.6594748612670979,0.6917938898292275,0.814676847057782,0.8989076463259007,0.8071046592751102,0.7517482498707586,0.6329866239079415,0.5546522081783902,0.8367259290245419,0.0,0.2935377842986004,0.8145385275006031,0.6876510490474247,0.7759295492694639,0.12634822609632934,0.7983511152283338,0.8455049230094067,0.8926440297340423,0.7479541726116973,0.7003661688841957,0.6673310730170798,0.7960384931364678,0.7715665958786138,0.5883904974380574,0.8024404908460596,0.0,0.29947643665469703,0.0,0.0017094016947914385,0.0,0.3749999898097829,0.0,0.0,0.0,0.0,0.0,0.0
p_2,0.9746827989004978,0.8277004991968163,0.7012923305831658,0.870045639745354,0.53664301966143,0.8216906613574335,0.8571409658403185,0.8613709004016983,0.857650341464539,0.7407243318853425,0.7164502145117688,0.8072758735068173,0.8298443356059325,0.8935499246647446,0.8320691099535724,0.8034591173913544,0.7460732951742002,0.6257459452195572,0.8703279930679558,0.5454544746163019,0.4022988467212754,0.8145302670006915,0.6844769918574168,0.8442947696485111,0.5642458048021806,0.8440255570140721,0.8772494270143665,0.8840535414191959,0.8277100694962026,0.6947177913191745,0.7269754748583774,0.825934949861283,0.8075757555364248,0.6849785348928882,0.8474609366724014,0.0,0.3473389323311024,0.0,0.005037783311866709,0.0,0.44796379077005,0.0,0.0,0.0,0.0,0.0,0.0
p_3,0.9687722530402733,0.8089907383317362,0.6535513931103254,0.8359396580450131,0.4184008716494976,0.7484143761662284,0.6995462291371821,0.8468889356302353,0.7952598503779843,0.7285810220391624,0.7222578560567504,0.7862356594152392,0.7147650989578977,0.8875786568593088,0.8108619540061861,0.8041237092677224,0.740909088102617,0.5754328064679901,0.8294388531217476,0.21428567602041498,0.341426401051393,0.7997185183414817,0.6480332364039189,0.8707888416228835,0.29986612717716027,0.7866074444101271,0.8108815032135127,0.8640578521816891,0.7838221982377281,0.667333029834318,0.694718761926323,0.8027870869617331,0.7495039663950794,0.5801104932312812,0.8330722360025481,0.0,0.3988269771329796,0.0,0.009813542592605078,0.0,0.0804953535450355,0.0,0.0,0.0,0.0,0.0,0.0
p_4,0.9730488092821769,0.8177747944375352,0.6744181646896309,0.8875627978253224,0.47741934867846003,0.8041844523524966,0.8501133877561214,0.8434852976296275,0.8411541217361597,0.777238805245113,0.7587125399362652,0.7985212539795886,0.8228953710780611,0.9004296983480505,0.8281989144707524,0.8244994086439946,0.7276119375835375,0.6242214489673257,0.8360688146766178,0.3448275267538747,0.39648682310861466,0.8209823249350615,0.6879545984500046,0.8692233408507299,0.6080586024903059,0.8374736971711084,0.8540444686363359,0.8494683822890496,0.8402366855182843,0.7552018402960957,0.7848837191751259,0.8390793036093283,0.8123607995201536,0.6421267849889108,0.8474410403684891,0.21739125708885715,0.5575820710912868,0.0,0.0035682426086686655,0.0,0.571912003859357,0.0,0.0,0.0,0.0,0.0,0.0
p_5,0.9719564755361162,0.814632244665226,0.6778103798041938,0.9073640592710296,0.32502965213487955,0.7858039187921735,0.8292849864410103,0.8645744006948068,0.8463414624763399,0.7926783705709018,0.7177221386408391,0.8433609936634828,0.7631191741953919,0.8746797825853715,0.8079655750946007,0.760843371202279,0.6529503080242611,0.6337254852256825,0.843549678642278,0.30188673549306877,0.3987261121100248,0.8104460985238107,0.6667865332627435,0.9056306828789837,0.4631268368270378,0.7910885539362988,0.8372753074120983,0.8755525943949902,0.8458705935340657,0.8082617430010403,0.7618798935721152,0.8395398705015209,0.8176850451622328,0.6755485840474249,0.8518319535276331,0.27450975009612744,0.4769828037882263,0.0,0.0026560424790435426,0.0,0.5639999887200002,0.0,0.0,0.0,0.0,0.0,0.0
p_6,0.9673399934121956,0.8063845279127739,0.626450047860736,0.9110653804797397,0.45419102871158845,0.7303208664703934,0.8171013487553721,0.8322066497212385,0.7694399792688342,0.6620446525710404,0.7931113644245434,0.8313384090551186,0.7935043351291672,0.8517177763145745,0.8248255592867926,0.7737973368121869,0.7004300014312947,0.589552231473231,0.8295947894088325,0.3157894182825582,0.4272401403065223,0.7952368265060519,0.6078852424100722,0.8920858854983955,0.34527686921523487,0.7585969905602226,0.8484755948859056,0.8543107135444468,0.7778892223583092,0.683472728609409,0.7579523893870815,0.8199131891045148,0.7917903046691634,0.6606606540474409,0.8119891000799373,0.03571427933673583,0.45298280863001616,0.0,0.0024183796709892403,0.0,0.1533333282222224,0.0,0.0,0.0,0.0,0.0,0.0
p_7,0.9760690233117881,0.8229625745143999,0.7048825947476011,0.8482711991267765,0.44126659406264973,0.8081807991507344,0.8480866589171573,0.8857682954978298,0.8497198155250639,0.7540156885001721,0.7140439915058159,0.7948817340252743,0.8151889247751798,0.8722429157571147,0.8242830385096255,0.7790664758725134,0.7148194241809073,0.6067048192419884,0.8472400505112668,0.2807017051400517,0.42556084007096645,0.8242416488568681,0.7060402644061227,0.8845947393280443,0.33414633738845934,0.8366934207050833,0.8627296444679633,0.8859916464126923,0.831055471653778,0.7396902400264133,0.7328918304319553,0.8398618639961896,0.818740397289451,0.6691957460607303,0.8517706039363099,0.22950815909702307,0.502835535583897,0.0,0.006191950400495868,0.0,0.5134706733205916,0.0,0.0,0.0,0.0,0.0,0.0
p_8,0.9739433635198192,0.8281248227275905,0.6964110507088787,0.8417538610653942,0.5595463085109045,0.8153838029734495,0.8554832561557827,0.834294586937503,0.853486424047977,0.7674160693946809,0.77389616503179,0.795104892324808,0.7736919504650306,0.8845408965077122,0.8201613785562492,0.808857806500997,0.7295412817264539,0.6601784212475392,0.8634159721311719,0.43333326111112314,0.3926056303467814,0.8184468362241027,0.6926195502069693,0.781722319172476,0.5979557018913484,0.8429366971124739,0.8723074096744946,0.8885420586144223,0.8374345538777035,0.7540473217579418,0.7474099636225704,0.8422953442593345,0.8233688211210242,0.6902788192141762,0.8620559326700152,0.0540540394448542,0.33074935115633636,0.0,0.002298850548289074,0.0,0.5500848803041617,0.0,0.0,0.0,0.0,0.0,0.0
p_9,0.9699589100064874,0.8320070615885936,0.6620306659014009,0.8982005856051888,0.332214759526598,0.8197248523555104,0.8526993782737227,0.8656952991125433,0.8342166882358971,0.7958134072039941,0.7223466172809078,0.7273554814412585,0.802244667110562,0.9070125626923838,0.8134171897725772,0.801919119938591,0.6215827308317374,0.704761899598814,0.8429340234772433,0.5957446174739769,0.3938992016319682,0.82167820189089,0.6549382015503777,0.8928050792404013,0.4344746111632277,0.8410286551532612,0.8373701448727547,0.8874285013463378,0.8180683227578387,0.7585540298100193,0.7641180553936369,0.8130364175214145,0.8195386680609533,0.67785770841041,0.8260825873343891,0.07407404663924198,0.4262478944125188,0.0,0.004761904724111868,0.0,0.5162601521085335,0.0,0.0,0.0,0.0,0.0,0.0
p_10,0.9696110717402834,0.8313245837477176,0.6447601490304654,0.8254487852030366,0.22002471915915056,0.814255720409744,0.8373708122374348,0.861786843644711,0.8488042144996566,0.7540138743765967,0.7536302014674972,0.7750699130041153,0.833990224130553,0.8922467343453465,0.7870443507651006,0.8097780252605281,0.732791788230903,0.6120857640147587,0.8470982134978625,0.0,0.4546136500028984,0.8314780164855303,0.6571099254368313,0.8392559169153601,0.4317460271772907,0.8388449240504048,0.8694888389334641,0.9034693505282106,0.8461851187882029,0.766065866975497,0.7240856941699076,0.8123966933756233,0.8070349249268394,0.6505576147717694,0.8340228992263804,0.4941175889273425,0.4530313094401645,0.0,0.0018148820161988928,0.0,0.43478259874639363,0.0,0.0,0.0,0.0,0.0,0.0
p_11,0.9683452807826304,0.8140276748636472,0.6755204217368721,0.8965629791113481,0.607050725648747,0.8071933597272691,0.8322730270266551,0.8763642864696343,0.844660193174686,0.6676185030767005,0.7040347893113439,0.8001540207926298,0.7425312310088776,0.8719638714203255,0.8406499133710265,0.7871549872952361,0.7444113236050248,0.5714285662290395,0.8432362728664057,0.0,0.48388746555556283,0.7998710272213555,0.6546173209254111,0.8956373505601246,0.6807017496091106,0.8266174507581882,0.8576875222205311,0.8777215184318219,0.8449222314216351,0.6683266925614276,0.719276198242583,0.8524111048685717,0.8143656697426174,0.6758409734262922,0.857589005977942,0.2592592112482942,0.5590909065495867,0.0,0.0,0.0,0.520446086980556,0.0,0.0,0.0,0.0,0.0,0.0
p_12,0.9691287105985426,0.8134477038235186,0.6423064137409765,0.8770528512701355,0.42684563185442104,0.8178854424229374,0.8285244002661868,0.881003702602662,0.8285815676936218,0.7038391216820851,0.7584956937958865,0.7598989016010997,0.7670129303222113,0.8985516130127134,0.8247999991752,0.7880184309100852,0.7356902325938962,0.5236294846537856,0.820875801414802,0.03921567858516106,0.4821066814172405,0.8119058669139986,0.6306494688499008,0.8461538457193418,0.35952063436057746,0.828921501204928,0.8521587265044989,0.8523238782730496,0.8241458347078422,0.7628151252491437,0.7521769810492422,0.8396579874727083,0.8319421234503558,0.6578743160754514,0.8477980460219292,0.0,0.4262773691512601,0.0,0.0020646937299907304,0.0,0.5526838856325271,0.0,0.0,0.0,0.0,0.0,0.0
p_13,0.978290030963605,0.8458746718250801,0.7107143970702124,0.8495633542870527,0.41525423142296286,0.7957121732883903,0.8462645096087317,0.8624796679456007,0.8523980944694018,0.773521237819054,0.7100046087828387,0.7300420129724684,0.7343875616875165,0.8838344611701922,0.8345595955070847,0.828579494977183,0.7407407376924249,0.5927180305443012,0.8493468787137428,0.4047618565759694,0.31796116118979173,0.8431342539358024,0.7013839066460656,0.8127085443111065,0.6464088353148562,0.8166455212340407,0.8606395897408826,0.8887918322384715,0.8628179801802556,0.7455028610532473,0.7698763233880823,0.8416565155890616,0.8308620235464639,0.5872727219338844,0.8479846440998228,0.20833328993056457,0.3960396003956832,0.0,0.0041493775503176605,0.0,0.5229540813781621,0.0,0.0,0.0,0.0,0.0,0.0
p_14,0.9763758514422588,0.8305685629432642,0.703042751434373,0.8240967122900729,0.5144508620958491,0.786756193360923,0.8335908500000868,0.8613431697616669,0.8305476975693653,0.7425267071032768,0.7287319405440681,0.7505915724060975,0.6446185069781882,0.9082650198892321,0.813154890742655,0.7858683905451229,0.7663366311342025,0.6377759555374002,0.8468296401386272,0.5249999343750081,0.32605904587857454,0.8210791165650959,0.6960124862951389,0.7833318887781929,0.5030084175329914,0.8356499074721332,0.860632538648138,0.864858942281644,0.8180498735742844,0.7456268926555,0.7250608254864701,0.8313468406522181,0.8436213970071466,0.6375404479163395,0.8459671932000706,0.2127659121774655,0.2957283647784407,0.0,0.0015588464414743068,0.0,0.5009008918756597,0.0,0.0,0.0,0.0,0.0,0.0
p_15,0.9623358904958413,0.8029935081233285,0.5920214336858599,0.9145734081543488,0.6013985967257296,0.8261253907159917,0.8290853915914765,0.8808025416656474,0.8304683790719628,0.7741145240643926,0.7449245165410605,0.8427382034164241,0.8595540989298979,0.8948003922543958,0.8428631926695647,0.8383084551047623,0.7317073134310238,0.5951859891117507,0.8491922867647814,0.5360824189605754,0.5011627877839373,0.7797864429052014,0.5887898852740646,0.9146808462078643,0.6141843928072029,0.8326756113824081,0.8262185025117998,0.8641315238494075,0.8035616427348471,0.7711071382913394,0.7698658390870334,0.8294509142788572,0.814601894755384,0.5867287475351718,0.8522421979208078,0.2564101906640536,0.4823066820344837,0.0,0.007272727219834711,0.0,0.673427978226613,0.0,0.0,0.0,0.0,0.0,0.0
p_16,0.9711352412492326,0.7965101203324384,0.6543154817472211,0.8815875751918594,0.587551862343968,0.8101866012006254,0.8361328950677731,0.834678589608804,0.8087677380795733,0.6729323300364987,0.6916555093894344,0.8102739698278288,0.7805197624360783,0.8983224155778363,0.8377171207566083,0.8321085335440686,0.749999997124233,0.5663531811248361,0.8155703183161127,0.37333328355556217,0.3602693582476467,0.7962075560134187,0.6532320682104756,0.8677650670702727,0.4486607092783403,0.8028335299087874,0.8507657573085757,0.8420987265805038,0.7013063251118358,0.6781762909687826,0.7186311767554829,0.8364356427362023,0.8222344501314407,0.670476184090703,0.8272658316009994,0.0666666555555574,0.400429412772789,0.0,0.0,0.0,0.493693684798312,0.0,0.0,0.0,0.0,0.0,0.0
p_17,0.9703994239098425,0.8129254544494484,0.6517519208731772,0.7682090595711846,0.5176470550173011,0.8095432985507997,0.851882364372642,0.8218707358523065,0.7874911149164995,0.7147947058747924,0.6567448947591207,0.8075601346819239,0.8137693617663179,0.9058675304616829,0.8215119403649561,0.7946098656930888,0.6929661306551316,0.6055437057175288,0.7930254608645032,0.17021272974197238,0.3530552827055744,0.8064277360915232,0.6556223374642209,0.7906519060328094,0.3748361680886479,0.795362879809315,0.8588405812721042,0.8182913410411757,0.7551466351292161,0.602334776311114,0.6284835659648595,0.82687338424984,0.7849858954545761,0.6186699169086644,0.800153904732471,0.08510636487098619,0.40350876871205127,0.0,0.006703910539621111,0.0,0.5407166035713908,0.0,0.0,0.0,0.0,0.0,0.0
p_18,0.9735058163248522,0.829905121018886,0.6801877715152902,0.6726481777481891,0.3230088459844154,0.8346101019885213,0.8482855004553916,0.8626206767608119,0.7689129863556508,0.7500931091712355,0.7490683214305004,0.7258364278539199,0.8063163069175516,0.9001732120435199,0.8102981021967692,0.8107692286903353,0.6941334496456182,0.6338553271151728,0.8480760909225455,0.41095884781385644,0.22477649776786082,0.8387391907322442,0.6889141316916226,0.7621645395845451,0.5173076873335799,0.8499833748904321,0.8643309754221852,0.8998131224564924,0.794367625530423,0.707749600365535,0.7373380433110758,0.8176305540613353,0.8144632749955633,0.6706948589826672,0.849300968479886,0.14814812071331096,0.34182589870673147,0.0,0.0016583747789521164,0.0,0.4384787373942117,0.0,0.0,0.0,0.0,0.0,0.0
p_19,0.9688113905789703,0.7967321107478058,0.6536596527760978,0.834230768696006,0.35228539183628327,0.7813062180717039,0.7540827236552525,0.838227442108188,0.7969109865913684,0.644378290995674,0.723308268863889,0.8162309761364378,0.7059129963378145,0.8676444942226182,0.7875850682742987,0.7880386960186493,0.7529128133671642,0.5389082399662225,0.8237733233055846,0.0,0.2604756482392339,0.7950666608630828,0.649503089611581,0.8321257683990938,0.3016304306843692,0.79667822962332,0.7403705630634285,0.8781251952640359,0.8088309071640355,0.675083798128398,0.7350774682878398,0.7995796102999689,0.7527612553022903,0.6023294459040811,0.8175123566856528,0.0,0.39020407844731364,0.0,0.006106870135772976,0.0,0.27631578038434934,0.0,0.0,0.0,0.0,0.0,0.0
p_20,0.9673508734885614,0.8071937586734377,0.6288138785478353,0.7468855336751535,0.12556053623975283,0.7659123053357113,0.8090946127921338,0.8259539233144556,0.6955798798731053,0.6684141541051654,0.6923641690668794,0.7216666636597222,0.732748397598415,0.8816726829885837,0.7776413929018587,0.783464564358712,0.6752931634642411,0.515759307394849,0.8209861926461648,0.39534879123851263,0.09971509829465672,0.8032579909958235,0.618421987924688,0.7585285326532554,0.5985663046680627,0.7533224101445157,0.810579706994289,0.8764441749273779,0.6801047111516955,0.6589520001149441,0.6833493730830619,0.7818707107422619,0.7579728040593997,0.611604091388368,0.8218193178947958,0.0677965986785426,0.3579109035490714,0.0,0.0018788163368773302,0.0,0.2418135959240908,0.0,0.0,0.0,0.0,0.0,0.0
p_21,0.9736733768368228,0.8225454238721379,0.6610184298193674,0.8906153089960452,0.5902061817641354,0.8154093903639954,0.8211870989425737,0.881350925127338,0.8486684064243672,0.7482825429379227,0.7243087067183065,0.767309062215171,0.743355118206198,0.876104586677881,0.8343591108426018,0.825170840475026,0.7096774166615657,0.6795827073056431,0.8491955269073761,0.18867920968316798,0.46183205886530504,0.8231380052800721,0.6743758178717175,0.8803613477665284,0.6871165597333568,0.8024184288368533,0.8383224027735099,0.8723168604649982,0.8471016812952945,0.7318859995248048,0.7554391604443208,0.85237395065954,0.8143305418035289,0.6800296905714203,0.8595737051230757,0.2089551926932548,0.5298438910475487,0.0,0.0028639618001720197,0.0,0.7020408067749551,0.0,0.0,0.0,0.0,0.0,0.0
p_22,0.9697647213943124,0.7895450268595569,0.6733536603362191,0.691658460619174,0.2509225061387146,0.7693003276208205,0.8045985934563465,0.79961464317845,0.6907894728426054,0.5546437144168899,0.5518721665827041,0.574961357902004,0.6522411113882952,0.8502704922190182,0.7892561976058826,0.7102708208730945,0.5791627303142501,0.6163601736438797,0.7921314819108137,0.0,0.11580594497956267,0.8067109743073936,0.6839615378957971,0.6235036244954446,0.2598425171275343,0.7670398534067314,0.7607647979136379,0.8493320902716516,0.6979038214852668,0.5672734091130855,0.6434032530025422,0.775820379295492,0.7245634441802947,0.6196769411183778,0.7590567320923985,0.28571425850340393,0.1896907196939101,0.0,0.0,0.0,0.45551600612960846,0.0,0.0,0.0,0.0,0.0,0.0
p_23,0.9721486773788863,0.821380916900601,0.6700257536374657,0.8731554769504761,0.47201945897786546,0.7922913143852386,0.8262273523651208,0.8301710726645044,0.8540757333324576,0.8044122144781818,0.7532710262774042,0.7358851639431331,0.7893149487520144,0.8779791528072158,0.8263000843709505,0.8319088295387213,0.7168783996511868,0.6286161014181697,0.8416012250128316,0.6249999218750097,0.3164983129461469,0.8157441512038263,0.6537763001391748,0.8771911181997285,0.602310226053546,0.7384439792803775,0.8138273593224711,0.8867278747831109,0.8579113543937419,0.752611034125318,0.7385517691438038,0.8376952720250606,0.8316029353466625,0.5976653649987131,0.856817317834393,0.4210525946445092,0.49472830093488807,0.0,0.005390835531079645,0.0,0.5042016721982913,0.0,0.0,0.0,0.0,0.0,0.0
p_24,0.9649210325669659,0.810606227070853,0.6125507666368682,0.8828999208499212,0.5182795643195746,0.8002332553592598,0.8213947171491597,0.8575317037689256,0.8207979969125567,0.7875606608026536,0.743249875446122,0.791484030083018,0.7623648475675987,0.8816413794036793,0.8410777032008222,0.8096453877740556,0.7566070960065263,0.5817782592560016,0.8342031304353642,0.39344255845203957,0.4506376927225427,0.7995943850693553,0.6127326367114172,0.868994248576283,0.510314869594844,0.8479085197156331,0.8347843692491879,0.8381085187385214,0.8156176173188584,0.7454764768664586,0.7478550983130241,0.8509261973430107,0.802465674411696,0.658869389289772,0.82852327698702,0.2105262603878262,0.535025377994795,0.0,0.0,0.0,0.5367231562609723,0.0,0.0,0.0,0.0,0.0,0.0
p_25,0.9681934713263054,0.8131144084413938,0.6276241102707808,0.8849826692774342,0.37762237322118447,0.7712652584839989,0.8117885655760896,0.8470098115183853,0.8415719555777462,0.6485572852244872,0.7024660043732058,0.796038148217028,0.7861226083459046,0.8906725622591763,0.8363668800532059,0.7856121944125484,0.7308170853139067,0.5567839140021718,0.8359150881278303,0.15094336774653438,0.3832923801532156,0.8125599217053753,0.636355208909326,0.8672364668563505,0.5318021154434442,0.8026318913032062,0.8082708347369265,0.8624833105580268,0.8160100052332583,0.6511792445151189,0.6938132717799477,0.8244763552323457,0.8432776429507355,0.6730103748009483,0.8193321274670992,0.0,0.37541308410169805,0.0,0.013623978016022099,0.0,0.43267107212646644,0.0,0.0,0.0,0.0,0.0,0.0
p_26,0.975026968140917,0.8197521536216186,0.6954619702609525,0.6844864626691135,0.24021592118467044,0.741092043527594,0.7777793811491444,0.8821025745466575,0.6657731196956584,0.6338106745082661,0.6631256370518374,0.6032608654669779,0.6764890260925108,0.8865173743804606,0.7824180405278576,0.7241025616269997,0.6409736275812696,0.5485008769973467,0.778487229225207,0.08163263640150277,0.16949152255099115,0.8128672499866263,0.6763906810360057,0.7682739812844829,0.5004945548912507,0.7097426192380195,0.7838344038635502,0.8880617738525295,0.7248123991575687,0.6763643652925719,0.7236160877665948,0.7955012427863077,0.8030838393733253,0.6232142801498726,0.7731504987530469,0.0,0.26354941271467147,0.0,0.0,0.0,0.21739129909682853,0.0,0.0,0.0,0.0,0.0,0.0
p_27,0.9599134517179227,0.7854161462728932,0.5686946886005197,0.906921336435237,0.5763760013829561,0.7977330686319826,0.7975454911638006,0.8153752011929826,0.7917098437391608,0.7486411826172671,0.7548373362644326,0.8378378364400437,0.780209673017823,0.9060012611160536,0.8338320358728984,0.7916524091972206,0.6908573436824712,0.5950570285640967,0.8303483027357139,0.4225351517556124,0.47974510478040455,0.7747846201976981,0.5670927799984686,0.894895397302323,0.6381068925413835,0.7502385149179684,0.7881598557562539,0.8435299155836059,0.7523672285381152,0.7835758635799649,0.7190178347949553,0.8142386522563703,0.8202154078425423,0.7341772089942852,0.8339987571342394,0.20408159100375692,0.4549180312332034,0.0,0.0035471474917317543,0.0,0.6435897353385932,0.0,0.0,0.0,0.0,0.0,0.0
p_28,0.9748918521826879,0.7993595800742033,0.6890716140560805,0.755818438500824,0.3749999952168368,0.7640526615308407,0.7750616473926293,0.8031371080700541,0.614728865007425,0.5940236520772559,0.6059133240058459,0.6404558368065194,0.6871890525895863,0.8811452667330401,0.7978396491313534,0.7519705708040709,0.65634408319852,0.554687495666504,0.7959092923113301,0.0930232341806432,0.2940298485520161,0.8051801380175919,0.6819579602269455,0.7678546850365662,0.2451419993252317,0.7281617162353349,0.7926302199713299,0.8717016409351228,0.6492075973370713,0.6425509104657459,0.6874398909647242,0.7981900444462644,0.7715451280684723,0.5623003158958446,0.8359066419785398,0.11111109053498323,0.42581503376037905,0.0,0.0,0.0,0.0,0.0,0.0,0.0,0.0,0.0,0.0
p_29,0.9684039960397653,0.8166471230625713,0.6317511784855722,0.7783082196193434,0.3098159461684671,0.8273775929868896,0.844130740731283,0.8631958048497453,0.8180889849480832,0.6529525645535424,0.6414677262567027,0.7692307661648833,0.7858880762654338,0.8840911141208901,0.796188133214276,0.7876905680754077,0.7262849948755328,0.5572755360446281,0.8531855948293061,0.14814812071331096,0.11700680112915918,0.8125150711232013,0.6190826044491607,0.8207667084894851,0.3751651205394304,0.843676031479964,0.8648932152292416,0.8592432181107572,0.7886403609089717,0.7291841876270141,0.7463322272921623,0.8121718833247406,0.8284518810208062,0.6022304776744379,0.8469066752473727,0.34615381286982566,0.20512820337497262,0.0,0.00963081846499489,0.0,0.35918366613910885,0.0,0.0,0.0,0.0,0.0,0.0
p_30,0.9729126934757323,0.8310481344260561,0.6793353637642827,0.7749052045674559,0.3049219651269872,0.8480997305793941,0.8729208725115728,0.8325496209312728,0.8386885951000016,0.7488665652512521,0.741025639442253,0.7174295743070881,0.7713936414600782,0.9126567225706803,0.7955333068968682,0.8009075416877267,0.6987565154482289,0.6539074907981859,0.8371392715707744,0.49999992647059904,0.35193944794759274,0.8238218410765376,0.668861413094326,0.7801655286916179,0.4466666617037038,0.8454550040767538,0.8590851015179585,0.8850982672643438,0.8104870597689151,0.7779286920391097,0.7585814512448674,0.822758306032992,0.823078884801943,0.6431956625376055,0.8407622732228986,0.29999995000000834,0.4128373419924337,0.0,0.0034812880462899215,0.0,0.5347593487565179,0.0,0.0,0.0,0.0,0.0,0.0
p_31,0.9728725376731183,0.8163038210188086,0.6612879016415302,0.9025872204029181,0.5522788154398676,0.8331500026535199,0.8348547823930637,0.855172413293295,0.8226987436941701,0.721801254901709,0.7357843119220973,0.8380710638627638,0.7240652956185748,0.8946360151639854,0.8337306308763105,0.8156140881764071,0.7655153025399738,0.605887933467351,0.8453550370985545,0.48837206462953114,0.5056648747426066,0.8162806942353756,0.6486991589919721,0.8925397053429478,0.6646010792827183,0.8480047468185714,0.8397779905764254,0.8307606880451079,0.8294395341611918,0.6988438649693076,0.7379032239468164,0.8446995933438587,0.8042479885067508,0.68237511138195,0.8411624575119939,0.1851851508916387,0.5521042056507806,0.0,0.003842459136960047,0.0,0.5723684116386775,0.0,0.0,0.0,0.0,0.0,0.0
p_32,0.9727144731410787,0.8126987068008077,0.6441474348482586,0.8118605403637272,0.253676465925065,0.8168414572638166,0.8125923314551379,0.8776280926229479,0.8289770454703768,0.6671157509070217,0.7288672333036121,0.6893704814789965,0.7013210778250399,0.8773712864882278,0.8250432517030242,0.7918612381859198,0.7077922045093126,0.504331082730211,0.8410753293045736,0.03921567858516106,0.2888583178974097,0.8153674714318636,0.6651541186073627,0.8307346320609186,0.3821510253758464,0.7630577084267596,0.8255664318889573,0.8600455416243092,0.8508818802099387,0.6764876456600306,0.7509863059851792,0.8216800069228662,0.8151071002956395,0.6266375477441316,0.8439472166342061,0.2553190946129586,0.3176470557093426,0.0,0.006756756680667155,0.0,0.47798741136294737,0.0,0.0,0.0,0.0,0.0,0.0
p_33,0.9711622218514584,0.8224931698017299,0.640993495189818,0.9161150710887399,0.43295637426564826,0.7935497017390457,0.8183214261321813,0.890081082186136,0.8310991946976612,0.7825825215384945,0.7184331780681263,0.8305343490317192,0.7398753874873432,0.8903502550889197,0.8266016703498124,0.7808084101846585,0.7110449954962997,0.6510263865979825,0.8549041811999394,0.742857036734709,0.4980494115861547,0.8202123081684064,0.6486161110547484,0.9038261470050207,0.5049928601284899,0.8396463375766988,0.8530819549504679,0.8964498934991013,0.8207024019461462,0.7626932660721264,0.7467889891128693,0.8350458503645499,0.8391930811550631,0.6703296641911203,0.8561955277982233,0.11111108024692215,0.4580858055571894,0.0,0.0069492702783233475,0.0,0.6570048203380866,0.0,0.0,0.0,0.0,0.0,0.0
p_34,0.9681009718140628,0.8175528822445434,0.6636031810703571,0.8665389524384352,0.534843200916,0.842619421905064,0.8552433581844617,0.8840364633856072,0.8425267786139485,0.6962305980521236,0.7122162146762893,0.7875108378685566,0.8117647045559401,0.907501694109597,0.8334133453351769,0.797964374559887,0.688592836433835,0.6396181333363713,0.8613219766142178,0.2666666222222296,0.4432432402483565,0.8172990660618304,0.6539647055226302,0.8766535569911273,0.4214046775763135,0.8551555540132255,0.8536634525429503,0.8726107607597996,0.8456442194742962,0.6948618728562388,0.7616717619537783,0.8339647040247947,0.8280512456101343,0.7010014256008482,0.8594355776220038,0.1276595473064793,0.40846097440947504,0.0,0.002631578930055402,0.0,0.6811881053230079,0.0,0.0,0.0,0.0,0.0,0.0
p_35,0.9653035610184929,0.7915937505797761,0.618800110189544,0.8711190890330386,0.4962779115278916,0.7539356878392105,0.8233189871427451,0.8198037915824715,0.8115981849503942,0.6369973183517456,0.7734199331166127,0.7706013334424597,0.8112882360808096,0.8865809946871962,0.8175942887840317,0.8144225899787629,0.7049891514642475,0.513426417686075,0.824783099938907,0.43333326111112314,0.41584158158513873,0.7947269362299115,0.6091914947930768,0.8520279444731089,0.6329526882384302,0.7805807274660296,0.830127985707335,0.8580766135236665,0.8406400405351372,0.6819202387662566,0.7715285862974829,0.8289573015443694,0.8218454066904969,0.6590909033296249,0.8200054952642617,0.24742265490488094,0.4124087566155185,0.0,0.0025477706681812655,0.0,0.4703476386431976,0.0,0.0,0.0,0.0,0.0,0.0
p_36,0.9661170127559664,0.8157708333518459,0.6623078577399352,0.7711061571669643,0.3080357108478157,0.7783462615758502,0.8441644970915541,0.863402758604543,0.7698084857055846,0.705229793279289,0.7450661225939652,0.7146690486821599,0.7338972007506025,0.900042873629564,0.7862541740321197,0.789409762474108,0.6557911881900849,0.47916666250723383,0.8182731693450775,0.16666663888889352,0.11620794929345643,0.8143104271025813,0.663020818939166,0.7812919297289043,0.45185184766803843,0.7939545261961786,0.8443146099260795,0.8585341855098209,0.7436701220838315,0.6859626403865705,0.7298634460125403,0.8099926757181278,0.7909477911921403,0.5225483140834051,0.8069029844473702,0.0,0.2553191468468155,0.0,0.0,0.0,0.0,0.0,0.0,0.0,0.0,0.0,0.0
p_37,0.9652488544746248,0.7888300669496753,0.5926502647060824,0.9044149379510993,0.5503231712804878,0.7943331405483436,0.839691613275171,0.801076326835285,0.7690705535419545,0.7961185745402873,0.7364297685046732,0.8202885858760635,0.7951695290404796,0.8885419917092292,0.8125701449915038,0.80797683882928,0.6023255796444024,0.5533411423992832,0.834403620555423,0.5272726793388474,0.4714118992333028,0.7756038204668854,0.5879326841981025,0.8934862141414615,0.49530956383386904,0.8183493095462472,0.8460630916004619,0.8007946288527232,0.7857943915441815,0.7653244411832208,0.7484143743435138,0.7850923014221616,0.8004453080978421,0.5980769173261835,0.814855998204319,0.040816318200751385,0.3893581064638593,0.0,0.0041237113189499415,0.0,0.6101694821237368,0.0,0.0,0.0,0.0,0.0,0.0
p_38,0.9700976776016208,0.8113963482017647,0.6825198221955812,0.8264996201531654,0.3150684895540127,0.7228216969279411,0.7730690530302821,0.7754540155792587,0.7731759648356481,0.6319819812702906,0.6101134201084277,0.7795454530690428,0.6045248855101247,0.862819402182976,0.7991343686807649,0.7275738318311514,0.546002006446969,0.4952178480848263,0.8115942021541055,0.38596484456757113,0.37400950674057315,0.8078658050140517,0.6744473589198754,0.7899760645990206,0.40069383867568226,0.7966196529362674,0.7879863638188864,0.8349870063577918,0.7825701288584431,0.5670616894816018,0.6670613762244694,0.7906803347710342,0.7971223002467092,0.43992247635734033,0.7927133261814829,0.1777777382716137,0.3238419025761075,0.0,0.0072385088409753565,0.0,0.48142164004165366,0.0,0.0,0.0,0.0,0.0,0.0
p_39,0.9717447015569892,0.8371896252345332,0.6937644650671747,0.7894043220944885,0.4611650429470262,0.8221323899071771,0.8578983228302882,0.8737401100716701,0.8251610780548639,0.7813717182206844,0.718232042611642,0.7686342060808521,0.7649092464025298,0.9153239407998001,0.8289642884271795,0.788504462085646,0.6944314427027073,0.6980854145943637,0.8563335391198251,0.4799999040000192,0.34437085636594894,0.8304890630891473,0.6818473638211616,0.7645407759515509,0.37028014165310424,0.8223896661234325,0.8575735410489698,0.8849013355218842,0.7874283278961263,0.7725872256036412,0.7407714625865378,0.8109370430953226,0.8041480065893284,0.6447166872533179,0.8551307839261654,0.2399999520000096,0.2908011840672484,0.0,0.0,0.0,0.4568138108097157,0.0,0.0,0.0,0.0,0.0,0.0
p_40,0.9699419715967386,0.805782581793474,0.6633277159967564,0.6997610824707893,0.38860103123573797,0.7608362184977814,0.746487361990276,0.8400432046150613,0.6778078143551145,0.635175503514586,0.6675490830188637,0.6804020066311457,0.691654171185272,0.873955877394814,0.8098032440371046,0.7666195172875542,0.6625310146297311,0.5304659450675094,0.8016422469798404,0.0,0.15384615165461324,0.8014436406386207,0.6533924838671047,0.7270422018411138,0.2567726707093914,0.7943866942687278,0.780867215036407,0.8804001314277233,0.6809167549211297,0.6352749041596127,0.6213052953356372,0.7747028855902353,0.7203962162980725,0.569706099700783,0.803485576319497,0.0,0.3259983673512766,0.0,0.0,0.0,0.32679737850114643,0.0,0.0,0.0,0.0,0.0,0.0
p_41,0.9656666639392346,0.8169990243021291,0.6302367888259833,0.8840755954366226,0.5289115601283031,0.8228868806980192,0.8151007115603868,0.821858597825342,0.8227010268656513,0.7489998966570932,0.7343117390326119,0.8449449951677711,0.7679415540009851,0.8766195910117871,0.8247794699029877,0.8027285107701814,0.7352742019794373,0.6208897425445866,0.8521238578283805,0.574999928125009,0.4271844639457064,0.8033781447984217,0.6209910212953142,0.8997834101446515,0.5378151210288037,0.8382969603506789,0.8284498866385422,0.8341830226649356,0.8300670437982632,0.7239353883743074,0.750738914407047,0.8485086333903958,0.8264878434577037,0.6562211921085604,0.845944815169372,0.1777777382716137,0.5350152216832743,0.0,0.002103049399547325,0.0,0.667820057650172,0.0,0.0,0.0,0.0,0.0,0.0
p_42,0.9697182441748536,0.8325369327734239,0.6518935131943052,0.7346938769607152,0.3590504397766997,0.796747555398767,0.8381430198090517,0.8629600621963143,0.8470715823656839,0.7660888615599832,0.7311827938705107,0.748625683415164,0.8421196010868824,0.90580279902399,0.8483839364854222,0.7902261481928096,0.6487279811706067,0.7064083404887606,0.8490066217133334,0.58461535463511,0.33723653000893994,0.8241965915881894,0.6566435509458423,0.7691493110049865,0.3929618710709403,0.8200787504834653,0.8616736440210142,0.8844166761477732,0.8276210941853787,0.7537167441767246,0.7754721362194634,0.8336162980252629,0.8017025518234788,0.7218934857848115,0.8611137727776155,0.32075468672125595,0.37739656531385907,0.0,0.0,0.0,0.5226860159222139,0.0,0.0,0.0,0.0,0.0,0.0
p_43,0.9599256003879597,0.7987481274221458,0.6372333964412701,0.8451796128165568,0.3362193337935113,0.7799821770132774,0.8227885801312423,0.8622475852228939,0.7949241845414301,0.769242876775348,0.775240126413575,0.7853957614676818,0.7370741468194907,0.8925792060023152,0.7827675439315211,0.7783505136402284,0.7371642273472824,0.6969292343329156,0.8351432997181814,0.5199998960000207,0.16547334792781745,0.7911075195677681,0.6392978068765988,0.8598145525460418,0.581818178612572,0.789412058124381,0.7934358517258445,0.8910216416857711,0.7788109907232149,0.7046681480591711,0.7109059420832738,0.7792977007620239,0.7640491239969314,0.6966292088788552,0.8474576264110733,0.1333333111111148,0.30481927527217306,0.0,0.0018190086320190601,0.0,0.6100386021874054,0.0,0.0,0.0,0.0,0.0,0.0
p_44,0.9733079044750759,0.809691875476057,0.6901607828072528,0.7866843089444361,0.5010660927391675,0.8398902562762993,0.8332411830331778,0.8501545064420707,0.8280517093833066,0.7348082303788926,0.7291666648582176,0.7070506419709501,0.8046209955317775,0.8836714048370563,0.8243537535987561,0.8008669715500759,0.7584605150681469,0.6627991249978309,0.837140895345484,0.12307690414201475,0.3765323960023433,0.8096767837576405,0.6756821281282446,0.7478260862929671,0.4626168170255045,0.8490197112379062,0.8534345583319956,0.8746281806353265,0.7790939055084944,0.7294589171047506,0.7738821118549742,0.819948799829384,0.8232904517641831,0.6438896146919211,0.8508443716747454,0.43373488750182077,0.35708566567585537,0.0,0.0,0.0,0.5575539468065838,0.0,0.0,0.0,0.0,0.0,0.0
p_45,0.9623343492510206,0.8066445100887188,0.5911461892312545,0.8880229041705044,0.4777327886869151,0.7970714802444889,0.8323366524761187,0.8146712073279165,0.7585566762286151,0.6981770541445508,0.7218413302599379,0.8436754151441663,0.7391000215922127,0.8989895343018784,0.8286924931106815,0.7879572651733335,0.7265624974198774,0.5882352880471075,0.825952988092303,0.29999995000000834,0.36122733360371456,0.780429985243462,0.5825383233297047,0.8885977093507172,0.3790012755569619,0.7874637445516532,0.823791576444606,0.8388726696390789,0.7359198991073009,0.6681774801190632,0.6407680271472025,0.81697453737696,0.8041760699656431,0.6374908779176449,0.812296308630057,0.10256407626562146,0.3456452332619916,0.0,0.0055172413602853744,0.0,0.311965805299876,0.0,0.0,0.0,0.0,0.0,0.0
p_46,0.9603175279164232,0.8144559226854492,0.5674119216308329,0.8989012974411309,0.5215723823435054,0.7715353960811886,0.7922030473739943,0.812731928702905,0.7597904704916557,0.7127434605311703,0.7295992256648981,0.8092447890324063,0.7303788048269898,0.8932973659860444,0.8267207251407271,0.8098652113281755,0.6837416455688877,0.584493035939433,0.8429277046763111,0.2448979092045083,0.41484918600998055,0.8181525082444072,0.574375071474819,0.9028106118328494,0.47241378903091563,0.8075340584537093,0.8359058376565847,0.8285319320826475,0.7120962028859984,0.7001840765069213,0.7750355937944101,0.827784627180657,0.8160759117608821,0.6172487482733517,0.8304411043815404,0.0,0.4501300934513005,0.0,0.004906470392804445,0.0,0.4048865548885418,0.0,0.0,0.0,0.0,0.0,0.0
p_47,0.9677411737331048,0.7796366828194343,0.6009292191858481,0.901925757907388,0.5993988810674157,0.7833509511671904,0.8278677281656945,0.854378097206527,0.8203565777247162,0.7268732138795065,0.7858109916441619,0.8301886769751471,0.7832195106668888,0.8830786295960295,0.8063093947229261,0.8062740759321021,0.6896551698566734,0.6810699518408442,0.8340325877314543,0.18181815820543398,0.4483260531376707,0.7737363519270614,0.589419520396911,0.9032794550950367,0.6174582758828095,0.7248745517634768,0.8420109340658403,0.8470499806795377,0.7793140982261142,0.7242502519103109,0.7609099332383706,0.830032146811125,0.8258283748914518,0.7047101385442922,0.8367624215481732,0.14545451900826925,0.49247121128223553,0.0,0.005798969053482703,0.0,0.4297872248981442,0.0,0.0,0.0,0.0,0.0,0.0
p_48,0.9631333699858202,0.7995544363396536,0.6205094865248706,0.6192140656506577,0.39826839252137963,0.8173821547101467,0.8212687043853902,0.8333960535275544,0.675715452697113,0.565558143861938,0.605594702956236,0.6837060671670192,0.7602968446005625,0.8862756530303909,0.8183098583316802,0.8220497703450634,0.6324951613515707,0.4910714230907207,0.8421512891629634,0.0,0.23480083365197416,0.7912102273272422,0.6081036981231664,0.6820718685184844,0.04566209941410732,0.8234787135145388,0.8306565990280919,0.8366815255967802,0.7427460769918839,0.5866355034668698,0.5388580480990126,0.8116778945442436,0.8123689706174817,0.5653061166805499,0.8278807698765169,0.0,0.2238442795152764,0.0,0.0,0.0,0.1809045180677257,0.0,0.0,0.0,0.0,0.0,0.0
p_49,0.9748338111248364,0.8283218402881811,0.682988598845097,0.9053727689033739,0.4335981789602931,0.8065514991290331,0.8310235551092148,0.878064943186401,0.8630106562355566,0.7580411467612855,0.7340914572124572,0.8203221783757058,0.8465373949493942,0.9026509319475541,0.8213355549314142,0.8335672162964715,0.7207657065303132,0.634865562577055,0.8384644613849634,0.5391303879017054,0.458908609737616,0.8259248858553091,0.6788114886396543,0.9073966217369964,0.5304437509758126,0.830364601355368,0.8501070107756595,0.8906321570713284,0.8652618126167925,0.7179386688371328,0.757281551604827,0.8380171732650106,0.821610053967344,0.6482534472115886,0.8493386995885196,0.21428567602041498,0.48333333064814815,0.0,0.004474272880600975,0.0,0.5866666568888891,0.0,0.0,0.0,0.0,0.0,0.0
p_50,0.9713372110788182,0.8100504596528297,0.6351993970242112,0.9215452871641063,0.4909171444797645,0.834731892865937,0.8225141678958073,0.8449279618671403,0.7915083202837003,0.7870359719721458,0.7241830046426587,0.8643906144108514,0.8485175190720788,0.8792146818814827,0.7887005641615814,0.7803052093858185,0.7080430629890972,0.5507246315415314,0.8366073914564683,0.4324323739956251,0.43113159021437997,0.793272018626477,0.6297659278136416,0.9152495225859769,0.5457784091707217,0.8197883802395967,0.8507663571354471,0.8008309872665655,0.7430043311755014,0.7397782802005266,0.7592463345911926,0.7618749992063802,0.8087774273542909,0.6454652456364518,0.8204461330194597,0.20408159100375692,0.3982990772562045,0.0,0.0024615384539644967,0.0,0.55344069467876,0.0,0.0,0.0,0.0,0.0,0.0
p_51,0.9685465653226272,0.7977430196702733,0.6303403062464307,0.9013939704119328,0.5993774984465207,0.8189441162853908,0.826566845148865,0.8542495474055156,0.7769359178413562,0.707635499528372,0.754157301676051,0.845832575184615,0.8291457271551584,0.9158392272653972,0.8302251417236205,0.8116097801354212,0.655643419641828,0.4165863026365834,0.8344396711885596,0.1052631301939131,0.4555789454501939,0.7966622733941605,0.6311444453709508,0.9177001125779135,0.6362038627053084,0.8175312032470138,0.8385731677394662,0.8293266199941305,0.78804760599133,0.6777327926076481,0.7649006604425245,0.84682248324626,0.8237196743295965,0.5796610120367711,0.8484966421635725,0.41025630506248584,0.5428571407029478,0.0,0.0029019152556531767,0.0,0.5989110599108701,0.0,0.0,0.0,0.0,0.0,0.0
p_52,0.9595337083301193,0.8151040551737856,0.6284286938388552,0.8195647982415015,0.35051546030396435,0.8077977457590115,0.7990991120066273,0.8525123308295776,0.7945853583984948,0.7527016158321858,0.7593790410535165,0.7292555679030082,0.7342479656142074,0.8960603240605799,0.8133990139769468,0.8017429172065824,0.7100646319941614,0.649913339255517,0.8478035274577971,0.17021272974197238,0.3193832563944575,0.8004991008514856,0.6050115962815553,0.783029400235929,0.6250820707479838,0.8074280102510285,0.8098549231114364,0.8969480550706087,0.7798249042469294,0.7365751261705658,0.7106511412017009,0.8378328050290144,0.8047928087748557,0.6315789424800392,0.8430829678993633,0.43749993164063566,0.39864864528168376,0.0,0.0,0.0,0.5036764613294769,0.0,0.0,0.0,0.0,0.0,0.0
p_53,0.9646368659943633,0.8231536821510504,0.6205452101924976,0.9026726131788982,0.5090579664034605,0.8082276272337076,0.8257382935958918,0.8797875941250777,0.8496203761332104,0.7979723494949563,0.7480070842603918,0.7918128631818336,0.82950862073187,0.8893189533789617,0.8344706562346748,0.8020865271491668,0.7348242785416248,0.6641162917818187,0.855856682723145,0.593220288710145,0.45165394114723956,0.8177649369242768,0.6119026348898994,0.8950710610466166,0.5770363044451786,0.8361833674494002,0.865377161906801,0.8770249492272526,0.8634607118253964,0.763075793023421,0.7436459229981466,0.849385433086236,0.8085339146374892,0.6672458673566823,0.8509575345999097,0.3220338710140787,0.5018411336042023,0.0,0.010162601522737789,0.0,0.6294416137150319,0.0,0.0,0.0,0.0,0.0,0.0
p_54,0.9678113635501261,0.8139158601716542,0.6236742882546581,0.8668095386134652,0.48417131765203614,0.8273223105093456,0.8381696675741237,0.8779899976634392,0.8565545629971798,0.7957430911167447,0.7713407406683832,0.7900812279175663,0.7390407407451244,0.9026581319469004,0.8321984881706944,0.8207995504031323,0.7383642081411468,0.5902912564049393,0.8378754716154014,0.5925925194330223,0.38011327639953885,0.8159426299818205,0.6354769464732866,0.8592278483017466,0.4831013868478988,0.8264571426210122,0.837285469047677,0.8931154895902248,0.8350730678039234,0.7772594744633047,0.7589787954154505,0.8318400444856738,0.8127782120639481,0.704680845066546,0.8510766745310157,0.457142791836744,0.5042950959863816,0.0,0.0,0.0,0.5502846195391913,0.0,0.0,0.0,0.0,0.0,0.0
p_55,0.9671399814478017,0.8103926275954081,0.6753967046435021,0.7996444044895853,0.16161615889535086,0.8028737596526687,0.8385017640249366,0.7912653673644022,0.7282875633754325,0.5799787618689268,0.5594781263248693,0.7265685486964811,0.7923228333459271,0.8883207069305049,0.8079526219898878,0.7735712544645015,0.7129969906014133,0.5543398938414305,0.7770343184566988,0.0,0.13947990378865363,0.8110201954728931,0.6709654358299929,0.8455513151855588,0.29941860029914824,0.8171087410406733,0.8680830038975828,0.8605018766743223,0.7963800896969532,0.6560685892149071,0.6968219912325561,0.8174127592373874,0.7534639255770093,0.5847728689393931,0.8239905912787217,0.0,0.38880559525834285,0.0,0.007083825182009148,0.0,0.21563341736837152,0.0,0.0,0.0,0.0,0.0,0.0
p_56,0.9678057312490652,0.7754140411411704,0.6736738636578917,0.7179093000363991,0.05198776678917788,0.7549855471944944,0.7715920189245955,0.8279082293234372,0.7299391246127018,0.5482223897993359,0.6653024086737099,0.6886688643613169,0.7744301797557896,0.8660090608867056,0.7795289220821537,0.7954843770136929,0.7004303187671952,0.5491452932783623,0.8144651565609528,0.0,0.1543307062310125,0.7977972171180083,0.682592543210111,0.6808442076036377,0.30430220037458344,0.7338767620391277,0.7938218623492102,0.8358831047999417,0.7679829799654528,0.6068870280427315,0.7595718386999345,0.7788260826761075,0.7744077910683911,0.6043165424149889,0.8203806825530873,0.0,0.2495479181776861,0.0,0.0,0.0,0.41216215519996363,0.0,0.0,0.0,0.0,0.0,0.0
p_57,0.9682954383308267,0.8242909838419259,0.6637529335185126,0.7787048067946598,0.3245539479647073,0.7100787044651252,0.8168672072798143,0.8453346622353131,0.8328941580666511,0.737566683240779,0.6163434892376325,0.793045801427463,0.7962640481300237,0.8869058569630626,0.815136176737257,0.7927646252953001,0.675052408071059,0.43487179041157137,0.8248745571893769,0.2058823226643643,0.21317365014163295,0.8241555235985228,0.6641493872090681,0.8775017249493178,0.5318985354965524,0.715270475383559,0.8416676867928663,0.86743128700794,0.8528534491421222,0.757556269487495,0.7825318232274897,0.8288608763213511,0.8188614130364934,0.6427221111273903,0.8377370717800802,0.027777773919753623,0.4707259925601523,0.0,0.007968127384221415,0.0,0.5394495313862472,0.0,0.0,0.0,0.0,0.0,0.0
p_58,0.9695000521787219,0.8077871325060904,0.6788344557445691,0.8958347011412798,0.3903252678037926,0.7319116393395707,0.7936677338569865,0.8063941295563972,0.7791762004814918,0.5562609451004149,0.4859712221475338,0.7672273446358455,0.5940212136113279,0.871483471548107,0.7971431214199581,0.7439862521649878,0.6966924676400686,0.1997940247189081,0.7504808526399014,0.10714283801020749,0.416615000516956,0.813708420301405,0.6711285541220112,0.8836736873506699,0.4653465313624715,0.7573151062212358,0.7851128924683906,0.8022550331263061,0.7633160613851647,0.5250785281942664,0.5351916366982724,0.8106126716611863,0.7950796734831431,0.5890516531299025,0.7304630653680878,0.04938270995275185,0.4329452331481447,0.0,0.005121638911340233,0.0,0.4517184868785845,0.0,0.0,0.0,0.0,0.0,0.0
p_59,0.9609352035833738,0.8053067153878201,0.6082146208458629,0.8675581605174727,0.45136186185004074,0.8293932328895337,0.827202879113805,0.8574211347560082,0.8670534802383282,0.7473100741796435,0.7478091510520712,0.7866004930248118,0.7800956089089622,0.895291684875887,0.8180183982044852,0.8032786861730717,0.7105500418821007,0.6319772882499783,0.8456517557634367,0.4680850565866961,0.4841688622416302,0.8048356813980645,0.6161223822906079,0.8406410640456862,0.48794599336599814,0.8369562301758405,0.8438637746741873,0.8741480605909824,0.8713692935101606,0.8020109093999241,0.7866666647936509,0.837045477222578,0.8387993306314637,0.6204620410852967,0.847500983030794,0.09999997500000624,0.5398633226659264,0.0,0.002652519858719896,0.0,0.5743380738424018,0.0,0.0,0.0,0.0,0.0,0.0
p_60,0.9720866137853015,0.821565240561992,0.6819972569054014,0.8411015964632717,0.4249165692445321,0.8143586934833154,0.8342028336269912,0.8737811480345878,0.7808096613947555,0.6416247298331913,0.6260448732379128,0.6217672380292714,0.6830254021852615,0.8978670088787695,0.8021690006306652,0.7072280342973277,0.617395673115155,0.6045418903324833,0.8103770638747452,0.0,0.27972027692587137,0.8316788663971226,0.6914226383748293,0.8299326823410047,0.19528619199854896,0.8097831370198912,0.8492088681819023,0.8700853020540812,0.7817501550802847,0.6054808681441909,0.661559613707406,0.7987177317372046,0.7423187203147917,0.6074766314587675,0.8125677133473397,0.0,0.2957252957552537,0.0,0.004081632611411912,0.0,0.39735098460593854,0.0,0.0,0.0,0.0,0.0,0.0
p_61,0.9669275933172673,0.7978511984148501,0.6718340979735581,0.9006362688875293,0.5227447916519291,0.6993315021248557,0.7363044905915963,0.8415378687412476,0.5995957774538561,0.48080723969540495,0.5096550577493728,0.8089039788551142,0.4728588642024171,0.8597609560196013,0.8304114807608216,0.8156462557290943,0.6148884691886899,0.227221594744414,0.8234514104721998,0.0,0.3147973594967136,0.8029577268167689,0.6457064196581106,0.8686378316797007,0.47761193654664624,0.6393434051337384,0.7026059279370949,0.8493952175249535,0.5425417597513512,0.5412960603658357,0.6162544158723421,0.8237483377724871,0.8204576020983644,0.29799426649480165,0.7951345648930807,0.0,0.4764826159629086,0.0,0.00487804876726816,0.0,0.57094016118051,0.0,0.0,0.0,0.0,0.0,0.0
p_62,0.9634601509358458,0.77270776711535,0.5941594516984896,0.9053594950414016,0.5126676563884676,0.7869006492229098,0.6834282997363326,0.8423175645750413,0.7829541341242878,0.7585895110681831,0.7380770192857,0.8011885445672918,0.8134219471333735,0.8579938936521717,0.8193878608384124,0.7508727364301087,0.7381723890532327,0.47210299753786844,0.8063097506631838,0.2352940484429269,0.4596273271533836,0.7821448178208984,0.6131375020182136,0.8928921299409784,0.6570644673726717,0.7286689975070524,0.7649439623325922,0.8454825793284676,0.8004895951925118,0.6673243443304567,0.7093951075691245,0.8290290281991701,0.8133369750933671,0.6181139064601876,0.8312252956213189,0.0,0.4325964437251996,0.0,0.005606166744175426,0.0,0.4365256027499866,0.0,0.0,0.0,0.0,0.0,0.0
p_63,0.9641379861702963,0.7812416483445747,0.5607436850223849,0.9130426599211451,0.5707070678247118,0.7561754543582822,0.7937057782433885,0.8298294322161646,0.8058761792746573,0.6602991068740743,0.7275458073669395,0.8228913393998666,0.7413170304492441,0.890610439990022,0.8221460968223812,0.7982062756406388,0.7143265635849969,0.5336855940067954,0.8347723696676096,0.5434782017958476,0.5135785475641851,0.796524835642288,0.592839092898283,0.8976620012746416,0.6140749113843649,0.7765785388729648,0.7981876505389606,0.8307363065400012,0.7570676774482099,0.7079903139128447,0.7363318051809,0.8173867405830096,0.7602470500835288,0.6876190410702948,0.8396207375029042,0.0,0.49699054027804374,0.0,0.006269592437181238,0.0,0.4660493755239294,0.0,0.0,0.0,0.0,0.0,0.0
p_64,0.9766337708787941,0.8321992304896098,0.7114930920780992,0.8611387081157285,0.507142852614796,0.8095768083836995,0.8332265552845994,0.8195101212371765,0.84799999894,0.793126748920623,0.7507987203313585,0.7963772617227443,0.7208387923438039,0.8931804681533484,0.8247334746004974,0.7857929493783233,0.7333873552131792,0.6819852878493999,0.8394734341893424,0.6216215376187111,0.37837837561447496,0.8328847184557531,0.7051538677290726,0.8388496407415866,0.4683257865574006,0.8164748298941963,0.8568108439453568,0.8710955178411637,0.833571149521895,0.7012295074782485,0.762009694222103,0.8355429603931354,0.8297703857752167,0.6856214404092491,0.8405713729838258,0.14035085257002586,0.4513457525787043,0.0,0.005741626739314577,0.0,0.4885177351040139,0.0,0.0,0.0,0.0,0.0,0.0
p_65,0.9717269017234,0.815360717304922,0.685431651860275,0.833129922981732,0.389782399339807,0.7932455317896696,0.8437979402350765,0.8151798911704387,0.797456856367644,0.6577275928443114,0.7102132419523833,0.7710934514903766,0.7615062744736705,0.8996700398004972,0.7707407090254671,0.786997042993869,0.7085541229804916,0.4754098317357939,0.8013996750009391,0.16326527280300554,0.26984126716427315,0.8027945307373644,0.6609689846174096,0.8308060147040798,0.20902612578353771,0.7793202487265827,0.8451212749774264,0.8313637973163444,0.831830367009712,0.6547768238168545,0.7192585878859435,0.7927334171586536,0.7839886291236651,0.5822393777433252,0.8095075815219734,0.0,0.33435582565678046,0.0,0.009950248657211457,0.0,0.4749455234216662,0.0,0.0,0.0,0.0,0.0,0.0
p_66,0.9617718223545333,0.803773359821588,0.590602177199646,0.8876593870410159,0.36341161479095657,0.7994124457502859,0.7985094973539728,0.8737564317474235,0.8061866947629528,0.6066736177198399,0.6530817593633162,0.7888888859670782,0.8137732092774956,0.8827057418840167,0.7942554483660059,0.8075235084403651,0.738916253730981,0.4783147400456662,0.8418891162199188,0.0,0.41587575137294436,0.7949397617282209,0.594744163441569,0.8963975516193068,0.5672514564595375,0.6352133452578264,0.7982562222883276,0.8637890279488811,0.8151622707718531,0.689825079219235,0.670849671448759,0.8153584335084467,0.7937829564424563,0.6559031215347818,0.821692852689617,0.3157894182825582,0.4251781447435977,0.0,0.003972194598091414,0.0,0.38297871435038505,0.0,0.0,0.0,0.0,0.0,0.0
p_67,0.9751697158732285,0.8300689821244379,0.7143998991398953,0.8651669689976401,0.3855721345078093,0.798246308850792,0.8549279135283304,0.8631644513791713,0.8367202498870486,0.7679593127164115,0.7376543193614323,0.7983539071183012,0.7580290348481544,0.9063826039428853,0.8179155241255641,0.8173998505347755,0.6819201405028257,0.6934984466447489,0.8423602692140852,0.5473683634349091,0.37773359465473566,0.8330803776886754,0.7229289916351789,0.8836912991974466,0.459613191585743,0.8064516126964326,0.8553874028237618,0.8648417446188827,0.8558689533237677,0.7193617211992192,0.7165354315036409,0.8357827468409104,0.8319231629729633,0.6578124948608399,0.8599201520049295,0.12698410682791955,0.3524720865034124,0.0,0.0,0.0,0.6254295425183928,0.0,0.0,0.0,0.0,0.0,0.0
p_68,0.966802700151771,0.8200228781638024,0.6300181564296836,0.8527353371844577,0.4398976925844285,0.782593277240408,0.8372132864507679,0.8852836388680276,0.852901177637238,0.7821491477959003,0.7227792009261386,0.7591666635034722,0.7346938756287444,0.8822921526631288,0.8346888970773801,0.8337999469742938,0.7111660456894683,0.6500402200318567,0.8575129525744699,0.2499999553571508,0.41620333267511256,0.808280177744063,0.6180911797756985,0.8790641139170982,0.5602678508898677,0.7026875698374778,0.802393351447452,0.8690176317443224,0.8652697851858976,0.8001164362506148,0.7525311967211415,0.8369618748527614,0.8165243461423394,0.7002323725775959,0.8538649606414661,0.07843135717032212,0.5458715565030301,0.0,0.004012036068083891,0.0,0.4676409088175176,0.0,0.0,0.0,0.0,0.0,0.0
p_69,0.9668312268631449,0.8222752441291575,0.6315096167384648,0.8185817948582471,0.5441329123142999,0.7977844255804672,0.8155726902954127,0.8917510679165441,0.8421334034993538,0.7638888880468597,0.7163958623426985,0.8126782858552193,0.7529999981175,0.9060891305879377,0.8382500268971947,0.8126148168627837,0.7443159124678264,0.5986525447675405,0.849204105821603,0.36363629752067317,0.39644444092049386,0.8221300355733557,0.622816218305957,0.8588775840395594,0.5750487273387064,0.8197705705084914,0.8070670205148843,0.8806197761967792,0.8544946662588946,0.7707012770191154,0.7263875347458921,0.8491962765977197,0.8045133968843063,0.6763636302148761,0.851601527229306,0.0,0.4764581835807577,0.0,0.002928257665239695,0.0,0.4988662018397687,0.0,0.0,0.0,0.0,0.0,0.0
p_70,0.9758228044340185,0.8281445171476004,0.7046725443789464,0.8858766707885164,0.34601226569310106,0.8110939121708416,0.8255652135297478,0.8264143461674357,0.8200183647199097,0.6924930815919905,0.6384537118241024,0.6621026862488866,0.5656180471381695,0.872485378097486,0.7882629579917565,0.7330764977075495,0.5780924590666703,0.48403860071240834,0.8026554006356967,0.23529407151096635,0.49836494114869234,0.8326210749741977,0.709110940366335,0.7711581592148596,0.14360770326431344,0.8241241136701686,0.8097772248093796,0.8531253203052831,0.7698204108959479,0.7042430773964015,0.7128478375511194,0.7804391209776057,0.7336047020949691,0.5328990193296481,0.7806563032982243,0.0,0.36228287541536086,0.0,0.0011574074007094479,0.0,0.39312038346141565,0.0,0.0,0.0,0.0,0.0,0.0
p_71,0.9722972748390959,0.8130506518417333,0.6901434105139365,0.8419869936869746,0.05405405319468914,0.6592885737749554,0.7624103871868072,0.7559676986618299,0.8148302863552687,0.5652262947314906,0.444539797372796,0.6622896977337311,0.6213017736161198,0.8443146429662177,0.7256354716452349,0.7475538136087612,0.4749777895321948,0.5432098720723467,0.7475088961321096,0.0,0.36242883906614004,0.8194399991541568,0.6925586512156675,0.7642090842477693,0.3004484271250176,0.6741091969921554,0.7503649214609542,0.8235067618888643,0.8048529234235402,0.6133858261679274,0.6419008096513279,0.7738646888101347,0.7772020705253831,0.5726435111789971,0.7504350846237078,0.0,0.27264883285031205,0.0,0.0028142588986197984,0.0,0.4363001669057563,0.0,0.0,0.0,0.0,0.0,0.0
p_72,0.9640661543353173,0.7845800014379122,0.6206270842545515,0.9031755369308162,0.4601063799195055,0.7541168454147109,0.7581785824832341,0.8529533981282557,0.6810426532215135,0.7218121137407097,0.6814688286048916,0.7991369148702689,0.6710430326500292,0.8568715100691209,0.7944333265468134,0.7611475950185012,0.6707460563173782,0.3814432950366671,0.8091589443966867,0.38095232048375866,0.3911945132039173,0.7674442768431802,0.5845020882977654,0.8820140442024449,0.5490716143960769,0.7632343336643547,0.7792590275369601,0.8503202531867917,0.7000483784469662,0.6679520999919301,0.7280794406759361,0.8140924259233067,0.8087209278816252,0.567062813522387,0.7500468772266577,0.0,0.46079269899973563,0.0,0.002390438242250123,0.0,0.5033333249444446,0.0,0.0,0.0,0.0,0.0,0.0
p_73,0.9620797476882503,0.8114982780572058,0.6197848058859498,0.7796491222598954,0.4504950457879947,0.8108853446390495,0.8311496048517902,0.8454658897434142,0.8564833661147545,0.7884386166185552,0.7398818623060996,0.7972646790134164,0.7247058808027682,0.9025227956653027,0.8038913496398657,0.8204283341482036,0.7046115467195199,0.5994787089532693,0.8463336500334745,0.5365853004164267,0.22331047773447132,0.7976395916475904,0.60728466206377,0.7690032042328843,0.566901403460375,0.8235966677128554,0.8519890418867933,0.8770099026317698,0.8218171914828385,0.7884428923904956,0.7637671369661337,0.8331105757523741,0.8223796706025417,0.7039711127800441,0.8349990906460121,0.3214285140306225,0.35090751641393675,0.0,0.004454342934806872,0.0,0.6067415616715064,0.0,0.0,0.0,0.0,0.0,0.0
p_74,0.9665682528967606,0.7854038753843499,0.5719264189675611,0.9131447706830575,0.6043329509527443,0.841941084476048,0.8475359448228001,0.8749919902127302,0.838119548140694,0.8447204961228348,0.8123526619227897,0.8623853195185591,0.8346741079713116,0.8895954586316024,0.7916038492501405,0.8006700140681071,0.6904577164838722,0.6114398361790944,0.8482161261618725,0.18181814049587713,0.3910422033116184,0.7800481916519957,0.5930377458395839,0.9128436230891673,0.6401248999214484,0.8495183387633822,0.8666104010351118,0.8407878824996176,0.8065701309632914,0.8175912035806185,0.7918871234746757,0.7710430000331164,0.7981735135519832,0.630029434445246,0.8280216467949272,0.5128203813281073,0.4475043013855273,0.0,0.003794266433823216,0.0,0.6132812380218509,0.0,0.0,0.0,0.0,0.0,0.0
p_75,0.9718620392325711,0.8309307992697157,0.6668347076215262,0.8369470436336993,0.402777773115998,0.8164187731075789,0.8262323359962606,0.884314233401963,0.8619979391580871,0.7576528010193707,0.7453714817375054,0.7939664011177017,0.7324777869386037,0.9090636852151022,0.8146842870145039,0.8246527753916296,0.7555412760824244,0.6337610993705716,0.8461393589019404,0.1052631301939131,0.2970498443840301,0.8187779307703249,0.6581880426514312,0.8502979589175357,0.5918032738376781,0.8216005736188132,0.8433445337433871,0.8845901634510437,0.8447884681105186,0.6899792364878382,0.7341389709613823,0.8331662862567961,0.7933618822447487,0.7042253455002315,0.8502397631406863,0.0,0.38006756435753747,0.0,0.014880952159509641,0.0,0.671009761058473,0.0,0.0,0.0,0.0,0.0,0.0
p_76,0.9665372768855258,0.8026175933096814,0.6332126415812538,0.8334010324183827,0.243902435058497,0.7589492522744394,0.8263048183525545,0.8225633697354734,0.8040981049299937,0.6234641724220245,0.6245756944454046,0.8180404333384125,0.7756300445910691,0.9063439999819275,0.8329930575408401,0.7794688129529429,0.7304720998692183,0.5775535866638892,0.8437471978092809,0.27586202140309973,0.41025640686305703,0.7977256411231443,0.6242833571572723,0.8840690511914736,0.4688427253329107,0.7514169180699674,0.8357204144389334,0.861974762025514,0.7803287586193062,0.6817472691311041,0.7127532760125072,0.8226476240021801,0.7956664127093312,0.6136783677109209,0.8512913449467229,0.24999993750001562,0.4431818156637397,0.0,0.0,0.0,0.3014256557754449,0.0,0.0,0.0,0.0,0.0,0.0
p_77,0.9717952638106231,0.8148017317913357,0.6830831326399531,0.803556788293147,0.3652173867674859,0.7822691550141775,0.7332815432942784,0.8328347958452239,0.7739708504551639,0.5836111947220257,0.6299868464927952,0.7434869702230111,0.7538925144302046,0.8710907702532606,0.8138777067147042,0.7776659940199547,0.6872330294863168,0.6111111062610229,0.8306974325203549,0.0,0.14223512130282842,0.8140850923649516,0.6807744179079207,0.799775264555253,0.3965303544420031,0.7306063587038234,0.7096550323944995,0.8730660094903014,0.7654872740341561,0.6674309728982221,0.733670457788305,0.8044515095815473,0.7888862484234476,0.613782046363926,0.8459373573799933,0.0,0.2127255440386938,0.0,0.00894854576120195,0.0,0.0,0.0,0.0,0.0,0.0,0.0,0.0
p_78,0.9711725556938985,0.8165871801671228,0.6705099350520187,0.847252141251815,0.3357879184714592,0.7864528510543304,0.7673078827998848,0.8355525586630976,0.7914196997016375,0.6933225079223437,0.7841611334763994,0.7876218703364906,0.6610748659177543,0.8727509364066428,0.8018907554601988,0.7810371902015788,0.7081881502256613,0.5722656194114686,0.8131326941968694,0.3999999272727405,0.34245365981947345,0.817730917806621,0.6786897054217815,0.8576553757214016,0.22634507928858852,0.7550782160077104,0.7731998560033239,0.8650050080342908,0.7750204516293695,0.6729009545772741,0.7405270230034102,0.8157020625911404,0.784785746786746,0.5960365808228919,0.8152123616033938,0.14999996250000935,0.3934649394590542,0.0,0.002844950172902558,0.0,0.421621610226443,0.0,0.0,0.0,0.0,0.0,0.0
p_79,0.971212655299225,0.8235210243264224,0.6751817140621688,0.869553498845767,0.4101040057934026,0.78720500404117,0.800652699185331,0.8595248469597184,0.8509099383447154,0.7374816259309342,0.7104994885053529,0.7708719815822264,0.7242776107905006,0.8858361469902548,0.8213062207743329,0.7775034272222128,0.7454987798272564,0.6832092582033974,0.8534329744479842,0.4383561043347802,0.34035909180047547,0.8214058125727778,0.6771643848267507,0.8619679287933686,0.5547738637711169,0.8286740763363999,0.8207222355167488,0.8800140947436342,0.8469375795210943,0.7584230799738928,0.7186274492190503,0.8238890699597237,0.8169238935153701,0.6980079625656737,0.8559511098496934,0.2352940484429269,0.4782334354685588,0.0,0.004419889453923874,0.0,0.6494845249229463,0.0,0.0,0.0,0.0,0.0,0.0
p_80,0.9675962761568737,0.7965558719206749,0.641253428647834,0.9041204659546491,0.5664451780195583,0.8232173765081194,0.8192001032428936,0.8724193917464513,0.8468190962601362,0.8263484125947373,0.743116659826521,0.8175125888511716,0.7911623423800916,0.8747204929645412,0.815910363231473,0.7877374182347969,0.709427461431651,0.5857002880930432,0.8319565208348298,0.5918366743023802,0.4483775784756485,0.7781664285442811,0.628501296062801,0.881629014815526,0.36481241442674756,0.826997403857226,0.8504160746309627,0.8478507494971318,0.8384326346339961,0.8484636864102097,0.7557127291737956,0.8345399214830135,0.8041115982258102,0.6636363576033059,0.8451557084286812,0.1777777382716137,0.4673969720010591,0.0,0.0009280742416330661,0.0,0.5871559498358727,0.0,0.0,0.0,0.0,0.0,0.0
p_81,0.9583053392569932,0.7798205123327536,0.5751208844214712,0.897390373593066,0.5943708560068638,0.7313045140591954,0.7172493420465554,0.8845284808630465,0.8223392449801286,0.6951447237451626,0.7187575813667616,0.8298407353175726,0.7814303619035624,0.899255904092647,0.8417630740589319,0.7904432907586548,0.7123505947715115,0.6055865854124404,0.8324521414471722,0.0,0.42954856067340247,0.7556048546134503,0.5522423875671765,0.8980550839582155,0.5728155284192668,0.7997479726058108,0.8311866174690068,0.8708960431378066,0.7234242700806394,0.6788337406200381,0.6806779645634397,0.8282530612135067,0.7790318515700229,0.6276021539891893,0.8173153996461072,0.0,0.3655913961402926,0.0,0.010948905009590284,0.0,0.41007193507064865,0.0,0.0,0.0,0.0,0.0,0.0
p_82,0.971251728634098,0.7682721041768583,0.6180753690275782,0.911348615168263,0.68393234310818,0.8023376187001711,0.8151613954340429,0.8732743557371532,0.7637362628240131,0.7323595960374825,0.710122697571261,0.8323012117109209,0.813528054091425,0.8690230075243376,0.8143315721090074,0.7625747423054001,0.7365506299978218,0.6249999941697761,0.8380489491077513,0.30769226035503683,0.5088566800383431,0.7810096535262657,0.6174366508398447,0.9147435895603477,0.7070393338144962,0.7346915382289774,0.7947914345990335,0.88677839795979,0.7499999991747359,0.7656314691867169,0.7209302307745417,0.8325836095906674,0.7697003308276905,0.6621621547053812,0.8340587587649086,0.04999998750000312,0.5014634121879833,0.0,0.0036660556512813605,0.0,0.6362339424217698,0.0,0.0,0.0,0.0,0.0,0.0
p_83,0.9680808062257398,0.8001013268341481,0.6435075438161856,0.8791909283238766,0.3095238058390023,0.7594852869809146,0.745063346673486,0.8452537308386545,0.8095292106528313,0.6558566723485013,0.6439746286596731,0.8249904455005914,0.7566299823982862,0.8601394876820991,0.780395642609029,0.7892746621200596,0.733723731540738,0.49253730730674994,0.7805244846503201,0.14545451900826925,0.3262955822812324,0.8037448654330341,0.6394093572503687,0.8678112527481747,0.23097825773127367,0.7320210785461817,0.7685252438390284,0.8433953694031545,0.7921560168169852,0.5661880046262966,0.639287880559806,0.7908303608855524,0.8093776142635288,0.529006877787543,0.7703286754745917,0.0,0.3375796156842063,0.0,0.004629629611768404,0.0,0.40075613609156646,0.0,0.0,0.0,0.0,0.0,0.0
p_84,0.9642576486008702,0.7953747822395454,0.624662065105996,0.815319738423361,0.41309254612762364,0.7926157569267395,0.8261566232733535,0.7951139900128016,0.7284515627657621,0.667208286110279,0.6639886562760193,0.7824351266170254,0.6134429098519433,0.8776199229688083,0.8152889870903711,0.783628777936317,0.7236947762100611,0.5269121763275526,0.8010122304504326,0.3249999593750051,0.1967213095783866,0.7935204479486611,0.6235261256943134,0.8334269973960734,0.5936507889392795,0.7075991547693248,0.8223737629919018,0.8190476186118395,0.7834049278957665,0.7033622048026803,0.6712564527384891,0.8226532725816996,0.7450036100529651,0.6325301157188997,0.8131406037554616,0.2089551926932548,0.37906136956040093,0.0,0.0,0.0,0.17902812841360286,0.0,0.0,0.0,0.0,0.0,0.0
p_85,0.9693091848239519,0.8041010317341848,0.6664823114762951,0.8600300562626236,0.28309572013140816,0.6786086131853741,0.7518388329160708,0.869747145155271,0.8104702934609859,0.6169813397184705,0.620792818584905,0.7441592133136451,0.5529210448474186,0.853889297895513,0.7533591840983325,0.7007125869931337,0.6034712930458234,0.379888263911863,0.7845942221140815,0.0,0.43880208047654895,0.7888970123497019,0.6529134603568169,0.8487326718726487,0.48780487483319135,0.7828747502858096,0.779622031931538,0.8522137021690491,0.7958435199716346,0.5259705907902564,0.6247640607309097,0.809500489055256,0.7604141566086825,0.6622264446981309,0.7566413250562558,0.0,0.4333333314327485,0.0,0.004013042377694902,0.0,0.5691905930915067,0.0,0.0,0.0,0.0,0.0,0.0
p_86,0.9780257270019671,0.8258464519428903,0.7137877591667762,0.8727926484727156,0.3610315151763943,0.8091300927623057,0.8488478298170579,0.8798224645044825,0.8673694522341635,0.7939914154976585,0.7323060832271975,0.7736298618998019,0.6345609047179578,0.8875306046488859,0.7709644662223711,0.8054173554300238,0.7439157255942036,0.6288659739788147,0.8339009430437861,0.6521738775992457,0.3770334892149905,0.8210671152539484,0.7125505832192542,0.8829227362966506,0.5409014979891361,0.8342564499890738,0.8589316563569255,0.8913383994364806,0.842350745286438,0.7705905978599934,0.7412768137987159,0.8163306040962961,0.7756174440997965,0.646010839302782,0.8526563226585272,0.4062499365234474,0.44014962319108714,0.0,0.0011554014953471896,0.0,0.6440677844808327,0.0,0.0,0.0,0.0,0.0,0.0
p_87,0.9710611613679573,0.8257848609024512,0.6748089487411083,0.805704099269365,0.49811320284798866,0.81657477382579,0.8524316020214783,0.8745373985537986,0.8287662729959501,0.7352347514390217,0.7148575448202084,0.6977964286579411,0.7583976094590753,0.9099556243587535,0.8230399400674557,0.8260144501778364,0.7141463379797739,0.6297151606642405,0.8523822888211343,0.3214285140306225,0.37515224878011877,0.8310154872013367,0.6815711632286569,0.826220636559943,0.4980842864168172,0.8217722817997622,0.8527723395923436,0.8961135591001582,0.8283828372323143,0.753090843260087,0.7445830581208513,0.8316905329815041,0.8276762380478426,0.6510573968953369,0.8284105494137998,0.3555554765432274,0.49061848164962835,0.0,0.0020725388386265407,0.0,0.49999998931623957,0.0,0.0,0.0,0.0,0.0,0.0
p_88,0.968016339916459,0.7894014673829858,0.6135812115671235,0.8277896112142719,0.5200411046244491,0.7935157689876372,0.832509587238685,0.8320623068678337,0.7924528291784131,0.6656807462189844,0.7455675782971044,0.796645698965846,0.8060909776289689,0.8915589514940443,0.8226993856618616,0.8187992371127432,0.7269027239442298,0.5613026766158747,0.8150278932923397,0.21428567602041498,0.340694003622287,0.8017586205077453,0.6290103530832569,0.7985554820758007,0.49115913073517553,0.8127548563146785,0.8481268849642755,0.8471329853029864,0.7570733855470011,0.7628605154639395,0.7069402796704167,0.8281618216534153,0.7567433784787345,0.6249175964079262,0.8251760712978728,0.0930232341806432,0.41281138496219655,0.0,0.0,0.0,0.4596050186785455,0.0,0.0,0.0,0.0,0.0,0.0
p_89,0.9688395413401474,0.8051473833235753,0.6614938186769255,0.8041858608859774,0.2351485119412313,0.7411961988212231,0.777895712809098,0.8310650243945426,0.7827212796813544,0.6260514291924401,0.6236711537357167,0.6178451152447596,0.6841294283862439,0.8594678473828644,0.7639971643576013,0.791287383643409,0.5891472848360387,0.6538830234527035,0.7815028894784323,0.0,0.23097112557780675,0.8001487159729452,0.6498749758922193,0.7833056276518015,0.18918918663257855,0.7929931019524988,0.8033674629739401,0.866151717277985,0.796226414092797,0.5951376822188816,0.6267456609675293,0.7956177492214899,0.8020691510970075,0.6293958464436804,0.7594959652257312,0.0,0.36348266810242885,0.0,0.001133144469500598,0.0,0.3766233684713557,0.0,0.0,0.0,0.0,0.0,0.0
p_90,0.9678246294847822,0.8049917342538928,0.6590667238675328,0.6241552585131215,0.18684210280470917,0.75642543102037,0.8312664863877464,0.8495742663697783,0.68695519087482,0.608564664720718,0.6189308469373936,0.5966804954494584,0.7036900356020479,0.8636848063572096,0.7680224396745934,0.8039867087375783,0.5553685609041785,0.5972350175370045,0.8094325466132551,0.0,0.2504173580898605,0.8008666394813667,0.668509711436627,0.6289904313431186,0.29916317678699605,0.7925451805571149,0.8373618364631673,0.8502693759800132,0.703974046088167,0.5953469868807447,0.6675219143307207,0.7860696510429375,0.7841294680654411,0.6610878614986899,0.7681146897244022,0.0,0.268442620200383,0.0,0.0,0.0,0.4337899444340196,0.0,0.0,0.0,0.0,0.0,0.0
p_91,0.9653403303383999,0.801685597111856,0.6744513810324683,0.8170326010754526,0.3559321996193623,0.8240791143113593,0.848828640204062,0.8256516408999824,0.6858939600066205,0.6325053457538202,0.6777951648795076,0.7907413175141028,0.803789834963325,0.9167988588888858,0.7953438825354961,0.7983444451636137,0.7079645991594226,0.5259842478268957,0.7868379269830871,0.15686271434064425,0.2911725936022886,0.8050595794750429,0.6646091331188975,0.8412492916735782,0.38011049303745315,0.7713179150666553,0.8461690299940676,0.8481834503623045,0.7333067562952893,0.6343619819481748,0.7195496405330098,0.809968846751247,0.7955469903756219,0.5930149636991093,0.8065855607149519,0.1860464683612864,0.3559322016154925,0.0,0.0,0.0,0.06844106333762237,0.0,0.0,0.0,0.0,0.0,0.0
p_92,0.9747253880735273,0.817357694649122,0.6824368652658467,0.9057032490328705,0.507438012335223,0.8147589183693479,0.8218405165637395,0.8766426905647923,0.846225534894891,0.7788944715790006,0.7542857124897959,0.8289102178743358,0.725290695917416,0.898968508624399,0.8405499683556844,0.7926867034623901,0.7157341317471493,0.5517993396750345,0.8330213395422863,0.5185184545038944,0.4348850887749848,0.8246484871763949,0.6937960925392999,0.8758832684434974,0.6662883049586362,0.849355516197446,0.8637027816279019,0.8660978379601264,0.8574781300858991,0.8292453708963017,0.7594092406874483,0.8292077004443194,0.8183505679704307,0.6617915844443183,0.8335191370926058,0.10389609040310514,0.5244527222894609,0.0,0.0024916943418119004,0.0,0.649921496861515,0.0,0.0,0.0,0.0,0.0,0.0
p_93,0.9644184574192954,0.8112362748512933,0.6109166582278002,0.8744359497018699,0.3903559082622743,0.8266908552563379,0.8193879355490162,0.8452708160359629,0.8439419994544827,0.7983255806527204,0.7360202558851652,0.7702440884531417,0.8046364577352235,0.8910642019594107,0.8323661438384253,0.8443045196213379,0.7331034457479191,0.5993883730949198,0.8345570698631095,0.1599999786666695,0.5080459740916898,0.8117519673792228,0.6167417838289945,0.8281378399013106,0.5502890109793178,0.8288237449344513,0.8086325635614016,0.8750206367976332,0.8032657350496896,0.7667481655092928,0.7339449526321205,0.8409236681196027,0.8383698341048799,0.6133828939276683,0.8407841692554194,0.4210525207756524,0.5307599485478893,0.0,0.0037950663776559167,0.0,0.5206611462673317,0.0,0.0,0.0,0.0,0.0,0.0
p_94,0.9666302337905069,0.7965699851407515,0.6292453096756502,0.9034112797773002,0.3204272320370196,0.7293073697980509,0.7222445349186526,0.8417547749040512,0.7975871302981407,0.7068079296057821,0.7464717723123191,0.7994607320543958,0.6954732494387901,0.8767976334721237,0.8092904316968992,0.8177161771084176,0.7298150621117949,0.6065727642575327,0.8458009167705955,0.38596484456757113,0.41321388346464794,0.7966844068089229,0.6299783227685216,0.8862287699044306,0.5796344597072719,0.7877360851691457,0.73784895529422,0.8684813019152371,0.7775504975996542,0.6618753501831832,0.7216035616886821,0.8364071370387727,0.7818508054810284,0.6571935998473037,0.8453015994611186,0.2820512458908659,0.45649948589304257,0.0,0.0028632784333337265,0.0,0.37333332503703726,0.0,0.0,0.0,0.0,0.0,0.0
p_95,0.9665524208709352,0.7905723197239757,0.6313933268925639,0.709275495532014,0.3939393899602082,0.8107509684449379,0.8477028733776335,0.8136702230653965,0.7666341180546323,0.6479169090349902,0.7272727257243502,0.7703826923029006,0.7972940304486735,0.8898298646343176,0.7704224076642148,0.7433206089138344,0.6799653049437757,0.5830115773840582,0.8167259779210623,0.2153845822485258,0.2195121921475313,0.7912744088209905,0.6429620446353537,0.7284644187177857,0.4887217999180282,0.7871476275498216,0.8118749163637732,0.8392659734472331,0.7272488499970469,0.6727918138726333,0.7317904976083057,0.8357012742844251,0.8006789505318164,0.678213302842176,0.8469434091680049,0.4615383727810821,0.26748970918220466,0.0,0.0,0.0,0.331858399737646,0.0,0.0,0.0,0.0,0.0,0.0
p_96,0.9696447438868747,0.8054020029175022,0.6851995568152958,0.8307458469054686,0.5280898826957876,0.7592749992512748,0.7860044028460924,0.8092151187747008,0.8024473458025093,0.5881284064323355,0.5835284922257445,0.7750657124481197,0.7728719157261895,0.8557389868820683,0.8009662662402155,0.781054511213015,0.7151403556597313,0.49455983684906196,0.837220721141484,0.07547168387326719,0.2962226610713453,0.7996602633579324,0.6733951531612808,0.8153187195670706,0.2970903476708982,0.7071538104064566,0.8126757131693447,0.8207492791088555,0.7847486992666104,0.5821167877310252,0.6297985544853696,0.8254548612993342,0.7534577370944946,0.6287128660997289,0.8333193093535387,0.0,0.3000852489336296,0.0,0.004324324277574873,0.0,0.21354166110568593,0.0,0.0,0.0,0.0,0.0,0.0
p_97,0.9744687157286394,0.8295932534368431,0.6998571046886903,0.8660069040892949,0.40808469289620125,0.7621374741351592,0.8216369194074387,0.7879166863303109,0.8416436972667957,0.6231134558067404,0.41548217709275714,0.8326826524465067,0.8254709104426223,0.892845902686249,0.8203463195392107,0.8256168538241839,0.7035988649268141,0.5247275731372375,0.8454369903069121,0.14035085257002586,0.2688638311460205,0.8297189325674597,0.6951927941237884,0.8355084949301228,0.6457925593881764,0.8269047215690009,0.866332576257917,0.8728406144683604,0.8428858712382028,0.6879926666471194,0.7151515136035682,0.8082191773724805,0.8228843842124329,0.6561885986621945,0.84966290092841,0.2592592112482942,0.409586053670399,0.0,0.014184396961923447,0.0,0.5543859551862114,0.0,0.0,0.0,0.0,0.0,0.0
p_98,0.9735280323100041,0.8118183348482695,0.6888312089004135,0.8216472214267949,0.423927172640739,0.8265092150903571,0.8688764616917978,0.8663636881629387,0.8581700956382716,0.7511008991469453,0.7234367038041771,0.8259518227429998,0.7122557710651515,0.8931086741743588,0.8152978879017377,0.773349556515517,0.7086272343536233,0.6772841519087666,0.8531468523513782,0.4062499365234474,0.3996494268216527,0.8092607191567974,0.6768010367837075,0.8003087280379535,0.4658536528554433,0.8445070258212859,0.8846284924134123,0.8874521067484124,0.8250319274265238,0.7297662731989896,0.7407769344227292,0.8276457874431471,0.8112820492018409,0.6493755941462479,0.8521393403520074,0.23529407151096635,0.4295081932007525,0.0,0.009569377898857628,0.0,0.5239999895200003,0.0,0.0,0.0,0.0,0.0,0.0
p_99,0.9739878653399671,0.8372778832600184,0.6836495218301717,0.6311755560526405,0.4204993374441611,0.8198960796184968,0.8502499149294368,0.853675482489381,0.8156400634004928,0.785507711451231,0.7198329838834385,0.6527536194043269,0.7373025498485966,0.8900855941236717,0.8276759966263592,0.8296690001699227,0.694214873301004,0.668839630581228,0.8586536840199315,0.4473683621883734,0.17696159971683473,0.8313427974777594,0.6852546916784498,0.7070962710920897,0.4378320888646962,0.8479535168531588,0.8720883634178175,0.8783439167566659,0.8261800378976654,0.7788789338152073,0.7424031762812251,0.8239089516767552,0.8260670013169642,0.6455525562968156,0.8526235216832864,0.15384613017751841,0.2968749971008301,0.0,0.0,0.0,0.5724381524304214,0.0,0.0,0.0,0.0,0.0,0.0
p_100,0.9758568004356176,0.8323584421313115,0.7031794343001396,0.7792699299357405,0.5509586220892168,0.81117107717954,0.846724285444547,0.8537455405150145,0.8038207188775596,0.7268383872799767,0.7452609692410777,0.7975077846127824,0.7700406777457749,0.8851257267415173,0.8162488800176266,0.8007153786389489,0.7496236791288325,0.5584988900827937,0.8298501367826995,0.3076922485207214,0.49384615004733734,0.823661441762284,0.680342580893601,0.8299948634195088,0.5803016807426647,0.8321182662238024,0.8741512804590418,0.8889167654212402,0.8216066470614867,0.7676643003520885,0.7553061703944715,0.8173066023136181,0.8368550347988819,0.6295264565503579,0.8454417379297225,0.0,0.5225110937063342,0.0,0.0016326530478967098,0.0,0.3946666561422225,0.0,0.0,0.0,0.0,0.0,0.0
p_101,0.970065872476663,0.8052577587942863,0.6294371943462386,0.8939326769826128,0.4701754344721453,0.7579230955772904,0.816215240109774,0.876872487591723,0.8605318028408084,0.7229563785253698,0.7425181969735287,0.8205891079423114,0.7261033472474976,0.8999729105885187,0.8115171128451467,0.7837150098738094,0.7447896156319715,0.4424173267683315,0.8340840833013475,0.0,0.4654358073618041,0.8127632177453579,0.6454162725884189,0.9057190328279683,0.4944029804626588,0.8080368974160957,0.8631766622075451,0.8655870938577753,0.8526645758125339,0.7619577299644519,0.7758162012676755,0.8367923600927679,0.8205128182008655,0.7124681873412367,0.8443488820750221,0.3043477599244,0.5598791063094858,0.0,0.004758128431735699,0.0,0.6460032521043515,0.0,0.0,0.0,0.0,0.0,0.0
p_102,0.9611575259805574,0.7743572060051971,0.5745916999378922,0.9050401379674219,0.6243854443245553,0.8100441498868531,0.834123591084718,0.8266815167213158,0.7977464777496529,0.7777903162421959,0.703584557206837,0.8650499262052783,0.7353244059337682,0.8925403821477041,0.8135775853301966,0.7571580043553605,0.7222222190378208,0.5710784243740389,0.8304125585702696,0.5573769578070561,0.380657158210433,0.7658479400162522,0.5804595591119489,0.8969201181597265,0.4752650134693904,0.7987114148560345,0.856094951084385,0.8398531454362241,0.7905414848320393,0.6856574192242102,0.6992405045588848,0.8276632468491284,0.8073529391976644,0.5843828666298668,0.8288187649364063,0.5274724695085198,0.42644944692645204,0.0,0.010626992448172237,0.0,0.5646551602445009,0.0,0.0,0.0,0.0,0.0,0.0
p_103,0.9697346836912302,0.8292776498005623,0.6508826712097493,0.8161369188165423,0.2875481349480342,0.782290033930513,0.8071117121498481,0.872753414326852,0.8363021702817551,0.5955249562874069,0.3494423784180136,0.7425275262583769,0.7078763691229403,0.876931903597208,0.7887758801409591,0.7439729972421095,0.6904761869022972,0.6722689019137067,0.8494485286310216,0.0,0.19722221948302474,0.8290309173136872,0.6566072217497932,0.8546877753783252,0.4821002329104984,0.6875238456854829,0.7940091926047153,0.8718429529025239,0.8560292316004516,0.7589676690962753,0.7189601059637829,0.8363059101351145,0.8245957843591479,0.6611842050889457,0.8443313091400712,0.22950815909702307,0.36080177905863564,0.0,0.003174603124212649,0.0,0.5531914775916708,0.0,0.0,0.0,0.0,0.0,0.0
p_104,0.9751061306140045,0.8312207760148514,0.6966248323081354,0.8139703454273671,0.3101265773714149,0.8219104443310459,0.844463283675832,0.8864512299207179,0.8548769174427059,0.7350361438698447,0.766404197798766,0.6932391488736672,0.7656765657129307,0.8911068784537567,0.829572924224846,0.8397707429858691,0.6893123418006945,0.6165670314554481,0.855731592865115,0.0540540394448542,0.29050279005024815,0.8321951831704991,0.6834984372413369,0.7688050308018407,0.3713450238107453,0.83592438090138,0.8530555535566284,0.9002116561353509,0.8250989250140205,0.780247372100579,0.752808987137405,0.8179282477465344,0.7951100225058434,0.6694915206956814,0.8540674406038603,0.058823512110731724,0.31578947095953863,0.0,0.005891016113534373,0.0,0.3785166143601889,0.0,0.0,0.0,0.0,0.0,0.0
p_105,0.970872065707879,0.8273032518242106,0.6617389485511835,0.7708033394969743,0.5156537705740906,0.823943238282742,0.8088682146772663,0.8493122662732974,0.8415474286677962,0.8019902323763105,0.7476547824867383,0.724248923153171,0.7752663009216256,0.9086643139671401,0.8148682034443285,0.8346456671006675,0.7276011534407473,0.6235807805800805,0.8513091042875058,0.4788731719896941,0.3448275821066875,0.8273411408612112,0.6802072544875113,0.7866607768060507,0.6393822344449248,0.8315209380745819,0.852207142379091,0.9007943209392179,0.8221646293691662,0.7660946233373522,0.7284454940261331,0.8437774087868849,0.8140780392397907,0.6163828011647786,0.8490255009705949,0.33333326388890333,0.39765100337541104,0.0,0.0,0.0,0.6290322453824144,0.0,0.0,0.0,0.0,0.0,0.0
p_106,0.9659249279843715,0.7648621116732004,0.6087684169543681,0.8828295531159757,0.3396704646429599,0.7936921171111578,0.8289695867071825,0.8254534334494328,0.8246926089178697,0.683541294493712,0.7103572328184086,0.826400994205726,0.7355482989522791,0.8789767955415271,0.7960095596009461,0.7828638474681224,0.7500774210279423,0.5851648271268568,0.8275092291341039,0.3461537795858116,0.31594415638542134,0.7683981921977798,0.6109085521595481,0.8765391011734003,0.40272108295617576,0.7465489673370078,0.8331182821738199,0.7980336780681762,0.7810951584536969,0.6201038218262107,0.6606060590661864,0.8246004013712286,0.7312854138643441,0.6116152394590268,0.8274344389992349,0.0,0.4071082369030251,0.0,0.01433691739143468,0.0,0.44201311943078514,0.0,0.0,0.0,0.0,0.0,0.0
p_107,0.9723133489938256,0.8202087515698228,0.6849730938474391,0.8883376396594874,0.32114882087273083,0.812193513001579,0.8498523222738538,0.8688623076799048,0.851203757074335,0.7672634263831928,0.7425093615577965,0.7796208500014974,0.7486765799125874,0.9073145263350335,0.8184419005078765,0.8085234069372046,0.6872469600847826,0.5774134737940485,0.8490277910526033,0.5333332825396874,0.45195107482847363,0.8058711742059319,0.6709785454900739,0.8672854268169145,0.4789008785191278,0.8242767668284292,0.8696134346700984,0.8413719750910014,0.8495973462226465,0.7565801747651856,0.7575131893610618,0.8257510720753745,0.831638415729835,0.6554174009287975,0.8485283551958482,0.4166666087963043,0.4617253920915833,0.0,0.007462686474344696,0.0,0.6344293881154858,0.0,0.0,0.0,0.0,0.0,0.0
p_108,0.9667359179382714,0.8066720392060933,0.6480590901676284,0.846204149071872,0.398663692665215,0.8057512803084289,0.8372002084960115,0.8724545592039714,0.8417541682004273,0.7222926204091115,0.7066854973948082,0.7448084875643355,0.7904834980996096,0.8912005511524438,0.8072116752769134,0.7819625908737827,0.7575957702853507,0.7031484205161288,0.8308371727814543,0.6463414240035716,0.30830039221047045,0.7911009837858349,0.6217537093179767,0.8454825456586996,0.4935344774403613,0.8542765418326425,0.8649928822117323,0.8930472652078039,0.8630787922830382,0.7469832230481868,0.6723620395466128,0.826956441578891,0.8289728662088837,0.7136150178903363,0.8526730004293378,0.09999997500000624,0.41348314297016375,0.0,0.008645533016634972,0.0,0.6031745925366033,0.0,0.0,0.0,0.0,0.0,0.0
p_109,0.9701868631199141,0.8209971138734421,0.6601333376656969,0.7967554125748967,0.45792078641187145,0.8289033718251902,0.8503262169857851,0.8831140346035559,0.8339701703020213,0.712086141982403,0.6442419980279328,0.8377696810373503,0.8391608381490706,0.8756139842394514,0.8393436171373257,0.8489140678731963,0.7274206642497124,0.6331569609069051,0.8550309518109296,0.6923076257396513,0.3883495103737917,0.8286760491193292,0.6745032693738032,0.8373370809881567,0.513426417686075,0.8444998069684432,0.8728295537391874,0.8651511539721786,0.8373726720086961,0.784550507202846,0.6836734678022416,0.834180311656145,0.8324299890866532,0.6686883952335982,0.8405685739141677,0.4126983471907385,0.5363204308464329,0.0,0.003249390712840043,0.0,0.4708097839772169,0.0,0.0,0.0,0.0,0.0,0.0
p_110,0.9757092495190096,0.810107872057849,0.7018878394690604,0.8489175491253259,0.3666666605555557,0.8181688653525863,0.8564703627853063,0.8726439649731105,0.854563253720697,0.720521306660611,0.7105136804836446,0.6280596977429271,0.6257022449940229,0.8924964061538099,0.8284202560971599,0.8078263178562682,0.669620873118558,0.6348074134464521,0.8575757567636594,0.4482757847800371,0.45353793304741746,0.8154603232831363,0.7041847651463347,0.8424052431790224,0.4491413414908674,0.8222971073231403,0.8605969871844754,0.8779983677574118,0.8670852390474777,0.7491563546894812,0.7660249133272369,0.8156164652416138,0.8103676254684802,0.6100719380570364,0.8293101795350537,0.42666660977778537,0.4551620161630594,0.0,0.004366812195292487,0.0,0.5110132046032334,0.0,0.0,0.0,0.0,0.0,0.0
p_111,0.9709352081973117,0.7813295803605619,0.660777394860686,0.8544732535134439,0.2776957122940072,0.8095290070377315,0.7967584291830463,0.8514135093020758,0.8120523576042821,0.6230744364719655,0.7313361846615878,0.7190845303835934,0.8010742359465294,0.8820439256242766,0.8120954489304459,0.7818338580573904,0.6753086398910226,0.46317829008548167,0.8146647363100196,0.29787227704845165,0.38482885860472843,0.7674600779266839,0.6324462138578797,0.8623087617948936,0.25572518595944305,0.7969078984548793,0.8121316379347696,0.8538695074446528,0.7730089502260628,0.6924359848009065,0.7557384132617185,0.8188760516752731,0.8028943536819265,0.6625290871797589,0.8439912314457341,0.06896549346017466,0.3744170528020183,0.0,0.009022556255299906,0.0,0.0,0.0,0.0,0.0,0.0,0.0,0.0
p_112,0.9770457973982039,0.8426558275377836,0.7170425427303776,0.8740434129691277,0.44049247003430275,0.8208628385459537,0.846012547275334,0.8718592960260368,0.845292013295242,0.7555382055669579,0.7261565430253091,0.8165680443174258,0.8251473463897392,0.8924081279673568,0.8196291809556336,0.7870115553466935,0.7361477548280086,0.6297188704440252,0.8416225742137368,0.19607839292580528,0.4802686777475342,0.8400556828829091,0.7128084856778423,0.8492104801612526,0.4836158137444541,0.8497546895094502,0.8534815752857214,0.8731498848899574,0.8139534873963636,0.7331183011828963,0.75254988746663,0.8440907742960106,0.8328220837606797,0.6559743331517696,0.8578745190617574,0.2857142346938866,0.49829351195704086,0.0,0.0025412960287001774,0.0,0.415754914316085,0.0,0.0,0.0,0.0,0.0,0.0
p_113,0.9723774185605191,0.8144247542724593,0.6906511014029979,0.884231847583269,0.48910890604842666,0.8174063817385668,0.8705935532183369,0.8451115275979197,0.8025719397042564,0.7172973900835516,0.7150099168723608,0.8090154179161114,0.7795068212125765,0.8939742487735666,0.8200465205962714,0.792896172697005,0.7055293583132046,0.630136980135646,0.8439481396385463,0.11111109053498323,0.45072992289479996,0.8188392371606469,0.6945123514027871,0.862735319427031,0.4547283656465959,0.8357539326347375,0.8684692680211451,0.8242259637022129,0.8147908572501177,0.7112931750197439,0.7454340456698219,0.7857447708218686,0.8388721026211678,0.6314847886271486,0.8219072405535559,0.2105262603878262,0.38025889659984713,0.0,0.0069686410340459816,0.0,0.5256916892155793,0.0,0.0,0.0,0.0,0.0,0.0
p_114,0.9748197002601534,0.8251738300697719,0.7036449074626298,0.8851409903055993,0.3279857339039976,0.8008476592216658,0.8177158976079687,0.8780072623252342,0.8429201152102783,0.8044626121576711,0.7331081065601602,0.7739340274580288,0.7363344031716655,0.902237557350091,0.839516210143799,0.8019583823697469,0.7290903008027647,0.6851851803049489,0.8526691687092124,0.5773195281113889,0.496863234022188,0.8142337721491051,0.6783542114327756,0.8893817573851602,0.46748681487269933,0.8259337924607745,0.8381853776117107,0.8839079774771377,0.8372283714255552,0.7143635366675471,0.752332483561636,0.8488722483345154,0.8288248318651334,0.6982011945489595,0.8573037919101542,0.189189163623086,0.47328244016748944,0.0,0.00412087909257638,0.0,0.591216206229456,0.0,0.0,0.0,0.0,0.0,0.0
