TransMorphDiff,,,,,,,,,,,,,,,,,,,,,,,,,,,,,,,,,,,,,,,,,,,,,,,
,Unknown,Left-Cerebral-White-Matter,Left-Cerebral-Cortex,Left-Lateral-Ventricle,Left-Inf-Lat-Vent,Left-Cerebellum-White-Matter,Left-Cerebellum-Cortex,Left-Thalamus-Proper*,Left-Caudate,Left-Putamen,Left-Pallidum,3rd-Ventricle,4th-Ventricle,Brain-Stem,Left-Hippocampus,Left-Amygdala,CSF,Left-Accumbens-area,Left-VentralDC,Left-vessel,Left-choroid-plexus,Right-Cerebral-White-Matter,Right-Cerebral-Cortex,Right-Lateral-Ventricle,Right-Inf-Lat-Vent,Right-Cerebellum-White-Matter,Right-Cerebellum-Cortex,Right-Thalamus-Proper*,Right-Caudate,Right-Putamen,Right-Pallidum,Right-Hippocampus,Right-Amygdala,Right-Accumbens-area,Right-VentralDC,Right-vessel,Right-choroid-plexus,5th-Ventricle,WM-hypointensities,non-WM-hypointensities,Optic-Chiasm,CC_Posterior,CC_Mid_Posterior,CC_Central,CC_Mid_Anterior,CC_Anterior,non_jec
p_0,0.9735203903551041,0.7477831376244811,0.5821005131336788,0.8250946674725746,0.09166666475694449,0.5225677174930347,0.5450721486028802,0.7590560645528053,0.6964061313189167,0.4999999995431287,0.4476969426437862,0.6516853911048069,0.6094308923270539,0.7459351411518936,0.5778597064345982,0.17160808919770648,0.44560943448838164,0.015125072628708129,0.6091338073989172,0.0,0.43809523430220576,0.7459973693967138,0.5798180353942463,0.7387309286245398,0.15172413531510112,0.5084859789443005,0.595485374262671,0.805135062420361,0.6054267081924712,0.40399295321590045,0.2660240957445203,0.6242081251590438,0.24388018816499896,0.09322033841876308,0.719112126065683,0.0,0.3040604315008458,0.0,0.004962779115278915,0.0,0.0,0.0,0.0,0.0,0.0,0.0,0.0
p_1,0.9719559297759621,0.7554454412722219,0.6027672753510077,0.7814139020599735,0.030075186839278692,0.547388917815836,0.5568221579371269,0.7535168192173527,0.6317156681642276,0.3726259128238171,0.2725547692383047,0.36159600772072314,0.6113647878960812,0.7796629565992871,0.6075058633624845,0.2630522083071241,0.3985239827889054,0.0,0.6018893382536403,0.0,0.3156779627576487,0.7478571520265771,0.6002602906127853,0.7191816927985009,0.0,0.5308567633932625,0.6284122344180012,0.7818241931029124,0.64806521914334,0.2488406820334507,0.0755540630027635,0.5280219775384414,0.2541371154637454,0.007358351675067317,0.6189999224755375,0.0,0.29197079936775183,0.0,0.003415883830778106,0.0,0.0,0.0,0.0,0.0,0.0,0.0,0.0
p_2,0.9777750710749146,0.7732832238009083,0.6405431590551715,0.8432904159654742,0.40975609089827497,0.5609768575198293,0.6862009769105484,0.8123491435238006,0.802845286540788,0.46709401659498506,0.4012081540367275,0.6214285682580175,0.7271531870980645,0.8153280299691509,0.6411277958513354,0.3365774526833385,0.4716062711108368,0.20399999864,0.7157652467772283,0.0,0.4003115233620598,0.7580948034240793,0.6256203686015487,0.8317665632610615,0.39946018354304746,0.5378349054747366,0.7161863156192425,0.8495301529383072,0.7239782006485311,0.386607706478619,0.44333249826536775,0.6560707226031499,0.35303030236168503,0.3290598267160981,0.7668519798759104,0.0,0.38532109738237524,0.0,0.002528444974355942,0.0,0.0,0.0,0.0,0.0,0.0,0.0,0.0
p_3,0.9679706853273039,0.7356445663524761,0.559666118651724,0.8031922083029946,0.08830021880131968,0.6347762369337108,0.4571797562018228,0.7745411009704005,0.6958488548485247,0.49666038662728174,0.37382804633188105,0.5706806257823707,0.5427323751006475,0.7089850537728848,0.5367113755223931,0.15393585975911397,0.40075258513286643,0.018890200596870126,0.5153827612536085,0.0,0.3287878762970616,0.7330907125733386,0.5622240696881777,0.7872309827027604,0.06304728435994249,0.568117348942233,0.5927821297442766,0.8222808865774652,0.6561358002403209,0.42615539147173864,0.2143548070915945,0.5297588935004561,0.18213716079403963,0.14533761964413106,0.6002045789596313,0.0,0.40600724802689153,0.0,0.001964636522940702,0.0,0.0,0.0,0.0,0.0,0.0,0.0,0.0
p_4,0.9734761819085023,0.7658765737544692,0.6220163033081022,0.8557998723030061,0.3304940318484833,0.5666761327910511,0.7296184621992333,0.7710335885241205,0.7595588985266837,0.6206134755539013,0.6413210433154358,0.6586608418534904,0.6776707916605439,0.8229305824261552,0.6629483807273093,0.33899062005584946,0.42448018664385956,0.1354916059023285,0.665364219308434,0.0338982993392713,0.35352422712817055,0.763175895223141,0.6267538246821458,0.821165632749006,0.39029768037158014,0.5501397733042983,0.7198792224404696,0.817001561807358,0.7520615714655727,0.5625417416634465,0.5021238531139641,0.5888888883436214,0.3698873733058934,0.45307443072443737,0.7553856838469548,0.058823512110731724,0.4270295615812784,0.0,0.003565062356817626,0.0,0.0,0.0,0.0,0.0,0.0,0.0,0.0
p_5,0.9738346096722786,0.7556130789677682,0.6192881856928415,0.8702479803224741,0.12571428331972795,0.5874942257196711,0.6969790328885769,0.7854011269228486,0.6913502102411918,0.5063631470636645,0.5125190496135009,0.6676008949899078,0.6213191972281531,0.7937681540620604,0.7128395302066357,0.4407438233673499,0.5271446310520321,0.12543152977312125,0.7252994005189939,0.0,0.4324612897359248,0.756882171270469,0.614898301157061,0.8685239489037989,0.23766815610609518,0.5545867830903769,0.7058880999881222,0.8097199827991403,0.7375973752177148,0.541627863157359,0.49719816480591394,0.7354260082955743,0.41679748740816824,0.15514809481559877,0.7372889343106416,0.0,0.38197424687782056,0.0,0.003986710936965376,0.0,0.0,0.0,0.0,0.0,0.0,0.0,0.0
p_6,0.9713646189643865,0.7457938875808398,0.5624097065642047,0.8664575089710932,0.3547169766702267,0.691593692459869,0.7117068580918997,0.7538039675499737,0.6899438256526668,0.5277058514347438,0.5944670800032874,0.6645980235131226,0.6766425048476912,0.76838367551997,0.6365962279573617,0.22337363227139967,0.2809441549744148,0.03521126735766713,0.6099552272759589,0.0,0.4492492465510556,0.7397682882738028,0.5588926376049841,0.8213569692162228,0.1866666631111112,0.6001593116775276,0.6892280234217718,0.8166058389503844,0.6696264204985096,0.3638443932142247,0.3607705771436721,0.6868333618754735,0.3113273100915092,0.1722408012354448,0.7328811363591077,0.0,0.4776766342536773,0.0,0.001211387030821399,0.0,0.0,0.0,0.0,0.0,0.0,0.0,0.0
p_7,0.9761293858208853,0.7600083159848483,0.621665347451284,0.8324531423669602,0.43684991921471145,0.5936888195285163,0.7403447601840015,0.8419813839510103,0.7936826262300293,0.5013467070666419,0.5577933437876679,0.6792452802920703,0.7113062552989984,0.804805028022239,0.7075664615099773,0.4102564092640145,0.49573507026726005,0.08502289022221786,0.7120644429448628,0.0,0.4743668902139167,0.7586199819279643,0.6224172036803348,0.8341540769409256,0.18577074731678367,0.5251258862346879,0.7105508588773316,0.8453518200527584,0.7535871644406427,0.4590255735868718,0.3788167929894638,0.6822669819487885,0.40437368040595884,0.13468013377319776,0.7420707248067164,0.05128203813281073,0.4646348449417203,0.0,0.0020661156811351685,0.0,0.0,0.0,0.0,0.0,0.0,0.0,0.0
p_8,0.9741708841907881,0.7730361709788377,0.6311343773474833,0.8203932018102893,0.3698630094764497,0.6311743362016068,0.7448911665859114,0.788846317162172,0.81230411977678,0.554653841744661,0.5387850454701284,0.6497421632299001,0.6958077691824954,0.8094832866754913,0.6508339769680394,0.3213233620636226,0.40872167418246397,0.1831591875650941,0.6973448299348205,0.0,0.4104595847031729,0.7529861319715343,0.6154226872061839,0.7484076425176139,0.4642408975628495,0.5573469997461195,0.7260167467730361,0.8299137510955623,0.7072858958851216,0.44946968135934595,0.40212128106497286,0.6927863108178239,0.3595178712395722,0.35953608015762833,0.7501054223242765,0.0,0.2795497159516912,0.0,0.004592422450144404,0.0,0.0,0.0,0.0,0.0,0.0,0.0,0.0
p_9,0.971319884446621,0.7794593864254652,0.5820626049444575,0.855871474556209,0.2343324186830404,0.5921609756842324,0.7240449911369728,0.8096562328799146,0.7511137859709648,0.5690178867963063,0.5681772797600774,0.611313865824298,0.6945198027820949,0.8273848372045988,0.6441323486739677,0.33551198165710244,0.29855371746614817,0.07956403226395622,0.7205617224399262,0.1428571224489825,0.2891986045923426,0.7565934305283779,0.5646612383902733,0.8298643468192799,0.19624819341633198,0.5481566160641496,0.6859571179690201,0.8415639057673053,0.7298283253971799,0.4232277810932481,0.38715596241477995,0.549835705914731,0.3629460889086065,0.201936374813718,0.7414250427682932,0.0,0.30354468146008645,0.0,0.0,0.0,0.0,0.0,0.0,0.0,0.0,0.0,0.0
p_10,0.9735921330634812,0.7751918759016626,0.5787623584461207,0.8136156587383875,0.1098901074749427,0.6156906487050212,0.7227429834976675,0.8120450375427887,0.7992705473501751,0.4814270307934656,0.5254237276718302,0.6827344404788148,0.6548463344073162,0.8265704933388562,0.6131837942170019,0.3372852641246425,0.416352875651679,0.26483357261336055,0.6897618837017434,0.0,0.40776698746347445,0.7808741353063411,0.58993531207733,0.7996284116052391,0.3141762391920261,0.5860661605710178,0.7189656653074823,0.8445838011923423,0.7189701887276827,0.4918521273006312,0.5127442639916222,0.5991706274914832,0.35373364058172896,0.28638866808506164,0.7641996551082619,0.0,0.43648208184702225,0.0,0.003633060820771473,0.0,0.0,0.0,0.0,0.0,0.0,0.0,0.0
p_11,0.969637878061092,0.7511223520937975,0.6110996543989208,0.8673910747028902,0.47966631408064325,0.5920239878876513,0.7156571034267996,0.8193612189078124,0.7751826556771079,0.4336908183506053,0.5188303045661713,0.6249495332056942,0.6259017498251399,0.781191058510674,0.705349868104146,0.3425598327938401,0.5146352096346212,0.11150821936019857,0.6699818297121719,0.0,0.4670004530405077,0.7480752602775731,0.5951712337818639,0.863705365697411,0.2843216873735038,0.5193556766867248,0.7050316506488369,0.8150654319725085,0.7422871714888806,0.450688499766758,0.4417269766864812,0.6123412564210833,0.2602649002313495,0.2393397507610746,0.7010383094333706,0.0,0.49636285624149395,0.0,0.00782268573779214,0.0,0.0,0.0,0.0,0.0,0.0,0.0,0.0
p_12,0.9730696543497095,0.7535903182047421,0.5814058597219776,0.8536824873757437,0.3389199192007464,0.6220227514187073,0.6820607027085653,0.8172513815241359,0.784821840831997,0.5532178212116153,0.5927302755210032,0.6714801409413093,0.6526374841396254,0.8335813455027549,0.6608102514873809,0.2189483222598633,0.47808358573861576,0.15541031114444218,0.6968911911080388,0.0,0.45654692667122293,0.7524143267955611,0.5702376032261357,0.8447590074609506,0.28571427962229684,0.604099785363531,0.69725547895739,0.8245558704801031,0.7422232379434776,0.4305251065554598,0.5412347892266003,0.6239269400694731,0.23704898158224355,0.383505152003401,0.7591167608237565,0.0,0.40184452963211775,0.0,0.0020625644480489363,0.0,0.0,0.0,0.0,0.0,0.0,0.0,0.0
p_13,0.9792009755223705,0.7915910381502902,0.6358780163187021,0.8409047943791161,0.21531099963370814,0.5924582914909333,0.6848572034459152,0.7990617665889697,0.7859097931858744,0.5344226174642716,0.5615194042908352,0.6338862521689204,0.5732993795078233,0.8045219523609636,0.6395399298616103,0.23027226527394495,0.5188583052045957,0.16736401573601903,0.689252542512824,0.0,0.4065804887593362,0.7906400535699004,0.6293712991583337,0.8055373518958574,0.4713242912270668,0.5473460137768066,0.6874190916807654,0.8465924224188243,0.7429547386324817,0.4447635454290987,0.4238116383300497,0.6073397978633392,0.3259150260696799,0.2776162770522073,0.7579199037162327,0.0,0.3814523151229019,0.0,0.0,0.0,0.0,0.0,0.0,0.0,0.0,0.0,0.0
p_14,0.9764310214820344,0.7690936989444042,0.627145971826247,0.817652611062262,0.33380083683308787,0.5752005954876002,0.6765960009989628,0.8065054207639151,0.7394668950504031,0.4865889484536168,0.5031749496317606,0.6234177182309192,0.5497483524980706,0.7966207658106441,0.6643986385187126,0.3443113765091716,0.5226480816002784,0.11300121438030854,0.6475954294149363,0.0,0.3160493788142052,0.756818387824393,0.613593193532158,0.7626002872221762,0.2799999962666667,0.5352876536572103,0.6907452975288301,0.8162846016347942,0.6963773059516374,0.46271510472015764,0.4261275262694345,0.5918862997284463,0.2391231024635361,0.2892030829742733,0.7097051485345954,0.0,0.23782559187060487,0.0,0.0015649452146717902,0.0,0.0,0.0,0.0,0.0,0.0,0.0,0.0
p_15,0.9631997964305162,0.7562335952636635,0.5423813058994857,0.8842628811656803,0.4440116801946282,0.6070299509151511,0.7185453867044758,0.7878367290468509,0.7371757914449917,0.5661016943508458,0.594086636273008,0.711246198944947,0.7691426924729603,0.8172901137643632,0.6658390226920764,0.3489499184192248,0.40712165930491595,0.1342281867933877,0.7051319785054146,0.17948715647600558,0.42512562600439385,0.7373315284448217,0.5385994787951435,0.8749971747519611,0.39965986054711006,0.5426241659191696,0.6728483844766419,0.8138776569623858,0.7297740745553779,0.5557197123726048,0.547826085555432,0.5978260864238898,0.22640851172787632,0.26235741195477746,0.7247510662119923,0.0,0.34083110811730416,0.0,0.002919708007885343,0.0,0.0,0.0,0.0,0.0,0.0,0.0,0.0
p_16,0.9688543330935364,0.7268475069676033,0.5653084518716199,0.809792996539187,0.3466981091191261,0.5048029432515707,0.5654259156681646,0.7689945461063195,0.685363943796812,0.45534113629089834,0.5064394679880335,0.6454018200273329,0.6106778625954473,0.7561637793365356,0.647047204575304,0.17188898797697183,0.4023785906720585,0.021367521215331045,0.6153977753503869,0.0,0.41462140775654616,0.7335163597306995,0.5708413946344109,0.786442025353391,0.29347825555293017,0.49504381547262694,0.5935319367845812,0.7864826936468179,0.585869714108429,0.38750271166467487,0.37887428619173247,0.6594715289733238,0.22561205230581535,0.11344211256066734,0.7159312129169929,0.0,0.5214117622521799,0.0,0.009740259582138644,0.0,0.0,0.0,0.0,0.0,0.0,0.0,0.0
p_17,0.9686610415356512,0.745309853562998,0.5608152236760595,0.7531402199736348,0.3199999968,0.5279251346795151,0.6511619642852224,0.72429999963785,0.6944317655243818,0.48789053889815576,0.3677285312193066,0.627651215130985,0.6083427269259465,0.7909658561457465,0.601165851258776,0.3143004997165767,0.42432814509982014,0.09714285658775511,0.5543049677006918,0.0,0.3672316349601541,0.74137334521969,0.57288469258634,0.7119123886523785,0.14245014042093818,0.5324745680291828,0.6762317832307748,0.7266956740585125,0.5698442654909813,0.4657147889426099,0.26143046810580445,0.5913800604341488,0.23863796223633327,0.17660550357450974,0.6450637282025897,0.0,0.3272727244391972,0.0,0.002242152441231475,0.0,0.0,0.0,0.0,0.0,0.0,0.0,0.0
p_18,0.9744259524308446,0.7769092741333822,0.6070467085215567,0.7279353140554204,0.26559355602427454,0.5731257447696552,0.6991437057081692,0.7982900419133451,0.7025032928820774,0.5017562341923462,0.5201407889711757,0.6294307162758823,0.6701765231645198,0.8308004715002619,0.6520419149426678,0.35668789733187284,0.5647058790311419,0.2361382893924443,0.7095328957856692,0.0,0.3103850605556002,0.7808387104300656,0.6123730330566054,0.7595456995570085,0.3900414883811689,0.5834261483511292,0.7110550783459889,0.8457268533484883,0.6796041631157895,0.4819551502435572,0.43755976202417335,0.6376907758479672,0.3440466272372246,0.3767312993301157,0.7644696426770063,0.0,0.2728226624047989,0.0,0.0016652789203557125,0.0,0.0,0.0,0.0,0.0,0.0,0.0,0.0
p_19,0.9691315886803104,0.7292791287778587,0.5634546297193344,0.7993857959313737,0.029288702316135937,0.6858863701364759,0.5362662023798264,0.7786087832319581,0.696263506449338,0.39768604726180407,0.30313588784160306,0.6744073503899015,0.5276153329187285,0.7133508909674506,0.5773284571119289,0.14361702095829562,0.49548645689324744,0.004282655215684117,0.6009115764804817,0.0,0.4047058775916956,0.7311600694761886,0.5763848329064022,0.7435648366977782,0.19711537987703415,0.6137734399860493,0.4935361717661789,0.8331419587640406,0.6652657593754441,0.33217391272253727,0.22366071378647162,0.6575785108981334,0.2966634884715663,0.10883280671267503,0.7757151817991972,0.0,0.407999996736,0.0,0.0,0.0,0.0,0.0,0.0,0.0,0.0,0.0,0.0
p_20,0.9720880623674097,0.7299722586119359,0.5279197678815513,0.7000727719096863,0.0,0.5112557634163192,0.5846199598040015,0.7789311799825148,0.6190236529705289,0.44634878748527884,0.41333784628751213,0.48292682632361694,0.4540399069216882,0.7923750791319845,0.5873694673422482,0.1757997213468714,0.32963549746626786,0.04374572765724041,0.6181137719924298,0.0,0.23280422869833814,0.7419737595709068,0.5388258203210664,0.6933776202061681,0.42988740604004705,0.49598545146582734,0.6248007296169409,0.8289601550879688,0.5541191374472508,0.42297286818970947,0.25839892444154555,0.5896810331709759,0.19973914626469325,0.16482803267470453,0.6945383890807092,0.0,0.32302405220769714,0.0,0.0037629350716701076,0.0,0.0,0.0,0.0,0.0,0.0,0.0,0.0
p_21,0.973670862354104,0.7740536271302059,0.6102008286017793,0.87953028313021,0.35606060268882006,0.6631477583610065,0.714217504041459,0.8071029929948742,0.8119482644098253,0.5616911125438385,0.5858034309949232,0.5820777137903341,0.6869388917262123,0.8200892432007201,0.6707543657833943,0.4710464802102143,0.5822102399721013,0.26610475456890575,0.7001884523726328,0.04761903628118183,0.5206834508962075,0.7664066810755772,0.6045725378112925,0.8655517294369767,0.4435721251857495,0.6676409107331543,0.7412532554566151,0.836751778549209,0.7678414088459896,0.5463936203820282,0.46166529171132464,0.679278027872893,0.38523406808572064,0.440751441902085,0.7228934199900782,0.0,0.4672095993690115,0.0,0.0019074868769313929,0.0,0.0,0.0,0.0,0.0,0.0,0.0,0.0
p_22,0.9723801575704057,0.7222824700476912,0.5852735614362877,0.6092134824615579,0.00925925904492456,0.5156066084498891,0.5870528352866118,0.7002352938180811,0.532146160346732,0.44473662548710935,0.3466204499391095,0.39059158666720184,0.31822898540910066,0.7228155623609507,0.42927756613186546,0.14890016892479757,0.2534843194534655,0.047252182602710927,0.5417251594589572,0.0,0.1589147256024278,0.7543573557255696,0.6036874077805253,0.6698615539538585,0.07011069981345573,0.6267968439640694,0.5621116265596716,0.8268709703695829,0.669319639705623,0.42853554347439043,0.37084633675262285,0.4763905222009826,0.29296936947632224,0.1992238020748784,0.6379984357795165,0.0,0.25284449743559423,0.0,0.005263157860110804,0.0,0.0,0.0,0.0,0.0,0.0,0.0,0.0
p_23,0.9760644312740582,0.7704798667314933,0.6144357449920579,0.8556684046908216,0.30714285165816335,0.6640192198044065,0.6623533153102471,0.7491194122393613,0.7829214516963436,0.5458451317782979,0.5831356467907362,0.612103742869719,0.6120304685788535,0.7919521289060876,0.6837771354039385,0.36781609099316587,0.4539589416190091,0.16094986701220404,0.6718025031324499,0.0,0.3924302749757941,0.7613028861581624,0.5920524875721829,0.8434594463227534,0.4698795124110902,0.552243575028949,0.6307620268032975,0.8362101613353119,0.7631198835301879,0.5038341963690838,0.5126811582593271,0.6825182896779762,0.3713048383142443,0.3520443496046823,0.7686790190686713,0.0,0.43847874393379016,0.0,0.0017969451770265482,0.0,0.0,0.0,0.0,0.0,0.0,0.0,0.0
p_24,0.9649161424855639,0.7611836710806801,0.5550529201645777,0.8752847612660876,0.39949108906499886,0.5559957283137559,0.6409639265359653,0.7471679918370885,0.7439304871659462,0.5488678144485506,0.5335728710227423,0.5875706196246998,0.6445144639229032,0.7783827454021387,0.6327394422357128,0.2622363703497088,0.4648143327322401,0.10572049163127813,0.5978719495524932,0.0,0.4694505473870305,0.7434684157470429,0.5488921916444784,0.8483439856438388,0.23544303499439198,0.5385173626513086,0.6329562733647625,0.7709199176410149,0.6681805270108139,0.5963538978305141,0.5925925911946389,0.6221725289221876,0.2709421720934207,0.3262518943379978,0.7029236641758432,0.0,0.4935560835629781,0.0,0.005657708547981492,0.0,0.0,0.0,0.0,0.0,0.0,0.0,0.0
p_25,0.9697906221134566,0.7537776477789818,0.5491242114715966,0.8202606340380868,0.19574467668628348,0.5460328242606751,0.6032525605713565,0.7715462606825378,0.7091405853090653,0.38827322145046017,0.4861465897305039,0.6510757687040422,0.6139561040687785,0.8056457178601427,0.6768298276454865,0.2544214782560804,0.4497907926266172,0.05810200091606197,0.6439387378697424,0.0,0.47155688269792756,0.7473180527980615,0.55753072537723,0.7693191307595452,0.32937684971250963,0.5780378238329036,0.625413828845263,0.8098469125722835,0.6534954399655185,0.4016265244483093,0.47039674370214296,0.6622199412842313,0.2114507680941551,0.10822206529710425,0.7438891215927013,0.0,0.40662842315724396,0.0,0.0,0.0,0.0,0.0,0.0,0.0,0.0,0.0,0.0
p_26,0.9790008174692013,0.7631992945454137,0.6198122064169321,0.6625797564586766,0.14603174139581773,0.50212094037252,0.5256031431206284,0.8198202570707699,0.6717894974132151,0.3228277900724118,0.31740678224207086,0.43119265560558884,0.4153414386560269,0.7934751423154671,0.6098237048344343,0.24538258510453143,0.3455497356353797,0.1109510078461743,0.6431095401420268,0.0,0.2242314606829754,0.758955501589298,0.602317524777965,0.6910900037414179,0.3016393393173879,0.480384032848475,0.5395759931554811,0.8322444565912627,0.61687212881693,0.3985462278179716,0.3196027945575528,0.5751054389800958,0.26686528991941844,0.0760330572228673,0.6560036039228028,0.0,0.20454545222107443,0.0,0.0,0.0,0.0,0.0,0.0,0.0,0.0,0.0,0.0
p_27,0.9559390914257121,0.7288861669366162,0.5062486482340751,0.8615819207167357,0.35993739937451175,0.5205579264216096,0.576294226441393,0.7086367801107856,0.7320322755375941,0.5621877905662621,0.6049717973574853,0.6821994395485566,0.6035175864233226,0.7693006756124326,0.6424728725791257,0.21296713144311769,0.3280521885924874,0.10223642107197176,0.5901366206346746,0.06451611862643247,0.4704911247606639,0.7122930788284344,0.5080462080558115,0.8181413543190804,0.42658729947129315,0.446843480139298,0.5299247680571234,0.7632888482451432,0.6040339697416544,0.49393965400675693,0.43483984108196616,0.6117094496625561,0.22672340386940698,0.06447187884450015,0.6962663970377503,0.0,0.4751001703631935,0.0,0.005911912486219591,0.0,0.0,0.0,0.0,0.0,0.0,0.0,0.0
p_28,0.9774364547900704,0.7191567463325085,0.5940380637125002,0.7598215810946805,0.12470023681774013,0.5152679875026213,0.5222390175106524,0.7357883127956832,0.5670481051360425,0.3609022553564362,0.20283344816372936,0.431605773733171,0.4011950473700595,0.7403609645838746,0.5969029522007282,0.22386796397827347,0.3967422897222671,0.011271133304501357,0.4934836487619064,0.0,0.4904798134769245,0.7355999197105545,0.5957411636805378,0.698344131840943,0.12827987964198603,0.46898213815509965,0.5361345563473088,0.832850051195336,0.627809607064996,0.38702648308160703,0.22858133848667822,0.5720982556046332,0.3213913037888847,0.06788183489703435,0.6510655402886486,0.0,0.38018741378723286,0.0,0.0,0.0,0.0,0.0,0.0,0.0,0.0,0.0,0.0
p_29,0.969311596359327,0.7643118635732786,0.5576683266537018,0.7478595471401063,0.16571428097959198,0.6276826033076219,0.6545454544970969,0.8080357138936162,0.7231253267919175,0.3419045539966174,0.3710276509058447,0.5185589491345035,0.6577372452045105,0.7990808872720572,0.5997617623587832,0.13458019895389267,0.47727272469008264,0.07322654406387076,0.6314936375464028,0.0,0.24776119033192254,0.756292511316553,0.550787238855491,0.7448556179652336,0.1627906945195602,0.6068124894628798,0.6942799298442105,0.7947362739754416,0.5958641810111511,0.36038704545775374,0.2436247717585957,0.6230612420251164,0.20428438341464702,0.1427450969196463,0.6843091329552622,0.0,0.27290836381565375,0.0,0.003215434031906205,0.0,0.0,0.0,0.0,0.0,0.0,0.0,0.0
p_30,0.9757310615482434,0.7702246292571422,0.6089018365481123,0.7940815819553,0.28440366320175087,0.6084970446135747,0.7231603711460489,0.7594111250077012,0.7428886430618648,0.5270847008149337,0.5303933243337439,0.6206563676609248,0.6747422663022106,0.8254276661984614,0.6005319667022638,0.27712137427041594,0.5445124797714909,0.14445828054509166,0.5926673911817093,0.0,0.4285714245958124,0.7636816780410789,0.6056064877097787,0.7692047370818911,0.298136641333282,0.5530027409995842,0.686798952967238,0.8535144096757649,0.756362794127299,0.49977576419429925,0.4014754408824006,0.5921816314508521,0.28373702370472226,0.4920165553399376,0.7433641399309693,0.0,0.37579169334418233,0.0,0.0086880972312068,0.0,0.0,0.0,0.0,0.0,0.0,0.0,0.0
p_31,0.9704261937031227,0.7535347412627842,0.5752247116793376,0.8783157304617395,0.3938618875465232,0.5988501165824462,0.7103464071300921,0.7793036635823672,0.761836440982979,0.5160109784324378,0.569435359560856,0.6932334830349465,0.5862068944890679,0.8081194810968336,0.6057936968038817,0.36294254746037197,0.4907759868498507,0.22703509912595146,0.6703062350334332,0.06993006503985559,0.4392572920994308,0.750655240619122,0.5601239082577034,0.8634133144533004,0.4156945873203119,0.5598785650395705,0.6886941366725454,0.7564243351875553,0.7384690267269454,0.5520183098709756,0.5886901870742142,0.6483689927671265,0.3377431900043907,0.32859399424491315,0.7184370376634075,0.0,0.5071556327944738,0.0,0.0019193857781248966,0.0,0.0,0.0,0.0,0.0,0.0,0.0,0.0
p_32,0.9717869577498188,0.754783361665374,0.5588615991362437,0.7946363260506816,0.03199999872000005,0.5669771683188084,0.5324644511860822,0.8428100750117918,0.7661589648455664,0.40247307498756174,0.476048540608796,0.6165301517756504,0.5896474096412325,0.6784411594313922,0.5840369238049793,0.14645794601629625,0.4760620332025487,0.08210689324471811,0.6560404140266175,0.0,0.34402331860024316,0.7539804462483605,0.5772241599894907,0.7804878041623988,0.2350427300204545,0.5912033310138207,0.6546902190985562,0.8258863248025401,0.7285133175062153,0.3334344963748766,0.358819727850916,0.5685612621398036,0.16524112799774135,0.10631229147581153,0.7392396577296603,0.0,0.28249743825488804,0.0,0.0,0.0,0.0,0.0,0.0,0.0,0.0,0.0,0.0
p_33,0.9698912670734439,0.7755627761605491,0.5738115762016732,0.8783073416684976,0.3271221464363945,0.6150854138212728,0.6978255582959757,0.7946305502519143,0.7667301863392779,0.5779399977050298,0.608922828358274,0.6719999982658065,0.6598347085625298,0.808379132217166,0.6758010565586352,0.3172346155498048,0.43368420870027696,0.03931515510897175,0.708536364637668,0.0666666555555574,0.49041713365041073,0.7608364224644216,0.5718488329694861,0.8723743211964908,0.3031578883545708,0.5948785518828553,0.7067535845882841,0.8541071201353877,0.7194947560539863,0.5146131800242472,0.46327683515150625,0.6602990026367328,0.3604459117249259,0.03715170249882583,0.77400148782436,0.0,0.33890746745313566,0.0,0.00556715375388202,0.0,0.0,0.0,0.0,0.0,0.0,0.0,0.0
p_34,0.9705771728017877,0.748460457272699,0.5877212577090207,0.8390416215485172,0.3407079608328765,0.597963115772463,0.7122173417423687,0.8203124995669803,0.7816208532491928,0.4629327233320275,0.48929062588074157,0.6660473726611826,0.7023302923964939,0.8373160566419267,0.6852900225658561,0.3825708052667303,0.4624708603148211,0.13091921914401658,0.7228180305843421,0.0,0.4437499972265625,0.7507553569623513,0.576711585635122,0.8292948809130891,0.3792486515340134,0.5654857141780026,0.7019028684534293,0.8475274720797087,0.7524591818756119,0.4333545046426327,0.38158166346978806,0.7006838499906332,0.37285902441887514,0.296252229052634,0.7555271763464545,0.0,0.38747268472343277,0.0,0.002631578930055402,0.0,0.0,0.0,0.0,0.0,0.0,0.0,0.0
p_35,0.9675519646445188,0.7323493647430033,0.5378323108302133,0.8146553781916797,0.1161473071367237,0.5224644672932296,0.6232307945155039,0.7463869685599174,0.6894111692072136,0.4010475117835321,0.4506050595146204,0.61636218976822,0.6414241292980386,0.7866841313717319,0.6189160866569045,0.26849080746367937,0.5014528829329478,0.004237288105668869,0.6177492179422115,0.0,0.39858490331023055,0.7318876627971819,0.5316097370749194,0.7849087310865547,0.4642857106810116,0.5029179004099056,0.6383819950852813,0.8492596244574236,0.6960734310350926,0.3563704745121105,0.27713178227439006,0.6325123147915784,0.3128435776897492,0.15031645450699008,0.7159533068244633,0.0,0.42536475631108445,0.0,0.0025608194294389317,0.0,0.0,0.0,0.0,0.0,0.0,0.0,0.0
p_36,0.9709337207978794,0.7466183438001823,0.5764377966583448,0.7318605972844595,0.06356968059731832,0.5162461477117141,0.631281761673598,0.7806129098975819,0.635911131921924,0.49125858876988904,0.43087298532994944,0.4537354321197023,0.497262478269686,0.7847873879584981,0.6215356650417668,0.2992125977322543,0.47667804051946505,0.06905890271456397,0.6281208931025545,0.0,0.18654433965528533,0.7559835111141826,0.6029681624086786,0.7339222317064953,0.41197182373289043,0.538087097537437,0.6526961444693519,0.839764126461548,0.6494376637360162,0.41503211212026375,0.32642884479012496,0.6289799645614931,0.34341808763531045,0.25368353456961223,0.7117563734336003,0.0,0.2889983555911465,0.0,0.006088279968214917,0.0,0.020304567497230076,0.0,0.0,0.0,0.0,0.0,0.0
p_37,0.9659424830129877,0.7362883421875942,0.534707635495283,0.8801965898512408,0.4010152233373703,0.5760078500744117,0.7116046104103854,0.6999497609269344,0.7599855185712737,0.6459998068296912,0.6811740873452072,0.6792883196184117,0.6378637844648551,0.8036909309714435,0.672338568202074,0.4116069241365352,0.33053545490438363,0.1732157163334746,0.7206500949133364,0.18367345064556626,0.4656837800422787,0.7228532126101579,0.5275322595967173,0.848522290031981,0.30709677023100945,0.5910371412649127,0.7054147187080116,0.7803929191594418,0.7462513068159348,0.5482269497065876,0.5740645807942989,0.5828152746638374,0.3836734686420341,0.2805872734046715,0.7329853435725905,0.0,0.2758620678594143,0.0,0.007209062784711315,0.0,0.0,0.0,0.0,0.0,0.0,0.0,0.0
p_38,0.9698364293870524,0.7505324563201778,0.6094850054443164,0.7890547261500677,0.0462962952246228,0.4968377144196376,0.5672743647439157,0.671243097711166,0.6458852862077973,0.5332326279512986,0.5126252494736969,0.5888165268609555,0.5560697737412966,0.6402445833370219,0.5031820976152924,0.23815915582328062,0.3848857638226964,0.15171583292163857,0.610492304557017,0.0,0.4147644467471372,0.7421011862251063,0.6043961032384507,0.7165658835900134,0.11098527620628226,0.5760704053764071,0.5631796171354081,0.7339845754581056,0.6633246434095402,0.4536718677125347,0.4183769527049954,0.5131339827249843,0.25853018330293603,0.3765903283931913,0.6124809247349764,0.0,0.24415142388706326,0.0,0.004346251342461965,0.0,0.0,0.0,0.0,0.0,0.0,0.0,0.0
p_39,0.9744459224277378,0.7828093741703119,0.6266387047310468,0.7911536343885549,0.3167259730119934,0.6319274684172529,0.7308138478014499,0.7826835166535716,0.7592267126985647,0.4683257914767891,0.430894308067288,0.6302906648123883,0.6199610769531245,0.832034854570589,0.6502148060243633,0.22151360497127212,0.513064129969928,0.15782828183189215,0.6361258747691505,0.0,0.28367103356768736,0.7827041741728583,0.6235056738102331,0.7601538310100799,0.17944534780676433,0.6401879472990148,0.7506853595296455,0.8335255666317759,0.6398652435262603,0.465991316535293,0.37343203706882167,0.6646542772713383,0.2554573331130122,0.2592360660035312,0.7472730317609725,0.0,0.23133543395020575,0.0,0.0,0.0,0.0,0.0,0.0,0.0,0.0,0.0,0.0
p_40,0.9726919115400765,0.7388195615410509,0.5842311054778897,0.7170095324673739,0.0,0.6874933995749375,0.5126783963045622,0.764835370350412,0.6172691237933601,0.4061364550616581,0.2963243647284495,0.4974471152629678,0.4022164263291511,0.7351003074142227,0.5639076303678536,0.19995860028988077,0.41820276256795647,0.0585831058679625,0.5130566033863724,0.0,0.2618657894948316,0.7424870193018529,0.5874754657039031,0.6744435178259213,0.12087911866521761,0.6340601932452719,0.5418111447593698,0.8076942542102282,0.6091171372081742,0.3828990224894959,0.1718086085870892,0.5524475519522615,0.1937216716573415,0.20673813011685965,0.5890645019300409,0.0,0.22752293369245016,0.0,0.0,0.0,0.0,0.0,0.0,0.0,0.0,0.0,0.0
p_41,0.9670210087064561,0.762332894675264,0.5691879577206669,0.85981176107147,0.36643025571595444,0.6187783888267285,0.7074410699248178,0.7590935498203989,0.7589355586238774,0.5275815990383836,0.5310492492718315,0.702179174866346,0.6711956503500118,0.778881228592568,0.6593799675483109,0.30862329736627775,0.5073793358301582,0.1713859897810284,0.6517881145005037,0.0,0.42521858985173216,0.752668193079118,0.5628515080490224,0.8627207545663365,0.3588390453979018,0.5544763255491277,0.6861414034740551,0.753558331311108,0.7572645281096386,0.49943917558943696,0.47117914261856225,0.7015493575019484,0.2949684247403373,0.2781774558099324,0.7132104847190843,0.0,0.5165210766558257,0.0,0.004210526271468145,0.0,0.0,0.0,0.0,0.0,0.0,0.0,0.0
p_42,0.9726469771173047,0.7753422603653275,0.5903240644888919,0.7620180386936088,0.1945137108600072,0.6372851475297866,0.715199261810909,0.8073413410283335,0.75303643623072,0.4310514890204661,0.4748105205643992,0.6363118916544571,0.7340078317003789,0.8177240355234059,0.6944998000254088,0.34885764422482946,0.46269519686121924,0.09930592579121236,0.6874778284076997,0.05161289989594194,0.34118967069371864,0.7656410270332632,0.5921287636273908,0.7251792301486213,0.2563176849040129,0.6104001774150454,0.7352222309299067,0.8158363495857976,0.6824846698447286,0.43177796364740806,0.3890784974082401,0.6276041660829574,0.37219654105085337,0.24759461034256183,0.7478216292945313,0.023809520975057025,0.2894472332718871,0.0,0.0034692107244647815,0.0,0.0,0.0,0.0,0.0,0.0,0.0,0.0
p_43,0.9626537998063899,0.7281067999129038,0.5580363820761587,0.8400103382269276,0.12150668139117034,0.5635813874568031,0.6202379482244694,0.772199376034977,0.7518082240630211,0.5880734571923286,0.6166881550622801,0.7079240317356776,0.6455561451688234,0.7961423935534505,0.5955570070274772,0.25045175234829825,0.5227362573240955,0.15979708205582066,0.6386606722689036,0.0,0.24437780926253516,0.7367104375395847,0.5835420360418672,0.826631392933584,0.36715866819964327,0.6647047114412259,0.6841843985634791,0.8522313728920555,0.670984717466871,0.4530175703185504,0.36171017714394593,0.5580285048388482,0.3281118876529904,0.1986989935026671,0.7392190916552986,0.0,0.3407601550408902,0.0,0.0009095043160095301,0.0,0.0,0.0,0.0,0.0,0.0,0.0,0.0
p_44,0.9746864430856448,0.7414449021894766,0.6188845782628879,0.8016160249123676,0.4218749934082032,0.5845566022917629,0.6629663891004238,0.7951079567189552,0.7169987175614602,0.44570886633882517,0.467264572943353,0.5393634810755807,0.6557894719584487,0.8137396534810171,0.6710589127556011,0.4439592420088325,0.4135643184166446,0.09387997567510413,0.664052525383866,0.0,0.36503855728330287,0.7357148199424591,0.6013223858623181,0.7407983979308369,0.4212454135303038,0.5537375902740085,0.6721625099535872,0.8141545396476645,0.6723328673444972,0.4475856176381884,0.3867271415929168,0.7107988159108739,0.4347826079272135,0.3166766988761186,0.7316775592752266,0.0,0.29888983519308426,0.0,0.0,0.0,0.0,0.0,0.0,0.0,0.0,0.0,0.0
p_45,0.965626893560651,0.7496630362482712,0.5261177621759107,0.8451544319243032,0.2306368290768188,0.540060163207553,0.6557260464070092,0.7275917381554082,0.6609692766540791,0.4880301597662298,0.43059239515784176,0.6360014464469342,0.5765432080970888,0.772074573459409,0.584207844539778,0.15805318575500957,0.3886335127930066,0.039780520989159664,0.6021934192404508,0.0,0.41157556005417645,0.7278902202324239,0.5323091783943482,0.83673409446677,0.17005544972171074,0.5272166349106345,0.6347631267558953,0.7850023726282749,0.5969685186582118,0.3886338793566843,0.26645411007411957,0.5899881887980484,0.18781020411393648,0.1408789877129501,0.6861473547260354,0.0,0.3639455766839048,0.0,0.004829251449364431,0.0,0.0,0.0,0.0,0.0,0.0,0.0,0.0
p_46,0.9618687470982749,0.7545379831691295,0.4996574480277028,0.8530681930167047,0.1860465089237426,0.6031851992174987,0.6133714013313212,0.7306529171926762,0.6770070992058906,0.5064096561182655,0.4455632463906792,0.6497500936188001,0.5278051973418716,0.7351675087754745,0.5419226952012659,0.11128015624585927,0.34295415813686686,0.10057471192115867,0.58899676325243,0.0,0.5080946429717947,0.7830643481985835,0.5265667299596372,0.8259511569253212,0.31070495677930865,0.5039223214833649,0.6013306578910633,0.7828426549475642,0.6027854054503871,0.44086131192890976,0.3754629620938358,0.5839893847111991,0.22629391721516073,0.23898531215630633,0.7138114203902628,0.0,0.41578741533494556,0.0,0.006127450961619329,0.0,0.0,0.0,0.0,0.0,0.0,0.0,0.0
p_47,0.9699457415057235,0.7147194331267968,0.5446231613748561,0.8541989646637729,0.3621399158326136,0.5404002847020963,0.6356631810216622,0.7546515654948275,0.6842506804531328,0.4989453494736862,0.47326507287084174,0.6523449299475191,0.6291195262441723,0.7385339608711274,0.6381923914213058,0.1720253938725673,0.43933588574143934,0.01639344252697048,0.5791519429512793,0.0,0.48840262368313947,0.7201357730354299,0.5531167411303496,0.8480250960079779,0.42386464448918393,0.5046950495934551,0.661142462144935,0.7879076405689671,0.630187518567284,0.4075900510210227,0.3297180035437021,0.6440708762888951,0.25914237932217865,0.18266253728589368,0.6892430273163653,0.0,0.4055532166362927,0.0,0.004514672671671484,0.0,0.0,0.0,0.0,0.0,0.0,0.0,0.0
p_48,0.9657847047301382,0.7416255531422447,0.543619148781469,0.6490043863499757,0.04761904635928449,0.5635699817367964,0.55541037320131,0.8155069578451755,0.6431718052229489,0.34577818316222897,0.3671497577719254,0.5620736660158686,0.5403587428801604,0.7708690022729543,0.5472179677925288,0.022857142808767952,0.3625254557873357,0.04470198638491733,0.6559433805244143,0.0,0.21728394525224828,0.7480434807642911,0.5488788212792512,0.7006609999991084,0.0,0.6549600510924831,0.6437490903330121,0.7650167147821543,0.5764809894245786,0.37739113680919817,0.4022201657683253,0.4317925587826075,0.06207508119705132,0.07448494394227462,0.7017572532065736,0.0,0.21282400801058654,0.0,0.00429799423855305,0.0,0.0,0.0,0.0,0.0,0.0,0.0,0.0
p_49,0.9732237305259123,0.7633915804772955,0.5871562017190173,0.8636810520176015,0.38729197598650567,0.6234360637347947,0.7168720303455106,0.8021402048470516,0.7897435888631621,0.473641958367994,0.5383185281174995,0.7213997283936752,0.7338178118407677,0.8327360773474195,0.7032163735346529,0.42895586536879476,0.42673030822563096,0.09454061188721297,0.6521932550474302,0.06451612209504064,0.45714285447730113,0.7657661151774202,0.5851989799244145,0.8566412716606024,0.4845678937566683,0.6289705766352589,0.7470116214203784,0.8210478303283463,0.7561104637010788,0.5029951502301082,0.5321610353258653,0.73066221412478,0.38342172385892415,0.21492537153040767,0.7494129480464501,0.09999997500000624,0.4323271643995756,0.0,0.0,0.0,0.0,0.0,0.0,0.0,0.0,0.0,0.0
p_50,0.9713515182922997,0.7617221634333156,0.5894798236818205,0.8847171552889951,0.37460317262114723,0.6036702591312417,0.6660943939968529,0.7415430950292267,0.7690090080852745,0.6718487387900749,0.6567026887636177,0.7418921497948722,0.7511153589051699,0.8104898888343217,0.6499459027737328,0.36235884476196023,0.35687732221400026,0.27514792695896506,0.6973567494257967,0.0,0.42753930970021536,0.7397781679299167,0.5759054143653841,0.856105226901547,0.4236252528569236,0.6109564314577937,0.7247597657873599,0.7266717513814698,0.6550804772834201,0.6846337745222411,0.6975609740630577,0.6278804031347549,0.3144963138523827,0.2746268629390362,0.7214446166222183,0.0,0.3097218230291889,0.0,0.0024668516729360107,0.0,0.0,0.0,0.0,0.0,0.0,0.0,0.0
p_51,0.9678046604904194,0.739017100550246,0.5669665322023376,0.8580587374317543,0.3859838254124861,0.5918400607392404,0.6832641769901086,0.7805679945691469,0.6957906704257216,0.6154477375982689,0.6365678332511954,0.7469204913271361,0.6807116088934654,0.8363392599297188,0.6305649077529322,0.31347351963887554,0.4153088275281969,0.2838813128798612,0.6304735108950085,0.03636362975206731,0.3372578794635097,0.736977419007833,0.5588129338059394,0.8898962097944172,0.4428341349208202,0.5637009270933713,0.7125714163843588,0.7842544438358602,0.7065465196975936,0.5027643004594784,0.6712264135112584,0.6494113567785567,0.30967500876041276,0.3806343874738365,0.7583780448954367,0.04878047590720099,0.5164441533166911,0.0,0.002901073388740721,0.0,0.0,0.0,0.0,0.0,0.0,0.0,0.0
p_52,0.9630327833844609,0.7591341248324556,0.5739633936815355,0.8152827912039089,0.15245008797731238,0.5902031459245879,0.60769131201452,0.7932092231895446,0.7331238205743258,0.5737058766981643,0.5591897012889012,0.6142533901908745,0.6368894581076816,0.7777992420272235,0.5625126640704026,0.1564008492828715,0.4961606586168892,0.14839572093318368,0.6297241658050851,0.0,0.34929577136811485,0.7636175685579937,0.5687193469902532,0.7747152414792494,0.38095237732426307,0.5469202762933872,0.6218573384690215,0.8658929718107173,0.675239468999817,0.4804412384552896,0.42563783359129265,0.5723867163648072,0.259452192472774,0.41506849030775006,0.7366669433924062,0.0,0.36263735979091555,0.0,0.002331002303834472,0.0,0.0,0.0,0.0,0.0,0.0,0.0,0.0
p_53,0.9689702774620896,0.7730153422890904,0.5720267076812836,0.869172493855925,0.40496893906870884,0.6325315004519795,0.7469127680301918,0.8139747990756159,0.7799783930140699,0.576396025542655,0.5949732167388273,0.6967741914077598,0.7167805607945625,0.8185893055140404,0.7063369390394736,0.3804721513168184,0.48836259498422785,0.16533986426613678,0.707302558269742,0.19999997777778025,0.42565266500764665,0.7753984561930137,0.5788049314737481,0.8486847330331858,0.3436341119451902,0.6244760248186328,0.7755900664881346,0.8317870104121553,0.7741369854530006,0.5803352962570592,0.5287800675928264,0.6416353056434867,0.32090942914478304,0.4128440335409478,0.750310558384836,0.15217389650283733,0.4510763187325033,0.0,0.0020387359629078904,0.0,0.0,0.0,0.0,0.0,0.0,0.0,0.0
p_54,0.9696965896766693,0.755675702218618,0.5455987781225361,0.8625252520896337,0.296703292627702,0.6369358879497728,0.7258607299438696,0.8257812956662248,0.8115477134301688,0.5626352935881079,0.5776578993534325,0.6610169462042063,0.6263772934010774,0.808737747684918,0.6873808609536972,0.3777941528425592,0.49068322727389635,0.16615384487573967,0.6713008931377621,0.0,0.47280559788473026,0.751135107031928,0.5456836268914664,0.8315529987227867,0.3327999946752001,0.5968145846745838,0.7066396564252196,0.8413265929963466,0.7803726045914818,0.5388938178656277,0.5334510917786464,0.7238820164377907,0.4202961663321077,0.351918896800008,0.7636622976164195,0.14545451900826925,0.4673267303597687,0.0,0.00947867287347544,0.0,0.0,0.0,0.0,0.0,0.0,0.0,0.0
p_55,0.9721689280982713,0.7464015313180268,0.6028624793535128,0.7459104216401812,0.007604562448495725,0.5645024949466225,0.6418807209536755,0.7009365775559439,0.6315456074413581,0.43479712770512846,0.25577387063810086,0.5675977621921913,0.6214401467435977,0.7858474048701294,0.5983244747335155,0.2168178066429971,0.4209599276928228,0.09090909036537625,0.5872638204427825,0.0,0.25948592093652484,0.7572235288675125,0.6164332036413073,0.750553363126478,0.20915032224073374,0.5622968110271356,0.68181625166793,0.7894299941019046,0.6380638057425104,0.3839892587194854,0.18243370287298533,0.6364496425247702,0.27310092818830733,0.12307692234865726,0.6893061458931303,0.0,0.3655483206532383,0.0,0.0,0.0,0.0,0.0,0.0,0.0,0.0,0.0,0.0
p_56,0.9649539335988419,0.6918675336757943,0.5778372604007499,0.6350197786435355,0.0,0.523524128272471,0.5930113333019118,0.7217721010888956,0.5949571474413649,0.41917621146994144,0.26106270244137586,0.29782487285094883,0.5561852637166597,0.4554628834848303,0.36382721004131835,0.08023117443441923,0.3497372176314514,0.12529738203570673,0.33900372732022793,0.0,0.1146953384463201,0.6966289199311777,0.5784595690951212,0.6410871295636781,0.118483410918443,0.5036594372349997,0.6381489539535303,0.730625106144343,0.6180868732280004,0.3683396595189515,0.2119375570028695,0.34937128201989964,0.18374826212087925,0.21483021334143998,0.31940918507622956,0.0,0.1947089926485821,0.0,0.0022727272598140496,0.0,0.0,0.0,0.0,0.0,0.0,0.0,0.0
p_57,0.9667563014800402,0.7601289440476395,0.5869460322895239,0.7817447991448736,0.10074073924828535,0.6986344798683581,0.6629055756668986,0.7868954754682882,0.7768577258018521,0.4622207342797919,0.5712365581800462,0.5928213022276291,0.6221389916310051,0.7472685450432238,0.5896167067100422,0.18678008118592934,0.5045965244913354,0.27059843650825294,0.6639122591166524,0.0,0.2677531982799395,0.7686744366217151,0.6044795474662139,0.841380619645169,0.2841409660336898,0.6655934317133398,0.7363314329253385,0.8148297803743663,0.7602459008604038,0.5318370329902927,0.4836158182982753,0.5667530540046256,0.2805995000269227,0.43510324162903213,0.7287895922449169,0.0,0.3816013606950519,0.0,0.005326231620156703,0.0,0.0,0.0,0.0,0.0,0.0,0.0,0.0
p_58,0.9671011192875755,0.7340478015881705,0.5824957277439211,0.8023145210308827,0.1123595487582737,0.5142616612742712,0.5547294639217745,0.6716269367936937,0.6561951011096465,0.5509022236249247,0.47815072755200966,0.4965143280537787,0.31849177569798726,0.5774853288792265,0.5211117045064033,0.0940045955838634,0.25428313681567566,0.17501669889768404,0.498248345271897,0.0,0.40230547318555926,0.7428954085762587,0.5767662697434769,0.803497615006837,0.15349886959933556,0.5000701306343551,0.55052948922334,0.772149093306675,0.582542169248279,0.40417586114057386,0.371491006267455,0.5348940579827426,0.17989067387793495,0.20054200406136855,0.5008222451032873,0.0,0.3962115217197651,0.0,0.00460947502020621,0.0,0.0,0.0,0.0,0.0,0.0,0.0,0.0
p_59,0.9650737859721031,0.7582402849753268,0.5600561800116937,0.8336151634615537,0.4061433377791239,0.6109280888138617,0.7054338977873008,0.8071389342080512,0.8095180274256185,0.5361952856311076,0.5519010950503823,0.595458365872757,0.6862850953394031,0.8252303374844214,0.6522503873230726,0.3622325162977443,0.41141140935229525,0.11257309859230191,0.6681295526480036,0.02898550304557927,0.4397660792996136,0.7568960723216804,0.5609582686289298,0.7962788945704384,0.25059665572080364,0.5771578028615629,0.7153615548861564,0.8303350568752332,0.7853695697417201,0.5525252519671462,0.5465721027267799,0.6148692652694991,0.40131985893726574,0.46130952037716133,0.7430895652501954,0.0,0.5362078466765735,0.0,0.0026385223926316307,0.0,0.0,0.0,0.0,0.0,0.0,0.0,0.0
p_60,0.9746137021255216,0.7544455558658155,0.5754833245637597,0.7982356928306742,0.14559386694264623,0.5932916495364209,0.6444004475694397,0.7769853001752696,0.6960556837206753,0.3411313666057966,0.1788226579436826,0.4157764961727486,0.5029558867532702,0.8192488597339058,0.624847631856683,0.22166921856495173,0.38911564361145823,0.015203869970947685,0.6163388800178979,0.0,0.2510288040017613,0.7666605864021953,0.6011433703846261,0.7699375224978945,0.19219218642065508,0.5620426031491697,0.6811210998963869,0.8146011713318607,0.6653139893828609,0.28407976439679655,0.10765379093767205,0.6035360063790116,0.2474349438699852,0.04809619206348569,0.6413058902474763,0.0,0.278936015248483,0.0,0.0020263424313440486,0.0,0.0,0.0,0.0,0.0,0.0,0.0,0.0
p_61,0.9624922144911044,0.7300697228446866,0.5747223570149166,0.857826838512373,0.415763542701837,0.4252898331501257,0.45243862321308886,0.6817087842550598,0.6124212415729782,0.5317337457184723,0.5033190728672089,0.5697921074039201,0.3549839205467272,0.49427236540413305,0.6359239487692429,0.18468583010764225,0.24950625329326445,0.13676470487673012,0.49273951448629877,0.0,0.4178464160538549,0.7414380834377297,0.5655740603148526,0.8365279120497949,0.32850241149151677,0.3894911740356505,0.4385281576566099,0.7754792895737376,0.6587864455013503,0.5354520950325694,0.4741800410429518,0.6170195760151661,0.2967590779055856,0.07264296698112081,0.5538731267501809,0.0,0.40242346810451696,0.0,0.004872766635428352,0.0,0.0,0.0,0.0,0.0,0.0,0.0,0.0
p_62,0.9610652684042433,0.7144599062532545,0.5389293599000142,0.864487272692794,0.2944785245963341,0.5286244258725221,0.45820658952158594,0.7504644677482208,0.6984961607966178,0.5395873097540339,0.46701471175364334,0.6232219628738935,0.6805970135709513,0.6908369063536863,0.6012486986459431,0.11898016966525837,0.39784946083775163,0.09374999913832721,0.5760152719749955,0.0,0.49622799456735955,0.7223395092392298,0.5458776573613117,0.8359823330721442,0.3460282878560578,0.48725426421180906,0.5899305450712642,0.7918657351513747,0.6983246177586975,0.4715576288379255,0.3678667637328759,0.6276544627388734,0.2255905507370265,0.36564223510132204,0.682120879472207,0.0,0.41017227067197587,0.0,0.0041899441048188265,0.0,0.0,0.0,0.0,0.0,0.0,0.0,0.0
p_63,0.9626728186295959,0.7373354780566936,0.5067420962336939,0.8594576987094988,0.4799473998688534,0.46605958655413265,0.591180879227859,0.7554713075102124,0.6760842618635883,0.4830097082493834,0.48056536971849584,0.6520100488860762,0.5236220451825904,0.7883361584319442,0.6707177448958893,0.27964601699204544,0.401644960926508,0.02372034941497909,0.64844315654558,0.1463414455681164,0.4720578551214403,0.741951552770178,0.5264484734174524,0.817475243974196,0.5165945128672834,0.5041774583289795,0.6156126009357034,0.7600024354424199,0.602273934117231,0.4643760534734654,0.3989165220415747,0.6775274762822298,0.26496034559307796,0.07909604455935396,0.6916013809353876,0.0,0.48425509265875866,0.0,0.007514088869667571,0.0,0.0,0.0,0.0,0.0,0.0,0.0,0.0
p_64,0.9773656247888077,0.7768035394816475,0.6262824349552253,0.8371106014612042,0.27975459779442213,0.5601901671093958,0.660525025986298,0.7726688924877119,0.8083832325648105,0.5522930891933886,0.5658093785048425,0.6894931161816277,0.5667665648792322,0.7901447509486362,0.6110634641819646,0.28188448594148535,0.4042445659209471,0.2273655532514258,0.6238421950052812,0.0,0.4146341436801403,0.7697802880215557,0.6137146412712846,0.7969859793731172,0.31689087717651904,0.540664787016599,0.7014239677375487,0.8234782131189261,0.727201564609,0.5045756665980391,0.5081104767467987,0.6197209647249992,0.3040685218920216,0.37942121942494395,0.7722617594408421,0.07999998400000319,0.40432294720710144,0.0,0.0,0.0,0.0,0.0,0.0,0.0,0.0,0.0,0.0
p_65,0.9731316298556925,0.7424870183465146,0.591276578163131,0.8064094173927996,0.2129783658406262,0.5131172957166361,0.6492063167344784,0.7361137258820779,0.7157716488682008,0.41774294075198815,0.39364149677129995,0.5778175287217462,0.5976261109862726,0.790069524634878,0.5638206488886612,0.2254074215091156,0.41178983164549404,0.034143138318167184,0.5802341318943743,0.0,0.31274900086903384,0.7326896543829242,0.5793961367865428,0.7572903317328835,0.06164383456089324,0.47919088946735827,0.6170838005836741,0.7920754534375679,0.6768373886949541,0.32054748198669525,0.22882615107445098,0.6096135103851791,0.2600304718807678,0.15428571318367348,0.6425987216976379,0.0,0.40677965773382035,0.0,0.0,0.0,0.0,0.0,0.0,0.0,0.0,0.0,0.0
p_66,0.9628482969179794,0.7426095589127847,0.5121766553538462,0.8278182356680643,0.1913043436672969,0.5177263866761969,0.5944404626581247,0.8099854071242519,0.68909626634443,0.3066117247549993,0.33684672741140376,0.6235606704005284,0.6509305477736483,0.7756551402115591,0.603913697336765,0.18137730314893963,0.4400801585567929,0.0472813235044813,0.6257581157458454,0.0,0.4028776946212814,0.7426615037019391,0.5288603815592635,0.8191203622548597,0.38990181781343874,0.4925569656390481,0.6356130873010974,0.8092465551338868,0.6630110851555476,0.33672585498405605,0.29162656330214975,0.632109834097217,0.2028581383707596,0.05202754359581069,0.6955180386532539,0.0,0.39293361674018407,0.0,0.003976143101628796,0.0,0.0,0.0,0.0,0.0,0.0,0.0,0.0
p_67,0.9700521315837799,0.759098940264507,0.6142447452836113,0.8528734451395151,0.2910447706894633,0.4981756746456868,0.5713761402381251,0.7751994194679377,0.7734351444052696,0.43980343944324046,0.44755520416491484,0.6587274560778242,0.5878667029681951,0.6770075201220175,0.6081436468593964,0.2816786074070039,0.552246337444491,0.16129032158008486,0.6504293257509666,0.0,0.3409893962810124,0.7635521330660671,0.6287084707852039,0.8256743997090396,0.313323567886917,0.5143254304557378,0.6374826810777744,0.8221025663536502,0.7356227568061274,0.4428050681801727,0.3846790882304781,0.638457156287365,0.2966047400759053,0.24110671777927065,0.7268013719200904,0.0,0.31007751719466164,0.0,0.0,0.0,0.0,0.0,0.0,0.0,0.0,0.0,0.0
p_68,0.9722424639726873,0.7716574050850086,0.5856983761661684,0.8297270844679097,0.30281689607716733,0.5998600132134011,0.7098259347230115,0.8393150607860281,0.7775835945734783,0.5145283014013884,0.4731792401369838,0.6189607993666326,0.6770630257405359,0.8058849361933175,0.6732653054354436,0.34870316931102685,0.49375600147091253,0.17826935472824101,0.6774304356944088,0.0,0.4700272447545828,0.7734872861651535,0.5852219938073968,0.8396823473859466,0.44413407200930066,0.6983451683457401,0.751097842050482,0.8253769554336404,0.7538337360154114,0.5566336628152142,0.4945848364291859,0.6862672118661451,0.41276135469942077,0.2973878077870877,0.7614043859883209,0.0,0.4643962824334557,0.0,0.0,0.0,0.0,0.0,0.0,0.0,0.0,0.0,0.0
p_69,0.9687721911747238,0.7690476424591637,0.5635558822499352,0.8016351951193075,0.22154779633463131,0.5551774062096577,0.6455567201952629,0.8216596657840506,0.8100840325661487,0.490396223805953,0.5328416673592034,0.7121107241795476,0.6470223304993103,0.8064024133400817,0.6077014339254649,0.20467005034584762,0.524999997737069,0.1917177899408145,0.6987823298384301,0.0,0.45639771429178716,0.768147636734891,0.5618623881979193,0.8292743379628963,0.31884057585941333,0.5943530752743886,0.669022217072462,0.8269333804685757,0.7539682529709415,0.4879082758571074,0.4561872899527597,0.5915862451123525,0.1808351972765936,0.371747209131991,0.7519199234171025,0.0,0.5094816655532133,0.0,0.0014630577800800455,0.0,0.0,0.0,0.0,0.0,0.0,0.0,0.0
p_70,0.9791048899056378,0.7749589849030364,0.6465790534053703,0.8473661875348953,0.34380775704606736,0.6050624231344367,0.6234950487502477,0.7782702057028053,0.7398067181409971,0.5203712438883348,0.565320664050209,0.4740740708816561,0.44902271289475587,0.8148202971142725,0.6040856994478468,0.3925557230197885,0.31699999841500004,0.07189934049191528,0.6384512230653275,0.0,0.3381586546719244,0.7730776745366669,0.6448303647190486,0.7394969221705265,0.10126582022111848,0.6426341538180268,0.6503044450080556,0.837885672883097,0.6819145367824228,0.42683460121854755,0.3696407872351472,0.5696109159417196,0.4079585346798888,0.2001227734799093,0.6951296642195369,0.0,0.4029451110913982,0.0,0.00578703700354724,0.0,0.0,0.0,0.0,0.0,0.0,0.0,0.0
p_71,0.9773780336636497,0.7535412740646149,0.6097954463697789,0.7952714987463101,0.0,0.4382532700579406,0.5238507292403275,0.6926134478748702,0.6957453016300795,0.5380936671024953,0.465857633642714,0.3470715810045439,0.3007217309513964,0.6990455372387547,0.5260156800593779,0.21148684860041103,0.21322124488643007,0.04733009680018145,0.6156753199016798,0.0,0.43835616009436246,0.7538709841303138,0.6109987313821349,0.7449574176415976,0.1943127916039623,0.5137875722834524,0.5253713255449186,0.812427357705665,0.63690677416649,0.431995785027662,0.4122978489207431,0.4994479200409938,0.29129793456619113,0.2845849783624178,0.647400659142924,0.0,0.27772599927561975,0.0,0.0018770530179396854,0.0,0.0,0.0,0.0,0.0,0.0,0.0,0.0
p_72,0.9610369803198616,0.6844522830849947,0.48215017776697544,0.811628205214431,0.2660550428204697,0.4767771988648009,0.49242184791827176,0.6740950041722583,0.5994269335249026,0.5625154736630227,0.52229299265213,0.5232613896324667,0.5034111292516655,0.7432844749112646,0.5541024717358451,0.11509338688769967,0.33671742713841674,0.06732673222886645,0.526118795340831,0.0,0.4001338226827239,0.6796134432991622,0.46415445585616116,0.8098051537876039,0.3189017917750603,0.4877215396004157,0.5514221315479645,0.7895479483723292,0.592695726044023,0.4227584360940625,0.32655576026585387,0.5947328814185606,0.2188552184458376,0.14318706587230898,0.6508518784944551,0.0,0.4770346481949109,0.0,0.00039864460753708474,0.0,0.0,0.0,0.0,0.0,0.0,0.0,0.0
p_73,0.9665730494959921,0.7688419047565355,0.5755486256238661,0.790857333564252,0.30769230353991495,0.5838859415477642,0.669914805515152,0.775373862595522,0.7841432888395321,0.5871907416328903,0.559652028666835,0.653577658579504,0.6122215859159863,0.806915401030693,0.5700306978414902,0.2566577296574482,0.455948230682189,0.11805078848283604,0.6681266840733434,0.05797100609115854,0.31953801424891226,0.753857928741205,0.562245903370337,0.7644399791416977,0.3813953444023797,0.5695092159727757,0.7195529940455755,0.8313959464914125,0.7151413835977972,0.5268889096122945,0.4677640592872335,0.6305108461944446,0.3091771075022399,0.22740112833756265,0.7773286164920594,0.0,0.3031458503036621,0.0,0.004464285664461097,0.0,0.0,0.0,0.0,0.0,0.0,0.0,0.0
p_74,0.9654346855751821,0.7501040767856461,0.532337063497482,0.8905122885243456,0.4007029859371573,0.6484092512359252,0.7569118799457915,0.7977040811239132,0.7771567922191274,0.7008944537559084,0.6868094685754015,0.7499070963398233,0.7471031805276749,0.807333893892795,0.6044027892279831,0.39109255302460555,0.38134887434908876,0.2549923175499822,0.6768939387529413,0.09756095181440198,0.3915756614993149,0.7349051449197468,0.5429517528156874,0.8742740194195339,0.4005920059171583,0.6068798123939404,0.7551590244204617,0.79793613108497,0.7196446192303607,0.666601466340732,0.6791131839460602,0.5799400323242673,0.2854100100417252,0.3465959297383207,0.7219917006074056,0.0,0.34271419530108127,0.0,0.0025321797794214396,0.0,0.0,0.0,0.0,0.0,0.0,0.0,0.0
p_75,0.9730799131763729,0.7697376549452286,0.5939616206814498,0.8160010806027427,0.2414414370911453,0.5694571903454237,0.6765041012423121,0.8202521345972692,0.7339957228851771,0.4540816321704064,0.4536082463834863,0.6613026794586103,0.5922718168145509,0.8355181022416482,0.6714518129280775,0.3787011685028585,0.5516467045222803,0.18910256258731922,0.6799318807206849,0.0,0.32544378377274374,0.7580905729442343,0.5877602536167802,0.7969260059868567,0.5031766136826352,0.5692124521887431,0.7012091460396398,0.8219238384206891,0.7147170792769896,0.4998494424371681,0.4104202496671903,0.691634581123876,0.27466820489581034,0.2942989191502395,0.7185958094972128,0.0,0.3181427315722895,0.0,0.0059701491646246396,0.0,0.0,0.0,0.0,0.0,0.0,0.0,0.0
p_76,0.9654737977601772,0.7358097699975099,0.5566567235867691,0.7942087536739335,0.12499999660326097,0.4733798543888678,0.5417152105439675,0.7371798476007995,0.6988258583974737,0.3637199040950929,0.3213795800090543,0.6294061586871826,0.6054803545543732,0.7887545433144789,0.5973101259915842,0.10794044642692216,0.4817813740800538,0.006683375048593358,0.6254110103486966,0.0,0.4463722362273483,0.7450349676030834,0.5608111362561082,0.7877834949553156,0.21807747176359438,0.46313124749072904,0.6001919044315582,0.8085106378160137,0.6443024485565729,0.3429403199001064,0.2755474446269447,0.583699113018591,0.19850129958938478,0.05950413173963528,0.7009374994523926,0.0,0.40213903528267897,0.0,0.0030165912063862565,0.0,0.0,0.0,0.0,0.0,0.0,0.0,0.0
p_77,0.972606246550784,0.7513611136992474,0.5899957989337845,0.7527074336351214,0.051813470160272795,0.49463385191807335,0.4747907214181389,0.7737131151569798,0.7031819277347803,0.4128353313095529,0.33845001808601644,0.5199719655222708,0.6461348917581309,0.7290483692468043,0.6044245985341744,0.20934332258848984,0.3969368194196757,0.04391691368595303,0.5906995547183991,0.0,0.20030816332344895,0.7568689905150885,0.589395807635022,0.7576785707520727,0.24696355775377415,0.48973828993482893,0.47873760091359274,0.8233345406991384,0.6808253883421922,0.37695057067653165,0.27297297244599816,0.624047574220361,0.28985001693433904,0.1339155739889696,0.6966273461566478,0.0,0.21319796737870084,0.0,0.0,0.0,0.0,0.0,0.0,0.0,0.0,0.0,0.0
p_78,0.9719586297582972,0.7591311537074168,0.5849999379199875,0.8041385079814972,0.16272965452153137,0.6433335533720751,0.5646666718382792,0.7650278972707507,0.7280564253813265,0.41179452482950785,0.38920922489866305,0.6078431341184565,0.4041493759163926,0.7553503985439496,0.6434965764681447,0.2651705970570859,0.4088843997532337,0.017449664312418362,0.6548054816933638,0.0,0.4642570243834777,0.7488264566138504,0.5836722544166745,0.7700119095029073,0.08854166436089417,0.4892305716160192,0.5347966966411369,0.7996719514490586,0.6181629198153009,0.3983940136888457,0.2995999994008,0.6105159699159548,0.23642702932686863,0.09394145613382263,0.7006746744276167,0.0,0.4078947341585873,0.0,0.0028368793923846895,0.0,0.0,0.0,0.0,0.0,0.0,0.0,0.0
p_79,0.9713520998318919,0.7651929096558816,0.6006114234706639,0.8534296749192485,0.19650654592780467,0.5498020051310469,0.628839933220141,0.8031504496339743,0.7795195660544496,0.4851657936206799,0.46146616432926185,0.619548869074943,0.4979367245600525,0.7890673556889222,0.6837498674641466,0.3444418542427363,0.5487583249620938,0.14221072952675676,0.6751264677397527,0.0,0.37807448785611747,0.7631359595945945,0.5974418029596649,0.8275901738321405,0.3566121789507849,0.513023024138004,0.6172270407919218,0.8382250977361768,0.7452021717016268,0.43565709779764,0.4235028239016886,0.6798029549673615,0.35005879978428306,0.1893063570136824,0.7378492796461903,0.0,0.3647566212892383,0.0,0.002209944726961937,0.0,0.0,0.0,0.0,0.0,0.0,0.0,0.0
p_80,0.9679572308916349,0.7465389007928037,0.5918126427362362,0.8704742326030026,0.40447154060496404,0.6260805181626875,0.7051853936040818,0.8126577814755722,0.7728553705637974,0.48628599269274186,0.5602409625573658,0.6480891693945494,0.7565698461121028,0.790572906535625,0.642497049616543,0.30524344497836275,0.6069031610407326,0.15775400964068176,0.6586943730065729,0.0,0.40302266799484804,0.726830906791229,0.5754398847248166,0.8694124936740091,0.1438127066252056,0.6035514491153439,0.7196209418475591,0.7879058488308313,0.6940340580872516,0.5691812651330164,0.5171464317468174,0.6049095138820019,0.29772520418976306,0.3111111088065844,0.7130434775941623,0.0,0.4076492518299941,0.0,0.0018570102049349571,0.0,0.0,0.0,0.0,0.0,0.0,0.0,0.0
p_81,0.9594409059128075,0.7306287299816095,0.5179441587842218,0.8408136904421446,0.45875705696319713,0.48737802282432147,0.5115548464141688,0.805035061038605,0.6759398487770177,0.4680007920863872,0.4814122523750525,0.6555162410565576,0.5735245062570039,0.8145217454523935,0.6934306562853915,0.2624244010980163,0.46776470368110723,0.04347826061411128,0.619294517110672,0.0,0.5226006159591293,0.7122032422038876,0.5011931914260821,0.8322487760344806,0.40229884479455685,0.5465037212999165,0.6098411601683493,0.8216074404831818,0.5702914912656862,0.4074793088714833,0.23682526085593075,0.7103892658571902,0.3232205361275369,0.0522625873023417,0.7002030927197289,0.0,0.431770171390916,0.0,0.005479452004753863,0.0,0.0,0.0,0.0,0.0,0.0,0.0,0.0
p_82,0.96963154530205,0.7198315381729625,0.5718064253668678,0.8724470985636571,0.45942571498485824,0.6000620983066082,0.7084232124385381,0.7619154798481147,0.7259675398190101,0.6038420309969148,0.5644444431901235,0.7066666647822222,0.7566999461259416,0.7913456860549843,0.640898962858763,0.36384309163205486,0.5036717040878111,0.05826472414018541,0.6464595852985474,0.1818181542699766,0.47114925860205403,0.7422601749678677,0.5768259538208824,0.8642390287655899,0.5227272692331065,0.6335657909897762,0.6982282191060716,0.8278321842414266,0.589774519263455,0.5184012658108417,0.46996056490382615,0.689179103834721,0.43336853129172437,0.02265372149956536,0.7547688322383052,0.07407404663924198,0.42818428018511695,0.0,0.004332611224241608,0.0,0.0,0.0,0.0,0.0,0.0,0.0,0.0
p_83,0.9653692638860817,0.7493258352962306,0.5700340230459142,0.7994517703365492,0.2427440569196819,0.4667219149718475,0.4418324899066664,0.7332895740437099,0.7161337051473314,0.5769339218188421,0.5945539894937953,0.5306823747405931,0.5916102825666839,0.6106293083479667,0.5159208256067978,0.16391014523843458,0.3788150790896989,0.05159705128011639,0.5972347209382028,0.0,0.3687556733083045,0.7435177454114743,0.5757349932467009,0.7625956913109331,0.10351201287408479,0.4591332007222054,0.5268217006702139,0.7501256908831206,0.6149623901047343,0.4592011264119115,0.47818760442204156,0.4533005613998415,0.23010752646934135,0.22156572953053377,0.5976512221704865,0.0,0.3691709820649548,0.0,0.002314814805884202,0.0,0.0,0.0,0.0,0.0,0.0,0.0,0.0
p_84,0.9670388189854705,0.7196964711875887,0.5375574604000941,0.7838351353523567,0.14285713985594245,0.5919121419747624,0.6010794859568146,0.7168137500730889,0.6196275064235583,0.3557318783736409,0.23106350376613716,0.5394274206959949,0.41749174745259177,0.7461659024233304,0.5737784222798468,0.09731354481060767,0.35514018507196166,0.04741110388389829,0.5334993381577314,0.0,0.3942857105306123,0.7254829262501999,0.5526655931742522,0.7478333794046454,0.27601809642513464,0.48778171135368537,0.5949637278368719,0.7663992909963095,0.5698862977260982,0.3862329410469205,0.16496163647706388,0.5877469694606119,0.17773207964492937,0.0943762114132113,0.6346683447677486,0.0,0.4149620080949035,0.0,0.006309148165470849,0.0,0.0,0.0,0.0,0.0,0.0,0.0,0.0
p_85,0.9667832113088155,0.7260811318915197,0.5773846791389643,0.7462275289508504,0.02173912996219283,0.40127795521814724,0.45287811101130326,0.766477152681366,0.619052271012162,0.5121455841155694,0.5315016571427418,0.3795620423374489,0.34528448813217266,0.5186131569068323,0.45641562024371024,0.1026191496294136,0.2731023091043634,0.12172923707776316,0.4853618417061169,0.0,0.35459332735755805,0.7105766382745627,0.5606376346045394,0.7800695911396243,0.2102564075608153,0.5342905269198296,0.5460177296025651,0.7421673815760905,0.6094724103382596,0.44119693768163104,0.3936756077568385,0.5605136432098606,0.2251025426987653,0.18598382624000118,0.5561505061098766,0.0,0.37639007537899877,0.0,0.004013042377694902,0.0,0.0,0.0,0.0,0.0,0.0,0.0,0.0
p_86,0.9781167380734276,0.7808680765188066,0.655288869071182,0.8424212514012578,0.29062499545898446,0.6039320689938869,0.719146402839283,0.8246044122884977,0.7696698923186028,0.5658664509119765,0.48744820743980455,0.6304088899150103,0.5718360050914937,0.8083246282349016,0.6551758289696129,0.402896641643852,0.6300751856012211,0.12507374557478618,0.6658404035982073,0.014388488173490059,0.38260869232514183,0.7568521723233357,0.629933453170752,0.8424137262994357,0.372093018929151,0.5850497655347145,0.713424195795456,0.8561264356119866,0.7948930124188521,0.5491211835808315,0.43539054861284826,0.6698777318730291,0.30384236393331554,0.1553150849438887,0.7401313049612471,0.0,0.37764514173822494,0.0,0.0,0.0,0.0,0.0,0.0,0.0,0.0,0.0,0.0
p_87,0.9733933628365722,0.765832847478277,0.614455835626476,0.8144648958996051,0.3382352891435987,0.5380773177321113,0.6684160408896793,0.8397284225698342,0.7658296278195007,0.4083923802260124,0.40621627367533725,0.58014276067396,0.5611921351896254,0.8239098264813186,0.6606236397202468,0.34134401348165555,0.47999999704615387,0.26964769465008337,0.6994394129370941,0.0,0.33789953952169477,0.7659725801214158,0.6118078007196833,0.8210629639454053,0.3896499179657547,0.526367046507292,0.6724198059857073,0.8614945802273277,0.7365605086158465,0.5177584841552587,0.4437312784686965,0.6649479783952233,0.30540590691917907,0.30213040476352226,0.7691914015957084,0.0,0.42915531042809735,0.0,0.0,0.0,0.0,0.0,0.0,0.0,0.0,0.0,0.0
p_88,0.9689177998051979,0.7213016746996697,0.5318243100453403,0.7985386909342155,0.16556291116617697,0.5301126162020381,0.6147220524881856,0.7409660666381884,0.6407766982211869,0.4137816517942867,0.4223363277228577,0.5904365873677933,0.6194415702703164,0.749167165484707,0.6047142254852793,0.23773324064101997,0.49840255325664246,0.04585987231936387,0.600777437266746,0.0,0.4112149503147739,0.7356704957931414,0.5475093424679626,0.7583545440854302,0.27086613746667504,0.55801068303009,0.6725854605750764,0.8026759739367796,0.5796116497820247,0.48480767571348565,0.31244364221721455,0.622074810556408,0.20481735491335565,0.13391196445187872,0.6958726129320505,0.0,0.41498558778828826,0.0,0.0015649452146717902,0.0,0.0,0.0,0.0,0.0,0.0,0.0,0.0
p_89,0.968933370712401,0.7361803257996543,0.5678000868501147,0.6763119170538565,0.0,0.45207238447305803,0.48810307049445856,0.7628441461513794,0.6003971491643533,0.5253025821735419,0.5034260368733857,0.40670553639427454,0.5109926698501244,0.6421281433960286,0.5528075569973383,0.2355731219088982,0.29052823182819565,0.03351206411855185,0.5905974529949417,0.0,0.06389776255754373,0.7471481077752528,0.5891153155462475,0.7361314456351623,0.07462686288705736,0.5078449159727183,0.5583176955009371,0.8451164687141824,0.6497370775301564,0.5042521255585272,0.5017813603941846,0.5810272836381908,0.30216626494692417,0.19957537013747084,0.6268008043245064,0.0,0.28517109995084505,0.0,0.0033975084745327946,0.0,0.0,0.0,0.0,0.0,0.0,0.0,0.0
p_90,0.9701104423873553,0.7396034858114522,0.5957401827082237,0.5457122600344263,0.0,0.47554368174633044,0.5738643224229077,0.767935836079704,0.6756459583897114,0.45374528430595895,0.39828192034697013,0.3574297164830675,0.5302677516581265,0.6603258012795158,0.41871603535164775,0.2048482196880362,0.2542620542900046,0.20987654191434232,0.5062764724633989,0.0,0.0718562859908925,0.7379334293621297,0.6036422654339645,0.6174757272989241,0.07786885086334322,0.5265360317967601,0.6482315758642168,0.7823323504134431,0.6564231729767971,0.43460333132557866,0.3420189146071822,0.49307116058701206,0.3053956829039646,0.17105263055590533,0.5148293224759539,0.0,0.22248803561617184,0.0,0.0,0.0,0.0,0.0,0.0,0.0,0.0,0.0,0.0
p_91,0.9562773591200728,0.7297107376608871,0.5795002397717524,0.8059359417831112,0.15599999688000007,0.4852651519294853,0.4359838238605221,0.7257798278555129,0.5912455058244391,0.4420134416974021,0.4067357506367621,0.6631097535704659,0.5497797344718508,0.6867998372174009,0.6051808480189423,0.24746621569369465,0.41797752621133694,0.07248322099004549,0.5930985911316207,0.0,0.4002624645652069,0.7384298645523812,0.589967413095943,0.7617123613459778,0.23508771517389973,0.47687250201513104,0.4896014609254699,0.823060596516195,0.5869843451934781,0.36598920263100254,0.29677639383118476,0.6740187182224344,0.26541786705271203,0.15844155741271715,0.7302622988840779,0.0,0.4298969050005314,0.0,0.0051546391309738905,0.0,0.006644518051677142,0.0,0.0,0.0,0.0,0.0,0.0
p_92,0.9711186693459108,0.7516309988704504,0.5798102425619602,0.8786886960596243,0.37111333629775994,0.6512077293401937,0.7406734168779788,0.8030740716176628,0.7887107393051717,0.5265237015363773,0.6104626013608677,0.7342433902577885,0.6022514052462432,0.8289826077201473,0.6955065030592171,0.3435838142344883,0.47677475689406323,0.1645021633152802,0.685430462978886,0.027397256520923764,0.4088797087822421,0.7585611678211784,0.5914946258206696,0.8477531854259921,0.5007518759341965,0.6107301815207646,0.7468812293322546,0.8230042913745326,0.7685702009783488,0.6938587600645808,0.6207833357011924,0.6989966549339492,0.3787974012595906,0.35680750894516816,0.7370563328418623,0.04999998750000312,0.5218487373031565,0.0,0.0008288437595157738,0.0,0.0,0.0,0.0,0.0,0.0,0.0,0.0
p_93,0.9665374921691758,0.7646970838631625,0.5510307843639981,0.8391776503194986,0.26758147053891135,0.6043560604915992,0.6835365012381861,0.7969789791924691,0.7680907713695835,0.568107856282559,0.5804609410963473,0.6045418926995227,0.6833887876033048,0.8085193737390267,0.6114887079461865,0.31817201914599696,0.45688002891192014,0.1482558128760479,0.6700273405074955,0.0,0.4594734101214589,0.7611578600477813,0.5539758163881501,0.8014394031606225,0.40106241167247797,0.581729626874608,0.663868826805268,0.8270787339287928,0.7060237735995408,0.5723349028430886,0.5158924194867718,0.6255609749994527,0.2720489759478688,0.38166791599047395,0.7612354953740518,0.0,0.4558087801233531,0.0,0.005681818128013086,0.0,0.0,0.0,0.0,0.0,0.0,0.0,0.0
p_94,0.9655969923073497,0.740462501743283,0.5799201697772441,0.8692257641934854,0.0422535201348939,0.5527608966658776,0.4645048462767507,0.7406451608748134,0.6979566554824066,0.4870531310034467,0.47051056234482713,0.6537088431030985,0.587991716687395,0.6599513719045031,0.5853549462433147,0.14973958300837764,0.41554236149194623,0.0607187109001319,0.577733199072004,0.0,0.49570923525638955,0.7404765872242434,0.5742940151367314,0.8399306337782061,0.3717277438255531,0.5118479208100861,0.46769252890862933,0.8103007422316445,0.654456053282783,0.4043486929938673,0.36406619299275134,0.5902732741173939,0.2142983852859706,0.21413276078420584,0.7143637350133226,0.0,0.4228409607227892,0.0,0.0014336917459950413,0.0,0.0,0.0,0.0,0.0,0.0,0.0,0.0
p_95,0.9693088945223405,0.7379635880808406,0.5697384369372217,0.6743303093499997,0.31092436539321616,0.5068822687961216,0.6492721304787079,0.6915753716253288,0.6255189584479395,0.39406574188493576,0.3791543748689196,0.6287104592276863,0.6007112816013214,0.7732365523876277,0.6845463947183974,0.27202838503444043,0.48451327165645314,0.027556199945205223,0.6518691583345552,0.0,0.2954248327395447,0.7316766532898511,0.5684919291415944,0.6565752119792199,0.280120477709029,0.514190953526449,0.6316798465842877,0.7942960846283142,0.5956707635012416,0.3498487137387966,0.28558679097370193,0.6292305096571557,0.24271688356234206,0.06322795288495879,0.7028185258753762,0.0,0.21980676063035315,0.0,0.002262443413320776,0.0,0.0,0.0,0.0,0.0,0.0,0.0,0.0
p_96,0.9687667968271838,0.733382218185761,0.586120023068463,0.7659516134836875,0.16905443883876162,0.5799600753327104,0.5258612430008445,0.7293924937469806,0.7113237631449946,0.4043188198698044,0.36165730273585445,0.5366108758545456,0.6232309729686756,0.7220368238316978,0.6031663181948796,0.12012480475794696,0.37507489289949136,0.044876589043555806,0.62566246127815,0.0,0.4610894896781178,0.7354131437629883,0.5920059354781952,0.7528219298527052,0.05347593439903919,0.5394214406455172,0.5919035337426318,0.7733425547014413,0.613762879765767,0.37265512231903397,0.35629955884352504,0.5732672401310833,0.1914765903489247,0.15677965990974815,0.7235330637041811,0.0,0.24203821435816003,0.0,0.006500541641380914,0.0,0.0,0.0,0.0,0.0,0.0,0.0,0.0
p_97,0.968731067626296,0.7662128082975643,0.6132436806970167,0.8587456406434802,0.16402877461829102,0.6700174888423471,0.6639229682560778,0.7104295061342365,0.7956409932709184,0.46795352279989366,0.4888805117058415,0.6590833032482993,0.6900247306471049,0.5479547911800552,0.5546687943389178,0.1825442095787332,0.535576920502034,0.15720523903052955,0.6244084097878746,0.0,0.40063091166694864,0.7664530001664904,0.6151067725658538,0.8073680476037067,0.3023041446792245,0.5333728966464125,0.6814972396156734,0.8237547888455241,0.7197037406209887,0.4522342729264779,0.4666240126538196,0.5236953996724427,0.19795118981929619,0.28780131272606785,0.6989454232168845,0.0,0.3124999976748512,0.0,0.0,0.0,0.0,0.0,0.0,0.0,0.0,0.0,0.0
p_98,0.976206895490968,0.7581335995681655,0.6338117698188258,0.8078733973267895,0.26039782530926175,0.5579042518934213,0.7019103894855495,0.8075942188678978,0.7849462356000169,0.49927140209538123,0.46805587252563347,0.6617837110651282,0.4457512483218134,0.8056146885301998,0.6608900292459456,0.35064578084461173,0.43137254620017945,0.19767441732768465,0.6687011931884919,0.0,0.4483586833598184,0.7422200227792112,0.6048060820401115,0.7738912127415136,0.19030520304658524,0.5247357066791336,0.7187775815920967,0.8406644824282496,0.7045035545107934,0.42420382127006023,0.43254716879116234,0.6138943242525496,0.27997829574972277,0.17455621172665525,0.7706422011678707,0.0,0.4206151253481702,0.0,0.005741626739314577,0.0,0.0,0.0,0.0,0.0,0.0,0.0,0.0
p_99,0.9771583473132344,0.7802580763955833,0.6217571300690764,0.7021369374878079,0.3395348758247704,0.6351999208166197,0.7205808221742621,0.794318491853629,0.7002016572930746,0.48856209110411597,0.4672861005279015,0.450278437149734,0.6201789551984604,0.8260401076285483,0.6977672202396511,0.39951515054662995,0.41758241549659136,0.1484332042417086,0.6812053920053883,0.0,0.16513761164885116,0.775961531759588,0.6249884686822276,0.7198473273284386,0.295373660224668,0.6193661264795484,0.7530982272244533,0.8202688115273871,0.7060758930619918,0.5317681821279198,0.42576808637112373,0.6268112792825933,0.31961659177058904,0.3734643711703663,0.7584269657163476,0.0,0.30963302397209835,0.0,0.004995836761067138,0.0,0.0,0.0,0.0,0.0,0.0,0.0,0.0
p_100,0.9797978008740694,0.7768655308520096,0.6454446208712932,0.789633704365402,0.39886845263269516,0.5783994793879311,0.7056515692701586,0.8122327020843443,0.7427009913092176,0.4720199305557494,0.469801860898062,0.6394623109003249,0.6084803447586494,0.8019626343079896,0.6314893610303305,0.3198614312550781,0.478468896659875,0.12228479386737898,0.7215381694245708,0.0,0.4490084954036226,0.7681027761572651,0.6226891917580457,0.7756514918844939,0.3745582994751673,0.5222833709890399,0.7193647176709043,0.8479999994821374,0.6901287543774982,0.40911841798555737,0.4293414566924269,0.6494016081524411,0.35413839831387656,0.3081481458655693,0.7791603251462176,0.0,0.4951338169395753,0.0,0.0016326530478967098,0.0,0.0,0.0,0.0,0.0,0.0,0.0,0.0
p_101,0.968431268985851,0.7502738817395745,0.5634651307252434,0.8795006897254106,0.23899370768561376,0.5008253136969657,0.6204902944145447,0.8332946091814042,0.8024263421608984,0.5115401680963825,0.60895374571122,0.7169344848055176,0.5237645561102784,0.8134250904830949,0.595041321649496,0.27938394952881934,0.42467590333180194,0.09214092078495312,0.6885333327213037,0.0,0.39633638469468613,0.756492336631388,0.5720708150550995,0.8770461881575049,0.44189382436307284,0.4993148449430155,0.6563756944283213,0.8315531948018657,0.7754340976862439,0.5605573413070125,0.5646258489683532,0.6831283810298786,0.3461538454142012,0.27459306245864784,0.7486993139411188,0.1052631301939131,0.5303602040124864,0.0,0.004750593786614459,0.0,0.0,0.0,0.0,0.0,0.0,0.0,0.0
p_102,0.9611635758906557,0.7069756531801625,0.4963894296236972,0.838352177085427,0.335947710222564,0.5575138355798188,0.665262168905185,0.7377465109342944,0.7228945717743049,0.43779108408155964,0.38183652798822093,0.6348448665705937,0.5619893408099845,0.7758283994953925,0.6464034395558997,0.22098306439284787,0.38486841894260737,0.04848484811753903,0.605586591658284,0.0,0.4818594076992097,0.7007281513200168,0.4989639426276379,0.8091185828112915,0.22545454272176313,0.5337366055074773,0.6718993559641716,0.7792638177421802,0.6259636898458547,0.39301777640499275,0.3007587944337577,0.6277248271890867,0.2133809675001933,0.08208469001899225,0.7322828143451178,0.0,0.4761084783637172,0.0,0.008492568911968482,0.0,0.0,0.0,0.0,0.0,0.0,0.0,0.0
p_103,0.971246818481311,0.7801086192608537,0.5864483867555543,0.8175798582423198,0.1588785009607827,0.6722368592450783,0.6626586078002915,0.8251333724065671,0.7845781896111742,0.4719704593577594,0.5738749490763143,0.6329113883992951,0.6237168119514449,0.814791518246935,0.6032368802322345,0.14163961010219236,0.4399722384457166,0.1541476149304532,0.737984232654078,0.0,0.1632653037424883,0.7719016165374057,0.5821628869718773,0.82784371194303,0.30797773083529256,0.5598193380336716,0.6562086996023525,0.8407914409060213,0.7501258168720109,0.466797421811154,0.4063477863067774,0.6375680574976696,0.27003452613113843,0.36374845645037945,0.7701419730248742,0.0,0.34612490333991797,0.0,0.012678288230138064,0.0,0.0,0.0,0.0,0.0,0.0,0.0,0.0
p_104,0.9779022856005918,0.7656521521776486,0.618847341779106,0.8032141162728738,0.28124999267578144,0.5905179800845843,0.6798627857755813,0.8201902116008568,0.7667304007151791,0.5022596362407978,0.48109113353773275,0.5544100770079606,0.624443027929844,0.8122146313275062,0.6901618180381597,0.33947870239567984,0.5121071586187164,0.13651877039918928,0.6750805112063013,0.0,0.3291139202633611,0.7700485305908594,0.6047002391554057,0.7794902782517475,0.27310923795988995,0.5575015525583352,0.6738697532068616,0.8636409886722087,0.7010611041577496,0.4870070866009385,0.39600665475040214,0.6152576557718158,0.2915574195218364,0.2424631158276901,0.7356131483517321,0.0,0.36314847617935175,0.0,0.0,0.0,0.0,0.0,0.0,0.0,0.0,0.0,0.0
p_105,0.9703640875677527,0.7690554618145061,0.5825962072410233,0.7883675038274277,0.17883755322149697,0.5513043477218706,0.6565312410473516,0.7999999996036661,0.7389386435784806,0.5306644725978754,0.5713692072067957,0.5151688579555302,0.6206225660809903,0.7305896672269164,0.5858606139929097,0.30842797308541947,0.4703877270115563,0.12882652979064713,0.6616044303541143,0.0,0.37942121779827204,0.7710054303878647,0.5974949330551764,0.8064076339413705,0.5269582855853684,0.5468904619496668,0.6730484883778385,0.8572521164396328,0.7398799632998596,0.47740866800643356,0.45703611362175983,0.622064056386064,0.3651990872387317,0.3922383895201775,0.7577350678637119,0.0,0.385737436096131,0.0,0.0017467248755744552,0.0,0.0,0.0,0.0,0.0,0.0,0.0,0.0
p_106,0.9682578229561498,0.701240394276017,0.5586509971664526,0.839906996051614,0.005555555401234573,0.5746947662370461,0.6094695077541847,0.7067758158068962,0.7165750907548363,0.4752110211747249,0.40253278968219636,0.6045130623381441,0.5649302994254578,0.7226272936075727,0.5275374546027248,0.11111111083676269,0.41540676596325854,0.0340136052107918,0.5321557603113964,0.0,0.3853479825249232,0.7103256343842886,0.5565268991789593,0.800649822239045,0.2243713689676718,0.5128419801073754,0.5704537568545143,0.7709568366219407,0.615734097781284,0.38372329564219404,0.2906326843491333,0.5946115938834138,0.18800580994395974,0.21768707318452704,0.6760746142124293,0.0,0.41843971419230136,0.0,0.002392344468991095,0.0,0.0,0.0,0.0,0.0,0.0,0.0,0.0
p_107,0.9738985080402751,0.7612429330337873,0.6242522709806132,0.8363706560477333,0.2524271795645208,0.5382317487660968,0.6657157750973302,0.8217103516962084,0.8165404766260449,0.5924110379516966,0.5890295346223006,0.5949470228404766,0.5228161651798691,0.8054932446094122,0.6646588423879335,0.3157165928554891,0.36014851262284336,0.21333333175308644,0.6508854349016214,0.024691354976375927,0.3497806998367286,0.7472693818320223,0.6077027130867148,0.807890131604067,0.3245382542936906,0.5096575290636547,0.6934317796754029,0.7944433049034021,0.765482970833253,0.5213305072133692,0.4650519020414028,0.670731706623882,0.3711042304001977,0.2913077502638391,0.7336665783270485,0.03571427933673583,0.37740384388579423,0.0,0.0,0.0,0.0,0.0,0.0,0.0,0.0,0.0,0.0
p_108,0.9696639695069008,0.7414987917807864,0.5778333832377205,0.8288445994957955,0.2148437458038331,0.6152879053458659,0.7247978975115836,0.8237542108795926,0.7464138695940953,0.4359814882028717,0.48876281804764826,0.5775075958586241,0.6459871968341033,0.8302390180589402,0.6725697413381228,0.43292257513851995,0.4959381025302201,0.2062146878092183,0.639247123876571,0.11851850973936964,0.34985422400530397,0.7415700588609715,0.5633157092230561,0.808438193332022,0.40770464835145026,0.5863469574816343,0.7487616760662859,0.8465310376387423,0.7443320535468759,0.46669154649496963,0.3797468345846591,0.6655036262367977,0.42355935207496936,0.33655993792583816,0.7537131822155634,0.0,0.4253200538739683,0.0,0.0057887119278044585,0.0,0.0,0.0,0.0,0.0,0.0,0.0,0.0
p_109,0.9728740829095412,0.7625442371406359,0.5975195317133868,0.8148033679867084,0.30726256554102566,0.6307788257911477,0.7335758315701134,0.805991598051077,0.7739785202148148,0.38662817731015164,0.3810752679976876,0.7237209279884622,0.7634653736627738,0.8229221673810669,0.6887454918497385,0.48079937209874735,0.5339805799321331,0.1517655886418814,0.7248370092660203,0.0869565091367378,0.41743969928163543,0.7779792445075888,0.6217517526791401,0.7984939753023389,0.4011379743792607,0.6104278888890278,0.7496120237155113,0.818484158458204,0.6931657895971717,0.46961855427485283,0.4427616916642279,0.6687999994055112,0.39802793689724253,0.22944296930077607,0.7454361048466565,0.0,0.5128543143516525,0.0,0.006493506440799461,0.0,0.0,0.0,0.0,0.0,0.0,0.0,0.0
p_110,0.9800308605067631,0.7501467711704501,0.6508014929432944,0.8299214222343252,0.2526881652503182,0.5446483598328,0.6828316005854367,0.8239730910080659,0.7942286339686697,0.46448139914978237,0.45335114572845436,0.5227436785361468,0.4278017218329649,0.8066428582575439,0.6675444363972521,0.3175081629803864,0.45299145022593745,0.13006134889532914,0.6699011674124877,0.0,0.4562499964355469,0.7483252036649579,0.6393779678537452,0.8128727791748884,0.38041430545359123,0.5405599295979769,0.6993904301395617,0.8514424084799734,0.7172131139375989,0.5098798910210385,0.37980986785919,0.6471832333712909,0.3024178991295238,0.3031141847535351,0.7361943048033197,0.0,0.4303610874697046,0.0,0.0014577259368970413,0.0,0.0,0.0,0.0,0.0,0.0,0.0,0.0
p_111,0.9716238524606841,0.7152812438506831,0.5804803255159228,0.7816705463734765,0.07207206990774566,0.5453390098898553,0.5817816041422035,0.7885549407124045,0.7068720370771658,0.36393928141064485,0.4180463567507319,0.5352112650062589,0.5993233431625826,0.7421441319258307,0.5434194566333183,0.19161937976512577,0.3299959938726632,0.19941775691835695,0.6796377650142225,0.0,0.46124030560813656,0.7138620469069082,0.5665717090568615,0.7824276489785407,0.1471571857138065,0.48334249201756035,0.5505354047084404,0.8025806447297954,0.6187669983921499,0.4276672690527421,0.36088039792175997,0.5953689162133351,0.299101912731156,0.10618363456474932,0.7149750546209414,0.0,0.36864406519319165,0.0,0.009009008873738606,0.0,0.0,0.0,0.0,0.0,0.0,0.0,0.0
p_112,0.977079468053158,0.7850001089645041,0.632949094596441,0.8492752056640216,0.2797494722390507,0.6319376824475291,0.7308293496675902,0.8157920935896684,0.7412291020235118,0.4537877380498354,0.43960558660721943,0.5692373218183326,0.7275220357932968,0.8366435718353188,0.7047117347529883,0.43874040635421957,0.4782913148519211,0.17406749452890768,0.7368507961878864,0.0,0.4347133723350846,0.7738398031279956,0.6206266463893322,0.814908317290122,0.4436229123175063,0.5667283806667576,0.707205873593226,0.8095409815004168,0.6556242266308724,0.4604108395598314,0.43002207410591153,0.7284925012544471,0.41182594126207384,0.2169751102937134,0.7577538354899169,0.0,0.41755318871307723,0.0,0.002531645537574107,0.0,0.0,0.0,0.0,0.0,0.0,0.0,0.0
p_113,0.9754343856558143,0.7615688596798526,0.6358618814865008,0.8554062148551468,0.32061068294388445,0.5843094234430961,0.7264632878718496,0.7802857730481022,0.7528089879808479,0.481105990380305,0.492546456008686,0.7214808406307325,0.6904761883130445,0.820915545822958,0.6732206854344899,0.36140018835998067,0.4581545039798578,0.16063675715892362,0.6756041623958333,0.0,0.4432989658078132,0.7572435532847404,0.6272730388403754,0.8133369769457334,0.3389355694826951,0.5471994734302428,0.7088950659688051,0.7951975875981493,0.7308509440558527,0.4628279879165197,0.4559446788847989,0.6736132386621583,0.4210118231808261,0.2711076663740692,0.760262158709674,0.0,0.3314447568594564,0.0,0.0,0.0,0.0,0.0,0.0,0.0,0.0,0.0,0.0
p_114,0.9744592392757179,0.7655982196029764,0.62887449291523,0.864682998330115,0.2597402529937597,0.6648534919579114,0.7107035304618042,0.8021713577692253,0.7734282316689008,0.5950946273486425,0.590882177637888,0.6276686565855308,0.601147774027447,0.8245573312513168,0.6946902647881232,0.44480369412285525,0.4821818164284297,0.13458162589478276,0.6996909191381748,0.08333332175926086,0.49862410292446835,0.7562475441078972,0.6027501885548874,0.8635662328765094,0.32530120089998554,0.6316645684842327,0.7197952451862222,0.82904884270329,0.7673870728593802,0.49483238923804046,0.45143696150317403,0.7451480631023708,0.4246142397757683,0.27901523869275946,0.7629684778994221,0.07407406035665548,0.4117073150648423,0.0,0.005479452017264027,0.0,0.0,0.0,0.0,0.0,0.0,0.0,0.0
