TransMorphBayes_ncc_1_diffusion_1,,,,,,,,,,,,,,,,,,,,,,,,,,,,,,,,,,,,,,,,,,,,,,,
,Unknown,Left-Cerebral-White-Matter,Left-Cerebral-Cortex,Left-Lateral-Ventricle,Left-Inf-Lat-Vent,Left-Cerebellum-White-Matter,Left-Cerebellum-Cortex,Left-Thalamus-Proper*,Left-Caudate,Left-Putamen,Left-Pallidum,3rd-Ventricle,4th-Ventricle,Brain-Stem,Left-Hippocampus,Left-Amygdala,CSF,Left-Accumbens-area,Left-VentralDC,Left-vessel,Left-choroid-plexus,Right-Cerebral-White-Matter,Right-Cerebral-Cortex,Right-Lateral-Ventricle,Right-Inf-Lat-Vent,Right-Cerebellum-White-Matter,Right-Cerebellum-Cortex,Right-Thalamus-Proper*,Right-Caudate,Right-Putamen,Right-Pallidum,Right-Hippocampus,Right-Amygdala,Right-Accumbens-area,Right-VentralDC,Right-vessel,Right-choroid-plexus,5th-Ventricle,WM-hypointensities,non-WM-hypointensities,Optic-Chiasm,CC_Posterior,CC_Mid_Posterior,CC_Central,CC_Mid_Anterior,CC_Anterior,non_jec
p_0,0.9755234240585368,0.8339878280976246,0.7199012025993675,0.8790995361381154,0.36963695962995646,0.7422139508190286,0.766358796598547,0.8330040548856171,0.8003992004556613,0.6264595843708655,0.7179619127175452,0.8470128396230797,0.7429144701707688,0.8217027158874016,0.8002211566529477,0.7599620475332969,0.7158449352057021,0.6461011084310102,0.8247046552947319,0.2857142346938866,0.3093829221522999,0.8228376053191679,0.7020083138526405,0.8347637931231419,0.4644644598151706,0.7033119704424972,0.8012840677780991,0.8845615797187838,0.775335774152418,0.591120104045804,0.7104795719094656,0.8039849682740672,0.8040961691805517,0.6184681416000849,0.8469307097155259,0.48101259734017754,0.29379561775733926,0.0,0.0,0.0,0.41265473985344236,0.0,0.0,0.0,0.0,0.0,0.013450404575892857
p_1,0.9733722750773026,0.8275603207294556,0.7178956493374073,0.8259690151148539,0.18150684620707455,0.7883645406876333,0.7638982465044815,0.8466956387198683,0.7926706817361061,0.6433358147400077,0.5964154597356609,0.6685632969721986,0.8352177927058058,0.8219239707847456,0.7925684727134951,0.7015981118637723,0.6076961488870757,0.5610169443981615,0.8134566856068489,0.0,0.28050170717785966,0.8249283201828423,0.7223436454922836,0.7959183666757309,0.1486988819944446,0.7827996167559387,0.8184928819652464,0.8760213139426434,0.7187462025042568,0.5817865423609953,0.5975875012901177,0.79199209911842,0.6982218865559181,0.5114401042298782,0.7768760974007562,0.0,0.2727272697756789,0.0,0.0017108639716778104,0.0,0.2591792600609231,0.0,0.0,0.0,0.0,0.0,0.01578732445126488
p_2,0.9774609644990849,0.8522847931908384,0.7455760420427733,0.8774734375292556,0.5593035847736281,0.8077458899950554,0.8453822749471402,0.8764230514502312,0.8441344313961516,0.6812983704732606,0.6416818993245523,0.826125327333957,0.8489998214745976,0.8782756460283917,0.8375799508885604,0.8114104574447689,0.7074351046747245,0.6252189087108677,0.8615413667722503,0.4594593973703517,0.3824928602997825,0.8381642930756972,0.7324261814396168,0.863274395422274,0.584167419616311,0.8236389803788448,0.8713068126601655,0.8940935631921888,0.8389253106582784,0.631451709619906,0.6788194424802678,0.836701609384306,0.826653550954872,0.6802480010606908,0.8642494969250459,0.0,0.33732718583108584,0.0,0.0,0.0,0.2275334586277872,0.0,0.0,0.0,0.0,0.0,0.013492983863467261
p_3,0.9711276868449,0.8340646632326075,0.6989085553229933,0.8509359042252207,0.4405286295095966,0.7314032470320984,0.6704083633230048,0.8558951960507535,0.781035739196155,0.6463714630520998,0.6928822480384836,0.7973163813654082,0.7259190304189879,0.8060021434993107,0.7670420857863642,0.7379763449724669,0.7431610914013635,0.6082949262035721,0.824083416730505,0.11940296725328846,0.3879056018591032,0.8147023862649271,0.6853396760279794,0.8817705296273524,0.3037036999542753,0.7713393882110964,0.7859486930148285,0.8511443604878205,0.7683237293738125,0.5622990739773024,0.6868288391697812,0.7888768891388797,0.7548355881169353,0.5080428920372461,0.8411436298078636,0.0,0.42069741045726994,0.0,0.009813542592605078,0.0,0.08920187584033155,0.0,0.0,0.0,0.0,0.0,0.019047328404017856
p_4,0.9756612676618682,0.8427032038005396,0.719936524961441,0.8926462011983456,0.4900990038354084,0.7925299805338469,0.8438312230084636,0.8522978879665725,0.8429009184444322,0.7235414827288758,0.7311039836667339,0.8162504628540794,0.8289542355508018,0.8917926677062633,0.8248639879327886,0.8202764953333049,0.7512343306067818,0.6272022506892019,0.8254208427979753,0.35897431295201115,0.37515842601293775,0.835473302182863,0.7185559281555358,0.875571250216185,0.5820379915195337,0.7988761691727063,0.8445374089905606,0.8503214979869603,0.8459233224698529,0.6911208739234486,0.7443220131677041,0.8442864389595872,0.8280151410816248,0.6280323407814532,0.8402096228297193,0.22222217283951712,0.5383427661433723,0.0,0.0035682426086686655,0.0,0.3722627691938836,0.0,0.0,0.0,0.0,0.0,0.011499459402901785
p_5,0.974652291560764,0.8381246465455593,0.7211974859127781,0.9068306373728563,0.3254658344662629,0.7535380671831241,0.8073847107933612,0.8565443835730614,0.8371425407561637,0.7547532160987582,0.6200941899003292,0.8655207258202205,0.7731414849564953,0.8479023766055386,0.8018563349456655,0.7635694548801918,0.5717656288959275,0.6289308126656383,0.8312621351152795,0.28571424036281895,0.3676470563659956,0.8293940696040835,0.712217486733988,0.916261573808952,0.46478872584804615,0.7651010983075621,0.8253137919691977,0.8744208430865751,0.8472370377136367,0.7853214481459118,0.7337469632216159,0.8525152430902103,0.7918622827546627,0.6963562696651314,0.8448621809643445,0.29999995000000834,0.43119265807802376,0.0,0.0,0.0,0.3418013817343951,0.0,0.0,0.0,0.0,0.0,0.014308820452008928
p_6,0.9713911158750225,0.8247731852963419,0.6712781626331384,0.9170001479875005,0.4373540821995791,0.7229796392674276,0.8086457987634401,0.8141371664218778,0.7709700938840627,0.5323257760197604,0.538617296677416,0.8390742711542672,0.8099233841482609,0.8196542309835959,0.8243875062423907,0.743966158885379,0.678663235585279,0.5780933004250173,0.8242348301197111,0.44776112719983174,0.445054941998249,0.8077319552301678,0.6448144588202759,0.8964421456488123,0.32181638379253324,0.753035082508117,0.828555498080578,0.8428072794547449,0.7897378686115585,0.5950859943549313,0.6774566458324702,0.8210544995374982,0.7737191632501917,0.6042064951796702,0.8105672373117448,0.12987011300388143,0.46069651512091286,0.0,0.004836759341978481,0.0,0.1327014186563645,0.0,0.0,0.0,0.0,0.0,0.01622038341703869
p_7,0.9779346885091686,0.8415926658858428,0.7390472353606515,0.8566713581242191,0.4786169201217751,0.8165340404141297,0.8455394128630912,0.8829170499632025,0.8401591977915532,0.7060535499553225,0.6396781477503692,0.8172293332664752,0.8304686071458864,0.8620836889872517,0.8219689518353617,0.8047371438338037,0.7087505411025227,0.5557377003628058,0.8187854866530792,0.3188405335013719,0.47736092834824756,0.8317876632903625,0.7312627947704997,0.8904493300754195,0.37090908641322323,0.8229892139220373,0.8597499062414563,0.8798000449444444,0.8405323361656172,0.6852526837895255,0.659808610861702,0.8383029809502672,0.8318181797176308,0.6457268031721928,0.8505699898833624,0.21428568877551324,0.47837149822918895,0.0,0.006198347043405506,0.0,0.48284959785158843,0.0,0.0,0.0,0.0,0.0,0.009678431919642858
p_8,0.976418756003562,0.848395384796168,0.7326095551469988,0.8525084111623018,0.583840133937097,0.8033375578782906,0.848846449406039,0.8596673025035902,0.8445896867046845,0.7065557827988381,0.7036157278869999,0.7941176441392733,0.7976527705429932,0.8683831759211785,0.8339127499900048,0.813832850680597,0.7205716407650559,0.6634382513039689,0.8480186055568311,0.3846153353057262,0.41558441198628215,0.8318932641054106,0.7301975706194469,0.8054121409957165,0.5822368373171313,0.8299822337694982,0.8658626286672588,0.8793112837795939,0.8539973776487584,0.6763415449698037,0.6878172571375196,0.8439118504682525,0.8126189806564618,0.6906906855053252,0.8578854535803533,0.08163263640150277,0.2760372542249174,0.0,0.0,0.0,0.37681158965203393,0.0,0.0,0.0,0.0,0.0,0.013794090634300595
p_9,0.9736410782019266,0.8535243408731182,0.7044501054085746,0.9105682036242565,0.35259258736899873,0.8268871052836277,0.8470546144477967,0.8716046422929253,0.8451935070596835,0.7177527224175877,0.679359181148458,0.7458589647616707,0.8319511112353752,0.8925536328072183,0.8063587422626628,0.8099688445483944,0.5877149848269534,0.6782061315640745,0.8344243349687868,0.5156249597168,0.4096080884348414,0.8427481192166171,0.698650254026097,0.8936616713468007,0.47029076523020524,0.8096857881782398,0.8314007520030169,0.8758561638479353,0.8104071860804957,0.6777525297688984,0.7261744950197438,0.8175402050011105,0.8347685661066507,0.6354716933171948,0.8193057058458059,0.04999998750000312,0.3496826292574574,0.0,0.003177124676909256,0.0,0.36061380613025823,0.0,0.0,0.0,0.0,0.0,0.01585446312313988
p_10,0.9732105343290148,0.853644785495925,0.6908805035858694,0.8427966557144737,0.22147650758974824,0.8149476668857382,0.8399212883709429,0.8711154722107102,0.8499999988259669,0.6879899647873001,0.6731731714885556,0.7866772371662282,0.8524949149812374,0.875542810180165,0.783592320859698,0.79590676294512,0.6853984307443646,0.60202019593919,0.8346695164487177,0.0,0.48398576167981666,0.8439698336838791,0.6958469746651477,0.850865007670877,0.4262948164711672,0.8327969266941453,0.8640103284393293,0.9005102035346756,0.847285369286861,0.7277013745307452,0.7210264885740346,0.8115593008111988,0.8205378953043083,0.6747663488339594,0.8328541299282595,0.6534652818351205,0.4244105379721877,0.0,0.0018132366109407379,0.0,0.23129251438443862,0.0,0.0,0.0,0.0,0.0,0.01675356910342262
p_11,0.9712906460707227,0.8432159808989563,0.7251031588850182,0.900558804973511,0.6250962230554563,0.7982314629867265,0.8198711138857113,0.882472500668058,0.8528890454296478,0.6331894854519523,0.6300940422411336,0.8072896440198152,0.7479716005375974,0.8538977799027246,0.8410733727685183,0.8035190594414314,0.723065247636323,0.5766990235271939,0.831118379849603,0.0,0.4783919573950153,0.8196432915253203,0.692587449931084,0.9016068674250474,0.70557376586509,0.7768240340821876,0.8426742700375217,0.8746878396140823,0.8288183082335143,0.6219777932738635,0.7062118108293997,0.865250964415781,0.8349873047888593,0.6597609509182395,0.8548338812183639,0.2807017051400517,0.5714285689473357,0.0,0.00780234065148023,0.0,0.30179640357130055,0.0,0.0,0.0,0.0,0.0,0.01612519763764881
p_12,0.9729984455506877,0.8320241579449518,0.6842968501892306,0.882836857787898,0.44913150807529145,0.8177714840212028,0.8238770916381983,0.8774690504112963,0.825161443643672,0.6050148949788793,0.7129455893223603,0.7929704209474049,0.7894179877472636,0.8921833289257267,0.8312537127834683,0.7986151159878386,0.7027272695330578,0.5026833586522061,0.8200736640699138,0.03703703017832774,0.45710363447423724,0.8230620075625997,0.6683037254589211,0.8580104707549684,0.3734015297518986,0.8133228309185725,0.8483229921187445,0.8567265658319969,0.8139050325541123,0.7002610365449313,0.734881580283096,0.8379033031315732,0.827345842285936,0.6692486392777023,0.8452973650354871,0.0,0.4228819665251125,0.0,0.007549759754462045,0.0,0.30339805457041197,0.0,0.0,0.0,0.0,0.0,0.013608514694940475
p_13,0.9799039266243104,0.8569909322206539,0.7343515295869617,0.8651963537384965,0.4344472951870528,0.7989399641373737,0.8460435879454037,0.8602650050888112,0.8639328974092114,0.7147894620257318,0.6705653005103185,0.7513751333807749,0.7765928335340638,0.8767859098774462,0.822378798167653,0.8106255332458567,0.7348041389698147,0.5898123271687906,0.8378478656420707,0.4897958683881767,0.3164251169513875,0.8543843583285163,0.7337383366709701,0.8197390474380502,0.6848357743896871,0.79146181161674,0.8512282374807518,0.8863661167523381,0.8634371385658165,0.6308664252810623,0.7213765702153617,0.8471790752107635,0.8336269800311428,0.5893805257576945,0.8357711527163756,0.2068965160523248,0.3779677077116077,0.0,0.006211180059925672,0.0,0.24750498754985042,0.0,0.0,0.0,0.0,0.0,0.00906037830171131
p_14,0.9777575352282378,0.850165630709834,0.7363598525105257,0.8391162817098717,0.544754566460495,0.777815195508687,0.8217213612753472,0.8675615450967005,0.8178863891617232,0.7100765432420294,0.6613466317672153,0.7795431937460616,0.6670553916412378,0.8713836157291335,0.8186603356190935,0.7989375808793158,0.7464368553316644,0.6127066961470261,0.838347971558262,0.6265059486137411,0.3638554173029468,0.8379646279246212,0.7280763811578442,0.8044851821620671,0.5480426981252349,0.8037402980573387,0.8442791869642805,0.8640782026118523,0.8184655385975741,0.7001897525825536,0.7159476473195646,0.8381009129538132,0.8488955801985553,0.6338797764724452,0.847887856745702,0.21739125708885715,0.31502590347123416,0.0,0.0031176928829486136,0.0,0.340182644518463,0.0,0.0,0.0,0.0,0.0,0.013868204752604167
p_15,0.966082926236099,0.8350882288720006,0.6408687322933958,0.9253916799229087,0.6292613591671778,0.8196225905514665,0.8227096101346115,0.8729246885468565,0.8477366241726233,0.7173023047648112,0.6883618293205686,0.8587882956489559,0.8654300997567159,0.8575762499128562,0.8356696130734639,0.8253086394280597,0.7216604538495984,0.6130536059084661,0.8421926901555309,0.6862744425221134,0.5413943325632117,0.8149760048262762,0.6345180993964205,0.9252458443727164,0.5831775664599529,0.8234138121759497,0.8122356246496992,0.8591994612450727,0.8338466038512296,0.7054748595469554,0.732273528306148,0.8325076411589464,0.8232059366972616,0.595492282378502,0.8509178930291327,0.199999960000008,0.46626814489210866,0.0,0.01018922845568247,0.0,0.3994743705719531,0.0,0.0,0.0,0.0,0.0,0.019072614397321427
p_16,0.972479571960188,0.8154419979577607,0.6854519301338411,0.8917486221344254,0.5705794905603306,0.7959923469952692,0.8193146416922454,0.8274354576549682,0.7842628609536492,0.5757418003959633,0.6503838086755437,0.8215374167912718,0.7941760406040679,0.8096628166561375,0.8339822293760785,0.8227114692273712,0.7429657766427156,0.5893719749819133,0.8114067048001032,0.38961033901164427,0.40447046085965693,0.8090423901676979,0.6854149657320119,0.8808852241783965,0.3872889733139129,0.7791271168855557,0.8195022178208071,0.8348075240844602,0.6802212577661515,0.6254138010880904,0.7183060822345052,0.8301886784208653,0.8180060734106432,0.6785009795019628,0.8163746929142465,0.10126580996635316,0.4910850713648239,0.0,0.006472491804652237,0.0,0.4894736777700832,0.0,0.0,0.0,0.0,0.0,0.015474155970982144
p_17,0.9725557181700673,0.8352887919303658,0.6947304927211907,0.7866141290933936,0.5892388412779603,0.8266113925463597,0.8485241923446093,0.8042355103564195,0.7564148457376598,0.6443312779019644,0.5851632035901816,0.8219461669360035,0.8345373222660177,0.8416237535825539,0.810270774220102,0.7678493193871019,0.7118773919085157,0.5712328727997749,0.7626834069912524,0.0,0.356111642385836,0.8241892322264386,0.6923408110259143,0.8030833912192882,0.3535353490715234,0.8097686373428911,0.8542885339066657,0.8037679928007155,0.7062140247783225,0.5476831085723138,0.6203464052949504,0.8151489514001043,0.7972858337631769,0.5300726997351441,0.8020031386486262,0.08510636487098619,0.40030792609462723,0.0,0.011173184232701852,0.0,0.3251028773137564,0.0,0.0,0.0,0.0,0.0,0.014694940476190476
p_18,0.9762291682531183,0.8482701138253279,0.7168473848070522,0.6944260426853165,0.31487513230320163,0.8291284051285491,0.8405901250675946,0.8495183662029229,0.7651109401107996,0.6920510297428352,0.700021471548161,0.746153842566568,0.8224763778655485,0.8867927780368,0.8005847945413403,0.812322027407916,0.7116279036668469,0.6374442746103695,0.8178294566752364,0.42696624416109613,0.18225419445738378,0.8496748092871635,0.7254384027456243,0.7820785212174794,0.5090579664034605,0.8441891292254561,0.8549726043548559,0.8932906000665736,0.8027040550792388,0.645645645039747,0.7171329997755214,0.8190750916622419,0.8169142838470531,0.6499652007657258,0.8501929199377681,0.17721516744111804,0.2942386801004251,0.0,0.004975124336856349,0.0,0.2523744877561128,0.0,0.0,0.0,0.0,0.0,0.011841546921502976
p_19,0.9718484008559667,0.8132485144629574,0.692386007869191,0.8463242955902475,0.36159345902356016,0.7881926461460781,0.7406722448453452,0.835396333709,0.7765840209688926,0.5510479218641403,0.6450756553090637,0.8215434050581052,0.703159988297686,0.7886208512150921,0.7655623541194743,0.7643387793035994,0.7474828805981357,0.4962884358824132,0.8159156272138872,0.0,0.26394849502201184,0.8039115011848579,0.6794593479608406,0.8389045227270887,0.3220568292008548,0.7909404153402502,0.711887984100277,0.8816644988038489,0.793533603877885,0.5561858774216224,0.6799379506723424,0.8075590542702792,0.7631352260604788,0.608130076356666,0.8274052470093244,0.0,0.4208932594936165,0.0,0.003062787089390703,0.0,0.16266173451641897,0.0,0.0,0.0,0.0,0.0,0.018306332542782737
p_20,0.9708546556299911,0.8272672918241037,0.6697251764731188,0.7548561957876403,0.11726384173837391,0.7635622597293258,0.8041229789443837,0.847674520850907,0.6839582736341158,0.6154489910323466,0.6329457352074696,0.7244094456500023,0.7574509310456726,0.8288959989390178,0.7580489678445643,0.7890802704287283,0.6474881895771224,0.5577758422434766,0.820907113373014,0.34710740932996614,0.164296995824692,0.8201705506988782,0.6576330183888366,0.7906098655580647,0.626491643040026,0.7401871032228469,0.8103697273955188,0.8894781603594946,0.6200357281571586,0.560063784053806,0.6975581605507438,0.772092178577307,0.757936506056705,0.563497567220697,0.8287937736740905,0.18181815820543398,0.3386420759543833,0.0,0.0009394081684386651,0.0,0.17673048340603117,0.0,0.0,0.0,0.0,0.0,0.014276123046875
p_21,0.9757690736449857,0.8443854341552932,0.7002198679446103,0.8970322408068386,0.6115702443236704,0.8126266869005223,0.8147929334552299,0.8844270803202477,0.8485675298052603,0.6950916284233432,0.6944680836287913,0.767102226106448,0.7708562606848861,0.8617274744539074,0.8254937155965048,0.8267199519648303,0.6857376351216279,0.6588602602743149,0.8386075941995362,0.1846153562130221,0.5095419823018035,0.8364609831646901,0.6999016579165385,0.8916640645911396,0.6531130835253298,0.8043730745835547,0.8383542578185542,0.8686771463647326,0.838904463188587,0.6748059808112759,0.7223340025707565,0.8516401364421422,0.8205128183660051,0.6874999948846726,0.8602039045617731,0.2631578601108079,0.5121042806699055,0.0,0.005722460630794179,0.0,0.6732673193259922,0.0,0.0,0.0,0.0,0.0,0.010838826497395834
p_22,0.97145908990758,0.8063311726736483,0.7080181981426582,0.7304120936763011,0.20202019946944194,0.778931479100967,0.8076564738321785,0.7662551050343857,0.6803847550464085,0.4967416433710935,0.52151051500595,0.5736690029976516,0.6873623939071722,0.7912070815054361,0.7433560388147789,0.6342780009871039,0.5791915156421752,0.5929648203959497,0.7519131072558931,0.0,0.1702127633706267,0.8135208448892178,0.711222954893409,0.6817462527396945,0.26016259898208743,0.7689688123066686,0.7330772546849922,0.8569370848001764,0.6927249955588747,0.4941296574842985,0.6285487380811023,0.7547337534405425,0.6640149727093707,0.5067043012935476,0.7445050398739836,0.1705426224385564,0.18344518810463997,0.0,0.0,0.0,0.3888111833732702,0.0,0.0,0.0,0.0,0.0,0.015373738606770833
p_23,0.9752162386490247,0.8426486184398986,0.7113577180990085,0.8854847558078516,0.45751633488544297,0.7929156498795495,0.8172876784015943,0.8422982880795139,0.86176366324901,0.7321680591334622,0.7163437637447994,0.7645320159382659,0.8100502496280397,0.8599366527585561,0.8252890624532842,0.8172992032441918,0.7254817956082149,0.6445880400275603,0.8373074093568348,0.6419752293857741,0.29386891866946174,0.8304646015083809,0.692406053371753,0.8868869931306572,0.6028037336230239,0.7376279960387333,0.8128870697928748,0.8771618620414846,0.8584132917640847,0.7004836343487981,0.7301798784584058,0.8416252904634459,0.8481434037179426,0.6133333285228759,0.8533529837386211,0.5038167554338354,0.440031767751932,0.0,0.005385996360987465,0.0,0.3926829220404522,0.0,0.0,0.0,0.0,0.0,0.014199974423363095
p_24,0.969206391357922,0.8328312464292577,0.6515769663799446,0.8921947751194875,0.5135951609909853,0.7743632799400046,0.8071249874373979,0.8545340044996638,0.8261764291038874,0.7750101247721647,0.6988199058521808,0.798217693194724,0.7911479926437345,0.8550113643128141,0.8339675537412703,0.8027057474557334,0.7515432079435617,0.5730858402194218,0.8078484430621995,0.32727266776860586,0.4506001825918735,0.8213714988306554,0.6533575205711719,0.8818519521238326,0.5287356266589799,0.8107585026865636,0.8217380673696899,0.8342879201787194,0.811751600095027,0.7313784959764313,0.7123971047333572,0.8449165996376921,0.8146563230418391,0.6686746920815794,0.824609177181433,0.1860464683612864,0.526928672843626,0.0,0.002808988724592855,0.0,0.295185475176121,0.0,0.0,0.0,0.0,0.0,0.017422340029761906
p_25,0.9708888973755326,0.8323398684814124,0.664357579735224,0.8945297263464638,0.42080924369006656,0.7785959742811497,0.8026572988207258,0.8518233738731199,0.8439322398723518,0.5902786771350892,0.6500845190773135,0.8198395301975218,0.8004745880947705,0.8525815008916193,0.8370178100447349,0.769922556158075,0.7139037401341187,0.5081967166830901,0.8245967734378695,0.15094336774653438,0.42514474420889375,0.8225543973481174,0.6702518120636051,0.8815586924917277,0.5439045136922036,0.794626162647532,0.7901885905911714,0.8544035395154548,0.8020512810230112,0.5881306384697793,0.6734154914757582,0.8236796489795862,0.8489170606209269,0.6538124394933178,0.8078679958908661,0.0,0.3751668866811289,0.0,0.01364256461606324,0.0,0.26139817364338225,0.0,0.0,0.0,0.0,0.0,0.013630022321428572
p_26,0.9783764171733875,0.8331346645264309,0.7318824821608332,0.7154319829115209,0.2561983435785352,0.7268270387787554,0.775852632735925,0.860632108149991,0.6644263074118744,0.544438902200061,0.5893520417058357,0.5593815842629545,0.6631150088902694,0.8254063643507603,0.7629676862638524,0.7041971995196629,0.589645773353429,0.4879356524759995,0.7420443581307905,0.15789469529086964,0.16859503853561922,0.8217811446006053,0.7180872837898851,0.7865626654967536,0.5311871173924837,0.701160014929193,0.7811345810141557,0.884368660077653,0.7099396468654519,0.603345924874964,0.7147448760250203,0.8065476181903193,0.8061088950660394,0.606800343445507,0.7542379951947908,0.0,0.23452768474997085,0.0,0.0,0.0,0.2522522477071667,0.0,0.0,0.0,0.0,0.0,0.015400477818080358
p_27,0.9639425304464992,0.8136377955444293,0.6207737182190841,0.9169267705248245,0.6262956867086978,0.7918702796557445,0.790032963471447,0.7964693661033406,0.7689669944610298,0.7410065316579202,0.7079565987614002,0.8421052617941616,0.7901633444800514,0.8397434891046044,0.8469978048603652,0.8150943368264345,0.6845637558368242,0.5948275797971166,0.8161244688683482,0.41463409577632976,0.489183220798308,0.7949393891882037,0.6057088432228422,0.9026363215342981,0.6854256829530098,0.7460241504359996,0.7727433015887473,0.8434815086268949,0.7493622441014433,0.7481565506256792,0.7190139221204886,0.8251877948389245,0.8325568626128887,0.6525573134695123,0.8472696238504526,0.23809520975057025,0.4675745769533898,0.0,0.01061633733230216,0.0,0.38373120792456933,0.0,0.0,0.0,0.0,0.0,0.02031220935639881
p_28,0.9775136726698339,0.8155315278763217,0.7288144519830949,0.7788292545769709,0.38676844291643203,0.754930844314645,0.7536197417040682,0.8244727690268956,0.6152748029796874,0.5360745503544293,0.5782889415288762,0.6531343244588995,0.6901408429573151,0.8236391700467085,0.7989526830007924,0.7652495358720635,0.6151062839660503,0.5794947951003359,0.8030502228038827,0.18181812672177977,0.3551952810965713,0.8042361528175551,0.7079960061965741,0.8016665463675983,0.30851063282782565,0.7165496676175546,0.7687406655817971,0.8762677480229533,0.662990884817159,0.5464417291579972,0.7080530449585758,0.8097696576551136,0.7591050968805798,0.6076246298673043,0.843820811535802,0.10909088925620194,0.45398772696668216,0.0,0.0,0.0,0.0,0.0,0.0,0.0,0.0,0.0,0.01333647228422619
p_29,0.9717302693127473,0.8413243283484999,0.67639128477763,0.7908890067868599,0.2934131692602819,0.8160500020949746,0.8235417334356543,0.8754639170745031,0.8067202325687067,0.5671564158533917,0.590266121816672,0.7708077049167376,0.805242677032065,0.8593142656988869,0.7943320661317055,0.7980122747792684,0.6907430440400869,0.50909090446281,0.8516778516344985,0.22641505161980158,0.10928961599331126,0.8315546074472187,0.6659417962614742,0.8315407269770907,0.3732057371626108,0.8408715249584594,0.8500937475629013,0.8432792912249746,0.7675801437854445,0.6501575859408402,0.708879183141972,0.8068292675055324,0.8299955477748208,0.6347517674224135,0.8605290270864574,0.5294117257785496,0.21897810041380292,0.0,0.00323101771840036,0.0,0.2808641931965402,0.0,0.0,0.0,0.0,0.0,0.016717529296875
p_30,0.9759038966052187,0.8434798962478688,0.7151817783513625,0.7828467147790239,0.33842537792684635,0.8418782470243411,0.8606908448073982,0.829886656974604,0.8152824634643709,0.6971086360090684,0.7138406748690684,0.7161261629670095,0.7695085240330822,0.8886561953332378,0.8009964541525376,0.8058586995811065,0.7047387577774857,0.6586538408761712,0.822874907287184,0.39534879123851263,0.3424407983384263,0.8348172256071985,0.7037288521649028,0.804998856355255,0.4626006851254237,0.8221908929232047,0.8430696043233709,0.8756044418536562,0.8108601405306182,0.7102992466400778,0.7091572265134244,0.825717897032944,0.8286223559240581,0.6134397830110461,0.8377179074186071,0.38356159129293266,0.3713207519145604,0.0,0.005226480790710098,0.0,0.3111545957812662,0.0,0.0,0.0,0.0,0.0,0.013362920851934523
p_31,0.9747882363614495,0.8302475527127917,0.6838811627672475,0.9077948647258284,0.5751848761283084,0.8330485301796967,0.8261834602052363,0.8671508898388292,0.8258981434058453,0.6610287295400501,0.6787752966300589,0.8402182363205554,0.7466948684645826,0.8819913620039083,0.8285515726908056,0.8216815496714458,0.7762297390496737,0.5989949688543219,0.8392473110759433,0.5531914599366244,0.5383747147947251,0.8240125498209115,0.6682552938050444,0.9048907080543568,0.6762481038105287,0.8210459622102735,0.8303714812248417,0.8338140665443676,0.8081828503495607,0.6730151164468335,0.7244215919680679,0.8450180885450101,0.8247650612914177,0.6806806738670603,0.8511921066491348,0.16901406070224495,0.5623762348397217,0.0,0.003846153809171598,0.0,0.3374858398925726,0.0,0.0,0.0,0.0,0.0,0.011158389136904761
p_32,0.973849780147241,0.8258407585579163,0.6754740104620521,0.8335343782110076,0.23232322841206687,0.803848665828305,0.775761958076882,0.8717832952190839,0.8215397093471253,0.5877981534366558,0.6988621979801208,0.7345575919056339,0.7246550668126722,0.7408185007613407,0.8107041008875805,0.7890651340227298,0.7135187861712113,0.5103189445561075,0.8172101441873096,0.03703703017832774,0.3560500645890116,0.8216528565070456,0.687304596440201,0.8552835444257177,0.3858093083613159,0.7614304159060188,0.8092226800618714,0.8506658769750424,0.847872912159568,0.6052828300457478,0.7466294729274071,0.8211382105873614,0.8253262959585496,0.6270833268012154,0.8368362824144209,0.3157894182825582,0.3679245248309007,0.0,0.002265005636862903,0.0,0.41121494686581084,0.0,0.0,0.0,0.0,0.0,0.015443638392857144
p_33,0.9733504046199981,0.8450354169109773,0.673539300177196,0.9230932156560495,0.45821324988165346,0.7800140964366788,0.8170007373589193,0.8879806793683939,0.8505173907860399,0.7460562936941373,0.6632403312206551,0.8381575614443555,0.7537408045809262,0.8721167477829448,0.8211494243435065,0.7839065516420942,0.7070015193797506,0.6728205059197897,0.8446469240595472,0.7012986102209596,0.4902975388725903,0.8355058566623773,0.6741893265369049,0.9148440865311556,0.4756756692476261,0.8133431442694767,0.8406262277273855,0.8972708542113345,0.8167619037247468,0.7145214514082906,0.7296079298566743,0.8339802585849171,0.8423543305461273,0.7414383498164525,0.8647263400469282,0.13793098692034933,0.4744827553483948,0.0,0.004178272951404784,0.0,0.4935972003073667,0.0,0.0,0.0,0.0,0.0,0.011576334635416666
p_34,0.9729480045225,0.8359948146821929,0.7085616674145754,0.8742342085507239,0.5560098073915797,0.852748942480159,0.8532581077531853,0.8868124862567358,0.8421263381298165,0.6189133289914333,0.6757786227296021,0.7850953172222905,0.837387962808278,0.8856187063449316,0.8471282971262708,0.8163476440342792,0.6462882067847676,0.6436394217048069,0.8602228454930494,0.2857142486085391,0.397260271251642,0.8356142571912002,0.7024484600131925,0.8903962866429863,0.4279660971613761,0.8451362303408195,0.848680919565741,0.876618724375038,0.8514517878788507,0.6280881788026528,0.7335827083674508,0.8401943698173702,0.8382226038864914,0.716630972757809,0.868559223219223,0.1694914966963565,0.3853769963032978,0.0,0.009192383393352703,0.0,0.35153922193109016,0.0,0.0,0.0,0.0,0.0,0.01772402808779762
p_35,0.969282247110103,0.8162639208439989,0.6595196770617037,0.8717439015729722,0.5119139084403236,0.7524596199420056,0.8171213258240093,0.8122157912297355,0.7904479287968802,0.5326175743580143,0.7510100991136108,0.7644787615271089,0.8194717292742377,0.8625936170193317,0.7828862064596727,0.8092299414831501,0.6620795081724788,0.5206532130580863,0.818518517760631,0.3999999384615479,0.45410036441799045,0.8137479332441873,0.6483085987924401,0.8611599292808241,0.6522427406214103,0.7720790985130703,0.8279232882193158,0.8545994060671166,0.8479915977316992,0.5608391601855022,0.7562189036810735,0.8286104465443749,0.8184119658954846,0.6701208923132911,0.8216100554322814,0.5468749572753939,0.39722863511992706,0.0,0.0025510203756247403,0.0,0.33711047681146633,0.0,0.0,0.0,0.0,0.0,0.01823614211309524
p_36,0.9702261683939588,0.8353903612709606,0.707347793199243,0.7875288677919104,0.30403308889314284,0.7975374550182677,0.8417255736878011,0.8589230485451506,0.7530530906889663,0.6413326385826834,0.6948514008060875,0.7369928365775997,0.7327971386666731,0.8293929711307969,0.7738179245114521,0.7782002515128004,0.642367064140793,0.5126530570395669,0.8085720793308214,0.1492537090666106,0.14050821912543768,0.8303566073248034,0.7100994025318936,0.8015610525191421,0.4483394792588609,0.7860787413858695,0.8414605587375054,0.8797227699476716,0.743706249854223,0.6066059918124491,0.7337418447642976,0.8127509622119553,0.7873731662065995,0.6069518676005892,0.8052327812195208,0.0,0.25916870204426484,0.0,0.0,0.0,0.041474653900061595,0.0,0.0,0.0,0.0,0.0,0.019389706566220237
p_37,0.9698127220801196,0.8145056382320107,0.6413997473005644,0.9092429307516866,0.5434027730607398,0.8045676002422144,0.8342741963313901,0.7715687605482018,0.7801857575075003,0.7805039779172149,0.7408231347585563,0.8304834265769825,0.8017744552842063,0.866903588049428,0.8058407474266019,0.8088328050194549,0.5881341341698648,0.5589307343993836,0.8283915507429006,0.690140796468958,0.5625704590610459,0.7926055686970378,0.6231857603444901,0.8938938556412603,0.47857142429846944,0.800736874219441,0.8286513677913286,0.8019080062678651,0.7682420661825652,0.7204572634315336,0.7027305494520079,0.7721518978291704,0.8283837034733673,0.617731166656519,0.7985122201928669,0.21739125708885715,0.3222707409507828,0.0,0.011299434970213483,0.0,0.49723756219285137,0.0,0.0,0.0,0.0,0.0,0.01725827171688988
p_38,0.9716671299924127,0.8142054580922331,0.709298088157661,0.8257132059262909,0.2601431949863581,0.7232892778578452,0.7800398659133663,0.7502841550634893,0.7481811263457693,0.4727091875261604,0.5120702255253103,0.7716860668950694,0.6199177692555556,0.7753102962931446,0.7479052438730679,0.5575790022560819,0.4832977958718945,0.40246406157634435,0.804160369095777,0.29885054036200687,0.40644845917709593,0.8159453288052527,0.7043962948262784,0.7880381568276951,0.3394648801048087,0.7917564653648868,0.7523875074819394,0.8219160999676394,0.7365634702076609,0.4977715218182366,0.6571886250356656,0.7555597787915228,0.7046583099913495,0.322834642491785,0.8106367309434701,0.23076918639054106,0.2970799818151503,0.0,0.0036218761187183043,0.0,0.2464358427043193,0.0,0.0,0.0,0.0,0.0,0.01577119373139881
p_39,0.974259433034819,0.8606061148695676,0.7355713993324681,0.8013580077211038,0.49002216751638394,0.8085350726242512,0.8521550398732787,0.8674593646408534,0.7984267444570887,0.7214770939544705,0.66240292219643,0.8026548637050669,0.7940598366585284,0.8996387622271652,0.8268728652069965,0.7903930109432504,0.703846150462278,0.6909372525876278,0.8488846446932692,0.4262294383230429,0.31188118425889627,0.8512378082410433,0.7276386935871744,0.7873687578846127,0.4305882302283738,0.7982761327920189,0.8522673789447137,0.8877436696797313,0.7824885763654356,0.726794635176795,0.6824665335034749,0.8299591285714675,0.8122605344533992,0.6859315537191517,0.8634045971344444,0.2399999520000096,0.27850655622092274,0.0,0.004535147340871346,0.0,0.3601036222784505,0.0,0.0,0.0,0.0,0.0,0.01599644252232143
p_40,0.9726343195447721,0.8264245256374947,0.7093538492780554,0.7224061803509877,0.37608965907733927,0.7443885504744523,0.7231812576628236,0.8298168785679654,0.6621193658195866,0.5730337072902952,0.6501547973238505,0.6687763677807154,0.6857555325174314,0.8227553194833944,0.8001742153308588,0.7461904744138322,0.6532926268936213,0.5337672861369627,0.7931335923125379,0.0,0.14588859222959427,0.8128562928141159,0.6938063424869443,0.7490636696926307,0.2802547734999392,0.7936934981133009,0.7511626509192356,0.8804596413898256,0.6667462963846795,0.5481134829403203,0.6531187109595197,0.7772236070014766,0.7249544610087558,0.5103244800123563,0.80947768362307,0.0,0.30580539406536883,0.0,0.0,0.0,0.24836600901362732,0.0,0.0,0.0,0.0,0.0,0.014990525018601191
p_41,0.9695726886769209,0.8433368010862204,0.6803559606058118,0.8890419040956646,0.520673809183202,0.8111736197818822,0.8051082506997854,0.8181537506525757,0.8172105099376112,0.6527196645532706,0.6840268438012702,0.8525189223374604,0.7823643812786593,0.8456777798425238,0.8119173076490501,0.7813094246636527,0.7533661715817203,0.6329625820731791,0.8320953862078818,0.6363635640495949,0.43663274543648123,0.822658404446024,0.6683019206533712,0.9057867603734202,0.5354729684503973,0.8102496396992769,0.818814983281858,0.831298700758897,0.8285905132550562,0.655781111368291,0.7127957244650325,0.8508899904183542,0.8330155248351524,0.6526315727020903,0.8397578195360668,0.22222218106996647,0.52518841521147,0.0,0.002109704619095943,0.0,0.45598193616273214,0.0,0.0,0.0,0.0,0.0,0.016046287899925595
p_42,0.9732418384522679,0.8568044056170403,0.7004093763519007,0.7640449431843155,0.37735848508913666,0.7954171828332994,0.8190426807000654,0.8639164486350306,0.8312294170811891,0.7071390791040306,0.6470588218452399,0.7629288235385109,0.8583368145168732,0.8628665086897789,0.8492540197158942,0.7899868226877818,0.6562025283230252,0.6631419889490786,0.8346923639411672,0.6523604870231551,0.32036612905759576,0.841038653407241,0.7010437590743012,0.7805860798712582,0.3971830929974212,0.8084701904186327,0.8494255456423824,0.8818067448141097,0.8309556863641514,0.723342339717998,0.768126011655951,0.8344158892644113,0.8142369555966921,0.7069701229945226,0.8612386387508305,0.5826771194742425,0.40832507028419157,0.0,0.001730103791262078,0.0,0.3873626320417221,0.0,0.0,0.0,0.0,0.0,0.01576421828497024
p_43,0.9634329718707869,0.8226624904338176,0.6843593766807775,0.852854235919669,0.3333333313562673,0.7863060136113099,0.785496414222694,0.825440277020969,0.7821154479122284,0.6140780943669427,0.7242927689171694,0.8010118021331877,0.7374903757938984,0.8294546820865807,0.7213035405974805,0.6515334444541574,0.735108616905716,0.7084468616590813,0.8064842952174544,0.1971830708192858,0.17219589121488238,0.8209189970189417,0.6939339522207054,0.8623896406268826,0.5858480718738394,0.7804536433917336,0.7879834082121667,0.8748214193434054,0.7287485899337671,0.654672663122878,0.7241379296316585,0.7555717933828485,0.7637853935100869,0.7079174936266301,0.8403578041418666,0.2823529079584814,0.30619683896599736,0.0,0.0036363636198347106,0.0,0.3426911873892431,0.0,0.0,0.0,0.0,0.0,0.023501005626860118
p_44,0.9760431084597919,0.8265659032722601,0.7253034376408991,0.7935584557366924,0.490821251296413,0.8371172313993213,0.8282855950627651,0.8591667536681883,0.8276723834741879,0.7042508283546871,0.6657601287305952,0.7126555979634046,0.8148609364573248,0.8640538136967301,0.8220623493313551,0.8143612557351482,0.7608845861752432,0.629264589618919,0.8273478002426082,0.26229503896802636,0.3790523659264143,0.8185276923780992,0.7076693724411299,0.7682637996281073,0.49397589766294103,0.8290257942960342,0.8425796165518599,0.8768738972239452,0.8080664284601822,0.6421007125112377,0.7338056661593986,0.8328004505992097,0.8346672745605597,0.6331288304716023,0.8395716663330665,0.6213591629748385,0.35121950933967877,0.0,0.0,0.0,0.35071089631859126,0.0,0.0,0.0,0.0,0.0,0.01162472679501488
p_45,0.9673494862559647,0.8339515938978874,0.649074573603961,0.8937705779286789,0.49168206569609924,0.7874420996322988,0.8233052644181469,0.8139339082225142,0.7537162554956401,0.6261885661287793,0.6865211792387133,0.8414452050121074,0.7527588618155463,0.8435628366487774,0.8185422376552381,0.7931701005374674,0.7202016538703577,0.5815602777957419,0.8183069504316011,0.40540535062089855,0.3740296374450978,0.8029393077567127,0.6318608123758015,0.8974796084614126,0.3950617239611479,0.7539250895962223,0.8023009297201765,0.8243678156181794,0.7155845537323944,0.5867346931291649,0.633235887939654,0.8105824355592169,0.8141060666645542,0.630402379803261,0.8277621835266121,0.08163263640150277,0.3334958540541401,0.0,0.006894174398848071,0.0,0.17007534800780036,0.0,0.0,0.0,0.0,0.0,0.018956502278645832
p_46,0.9639946112686297,0.841966717597642,0.6196843639250642,0.9066356121858249,0.5082508208890196,0.7686274507965979,0.7742202672816306,0.8088622246032722,0.7503227462557156,0.5880350187402298,0.679899495779147,0.8040168422286464,0.7411294334304611,0.7878463086186874,0.8127096893500003,0.815819206734974,0.6601409527794011,0.5535900046452653,0.8337945340420317,0.13114751948401318,0.4867021255022069,0.8432658979857339,0.6158699227675999,0.9119549067307622,0.45277360979929826,0.7658643323834319,0.7898042988161857,0.8068246226012784,0.6826272240127511,0.6352654049600178,0.7669313387040371,0.8352435521538646,0.8056258767774237,0.5856929911647318,0.8269516720939111,0.0,0.4337899523571235,0.0,0.0073574493949802285,0.0,0.25835591455866386,0.0,0.0,0.0,0.0,0.0,0.02206057593936012
p_47,0.9707213228957124,0.7986350697876468,0.6402944739440206,0.9005288009704417,0.6393822369135821,0.7661851255404761,0.8112664739583458,0.8481215497370043,0.8240160992575849,0.6296076797088922,0.7158453800063577,0.8352816130837364,0.7975795416795246,0.8164922250001778,0.8040220812263189,0.7949295752255504,0.6732075446294055,0.6211538401812131,0.8285156605367454,0.255813923742567,0.5025498354077429,0.7907718024267519,0.6292702687589755,0.9064228759041053,0.6457607395716566,0.7062979187551209,0.8268557642118245,0.8323484064540414,0.759465477996141,0.6430003530569639,0.7179231135348898,0.8225721221361385,0.8300819880404806,0.7106863535127164,0.8414953263163595,0.32876707825108514,0.4921190871623507,0.0,0.005800837880113316,0.0,0.3113604444409475,0.0,0.0,0.0,0.0,0.0,0.014447748093377975
p_48,0.9672980186426361,0.8239660512238316,0.6666471093290239,0.6737754855006146,0.4251968448136897,0.8075169666424248,0.7766947839714883,0.8469284453903093,0.6463777693576286,0.48934454499557134,0.6152512984938231,0.700425931375173,0.7798250497304577,0.807020600030919,0.8104810472942484,0.7911851631518807,0.5957224799388499,0.4258872606901121,0.8307351556088806,0.0,0.2579365028187202,0.8058480348291599,0.6558896660643324,0.7294716733190413,0.05333333191111115,0.8308676246914876,0.8157664233035324,0.850893058528774,0.6997983280037477,0.47974413589227183,0.5516811943717701,0.8085470076831763,0.8312860345167058,0.5426515874342077,0.8323876422296788,0.0,0.20326223082481518,0.0,0.0,0.0,0.06429391430202165,0.0,0.0,0.0,0.0,0.0,0.023349144345238094
p_49,0.9759961378491954,0.8404757435027677,0.7065613366247961,0.9125446677598443,0.41674974659272435,0.7914377720911866,0.8172086605142975,0.8697055708411502,0.8763921040066247,0.7005208326316898,0.6613851248111803,0.8280571048167067,0.8635043550497796,0.8899682923682843,0.8163906929193139,0.7908937583167684,0.725648657058066,0.6466960295445284,0.8213448703611458,0.5070422178139283,0.47743622970937716,0.8343249427783169,0.7013906085146328,0.9093351239668676,0.4758497274074264,0.8179975676751796,0.8432328556691034,0.8687654752571834,0.8506457657019033,0.6539939745985313,0.7259050288530676,0.8464004655140382,0.832375976938966,0.6940486111144291,0.8482803852982098,0.2150537403168021,0.4938927217530923,0.0,0.004479283264509706,0.0,0.4125452302467403,0.0,0.0,0.0,0.0,0.0,0.009404209681919642
p_50,0.9742175023182201,0.8321735556240789,0.6810051033129537,0.9252870070878201,0.514423074862087,0.8254883884435524,0.8060443790802001,0.842180860110012,0.7940426663168622,0.7160402840628344,0.6930430146228279,0.8432864190884626,0.858055074021478,0.8468925708900346,0.8032069962482227,0.7721985793696494,0.6868811859935606,0.5110619412493148,0.8172081713462261,0.3797467873738244,0.4282330628695733,0.8119400088266658,0.67787795515899,0.9182163667445887,0.5343653234230176,0.8035879312847002,0.8388908725767785,0.7729733428541264,0.7568407208067384,0.6938725179461565,0.763157892943708,0.7749212470532251,0.8317510526588843,0.6991037042368284,0.816519059668349,0.19230765532545088,0.32096354062186344,0.0,0.002464571773060469,0.0,0.3225806421881969,0.0,0.0,0.0,0.0,0.0,0.011094738188244047
p_51,0.9710993260066337,0.817346770298304,0.6653667915868836,0.9072834674038338,0.5526823598893,0.8092163904785887,0.8160842634681804,0.8193148363378752,0.7957631711084151,0.5892547651801635,0.6503008407934998,0.8314942943117744,0.8378668560524931,0.8960204113960004,0.8161079142867408,0.7489816681543237,0.6370315920755636,0.32768361273367597,0.7937241305287092,0.07692306213018035,0.4039840621355216,0.810765805068563,0.6633195960421825,0.9270960750485625,0.5650273193167906,0.8103404289207912,0.8389084101777342,0.8190280536566553,0.8039006134064913,0.6060177982680919,0.7524115738346083,0.8260057039185544,0.8051460712807663,0.5741878790677096,0.8367851027581369,0.40909081611572357,0.5824440599571633,0.0,0.0029027576113127497,0.0,0.45505617338404253,0.0,0.0,0.0,0.0,0.0,0.01255551292782738
p_52,0.9640360767819088,0.8476811763715737,0.6847087196410819,0.8419787697162836,0.3720490994140784,0.8025436081027135,0.7833420225180472,0.846832223747859,0.7794641668477443,0.6688793433533001,0.7171082157227028,0.7325349264843567,0.753556908654581,0.8458291954993438,0.7633178765962721,0.6819421694436929,0.7003929238684041,0.6334841571630393,0.8382986044099375,0.15789469529086964,0.3312629365293692,0.8359545902738951,0.6637932517905171,0.8181607591551535,0.5605263121018006,0.7716685150869728,0.7933942934345913,0.8955754172566617,0.7880942963412428,0.6420734008304262,0.6715945075573506,0.809653032748931,0.7145566602310179,0.5940438824918192,0.8348800553012782,0.4507041618726532,0.41524736078469293,0.0,0.002306805048364417,0.0,0.19223659711426436,0.0,0.0,0.0,0.0,0.0,0.025213477725074405
p_53,0.9682978974558286,0.8506708146853328,0.667975429594506,0.9097049900366333,0.5646660983544709,0.8185884270110021,0.8250904003839427,0.8918176204969898,0.8570034152549983,0.7686177774702422,0.727230696423415,0.8105515563232867,0.849432533607273,0.8720375882704786,0.846497185283818,0.8201483287387258,0.7354227378446693,0.6634995988638195,0.8489597398460238,0.56470584913495,0.4469495991581592,0.8410571772379978,0.6558903310563216,0.9036312320212112,0.5786407710811575,0.8326086344341435,0.861676872642062,0.8755446780424135,0.8623994702408291,0.701206946618382,0.7045001092784303,0.8452844164857473,0.8228419632859443,0.6812816131426508,0.8444766119203143,0.5116278673156692,0.5143442596601216,0.0,0.004081632611411912,0.0,0.39999999558011057,0.0,0.0,0.0,0.0,0.0,0.01627284458705357
p_54,0.9712615812241014,0.8382103218464305,0.661496508099393,0.8781342178843408,0.4936014580109556,0.8121431395748365,0.8288203228692848,0.8755694072910757,0.8566298330709533,0.7631348929172236,0.6942148742944781,0.7866036891944882,0.7496803867305538,0.8733440455501974,0.8342386206834251,0.8208092461826322,0.7439525296944202,0.5903614398558088,0.8324355513347099,0.5434782017958476,0.40729483035079134,0.8306545598374666,0.6726238179091721,0.8633316654010347,0.47701148968379803,0.8083637164931047,0.8248655538017383,0.8900313474043691,0.8397863807212466,0.7136481570174903,0.7220779205149829,0.8229098083110037,0.825669002791195,0.7392026516677521,0.8542840481306742,0.4999999375000078,0.525561392615569,0.0,0.0,0.0,0.36891191327552425,0.0,0.0,0.0,0.0,0.0,0.01402646019345238
p_55,0.9712752084945181,0.8332201311417209,0.7285678699877344,0.8148735068114361,0.1975683860551917,0.8084103594746017,0.8261720361173291,0.779446353908338,0.6970079093236181,0.4926128309121506,0.5117565688366794,0.7443116053053929,0.7998065751131422,0.8397493814761973,0.7871167750713772,0.7518939376138875,0.7009186774381807,0.5488054570047409,0.7738780201568771,0.0,0.11334120291214637,0.8243793399087019,0.7149294473229939,0.8614201898193727,0.3508771878526727,0.8094432792600862,0.8619891085003762,0.8393694498456702,0.7747969978674099,0.5573515087075448,0.6829563798809444,0.8324493515064348,0.7580105194691285,0.5898261391511517,0.8352758346268253,0.0,0.3386613369697236,0.0,0.004722550121339432,0.0,0.14447591863348558,0.0,0.0,0.0,0.0,0.0,0.018301827566964284
p_56,0.9693961507937197,0.797178725259807,0.7133356905915484,0.7359102974801488,0.027190331915553898,0.7610111544528707,0.7703108938428715,0.7684410642735546,0.715826845943156,0.424879807266747,0.568925770933781,0.6223328569618319,0.7934782598177648,0.8400028736489685,0.7284052388674497,0.6582977638506207,0.6668963118605018,0.4258324881348891,0.775906633683789,0.0,0.17096336267349577,0.809511783838916,0.7080968561231654,0.7059723042171674,0.32016631683818797,0.7438487436560868,0.8068043114117652,0.8273789645469216,0.7694753566912091,0.5405853114848286,0.733238229604161,0.7600476832765262,0.7465027538225886,0.485532812381561,0.7993313692594672,0.0,0.25133689615564264,0.0,0.0011363636299070248,0.0,0.1764705863129566,0.0,0.0,0.0,0.0,0.0,0.01729096912202381
p_57,0.9701176947348925,0.84298584297274,0.7038020973285318,0.7975410926115588,0.30744336320838705,0.6869467646202029,0.7828710432728001,0.8209087100307358,0.8154912522659354,0.6817849298813232,0.6115731718075152,0.8187290942517421,0.8007787138209301,0.8160227858626387,0.7601288347515437,0.7273130669462768,0.653382758788773,0.48666666125925934,0.7907872556048574,0.15217389650283733,0.24145785601984218,0.83726745022382,0.7008822379312426,0.8867770368149744,0.44667143560006134,0.7032106188397439,0.8313280243459051,0.870150722085176,0.8439306349823237,0.7329999993891667,0.7668153420752626,0.8123599096923152,0.7973124285231198,0.6114285656054422,0.832284279473919,0.16216214755295968,0.4244946467033612,0.0,0.005319148865436851,0.0,0.2794759794817033,0.0,0.0,0.0,0.0,0.0,0.019593302408854166
p_58,0.9696618698501935,0.8230708884455608,0.7058577853558518,0.9009673570164389,0.397435894251315,0.7527361019147756,0.8087950985075391,0.7749211605243888,0.7653286785743704,0.4291421851596449,0.43462246697122936,0.7635009290675686,0.6070395356628748,0.7693268601809432,0.7812647245488034,0.7008941427721541,0.6493699012254637,0.22653060993336113,0.7438526292040906,0.04494381517485223,0.3882424960915953,0.825277310704636,0.6952047706864907,0.8841082579180835,0.45581395045970796,0.7566161020881216,0.7664923397605653,0.7841323389105228,0.7281893898200468,0.4188092011515458,0.5194071973898956,0.7947675439325017,0.7720484621807594,0.4367635472367357,0.7203767966283451,0.14141412712988613,0.41982507113775475,0.0,0.0025627883071174056,0.0,0.39056355975670304,0.0,0.0,0.0,0.0,0.0,0.014910162062872025
p_59,0.9658396124644861,0.8442081304060469,0.6669726141056088,0.8732778306662942,0.4554216812599798,0.8235872488036671,0.8274888847725012,0.8647194874591364,0.8622333740749896,0.7250569467823953,0.7038183676372075,0.7734989616004183,0.7965103581319295,0.8737873605978066,0.8235663448895287,0.8041916143587077,0.7068645607288285,0.6587771138187661,0.8268430994075208,0.55319143051155,0.5211726350412206,0.827045535870801,0.6581115533023697,0.8467306012002046,0.5719523320627651,0.8246520872565534,0.8465640164851379,0.8713252444754286,0.8698261837316167,0.7831868370710088,0.7575899094871792,0.8396930725428318,0.8495132104325084,0.6221864901753498,0.8392013110454314,0.20408159100375692,0.5429864222681764,0.0,0.0,0.0,0.3801295855277583,0.0,0.0,0.0,0.0,0.0,0.0188201904296875
p_60,0.974819210582247,0.8381170937509652,0.7218095249295716,0.8495838560238137,0.4012409472467327,0.8058845919510323,0.820018046725896,0.8664141294936726,0.7714155864900982,0.5755933465000996,0.5889428623896765,0.6231555015711947,0.7223898590151181,0.8670811876375144,0.7915363378182738,0.7022900746065253,0.5599999970133334,0.6059259214375857,0.8186312368155174,0.039999992000001594,0.23470410998290764,0.8452372295456103,0.732460423388718,0.8365978837139427,0.21221864610580957,0.7976771744968767,0.8390332138120671,0.8776130928027746,0.7697290286411217,0.511987772937255,0.6902512548939673,0.8059355045959251,0.7354865933386393,0.5875409797538297,0.8260433535246137,0.0,0.26619216892389913,0.0,0.008130081218190232,0.0,0.38735177100095314,0.0,0.0,0.0,0.0,0.0,0.014781842912946428
p_61,0.9669244989854233,0.8169602920916331,0.7046656517366067,0.9038937425881026,0.5085823235309452,0.7167314572209326,0.7142828319032153,0.8232399480941454,0.5842593646646129,0.471722364533288,0.5279138091284463,0.8412785372762036,0.5131578924861495,0.7087828337833839,0.8077858873219298,0.8134642327718645,0.5508159159724708,0.22868216832672317,0.811554078246997,0.0,0.3161833474453538,0.8234651396607063,0.6782434368224858,0.8725565672946095,0.4748923925760948,0.6432019519804779,0.6863364349473046,0.8291245300033953,0.5146968134484102,0.5148805872444818,0.6444558335136583,0.8185461825300181,0.8201943822348964,0.2679022723849851,0.7966866076422581,0.0,0.49006143660982493,0.0,0.004331348120380757,0.0,0.43105445618708627,0.0,0.0,0.0,0.0,0.0,0.020655895414806547
p_62,0.9656089108558938,0.796326329978695,0.634746853737047,0.9150903934295928,0.5595567828285541,0.780844846440794,0.667618328190886,0.8365753928654595,0.7868611339785989,0.6997819691915993,0.6538139126744512,0.8146328124088648,0.8399999986451613,0.7506518322967737,0.8151419549788202,0.781659386208174,0.7738504824089756,0.4189602382421982,0.7840971831547053,0.0624999804687561,0.4914285692684458,0.7960691036412464,0.6397549720516605,0.901991599809784,0.6120077429825195,0.7166475166868864,0.7635902819969159,0.8392570812137513,0.7881887923875973,0.6081326662788135,0.6631243340512105,0.8091416954706534,0.7729149441978669,0.5362595368677525,0.8266055913478332,0.06060605142332554,0.46342459965907395,0.0,0.0027991602323361774,0.0,0.19765929521899486,0.0,0.0,0.0,0.0,0.0,0.018253871372767856
p_63,0.9666841682421972,0.8055854681335443,0.5936565496220488,0.9151781537613058,0.5820060241842185,0.7233417936077362,0.7771928258545855,0.8260840420708505,0.8241925642532106,0.5472013359131143,0.6351135253114374,0.8362711233213318,0.7567114072798897,0.8286917261318771,0.8103579581013348,0.8041978986380872,0.6952243105782219,0.5390070858273395,0.8301275939534112,0.6597937464130158,0.5030874211794364,0.8106887300886821,0.6235061499023965,0.9053903381569887,0.5743145715521184,0.75216507714486,0.7850920011637025,0.8255504800425725,0.7247494208111676,0.6336736004216649,0.7072203102162912,0.80326860486489,0.7637860061350178,0.6705539293434992,0.8398133739892949,0.0,0.5029333319921777,0.0,0.006281406995719805,0.0,0.2990291233103969,0.0,0.0,0.0,0.0,0.0,0.014699154808407737
p_64,0.9784899666840989,0.8424931939910706,0.7364378353790898,0.8754979691063632,0.5537459238294306,0.7921373112118258,0.8166538875932708,0.8239328861795321,0.8376541645637375,0.7029661888581558,0.7113549601351266,0.8042593147376783,0.7179487161260505,0.8746862736620795,0.7868087932635923,0.7169712775013805,0.7405696661255978,0.702754029413542,0.815325247321458,0.6373625673227947,0.35193132795471155,0.8432781155445694,0.7371118142367007,0.8474232605759373,0.44166666206597227,0.7864890322200271,0.8485856237913972,0.8682108621244804,0.819795309211303,0.644265725851861,0.7293630702934858,0.8327935214242981,0.8457405964549997,0.6644518217238221,0.8442466616617504,0.35616433477200893,0.44134077904091634,0.0,0.0057526365699651335,0.0,0.2720156529156981,0.0,0.0,0.0,0.0,0.0,0.010894630068824405
p_65,0.9753890451438966,0.8305339244024628,0.723848159127683,0.8286138445985518,0.3920145154989608,0.7993663121424349,0.8469187069074475,0.8073294805120119,0.7695172220115478,0.5550239228414268,0.6427919693366971,0.7818674901903623,0.7839422625531298,0.8635334002094878,0.7076868194152962,0.683520597650935,0.7046236121336507,0.50131925680458,0.7765125758187351,0.318181745867785,0.16551723974859864,0.815637633804204,0.7001456245016157,0.8344295466516383,0.23039215403931185,0.7581981273569437,0.8256105896782315,0.828443812390395,0.8195049125270495,0.5634153936185567,0.701202588572612,0.772054984537972,0.7590079533013385,0.5312024312693879,0.796214936806172,0.0,0.3159420266960723,0.0,0.007976071705123912,0.0,0.2762836152043568,0.0,0.0,0.0,0.0,0.0,0.016076950799851192
p_66,0.9665163090359572,0.8308525754155253,0.6345783023481434,0.8971345958048951,0.3694874806974079,0.7982229218315647,0.7901439143900421,0.8734140875633423,0.8001112800109733,0.5571181300766788,0.59479358244861,0.7878326966242102,0.8291733035419131,0.8336682934836398,0.7872734753014071,0.8155028801553399,0.6696864088164236,0.5087514526400064,0.8340433581046641,0.0,0.482758616527943,0.8186748191922388,0.6400905611395195,0.9055954295790262,0.575367641770518,0.6408213550606923,0.7908765031805854,0.8466312051376449,0.7953708563974607,0.590401934950394,0.6606860140878996,0.8190917702885979,0.7965536386977385,0.6416584339421675,0.8302851515926399,0.2749999656250043,0.42668199869648077,0.0,0.009900990000980298,0.0,0.28059701073735804,0.0,0.0,0.0,0.0,0.0,0.021081978934151785
p_67,0.9744783362066671,0.8429222956717572,0.742803719655046,0.8694088347923044,0.37486910602231305,0.8060217568406995,0.8110223454176415,0.8626428082515296,0.8259671319526721,0.7054434126992792,0.6979804840073055,0.8207078069005328,0.761177751884018,0.798395277936857,0.8165884486001451,0.7976373888093544,0.7295194474621535,0.6553002175292794,0.8347491016422199,0.5378150808558756,0.36084452628748054,0.8383198506782782,0.745839199524171,0.8910233389178531,0.4583333289930556,0.7971873428434988,0.8287445965663293,0.8565813174337603,0.8512708490356723,0.6489548733649592,0.6956521723777265,0.8388032630654549,0.8398492679231059,0.6656126429595839,0.863647991077302,0.17721516744111804,0.3205233007316165,0.0,0.00729040088347022,0.0,0.35384615044378703,0.0,0.0,0.0,0.0,0.0,0.015908377511160716
p_68,0.9714302910806916,0.8467350888295296,0.6792993244200474,0.8626114836844315,0.4727722713765808,0.7746075221855467,0.8300277744637414,0.8893979052741068,0.8488176612699567,0.7417515267395606,0.6402559039363782,0.7734010979525577,0.7646426631793587,0.8662898967068337,0.8341453503510502,0.8214101883134066,0.7048016672033333,0.6356340237910593,0.8496407337446636,0.24561399199754524,0.4467455588258465,0.8363092035888776,0.6783576060059966,0.8879182646937148,0.5399393271998046,0.7096419430430299,0.8047027198932452,0.8620122232827855,0.8689533851484682,0.785562631902171,0.7382894412997217,0.8511646260845197,0.8170900673970207,0.7035881380375341,0.8563001190374228,0.11940296725328846,0.500877703330148,0.0,0.006012023987855471,0.0,0.3138686093203332,0.0,0.0,0.0,0.0,0.0,0.016147867838541666
p_69,0.970396399152683,0.8453206129025067,0.6756126003657259,0.8265929249760382,0.5445445390936483,0.7602556054201358,0.7799592431112399,0.8761655871733887,0.8454763799766796,0.7218742742729364,0.6266386978850584,0.8284892978968722,0.7605493114593026,0.8622451629289583,0.8332003182838897,0.8202412450125294,0.7643979026806367,0.5672797621754138,0.8432361726053474,0.3461537795858116,0.3915611781302854,0.8395666677283589,0.6676068138574893,0.8656600846935125,0.5753424604991556,0.7796388591715993,0.792802328603167,0.8806790419634349,0.8627154890364723,0.7490147264581885,0.6843953821264541,0.8403307195959082,0.8055040994826564,0.6208178380964885,0.8527514223408431,0.0,0.47467036450610434,0.0,0.0014630577800800455,0.0,0.2412626804818187,0.0,0.0,0.0,0.0,0.0,0.01740199497767857
p_70,0.9774603691822054,0.8475401775744168,0.738778175852536,0.8785706583813272,0.34553775348354976,0.824391497937866,0.8260144366335669,0.8097812353813059,0.7994644727938564,0.6046158223909053,0.6362706999871791,0.6490409504974549,0.5790003335155977,0.8487655266295406,0.7581988814107362,0.6618952171145284,0.5335658215624854,0.48372092648278353,0.7797796936386477,0.13793101862861853,0.4879448881289042,0.8503367817671068,0.7462561243515601,0.7832426668256168,0.14098360424617043,0.8255095927747238,0.8056987055964092,0.8542657052321905,0.7811225043763121,0.6559999993752381,0.7339590102778031,0.7851967879526173,0.710426538600885,0.5411078685649687,0.7565862385910255,0.0,0.3187250970619514,0.0,0.0,0.0,0.28387096316337157,0.0,0.0,0.0,0.0,0.0,0.012100801013764881
p_71,0.9744955060300687,0.8255171201313551,0.7228928649737432,0.8435538384343126,0.055335967285850454,0.6736538959295484,0.7647420613824857,0.7407871755962983,0.7898183346115143,0.4941026453149478,0.34864440880877345,0.6712623840100715,0.6378066362727114,0.7874790918697763,0.6946537487206629,0.6909912796545324,0.4308460804531811,0.5129059074695594,0.7158347670259597,0.0,0.39793281310996714,0.8306743166514373,0.72721938859583,0.7894336081594133,0.3140877561883631,0.6725723477719482,0.7503956947861525,0.8284069093913594,0.7818437710745441,0.5041539128725908,0.6049932250725891,0.7581575704547834,0.7790055229055611,0.49243465961186617,0.7523230269029203,0.0,0.2785046702943489,0.0,0.002816901395225815,0.0,0.3522167444308283,0.0,0.0,0.0,0.0,0.0,0.011619349888392857
p_72,0.9666921568346966,0.8054981807101077,0.6552274414909599,0.9065445815399645,0.4595392766713569,0.7491127239371893,0.7518297525484053,0.8007710478791376,0.6333253178248073,0.6229262542834997,0.6124755474625613,0.7789716024962172,0.6781691812169443,0.8207077365735261,0.7550620502425474,0.7092100699923763,0.641374372127477,0.41481481097393696,0.8208604947232852,0.07407406035665548,0.40026908711648473,0.782363612680129,0.6125764421517526,0.886853805630355,0.5030302999816345,0.7292978416932351,0.7661706609977502,0.8432479369497873,0.6680015008534583,0.5730815406908836,0.6642744995194562,0.7936279355650905,0.8073924319740328,0.41944194041906446,0.7464423156301421,0.0,0.5331858392334462,0.0,0.0027894002733823467,0.0,0.4225352053164056,0.0,0.0,0.0,0.0,0.0,0.013056001209077382
p_73,0.9666091076258002,0.8445138215765718,0.6765781272460941,0.7953679056352098,0.46116107554242786,0.7960871264390016,0.8124824289624539,0.8381082784716093,0.8428176783938983,0.7460834814992289,0.7178783705581199,0.8024489763165348,0.7348078146128242,0.8825371964041848,0.7610043704777835,0.7842418671913838,0.7309136390032805,0.6116152394590268,0.8286445005723406,0.5599999440000056,0.23809523582766443,0.8267498838177727,0.657291552226501,0.7885917393461478,0.5643153480139805,0.7975539449913649,0.844886744695521,0.8779082172476477,0.8136102749199094,0.734151117684619,0.7248628868261817,0.8330005438074056,0.826909263043071,0.6794425027923127,0.8343733278352885,0.31325297430687055,0.3192019923590857,0.0,0.0,0.0,0.332240433527427,0.0,0.0,0.0,0.0,0.0,0.018958972749255953
p_74,0.9694096747628048,0.81698200839817,0.6117764503410772,0.919517393180017,0.5962820042220904,0.8326751927763673,0.8377651750386337,0.8709033540204086,0.835900158432395,0.8228466137053463,0.7518642305171914,0.8757396433510732,0.8461787551065759,0.8684709349781538,0.7846947333756811,0.8123097706719318,0.7263406911421897,0.6011450324318223,0.8212637905503873,0.15094336774653438,0.44567062629172055,0.802320558623116,0.6229218004468735,0.9228843710914043,0.6437433511388041,0.820620410363968,0.85602127898586,0.8367421203604759,0.8165479814439381,0.8049248150116816,0.7549130319518568,0.7768810814421065,0.7871510033408856,0.6867219845775728,0.818808898456418,0.4399999120000176,0.4409231813953731,0.0,0.00379826966913216,0.0,0.3482142818279656,0.0,0.0,0.0,0.0,0.0,0.0137451171875
p_75,0.9746447146426049,0.8497102520086324,0.7017552468677944,0.8509678180436007,0.41685143662027235,0.7968482179649393,0.8169608812689805,0.8732865957553173,0.8330649478890702,0.6855284545414326,0.6564963115776854,0.8008356518076752,0.768211918573072,0.8917664620628035,0.8081389570142542,0.8303312003767251,0.7589314426812634,0.6387832638898929,0.8312922675641635,0.0930232341806432,0.29657089623196575,0.8334474186555162,0.6943988971702493,0.8529965384340297,0.5843230357535785,0.8194912654971163,0.8453210755155345,0.8812861588332854,0.8275862057947195,0.6112136587318716,0.7009202436070545,0.8399999992328767,0.8198198176475362,0.7071622782668878,0.8596196365682268,0.09756095181440198,0.3900414905390748,0.0,0.008968609731410917,0.0,0.556786695889381,0.0,0.0,0.0,0.0,0.0,0.011439005533854166
p_76,0.9701713860588813,0.8297359376170721,0.6867184023046462,0.8486664311780834,0.28023598406731587,0.7539772142168795,0.792863235661019,0.8136562799332666,0.7965527842466101,0.5554157605451038,0.5857309927819159,0.8288659772451907,0.790062109838355,0.8595584631774271,0.8078358200582133,0.7725162464484177,0.7261645593114298,0.520642195864195,0.8379878259595527,0.34374994628907085,0.4093749968017579,0.8220155491580722,0.6729327822802159,0.8948266056627846,0.45931283490675556,0.7349859181653297,0.8131506273696023,0.8571428565798733,0.765119548853559,0.6030363650664513,0.6948203436891733,0.8256656117253233,0.8161820459767837,0.627486431939544,0.8545679441115321,0.22222217283951712,0.4964921721721955,0.0,0.006024096294817827,0.0,0.21859706005551288,0.0,0.0,0.0,0.0,0.0,0.018821498325892857
p_77,0.9742494634976039,0.8314279156483368,0.7249041992722577,0.8164832346963891,0.34988712923377957,0.7610968919534193,0.723923373972447,0.8470827873092377,0.777377891031648,0.5670146131868323,0.6162065881206443,0.7490079327926193,0.7666251537568489,0.7990595268363265,0.8079342033788736,0.7583821161299038,0.6752015141052559,0.59866961863511,0.8236601411884262,0.0,0.15686274290108204,0.8169411061962658,0.7063896199983484,0.8127015978691838,0.3866348402549542,0.7165717627970174,0.7038982940452814,0.8696121266280347,0.7439797202230929,0.554176660179188,0.7061347046200457,0.8060780127804337,0.7818310172232737,0.6112716718838752,0.8490666659119408,0.0,0.21874999786376956,0.0,0.004479283264509706,0.0,0.0,0.0,0.0,0.0,0.0,0.0,0.015209815615699404
p_78,0.9735409931586938,0.8353533126427347,0.704528111313201,0.8583033414610266,0.36482084096382994,0.7831345056403201,0.7596343128824383,0.8590448938935713,0.7842293895566604,0.6135756273505338,0.758620687875626,0.7920203701527149,0.6458080174793195,0.8276248741235096,0.8080427261409124,0.7634556975891369,0.66905507985197,0.5633802764001852,0.8155763799330576,0.4179103853865096,0.39327730761951846,0.8305496498590484,0.7135843154211857,0.8723696727966747,0.23481780901178526,0.7367490271495252,0.767261668599282,0.8670919407344228,0.7326369272548886,0.5569087682053712,0.7086903290316395,0.8296719526847878,0.7831236102069489,0.5776173243493334,0.8139936385152261,0.15686271434064425,0.3676366191083278,0.0,0.008498583449028563,0.0,0.2593192826690554,0.0,0.0,0.0,0.0,0.0,0.016261073521205358
p_79,0.9736636127056832,0.8453862911245529,0.7103531283920298,0.8815404313567781,0.3919999947733334,0.7962545124108036,0.7981959564044668,0.851536590287676,0.8449299443779033,0.6714583326338975,0.6580962782874827,0.7872634942904314,0.7168234046059995,0.8616762723314915,0.8096205952917563,0.7500715695675019,0.7327629555472424,0.678304233763057,0.8412246015985799,0.6153845364891619,0.37014470395929394,0.8321657128337955,0.7033308710752789,0.8736864674706807,0.57399999426,0.7971046522275652,0.8124263656717042,0.8782126851696459,0.8404030925235493,0.6831672552414366,0.6651004942179575,0.8340342922096039,0.8074034313106131,0.7199327105136021,0.8652562286175306,0.20689648038052402,0.3781163408717705,0.0,0.004415010988796788,0.0,0.37066402011234867,0.0,0.0,0.0,0.0,0.0,0.015617297944568452
p_80,0.9704209025876002,0.8222009368994847,0.6819762595826463,0.907000028347112,0.5511695866142574,0.8152812760102767,0.8099641002602106,0.8604624002449426,0.8527296299342889,0.8069813260702061,0.6871794851065475,0.8232994494788919,0.8039401386551618,0.8516495348308076,0.8092262233732233,0.7992240517322209,0.6556473799097916,0.5868263414488389,0.8096293941403977,0.623999950080004,0.43636363388429755,0.8000842945810348,0.6668560677340744,0.8982039983401545,0.35010940535985335,0.807410991032982,0.8353469153572907,0.8543493339718985,0.8362414643586848,0.8462295367687365,0.7319004504188336,0.8284518819563867,0.8088032990129207,0.6766466998338653,0.8463261161924645,0.2499999553571508,0.48997995746503026,0.0,0.0037140204098699142,0.0,0.35761588930310084,0.0,0.0,0.0,0.0,0.0,0.015858096168154763
p_81,0.9631198006639005,0.8158781679433671,0.6302094963180662,0.9030639580829402,0.6224869648362847,0.7225102465398576,0.718059088187013,0.8817872284321204,0.8187202068197021,0.6271102276227529,0.6497975692059778,0.8423076899936601,0.8117823244838184,0.8540305676217385,0.8343653242701574,0.7808836766429705,0.7363817068135916,0.5855130725803513,0.8274939816105072,0.0,0.42279655120744497,0.7920667197603164,0.6128192096570552,0.9079674963244196,0.5732718841173098,0.7959538483757562,0.8071615900892678,0.8747280864525092,0.695404433673474,0.5955122870764428,0.6801749926774695,0.8278219094514854,0.7895266848199227,0.6352583538354228,0.8319668586933918,0.0,0.36923076756004175,0.0,0.007332722205932885,0.0,0.29418471728409673,0.0,0.0,0.0,0.0,0.0,0.019649832589285713
p_82,0.9739287109930524,0.7923347075738216,0.665987199329155,0.9141508752586369,0.7208412967455005,0.7854848224003524,0.8006068767909676,0.8590108011034617,0.7614070854430193,0.6614122212681794,0.6794838012128422,0.864456360642476,0.8218975935931864,0.8240321528818516,0.8252866300354617,0.7663359535876293,0.7684925998860751,0.6014760092114759,0.8152866235205443,0.2599999740000026,0.5095613019709713,0.7957931991984328,0.653235097820692,0.9221375262557094,0.718703972907688,0.7363621007891791,0.7898385959785243,0.8830678163320522,0.7505643332386407,0.7467738515477323,0.7017283933290657,0.8303393205286035,0.7856758191015729,0.6727688710209512,0.8441111593788169,0.14035085257002586,0.510999997445,0.0,0.0043290043217965295,0.0,0.38461538061730377,0.0,0.0,0.0,0.0,0.0,0.011862037295386905
p_83,0.9680042654841513,0.8218091182753732,0.676286929702161,0.8854895643508114,0.29054053726868767,0.7641598785839742,0.7121200026579322,0.8236816160524386,0.8016614736337124,0.5848165630405417,0.6407889201829859,0.8292501840585558,0.7688123286150276,0.7162084268954683,0.7644454526456517,0.7800627369115972,0.7119944187168953,0.3773148104477453,0.7798833812136631,0.11594201218231708,0.29406220269498395,0.8149314954909812,0.6670017454725907,0.8743449738450126,0.2360922627395894,0.7220286679469369,0.752288807799703,0.8377004296456131,0.7823868669228184,0.49065420497059425,0.627313861317742,0.7802784457445008,0.8147327587517785,0.4162436505965112,0.7862055596375032,0.0,0.33935483652029136,0.0,0.0061704589040861586,0.0,0.3147699719761505,0.0,0.0,0.0,0.0,0.0,0.017208135695684523
p_84,0.9698247741170438,0.8224643331299591,0.6799994601287571,0.8396001898860066,0.4651661257752827,0.7864338345035966,0.8172562275599786,0.78990756892835,0.720071092141588,0.5774449141675405,0.626120667249526,0.7857432126944381,0.5964497023773677,0.8150782142975843,0.8174565923815518,0.7740730840915628,0.7138740192924082,0.5265957400124491,0.8090715565669956,0.2830188412246376,0.23433242293976,0.8108573489789433,0.6735294200343768,0.8508802204286732,0.5999999955882354,0.6990628397834777,0.7989807252009814,0.817881147541939,0.7748095932990684,0.6370355364614402,0.6921381320300315,0.8209032697517709,0.7927340456620074,0.609028304445078,0.8288607587942104,0.17021274784970766,0.39999999753086424,0.0,0.0,0.0,0.180645158376691,0.0,0.0,0.0,0.0,0.0,0.020745994931175595
p_85,0.9691600870983622,0.8216840356285934,0.6955160412142913,0.8532584444362986,0.29232386653707815,0.6867546742192779,0.7366201330778925,0.8364091330394688,0.785259132556012,0.4975124372216152,0.5551684077522873,0.7165197591227758,0.5727338288705607,0.6883760142287496,0.7036279063222066,0.6333739322978869,0.6089918235388562,0.29565217069943295,0.7643557416278399,0.0,0.4321543380568853,0.7968497522669223,0.6767869411302667,0.8429962154886338,0.4615384586520422,0.7858504098871865,0.7727692638176707,0.8198037461324049,0.7762086374845804,0.4348913903845202,0.5873328076567018,0.7755102034356434,0.7471104929562865,0.6011342098191473,0.7613535883278245,0.0,0.4384748681175265,0.0,0.00351229301677799,0.0,0.3643979019434775,0.0,0.0,0.0,0.0,0.0,0.016362217494419642
p_86,0.9801576991662584,0.849335093524015,0.7567852975885363,0.8771384133360696,0.37256718839140696,0.7986214754555855,0.8379016783498611,0.8881016639180715,0.857178619530381,0.7386449856491654,0.603348728050379,0.7791563243211069,0.6606728519122017,0.8665390169527799,0.7729607553185117,0.8007934236305088,0.7209838557994471,0.5842105211911358,0.823304679251858,0.7762556723170926,0.3389199223564253,0.8369407948431538,0.7490340394326463,0.893029936160784,0.5230524600711252,0.8063289781520858,0.8459031949116376,0.8936566074227242,0.8552188541904535,0.7498701020992725,0.71989318899895,0.8222289208901328,0.7902023408141577,0.6656760723203858,0.8572216595961923,0.5066665991111201,0.43457090423267863,0.0,0.001156069357479368,0.0,0.4921316095546265,0.0,0.0,0.0,0.0,0.0,0.0120361328125
p_87,0.9748785034678887,0.8450048674501863,0.7165846647034582,0.8191192859398556,0.5211009126504503,0.7948458953359596,0.8354623050081379,0.8858013527783682,0.7945581617641561,0.6989828638330589,0.6206365487149985,0.713665939730662,0.7368421035547367,0.8896533063638439,0.8160267725053205,0.8176795557522664,0.6760705255613576,0.6212832502247008,0.8412291925724994,0.3571427933673583,0.36319017959275857,0.841975851389691,0.7226483908823204,0.8406868884177194,0.4807339405437253,0.7986834586952415,0.8448606656886977,0.8814737568755221,0.8237663635148963,0.7008305014148448,0.7428076990205328,0.818147660324866,0.8305513383142353,0.6931137672671125,0.8329829917514017,0.31111104197532397,0.4682040498378473,0.0,0.0,0.0,0.26244343594521,0.0,0.0,0.0,0.0,0.0,0.012917218889508928
p_88,0.9704208245052323,0.8135477108641059,0.6532836013369389,0.8420350287228051,0.508953812356703,0.7749621079121009,0.8133208957210728,0.8146296392507855,0.7770814672246049,0.6021587538426223,0.6730623562911832,0.8074167686160271,0.8189371964851455,0.813842751632069,0.8087454442386826,0.8090438550557236,0.739509760118364,0.5008912611328765,0.7984953400029963,0.1791044508799327,0.3537906111639667,0.8190370707195428,0.6676534840739893,0.8295290966964637,0.4702549530665255,0.7967747484459364,0.8280553937797687,0.8382235829474894,0.7446501821214656,0.7217703133720194,0.7061310765653487,0.8322453008583133,0.7820696214066056,0.6631853742611921,0.8319167382203672,0.13953485127096482,0.4291609323991683,0.0,0.0,0.0,0.3467011598098168,0.0,0.0,0.0,0.0,0.0,0.01590576171875
p_89,0.9696310152240741,0.8230699692512076,0.7002772254337519,0.8195173751728613,0.27176780644105797,0.7371411272645024,0.7399726579268733,0.7896860982120594,0.7645338627154827,0.545248583328825,0.5479518059085499,0.5992284586402552,0.6999782735173186,0.7254082913433718,0.7460221543343181,0.7096774169947542,0.5851773776425101,0.5775700880600927,0.7374818105473921,0.0,0.2767123249765435,0.8157943733250617,0.6862046492567575,0.7976474907813224,0.19498606970771493,0.7882791485895627,0.7641934256393211,0.8415287806796033,0.7745459154394184,0.5595366371773483,0.6433422501680547,0.7932857267983996,0.7821649186619261,0.6167763107173001,0.7537332751370451,0.0,0.3593033880907114,0.0,0.002263723812882152,0.0,0.2835538698761083,0.0,0.0,0.0,0.0,0.0,0.016989281063988095
p_90,0.9695925564236179,0.8345944496200344,0.7025235530224165,0.6624587292071676,0.22641509077963695,0.7652181281087318,0.813812600926058,0.8057952817585673,0.6677862585224638,0.5375142525227887,0.6234989389604452,0.5668541732286708,0.7385382682936155,0.7691687191897254,0.7534141173750586,0.7820512798716519,0.5230439423971277,0.23350253570048188,0.77765878509131,0.0,0.2957074674768288,0.8188779746389862,0.7052262363987639,0.6726370089821503,0.3333333294483295,0.7849446916935282,0.8239869670492413,0.8376442919850127,0.7065657920743504,0.5248196397923769,0.6551724124155333,0.7828740680523525,0.7865694930073672,0.4582132531829016,0.7497060299431328,0.0,0.2794279397202647,0.0,0.0,0.0,0.28735631771039777,0.0,0.0,0.0,0.0,0.0,0.015917242140997025
p_91,0.9666891884162906,0.8156702871475128,0.7193981375250581,0.8198279545554736,0.2515500420589013,0.8390746731777359,0.7849400137564861,0.7815751700836135,0.6440829054556687,0.5554998323675194,0.6012861725593316,0.7811404881136015,0.8064966803938235,0.8578382323943538,0.7563555970658806,0.7076681478469821,0.6578947342189204,0.5007776010826003,0.7778094283023719,0.1126760404681633,0.2438701110412849,0.8132855065655049,0.6978093398915153,0.8580874049112694,0.3551587266353301,0.7442374049357632,0.7806653050226152,0.8624114775763766,0.7139183204259661,0.5867314784528477,0.6987454877148214,0.8127007838530439,0.803889117079253,0.5028985470804453,0.78818998660092,0.2181817785124039,0.36955380383436326,0.0,0.0017182130436579636,0.0,0.13807531091892655,0.0,0.0,0.0,0.0,0.0,0.02608192080543155
p_92,0.9762447245934662,0.8319673294248431,0.7073158554639506,0.9078136489290625,0.5699558131814741,0.7940575094355002,0.807234991188012,0.863548082313108,0.8537050263834822,0.7371594918515705,0.7159203962290537,0.8281117673493882,0.7400581941317697,0.8792093825602427,0.8308525025181092,0.7884092943301862,0.6952309959194075,0.581691766144939,0.8093040086801484,0.5555554938271673,0.422388918509008,0.8377479560789918,0.7231651855969248,0.8756765357865025,0.651258342828668,0.8212662742699082,0.8525903446198776,0.8462610306280417,0.8390866780228474,0.8178944335492917,0.7599539683315214,0.8286195577368388,0.8071135408834103,0.7093023187083108,0.8325167838572702,0.24096382638990044,0.5095785416207924,0.0,0.0016604400097117475,0.0,0.4765840154740494,0.0,0.0,0.0,0.0,0.0,0.011335972377232143
p_93,0.9684230752514881,0.8373994296269996,0.656697233089091,0.8880166065717997,0.40609136643562066,0.8173577301725259,0.8090286955672286,0.8583302249143108,0.8432245291255879,0.748539169309162,0.6974543800462844,0.7837620547276444,0.8171521019070549,0.8781965125749159,0.8334986216710759,0.8434633003341074,0.714234490088797,0.5928205067403025,0.8370868136241493,0.25352109105336745,0.5104052545979997,0.8305207358772916,0.6529374878662491,0.8442724106113136,0.5701754323445677,0.8148641151373088,0.8056826962487605,0.8720589044610204,0.8122028515422572,0.7285539208245977,0.7175417160815187,0.8445816469612715,0.8353808331002434,0.6508355263778758,0.8382850019228919,0.4444443209876886,0.5195901113948758,0.0,0.0018993352146311946,0.0,0.27814569229419767,0.0,0.0,0.0,0.0,0.0,0.017519705636160714
p_94,0.9685701327273443,0.8150443974930357,0.6707897509258248,0.9090531558765266,0.3373493935259109,0.7180189877855487,0.6908622011088826,0.830296533982198,0.7921972354481208,0.6371546653935668,0.7000529923157048,0.816186554128304,0.6770630264737644,0.7334334941128674,0.7992198496053529,0.7936697497949544,0.7523852760000669,0.5811467387643661,0.8340104460882082,0.4262294383230429,0.4652150798448482,0.8066047802736466,0.6632616432838004,0.8952355258808256,0.5723849324486616,0.7591611312388583,0.7033350365727586,0.861714432038482,0.7527392729336776,0.5916755092657995,0.6944162418923445,0.8226500093972455,0.771248421762299,0.6348314547300425,0.849019218497108,0.4062499682617212,0.45372233172171866,0.0,0.009992862169929607,0.0,0.25290697306821264,0.0,0.0,0.0,0.0,0.0,0.01948024204799107
p_95,0.9705784169691741,0.8220911902883238,0.6823927454533358,0.7305476667500628,0.42045454147296835,0.8063392015980305,0.8391115207044773,0.8065651803408711,0.7656249989506236,0.5747553566521053,0.6387170661197776,0.7749576955374039,0.8071684568526442,0.836388755896277,0.7909338161460255,0.7225130872039065,0.661054494191163,0.5665772960985049,0.8063274896910411,0.2666666222222296,0.15006821077669563,0.8107821769094776,0.6828070898443952,0.750620480467659,0.5110294070677445,0.7765682601014344,0.80873898582901,0.8356895314177405,0.7517473456487868,0.5612349907818925,0.7013989370443827,0.8362531276043501,0.8139369499551151,0.6958855036146199,0.8386169727538241,0.4615383905325553,0.2244289947921649,0.0,0.0,0.0,0.22155688291082512,0.0,0.0,0.0,0.0,0.0,0.01869870140438988
p_96,0.9714361199330587,0.8215453160399987,0.725227773636021,0.8370322014594037,0.5443478213534972,0.7495699638197357,0.7391958501527095,0.8111676657707163,0.7840397812170972,0.49077328592841246,0.5565428098615857,0.7912419751179993,0.7886051065056875,0.7810400254778784,0.8063066874575683,0.7835666725187821,0.6597118695493698,0.5236294846537856,0.8289892958338188,0.08333331597222583,0.31663326336038816,0.8061163497508065,0.7113756835373755,0.8328091578608573,0.30165912063862566,0.7163562070144558,0.7856965450860884,0.8474941063608209,0.7584329497473867,0.48485533399089586,0.6163322062063735,0.833794055948692,0.7771774351044362,0.6320829957535276,0.8313487029546924,0.0,0.30502282826463173,0.0,0.004305705012855705,0.0,0.14197530645099837,0.0,0.0,0.0,0.0,0.0,0.02255946568080357
p_97,0.9741923075366486,0.8440428164376114,0.728409210180957,0.8770244300132563,0.3726495694645336,0.7568674364429974,0.7978992717216536,0.787961429439972,0.8385707034483392,0.56207699926542,0.3934797364874808,0.8396485424501687,0.8443573397936349,0.7327061426791871,0.8262131057266502,0.8052444665248717,0.6960824713563609,0.5660377307633627,0.8294375148018192,0.1971830708192858,0.29765886038746775,0.8437322501115849,0.7269316756848204,0.853607485315435,0.579531439090435,0.8305735337114192,0.8401457145647631,0.8596707593652899,0.8420919004289262,0.6569025789880917,0.7008027756545828,0.7891402707790586,0.7990231970719824,0.6205405338319943,0.8425618773134628,0.3384614863905405,0.36082473961101075,0.0,0.00854700842525629,0.0,0.328523858728925,0.0,0.0,0.0,0.0,0.0,0.01546572730654762
p_98,0.9768583438155056,0.8350741500347199,0.732382143209322,0.8372805462252383,0.46096653703882856,0.8120127372317961,0.8571226390267407,0.8703671874489505,0.8478607320732369,0.7071314095481457,0.6555312139771872,0.8235744323628992,0.7111111094986143,0.8753693115722855,0.8266607013792656,0.7992831517345186,0.7014925335741337,0.6785714225127552,0.8363838039966872,0.4533332728888969,0.40671971346843755,0.8290544607865428,0.7227706653166812,0.8189306352464374,0.46473987902034825,0.8168834408006646,0.8753997569926247,0.8839018546475752,0.82989949644485,0.6772145513683215,0.6897069855003581,0.8315528209436142,0.8345616243086108,0.634765618801117,0.8497227348893506,0.3157894182825582,0.46550290552366663,0.0,0.005736137612465224,0.0,0.257367384505232,0.0,0.0,0.0,0.0,0.0,0.011981201171875
p_99,0.9766002359833957,0.8531154654201981,0.7196725581507838,0.6543115658407156,0.43421052060249316,0.8192247605889413,0.8421366604150371,0.8608450178810473,0.802983483427828,0.7430790837591281,0.674906200231944,0.656874261710492,0.7736943888450329,0.8802989424007971,0.8313309110260493,0.8192771064192842,0.6549035672757342,0.6554281816896279,0.844621513243176,0.39603956474855795,0.17418351206557525,0.8438945577829421,0.7228160954416081,0.7365491643614213,0.4495113957707775,0.8365989845592388,0.8672484045083293,0.8810506935570117,0.829787233209768,0.7396276811590052,0.7165579104474757,0.8356708116471105,0.8334469419826246,0.649572645301955,0.8589519279688812,0.17499997812500273,0.26812313537117044,0.0,0.0,0.0,0.32934131407843,0.0,0.0,0.0,0.0,0.0,0.011358787899925595
p_100,0.9787033164379946,0.8489723282566928,0.7417524310554288,0.8008213547222656,0.5401987304408425,0.7978776840393452,0.8333144218137363,0.8685423803827034,0.7942555674175622,0.6563217127567242,0.6703848280245821,0.7878517159988757,0.7782909912741548,0.8587839563981383,0.8190733842643745,0.7884714338948239,0.69786367905461,0.5156794365194026,0.8228943875925304,0.30188673549306877,0.5330490367231767,0.8382181337446148,0.7178052514149456,0.838094122665597,0.6066606606061147,0.7793278374193634,0.8574956816223601,0.8858385087665599,0.8248349475701153,0.7104027936792896,0.7280020036901429,0.8137352315184551,0.8468335767137123,0.64960281862663,0.8418481968918158,0.0,0.49129352928300046,0.0,0.004893964071011713,0.0,0.1815920375423876,0.0,0.0,0.0,0.0,0.0,0.011417352585565477
p_101,0.9728457133689895,0.8241133225600841,0.6580880121293633,0.9043436836749102,0.4595015540537262,0.7557583228715762,0.8148383690024457,0.8746147202104458,0.8658408001240896,0.6184244282545235,0.694048614992879,0.8286140064720894,0.756913468427936,0.8878107336087946,0.7739472733222627,0.763022741148119,0.7546719651901711,0.5037036974851395,0.8220230466233556,0.0,0.4989724599302406,0.8245328146170429,0.6753108978056088,0.9159275383228705,0.457811190828645,0.7908099686420534,0.8552304127168215,0.8515747778641009,0.8462095595772459,0.7045720976499741,0.7510895865591052,0.8331172061515041,0.8385848511924133,0.7202165999980451,0.8419813448863702,0.3548386524453786,0.6360748300879815,0.0,0.004758128431735699,0.0,0.38923766467051424,0.0,0.0,0.0,0.0,0.0,0.012840779622395833
p_102,0.9649252671456037,0.8065008176428329,0.6256841671348357,0.9135852597737265,0.6913470085131712,0.7963880145583833,0.8206773938357621,0.8310242449090647,0.8130365185318834,0.7077212355062625,0.6511296060615229,0.8728405526116099,0.7548717929362261,0.8472786484781685,0.8168252586323257,0.7658244314513559,0.743111107808395,0.5499999931250001,0.8220771081294597,0.5333332444444592,0.42405063022752765,0.7895683886258698,0.6247588494677591,0.9015594837765987,0.4731355214664353,0.7550018685050449,0.8323810999293835,0.8386192836335375,0.7711768039067982,0.612403099956692,0.7095660732012671,0.821465858403147,0.8045257563684984,0.5674978455073272,0.842133717028173,0.7241378686088044,0.4175930380976653,0.0,0.0021253984896344477,0.0,0.33376792263666333,0.0,0.0,0.0,0.0,0.0,0.020200311569940475
p_103,0.9734297614283995,0.8512786190224788,0.6912701676838088,0.8334063179021544,0.31105710436139605,0.7750797833645344,0.7925786365596295,0.8819650506198675,0.8255218579158174,0.562961140478405,0.39055695532762563,0.7697228103959338,0.7284601840531018,0.8722837118268135,0.7787861592183909,0.7430869765131046,0.6887486819729302,0.6334519516596802,0.8442800425439553,0.057142848979593,0.20215633150732706,0.8454166956203059,0.7020115362589482,0.8705420822215038,0.46929824046822105,0.6947748831263426,0.7938509947363827,0.861301774638283,0.8640308572034344,0.704900108632442,0.6540764609533016,0.837218044325923,0.8237864057675087,0.6895397431837679,0.8427613553283961,0.3636363085399532,0.3053435091195152,0.0,0.0,0.0,0.28396322488290887,0.0,0.0,0.0,0.0,0.0,0.015132504417782739
p_104,0.9781065444685276,0.8458210543998346,0.7331048580072723,0.8326070920207769,0.3030302986575715,0.8094864551800317,0.833853649416423,0.8879314609577916,0.8458012077038954,0.676458832257735,0.7096774177196373,0.7214323290077287,0.7785136110411733,0.8760102995357967,0.8188428051010315,0.8242003450924861,0.6732503191358938,0.6468010460403063,0.8511341713186389,0.040816318200751385,0.2608695623091465,0.8434682017197139,0.7197900516442709,0.8025400132197807,0.4259818666770111,0.8027301994068949,0.8363482432033056,0.8967094656668351,0.8369601597623478,0.7285094630042297,0.7178250367949462,0.8325541448024482,0.8270858504786316,0.6555629536604733,0.8563022884469043,0.06451610822061025,0.3488773717713526,0.0,0.005891016113534373,0.0,0.22652756741389618,0.0,0.0,0.0,0.0,0.0,0.012199183872767857
p_105,0.9730088511255522,0.8490675502392155,0.7056495828268156,0.7899881510737647,0.5279449653659074,0.8112135219496411,0.8064235673097108,0.8427204546973258,0.8331139762659727,0.7770651854340336,0.7320105170164702,0.7377979526799209,0.7791144080391236,0.8069417863475568,0.8156182204156407,0.8252688149858365,0.6914241933712703,0.6308369988472511,0.8359220551295096,0.36363631641086797,0.4130434737712666,0.8354349171514326,0.7058113885324133,0.8021112096326857,0.6406014989428459,0.8156061307432634,0.8308311146961026,0.8957034535828681,0.8163975145137919,0.7299009893763356,0.7126630191151389,0.8411689953658792,0.828984036409972,0.5870870826795264,0.8426550177165939,0.3448275267538747,0.41042344942651915,0.0,0.0,0.0,0.35232067138902246,0.0,0.0,0.0,0.0,0.0,0.017496744791666668
p_106,0.9691154112676991,0.7900896599933224,0.6588522937587651,0.8804060014414512,0.31782065473529336,0.7709988094857702,0.8143632516136051,0.7983534802009413,0.7891687647491578,0.5757382071126956,0.6472785468322344,0.8206521718857407,0.7273061361129987,0.7974606625307885,0.7640544238328716,0.7700471675411344,0.7348921933346729,0.49132175579009674,0.8031456531388391,0.40816318200751384,0.27789473489196675,0.7853600944371644,0.6482605090258065,0.88121782255594,0.38539042335780327,0.7316879506094779,0.7860425895327711,0.798952879162852,0.7670672452479325,0.5539917791082429,0.6523985223803234,0.8104589105544729,0.7525864594957539,0.5925925872394527,0.8347749330672772,0.0,0.41880341656622105,0.0,0.016706443714720243,0.0,0.354570632208163,0.0,0.0,0.0,0.0,0.0,0.0170196533203125
p_107,0.9750635201696962,0.8442692644719401,0.7287527323190346,0.8966800024929178,0.3613053570943432,0.8045048629757963,0.8363746997471292,0.8747951486535589,0.8539537059641009,0.7204120028519243,0.6748046858525276,0.7566718965593724,0.7561341994087777,0.8765216148080316,0.8232339766096365,0.8156156131663195,0.6729857784466257,0.530249105602766,0.8298691293015117,0.6259541506905228,0.45770567521607375,0.8275298268541132,0.7163018800795402,0.885695122695365,0.5120147826985695,0.7879170369810042,0.8462531529360893,0.8403638486938859,0.8599161164051335,0.7088156716050107,0.7062765228807761,0.8319693901243815,0.8534482734096314,0.6597040847719401,0.8324535671237013,0.5416666102430614,0.4624131366872196,0.0,0.0024999999687500005,0.0,0.5035161673204477,0.0,0.0,0.0,0.0,0.0,0.0149322509765625
p_108,0.970429127854514,0.8312616926551798,0.6868584318654565,0.8558027655707741,0.4272076321335605,0.8036048987589275,0.8312832489404903,0.8808301012048894,0.8348175080461339,0.6882347024131069,0.6448197614196628,0.7745556558720502,0.8182176640019369,0.873774921119514,0.8012582205688131,0.772469633542592,0.7404109563684556,0.7255216635190878,0.8304115488605873,0.712041847537076,0.32737534969543414,0.8153416136441806,0.6681027666199635,0.8557374921650783,0.531422265364694,0.8417647384567558,0.8652475929677167,0.8985352288578343,0.8604676683933827,0.7026361670913569,0.6357792049749963,0.8327009929243894,0.8348126212159451,0.7060653133276414,0.846087538697359,0.21212117998163937,0.43095599066042495,0.0,0.0057887119278044585,0.0,0.4821683240774847,0.0,0.0,0.0,0.0,0.0,0.013658069428943452
p_109,0.973859704263732,0.8429104689891609,0.7036446942533453,0.8004731855938005,0.4786127112299109,0.8187651749280942,0.8440051513481824,0.877940028492955,0.8259039118054682,0.6515167749474576,0.5715741197871265,0.865836788752872,0.8518916328298226,0.8535164156582138,0.8505410930578716,0.8001928156177566,0.7224780212537546,0.5946462658255616,0.833075028869473,0.7027026393961586,0.39300411118308526,0.8456327814778244,0.717789963407692,0.8490590689695119,0.5271317778378704,0.8240551431672248,0.8612926085011481,0.841458921256626,0.8358630417274232,0.7198159440634031,0.6727515568282468,0.8363269787057122,0.8198339671980391,0.6753645381783229,0.8402915830348465,0.3249999593750051,0.5581089917392712,0.0,0.0032467532203997304,0.0,0.2767676739720437,0.0,0.0,0.0,0.0,0.0,0.015475027901785714
p_110,0.979033028660308,0.8325513002815226,0.7471571095721574,0.863873116764172,0.39628482358692224,0.7877892386986927,0.8455636976058374,0.8818313049691527,0.8620233625060355,0.6370597236523083,0.6274410331538396,0.6724252447014935,0.6411448993161184,0.8754409869009685,0.8195324439375875,0.784292628337029,0.6277980185955335,0.6309778684441266,0.8415970280022312,0.48387088969824354,0.455584868464513,0.8314022344842947,0.7468123810836194,0.8612595858347318,0.47632311314313214,0.8090127578138824,0.8532433494395726,0.8776790091739767,0.8676158086829412,0.6907351014672303,0.7304110816933658,0.8149262706240081,0.8225264768211664,0.6392629295587319,0.8339946471957234,0.4556961448485892,0.44379985174909464,0.0,0.0029154518737940826,0.0,0.31137724177991327,0.0,0.0,0.0,0.0,0.0,0.012815057663690475
p_111,0.9727216307525021,0.8001284477961039,0.693565768525665,0.8660974093087357,0.31104198583138437,0.7866355286909835,0.7756091337631211,0.8509513189636833,0.7920742402908525,0.5348519356095081,0.663558280580225,0.7328072125787026,0.8327746725646654,0.8003624702355425,0.8145879191972931,0.7681681658613568,0.6148270160961218,0.4374403014571127,0.7976835411940187,0.31111104197532397,0.45155392640261494,0.7754190056881827,0.6608884899303784,0.8744614850618381,0.2839999943200001,0.7709764968611836,0.7808652064377709,0.8373521905649477,0.7519792027035577,0.6116678968122503,0.758920799044994,0.8188115905758497,0.8175849248712962,0.6532507689376875,0.8472520286952954,0.042553182435493095,0.37987987702792886,0.0,0.012012011831651475,0.0,0.0,0.0,0.0,0.0,0.0,0.0,0.017701648530505952
p_112,0.9786873061328142,0.8552212520149086,0.7434034929564363,0.8803600808826058,0.42542152496210733,0.819276410761425,0.8312689929210753,0.8883017299304208,0.8302116263315353,0.6598024788192872,0.64460014340517,0.8107302503325996,0.8461167376650318,0.8793416390506384,0.8108218470537807,0.7760770953059039,0.718149231938256,0.5946398610164166,0.8497490039382474,0.20408159100375692,0.4651952422309402,0.8503387425806597,0.7457461472712511,0.8658414965296877,0.4941176412456748,0.8511155725331233,0.8518927065977944,0.8542670516895454,0.7836113827482687,0.6483516476246337,0.7161231035458817,0.8510721620962771,0.8293559126780705,0.6408227797403261,0.8613418522488893,0.37735841936633596,0.47091033216351585,0.0,0.005069708427506864,0.0,0.2651621965421411,0.0,0.0,0.0,0.0,0.0,0.010849144345238095
p_113,0.9754496213588222,0.8382980278254067,0.7327320556086935,0.8889494584187565,0.5323047200356343,0.8223931810874492,0.8649459112310561,0.8502551281629412,0.7979372755231138,0.6556159414351305,0.6533618421160328,0.8152866209582539,0.8036507133605063,0.874882660440713,0.8219807764082943,0.8027137020279139,0.7151294833478896,0.6352941114186852,0.8368161968637353,0.13043475425331427,0.42143505520949087,0.8364399125692941,0.7403288779548944,0.8776428057342512,0.4419263414360119,0.8089543935458969,0.8586614572217716,0.8241045919445701,0.8135117625582649,0.6451676328333815,0.7260423472472335,0.7925575649747558,0.8546081792641493,0.65896979876581,0.8205517102848121,0.20408159100375692,0.329707110211656,0.0,0.0069605567637986455,0.0,0.39652676705460543,0.0,0.0,0.0,0.0,0.0,0.015110996791294642
p_114,0.9763002040767601,0.837715032906481,0.7298755434046262,0.8868974244971525,0.34358046394972036,0.7973592085150578,0.8049997583768731,0.8698306641689721,0.8426254153586579,0.7483054670146359,0.7124749817378809,0.7854454170412153,0.7696105299791263,0.8822151951316614,0.8351272499395159,0.7961411505556203,0.7611689594854922,0.6598240420834015,0.848309527347397,0.5871559094352377,0.5014749232951332,0.8263561396594132,0.7111958666768493,0.8950774523596979,0.46969696574329156,0.8141787316989069,0.8270497725431031,0.8805727688583281,0.8416085342207545,0.6531669859374597,0.7281203629410461,0.8445017966222677,0.8225663698615788,0.7019354793423518,0.8566718556125361,0.20408161182840695,0.45225603120537233,0.0,0.0027491408745763516,0.0,0.4639580542076271,0.0,0.0,0.0,0.0,0.0,0.010806710379464285
