TransMorphJan_ncc_1_diffusion_1,,,,,,,,,,,,,,,,,,,,,,,,,,,,,,,,,,,,,,,,,,,,,,,
,Unknown,Left-Cerebral-White-Matter,Left-Cerebral-Cortex,Left-Lateral-Ventricle,Left-Inf-Lat-Vent,Left-Cerebellum-White-Matter,Left-Cerebellum-Cortex,Left-Thalamus-Proper*,Left-Caudate,Left-Putamen,Left-Pallidum,3rd-Ventricle,4th-Ventricle,Brain-Stem,Left-Hippocampus,Left-Amygdala,CSF,Left-Accumbens-area,Left-VentralDC,Left-vessel,Left-choroid-plexus,Right-Cerebral-White-Matter,Right-Cerebral-Cortex,Right-Lateral-Ventricle,Right-Inf-Lat-Vent,Right-Cerebellum-White-Matter,Right-Cerebellum-Cortex,Right-Thalamus-Proper*,Right-Caudate,Right-Putamen,Right-Pallidum,Right-Hippocampus,Right-Amygdala,Right-Accumbens-area,Right-VentralDC,Right-vessel,Right-choroid-plexus,5th-Ventricle,WM-hypointensities,non-WM-hypointensities,Optic-Chiasm,CC_Posterior,CC_Mid_Posterior,CC_Central,CC_Mid_Anterior,CC_Anterior,non_jec
p_0,0.9759163337700649,0.8364770815163359,0.7270311185768569,0.872467532089841,0.3751438391813137,0.7340178267552706,0.7672930292270822,0.839120672111576,0.7999427987988806,0.6423944598588402,0.7106734077437492,0.8434125247208085,0.7140511360214611,0.8492209134080909,0.8204943164166568,0.7898059368954736,0.698317754398812,0.6181491408971326,0.8377090366192627,0.28124995605469433,0.2499999977992958,0.8247543655873223,0.7056490976374169,0.836567485384097,0.4804020052220904,0.7009823892659282,0.8033152738830099,0.879968382520343,0.7734891576603273,0.6075005816358018,0.6972236754918185,0.8224378610636383,0.8102094223162971,0.5985294073637544,0.8475829877189549,0.46341457763236854,0.2994652379726806,0.0,0.0016515276494506387,0.0,0.3748488467370152,0.0,0.0,0.0,0.0,0.0,0.013689168294270833
p_1,0.9739897053609873,0.8292210159570547,0.7253981921568482,0.8233194522169426,0.19809523432199555,0.7822857800063924,0.772465335555262,0.8495078786019135,0.7965238972110193,0.6144739348725664,0.6180200208720356,0.6406109584878213,0.8328550917631724,0.8421769548569473,0.7996589932749275,0.726003488591365,0.5628284731828548,0.5676100584307385,0.8111101780556262,0.0,0.2669632895777165,0.8263164954217667,0.7264071260539011,0.7853300727095924,0.13528336132937183,0.7783519551260819,0.8233576641832846,0.8723425997177318,0.7240306358017824,0.5949195262798919,0.576623375471282,0.7913082835750944,0.750360748556131,0.571810283421441,0.7725972052073748,0.0,0.23557125753155175,0.0,0.0,0.0,0.30385486839331366,0.0,0.0,0.0,0.0,0.0,0.014749000186011905
p_2,0.977740624973052,0.85050456268504,0.7467676880242754,0.8738627744153418,0.5511482197166157,0.8083419992668871,0.8473396908354266,0.8613050801460962,0.8376285377204158,0.6762805714394549,0.6464460764508392,0.8026811864152442,0.8420150773783155,0.8857022967387841,0.8428890534593245,0.8014667344120829,0.6991938875723636,0.6200345369599781,0.8593914954799967,0.5797100609115854,0.3747609906810613,0.8380493045050813,0.7376522529833174,0.8618813845947451,0.580645156087409,0.8233187423047811,0.87512535335914,0.8845872002414588,0.8335889559897892,0.6446084257978952,0.7027180048054417,0.839435423071808,0.8214811161807721,0.6441881043106645,0.8535255153354836,0.2127659121774655,0.37288135242107956,0.0,0.0,0.0,0.20948616393788377,0.0,0.0,0.0,0.0,0.0,0.012809971400669643
p_3,0.9714726965931456,0.8383574618311669,0.70828589050872,0.8440285200289502,0.44469026056758565,0.7330485850069718,0.6747698571677544,0.8392033424652937,0.7815249255402861,0.6726804117043216,0.6968108329034277,0.7935764443172417,0.7383897298987404,0.8250604259720102,0.7933142303788785,0.7724895377288453,0.7365291685747708,0.6328538937709773,0.8313011518028218,0.1728394848346315,0.3538011670043774,0.8189878111644401,0.6945749554436452,0.8797625336966769,0.33291925052274224,0.7755858965725709,0.7889491821321785,0.8509212725227798,0.7718733215621668,0.5904417359192291,0.6869078365914991,0.8100553741671307,0.745107875702188,0.5491749138668323,0.8357577800780127,0.0,0.4382470094578998,0.0,0.007874015670531342,0.0,0.08639308668697437,0.0,0.0,0.0,0.0,0.0,0.017521449497767856
p_4,0.9762491283129704,0.8449808223914909,0.727169081866746,0.8952290692831809,0.5011764646920416,0.7862325355920631,0.8441669528571413,0.8181359632247178,0.8465979372715485,0.7424954438069479,0.7464360814525915,0.8123912258531457,0.8232714994548541,0.8970897301861058,0.8362257202204049,0.8347226190436257,0.7221795828005387,0.6355932158503305,0.8238879885475874,0.3768115395925305,0.38466803295915103,0.8388861245604645,0.7278997008968493,0.8811350210844019,0.5851154783138112,0.7981342942126376,0.8473012005674404,0.849192601637597,0.8467516310778659,0.7100401599296786,0.7616425768257798,0.8432653052619742,0.8277194897081184,0.6333113849024925,0.8516819563726281,0.1562499755859413,0.5369198283917731,0.0,0.0017857142697704084,0.0,0.37054084728951847,0.0,0.0,0.0,0.0,0.0,0.011134265718005952
p_5,0.9752260467980156,0.842532979744847,0.7307468372972588,0.9066424408414892,0.3588390453979018,0.7492369172254517,0.8099604767148891,0.8643198704474737,0.8430074852522432,0.7648309171354291,0.6459330126370733,0.8706467640033663,0.7524752458315139,0.8569296244514735,0.8140614191625739,0.7611360216408489,0.6467432925412134,0.6344085972779677,0.8420739557429623,0.33962257742970237,0.36796823052304284,0.8325285355813332,0.7184243299899858,0.9184854210578892,0.47010868926482763,0.759303296883057,0.8249795562538934,0.8763127882876356,0.8572963670134361,0.7903376228405731,0.7213024262657217,0.8481435517341381,0.8099547490951363,0.705693659136378,0.846445896597294,0.2941176038062347,0.4256319786852911,0.0,0.0026560424790435426,0.0,0.3458282908606011,0.0,0.0,0.0,0.0,0.0,0.013711402529761905
p_6,0.9718809165079003,0.828658326964355,0.6788365946942682,0.9157274525301988,0.4712643639469264,0.7225815172899065,0.8088053389517013,0.8011056081992942,0.763014376843066,0.5432492029609787,0.6265389859739016,0.8384754969186531,0.805271370200674,0.83942935702313,0.8333029355888173,0.7650328429382697,0.6846576677428402,0.6074074009798158,0.8224014329548375,0.44776112719983174,0.4110559857472999,0.8099200314016649,0.6532151912879648,0.8985719513918674,0.34599999654,0.7452749547095462,0.828535221298897,0.8225387775735747,0.7771763635800898,0.547602338540816,0.5738230205229898,0.8415005650261115,0.7752943985212825,0.6340956275042035,0.8309884231246764,0.16438353912554257,0.45191802179759316,0.0,0.0012128562691761293,0.0,0.1518438144936266,0.0,0.0,0.0,0.0,0.0,0.016087849934895832
p_7,0.9781937444843847,0.8438031655549288,0.7461875866672942,0.8507204606864935,0.48313582057305543,0.8220979729264573,0.8489592292574364,0.8720300580881699,0.8324977492833299,0.7253348417984015,0.6904881713878003,0.7818112312502437,0.8234259570463842,0.877176974475904,0.8267165788329065,0.8107648702244621,0.7005601003853507,0.5579886410544311,0.8384674616495308,0.27397256520923763,0.4321475597355233,0.8337334401632481,0.7356866944474335,0.8903541820307633,0.3550295815972831,0.8185865328576681,0.855944476264725,0.8729794790364671,0.8444496808337855,0.7146979600666622,0.6991991974494515,0.836352716608595,0.8198473261581493,0.6661796883405429,0.8456568548398555,0.1999999750000031,0.513329197065535,0.0,0.006198347043405506,0.0,0.47142856469387767,0.0,0.0,0.0,0.0,0.0,0.0095245361328125
p_8,0.9765192158990631,0.8485302120605744,0.7389124512654629,0.8389268288590601,0.5931623880926292,0.800338812355981,0.8471907477763545,0.8539684281095823,0.8354307831129831,0.7278654040716452,0.7066415684145158,0.7959255328558991,0.7941812447529365,0.8803237336671704,0.8422691870497562,0.812242493195284,0.6863250988340394,0.6424625047950868,0.8571168705255873,0.4687499267578239,0.3811158765569453,0.8343821665784452,0.7346659549259051,0.802623415046864,0.5934618558804539,0.8270634155040267,0.8667364613516871,0.8774496419687485,0.8522489528605531,0.6942221240058961,0.7119078086762924,0.8421796156991124,0.8183079034166216,0.7053571376089499,0.8586525751475255,0.06896550535077493,0.3163179889847867,0.0,0.0,0.0,0.3205944764268102,0.0,0.0,0.0,0.0,0.0,0.012615821475074404
p_9,0.9737912912730994,0.8570131736321379,0.7128150414301971,0.9095519862270465,0.35864296674243995,0.8266012869057305,0.8519079533782978,0.8655721510519861,0.8449477341401845,0.7199999993126491,0.6741680615892554,0.7204349763460127,0.8392857124580015,0.9008482977303719,0.823774508794394,0.8162274590283375,0.5792972432132134,0.6493902389528183,0.8316316693973881,0.5528454835084973,0.42126245567267473,0.8451841338027077,0.704199168482757,0.900247373373519,0.4552058056270484,0.8235570014881256,0.8371569437119072,0.8792775076001245,0.8257266244592896,0.6915620847958759,0.7347886652698824,0.8071770325273002,0.8132711795632817,0.6465833898120251,0.823691730734511,0.041666657986112916,0.39327730872113553,0.0,0.0015873015747039558,0.0,0.3309002392834521,0.0,0.0,0.0,0.0,0.0,0.014679536365327381
p_10,0.9739643284934293,0.8528587839823801,0.6999957112736059,0.8338378201721428,0.27232142553212696,0.807694379867532,0.8388604467003604,0.8626974478831894,0.8371647498123088,0.7133367391790121,0.716914543189023,0.7601246076319135,0.8473189929607408,0.8908857508122955,0.7875328224825519,0.8274878790205649,0.6831420976030799,0.5892514338843433,0.8463553420229831,0.0,0.46153845822042805,0.8468613946059219,0.7038271592059827,0.8519937200301453,0.4362549757345122,0.832889287284579,0.8660284871144021,0.8996598633991376,0.845749695748687,0.7299313044848564,0.7200171621540075,0.8112539208468234,0.7943085352114115,0.6562786374309932,0.8353808345913997,0.5544553906479811,0.4140786720905544,0.0,0.0,0.0,0.23826714514720645,0.0,0.0,0.0,0.0,0.0,0.01644040062313988
p_11,0.9718277116303166,0.8464412983598443,0.734110813388925,0.8979762553013171,0.6504702143380078,0.7919980569510053,0.8260180251648968,0.8647979698875082,0.8471337569625693,0.6242705957627628,0.6487046615318531,0.795601058795597,0.7383387359981572,0.8604475938541455,0.8441920692924965,0.8073976200597156,0.716629378386915,0.5609065102841689,0.8347225037256327,0.0,0.48979591586838817,0.8234147106096942,0.7017778382588723,0.9056859899097011,0.722710158577728,0.7862932452104471,0.8458555357574116,0.8636659289295786,0.8412772941520577,0.6176013261971584,0.7144706168406144,0.8573666168797195,0.8440786446180187,0.6635513967013131,0.8559261879185581,0.2580644745057299,0.5725490171130762,0.0,0.0,0.0,0.28013029011802076,0.0,0.0,0.0,0.0,0.0,0.014213925316220238
p_12,0.973314889967297,0.8393888109381299,0.6989844558279129,0.868704575848689,0.44252162617402196,0.8134586615433569,0.8227677261077251,0.8783319239907963,0.8239377608331087,0.6350213537095529,0.7042594368241544,0.7610693368376384,0.77306122291212,0.8973883170675865,0.8340248954415878,0.7947368397814711,0.6984126953332773,0.5215004526852658,0.8112258882793437,0.032258059313216236,0.44046799421563665,0.8280490296422436,0.678100098161113,0.8482783170498559,0.3597484231478186,0.8084741554478545,0.848935797319683,0.8469176209236674,0.8212677130382646,0.7129855707957985,0.7376660324059156,0.8332371601911549,0.8221670779647998,0.6576862071498716,0.8351668161991282,0.0,0.41548771097924264,0.0,0.006865774092462155,0.0,0.32265717292221624,0.0,0.0,0.0,0.0,0.0,0.012275477818080357
p_13,0.9802965720903448,0.8588015619067974,0.7420204335309122,0.8524464408238198,0.45081966597240897,0.800753276804333,0.8483687106322743,0.8660044378812193,0.8459759472178817,0.7219693827865439,0.6629384833173907,0.7226980689363058,0.74980473639728,0.8860561331234753,0.8390121904355401,0.8260869541587901,0.6968247033630939,0.5734265684141034,0.8398529542465332,0.5161289767603251,0.3027522901060517,0.8560478799931454,0.7395503762214106,0.823979775497306,0.6653252805813193,0.7935360932481536,0.8517839359327095,0.8867572895819134,0.8531615915068366,0.6718272997472445,0.7363115676144065,0.836467701516284,0.8308934860401477,0.5826483965054942,0.8430612043864713,0.2033897960356278,0.3746452187829213,0.0,0.004140786706617115,0.0,0.27235772080937276,0.0,0.0,0.0,0.0,0.0,0.008303687686011904
p_14,0.9781297735194139,0.8483302063648392,0.7387311966193042,0.8210625036369917,0.574447640975527,0.7724911912377681,0.821962080248467,0.8628480765562405,0.8093324681667758,0.692121593886482,0.6586917774021589,0.7465051223368819,0.6525662700153235,0.8780176354371766,0.8214248561399637,0.8025243207927312,0.7157964285664361,0.6008438767861276,0.8380863031537652,0.5957446174739769,0.3276836121165694,0.8394545318600111,0.7362201881264494,0.790148970300397,0.5258323705415342,0.7976419118657592,0.8478934969750547,0.8607454308388905,0.82119900193992,0.7115780792010938,0.7117544279716634,0.8377418073058214,0.8531432912874948,0.6485188098597373,0.8438179918230839,0.2372880953748991,0.2951871626183191,0.0,0.0,0.0,0.3287356284053376,0.0,0.0,0.0,0.0,0.0,0.013594127836681548
p_15,0.967093872894069,0.8410091792602297,0.6542523566037552,0.922731884198555,0.6247491597006746,0.816252106919788,0.8264192615025633,0.8739096967201708,0.8440133553124292,0.7241970013659561,0.7085650703321327,0.8523993612635903,0.8607718602091209,0.8725928662220305,0.8422183997826543,0.8361963164533854,0.707291662982856,0.5916760338394147,0.8419194008704618,0.7894736149584548,0.4696261654811556,0.8204678372648195,0.6478673442794396,0.9315173602464953,0.6149936428526452,0.8197672383812368,0.8118256171072391,0.860595422358337,0.846696033998978,0.7143967136037332,0.7427375013275648,0.8339350171650722,0.8351586609515341,0.5714285651004589,0.8582422024521646,0.2033897960356278,0.4599627539107879,0.0,0.007299270019713358,0.0,0.38480391685289317,0.0,0.0,0.0,0.0,0.0,0.01848231724330357
p_16,0.9728407891270594,0.8197963913376415,0.6951858892834789,0.893225229870405,0.579382990373341,0.7908842478023205,0.8088858440023797,0.829760995460825,0.7873043217186496,0.5928553324134085,0.6317783551224762,0.8107930213530996,0.7904497957995101,0.8259881738332719,0.8475345159294532,0.8303769378315494,0.7587995525794755,0.572526411407047,0.8061384849716756,0.3678160496763161,0.3710895341365182,0.8118791167123577,0.6918176050508617,0.8825145994149285,0.4161735659154481,0.7758596423568372,0.8194316677701827,0.8340932112246117,0.6736747249231496,0.6200277805025537,0.7096087284812117,0.8394868271085234,0.8099705151166697,0.6852742956181492,0.8373245244175388,0.09638553055596016,0.43634496695921476,0.0,0.0032520324674466267,0.0,0.4577656613383425,0.0,0.0,0.0,0.0,0.0,0.01552182152157738
p_17,0.9731502824786643,0.8396085813880129,0.7042299054851917,0.777579589872126,0.6001313158231693,0.8214536691041426,0.8507708041717793,0.7999999995839834,0.7518566535991317,0.6072523898545441,0.5681358662188923,0.8151915876053184,0.8238846011004956,0.8533254406644785,0.8247706414451645,0.7951441560911682,0.6886613549918037,0.6006825897564328,0.7642095909086667,0.15873013353489943,0.33908045652221785,0.8264043579313208,0.7000747654001128,0.7955092216423977,0.380587479175128,0.8080393572225887,0.8574303439518006,0.7879180846231598,0.7205985495433732,0.5320149750100653,0.5572441731362834,0.8202602222860035,0.7938253313727526,0.5585241694750371,0.7990891834542018,0.08163263640150277,0.3949447046212899,0.0,0.004489337772285771,0.0,0.37718276627261044,0.0,0.0,0.0,0.0,0.0,0.013972545805431547
p_18,0.9766217652427083,0.8487974833805361,0.7227610064860863,0.6858526583907492,0.31729784731527283,0.829898989641057,0.8420348717933569,0.8510599074419078,0.7625316446043904,0.7114669710118512,0.707507238343713,0.7197452196553902,0.7979201115624673,0.8956015022825146,0.8106964209208384,0.8342710976105598,0.691694037110774,0.6238805923591001,0.8358485786730895,0.4578312701408108,0.2019002351318262,0.8504786028239463,0.7302426522092762,0.7759533416097323,0.4999999955197133,0.8436667256340181,0.8563970178206538,0.8944099374174072,0.8035065738215322,0.6508776812010052,0.7153081496713556,0.8210222134540165,0.8223281124975537,0.6705795988952341,0.8517861659895396,0.18604648999459417,0.2734693849645981,0.0,0.0,0.0,0.19310344605628224,0.0,0.0,0.0,0.0,0.0,0.011956787109375
p_19,0.9721997883575931,0.8195939740088583,0.7022080563553831,0.8359530372515859,0.37942121779827204,0.7785639361536065,0.7335068138192664,0.8330452400112981,0.7821059865352981,0.5712924352932788,0.6367144414644034,0.8086754422591965,0.7082015071594026,0.7985334945542583,0.7915567274289053,0.7890804575026423,0.7514078811286891,0.50821467132295,0.8118384939123496,0.0,0.2591431529870099,0.8096953016425529,0.6926867452581823,0.8447003042027089,0.32132963543864773,0.7838873900606682,0.7116053501745041,0.8727525071776213,0.7861892573066633,0.5664947828678562,0.6832232478646677,0.8089793340931718,0.7543311537792355,0.6142259362826281,0.827579442107121,0.0,0.43014128390783923,0.0,0.003062787089390703,0.0,0.15637859760537867,0.0,0.0,0.0,0.0,0.0,0.01742059616815476
p_20,0.9719786142234148,0.8311193082336324,0.6853822236419659,0.7450980386725723,0.12871286916315397,0.7604351478288273,0.8025611674915896,0.826531535233675,0.6789458760570334,0.6265424321106837,0.6494805682003068,0.7094902581455024,0.7585284264023893,0.8522250465755681,0.7857746075013845,0.792525770642636,0.6497925284240973,0.5893310703697623,0.8316999762082723,0.3088235067041539,0.14447591863348558,0.8244566027831285,0.6684140519806702,0.7723833537418164,0.6155619561062712,0.7322030510793769,0.8058476679048358,0.8788153516274729,0.6197692192134447,0.5774734434400198,0.6821554067119184,0.7855098382956084,0.7665995956574456,0.5889487830933371,0.8282374790399896,0.1797752606994089,0.31629392718615074,0.0,0.0,0.0,0.12068965368608801,0.0,0.0,0.0,0.0,0.0,0.013743954613095239
p_21,0.9764681228704027,0.8490737631371539,0.7136423084606868,0.8858256301697879,0.6329268254089828,0.8124566786779738,0.815505666583736,0.8758859896064516,0.846782644260341,0.7047913440269195,0.6994750640868874,0.7605531267811021,0.7485774483696999,0.8729180849084343,0.8316206951220293,0.8268792687161751,0.7167721490634013,0.6310240916338548,0.8420135857498575,0.22222219135802898,0.4489995097657417,0.8398034796394007,0.7103024945397516,0.8869339041895142,0.6569987348234633,0.8031942032852346,0.8417141187880192,0.8672983240365622,0.8540231094518996,0.6835915618036293,0.7355204521354386,0.8513713531986319,0.8116765672651083,0.7140824984773649,0.8483738766689565,0.288888856790127,0.5141811504383296,0.0,0.006663493542772519,0.0,0.6297071063838169,0.0,0.0,0.0,0.0,0.0,0.009770275297619048
p_22,0.9712490031532285,0.8063656882715045,0.7098067242473122,0.7040816321471101,0.22346368402983682,0.7687776801850728,0.8011982745359452,0.7615046778873856,0.6742368734136303,0.5128412532731635,0.49555035012751675,0.5621536003081805,0.6793827675109672,0.7973139338400649,0.7438145326867188,0.6638410578441296,0.5604775351540133,0.6069142086625211,0.7737801866487759,0.0,0.14598539932868032,0.814157819355781,0.7163468613345915,0.6561865224267539,0.2655771167969651,0.773398672232058,0.7350119114511621,0.8532228833273503,0.6961403499001539,0.5240902617157042,0.667453292689374,0.7617623773091527,0.6631528493935006,0.509516833751707,0.7572991193705905,0.2894736651662062,0.21482276890630753,0.0,0.0,0.0,0.3474903430181423,0.0,0.0,0.0,0.0,0.0,0.014213489350818452
p_23,0.9758448775930381,0.8443522602298063,0.7170730032568379,0.8776689515780269,0.49599999433142866,0.7899754128477816,0.8197709996225278,0.8271074033329323,0.8563595173961622,0.7396818564706773,0.7152550874208216,0.7460545158007913,0.8157894720328148,0.8696290992390548,0.8298990739803416,0.8322655770755224,0.6726943911722676,0.6228481954393725,0.8451589053536965,0.6206895838287835,0.2863293833549044,0.8326978568746118,0.7021811967948403,0.8852701697762133,0.6007604517052437,0.7315770985290768,0.8158650638594099,0.8753048099782172,0.8574450571660065,0.7059082399538913,0.7189423279714103,0.8355437657258277,0.8362888696060424,0.6214340738517034,0.8550295850082936,0.5999999571428601,0.4693376903570099,0.0,0.0036036035711387066,0.0,0.39802224477104764,0.0,0.0,0.0,0.0,0.0,0.013433111281622024
p_24,0.9696254709293691,0.8377977451746597,0.6612677762280104,0.8859389594807151,0.5284974038497678,0.778954371353619,0.809393656474129,0.8514087219532943,0.8266739385971991,0.7694177207398302,0.7003349634106287,0.7995095009211848,0.7694981517064998,0.8628152119672933,0.846138729764061,0.8021883075088156,0.7627460859092728,0.5747613936928803,0.8121427155409593,0.3636363085399532,0.4548432360559511,0.8258200382532597,0.6643043054541528,0.8814043860805806,0.5473041653376992,0.8082436764958004,0.819628049764912,0.8252754369246433,0.8039106134023595,0.7270082784437142,0.7071627418193805,0.8452030597947783,0.8127090278352591,0.6621490739385375,0.8225970322875462,0.2033897960356278,0.553339977301396,0.0,0.0028129394822371382,0.0,0.30769230520087204,0.0,0.0,0.0,0.0,0.0,0.016882178896949405
p_25,0.9719336740993912,0.8369595624308147,0.6788968384904553,0.8906865647718936,0.4161712197839332,0.774172902527035,0.8073035997352302,0.8421052626898765,0.83925076762755,0.5669087129578466,0.6482926813456277,0.8001412401124955,0.7902326460483895,0.8708665368527849,0.8477148395555719,0.7799245975967847,0.7092568417676799,0.51799999482,0.823706773934131,0.14035085257002586,0.3463131702873805,0.8288563691317846,0.6821661277575359,0.8795076279128348,0.5589958112217924,0.7845933719226914,0.7935071473974386,0.8493387709496114,0.8020082378964879,0.589823727228624,0.6788949259988792,0.8246042507240124,0.8401369480112274,0.6620209001566124,0.8105497763646454,0.0,0.37046631884413006,0.0,0.005486968374664357,0.0,0.2585033984296667,0.0,0.0,0.0,0.0,0.0,0.012858799525669642
p_26,0.9784508476362964,0.8321254646883074,0.7346362229000631,0.6853159189151818,0.2551319610684463,0.7371781494935571,0.783238183165775,0.8558134555268941,0.6413759445701684,0.5694525612999684,0.6165413520957783,0.5565102408690665,0.6683432861730798,0.8491044818906045,0.7774866358060092,0.7269155182484757,0.5772097945835474,0.4747292375926964,0.755462387522807,0.07272725950413463,0.15963855181267242,0.8220266228224662,0.7212041084256547,0.7831862267034989,0.530731702139203,0.7042858660631105,0.7841786682819051,0.8776404053458777,0.7096061824198182,0.6062620623994617,0.7110389595961061,0.8014941293473915,0.8171701086894432,0.6156583575119363,0.7661126180748706,0.0333333277777787,0.20950323747836677,0.0,0.0,0.0,0.2309197606473628,0.0,0.0,0.0,0.0,0.0,0.014197067987351191
p_27,0.9649166278345799,0.8214306695694217,0.6346886959479726,0.9132986816116329,0.6343324216112675,0.7931336286193472,0.7915400578829223,0.7814952494355961,0.781096090557376,0.7677136589045712,0.7328511927835828,0.8370750467654345,0.7842095932302893,0.8613148222357999,0.838402270034061,0.823692411417761,0.697228142511627,0.5873320481062183,0.8229622347799641,0.3908045527810859,0.4882459290766458,0.8011798328905156,0.6205608891756177,0.9001281996401869,0.6986994194411148,0.7444832578613264,0.772264630989859,0.8357949603848859,0.7560798915905207,0.7527276054343747,0.693802033548099,0.8211709594181068,0.8062797846754141,0.6932203331083022,0.8359381814057992,0.2083333116319467,0.43541460047765246,0.0,0.011202830155652033,0.0,0.41456582245970286,0.0,0.0,0.0,0.0,0.0,0.01939551943824405
p_28,0.978148196260441,0.8165802966835544,0.7358595653864572,0.7614404571233486,0.3989962308783409,0.7551690037856955,0.7573474159738375,0.8120619086361849,0.617205812684944,0.545522667154812,0.5564448176991474,0.6109865436603893,0.6903765669743677,0.8443130629145,0.8071732290560425,0.7667093450276329,0.6401727834117806,0.5193452342310623,0.8058818404194885,0.09756095181440198,0.31091829131657056,0.8094065256131829,0.7188760399351272,0.7996904236968336,0.26349205930964986,0.7010802112845138,0.7661530936123989,0.8728605072636166,0.6572748781051788,0.5612617805719737,0.679638363444107,0.8137274342256224,0.7816091934492524,0.6037735812308364,0.8390876002138212,0.11320752580990079,0.4629388786544936,0.0,0.0,0.0,0.0,0.0,0.0,0.0,0.0,0.0,0.012223452613467262
p_29,0.9717988649411488,0.8436788240991306,0.6836863937543927,0.7794294288442722,0.29721361769019167,0.812453198209069,0.8148558468787567,0.8680992763056875,0.8061538449726684,0.5651896302321675,0.5875625432748093,0.7857432126944381,0.7875421527721839,0.8634053273431971,0.8087487275597673,0.8030431084726878,0.7055464897816212,0.5038461490014794,0.8388046766229497,0.1639343993550165,0.08266666556444446,0.8358341265266505,0.6751064428465392,0.8294066017488648,0.3634259217196074,0.8256462872380074,0.8433739961066932,0.8511577869834356,0.7676871613484858,0.642673521132588,0.6670092480292671,0.8168115934137086,0.8286410976975369,0.5892193253790026,0.8321672120873552,0.5735293695934287,0.16693418806633878,0.0,0.009646302095718616,0.0,0.29178469841664734,0.0,0.0,0.0,0.0,0.0,0.01604890369233631
p_30,0.976344892678471,0.844042396353178,0.721809588105679,0.7773929901805008,0.34824667051696895,0.8339135370629549,0.86492234931113,0.8162003239982764,0.8096174854539699,0.6995292156378389,0.684501843439802,0.7232625854212958,0.7815909526252908,0.8941075623466137,0.8074475151444405,0.8059530600859958,0.6953062820393544,0.6505460167664118,0.8241901344423,0.39175253693272816,0.3246753216634942,0.8373346885881695,0.7118345811453879,0.7939801279997223,0.4260869518903592,0.8151092467774314,0.8451068454288432,0.8859074920822789,0.8100832658719251,0.7436539142441421,0.7368216285998412,0.8134806417106298,0.8193945592114044,0.630154635114983,0.8365575982512876,0.38961033901164427,0.4002965129703743,0.0,0.005221932069434882,0.0,0.3291925431760606,0.0,0.0,0.0,0.0,0.0,0.012363833472842261
p_31,0.9752019042197724,0.8346882405553007,0.6957435745543074,0.9039533373610003,0.5783738425953576,0.8332428646592455,0.8299515357171775,0.8417874391052008,0.8244638591150862,0.6649885575915463,0.690617728894759,0.8267598581458815,0.7430749663454257,0.8891488737772102,0.8371080992610938,0.8230426453754212,0.7585818774378675,0.6033834529757195,0.8325594092392248,0.5666666351851869,0.5462962931348594,0.8293419355571877,0.6799557934570428,0.9045291154189328,0.6618075753512568,0.8260996041348325,0.8374593597561617,0.824355445248354,0.8203473935231422,0.6800045985052264,0.7182175603716446,0.8419288030352738,0.8195804172878869,0.6833667266195719,0.8465159198463167,0.16438353912554257,0.5445134547385432,0.0,0.00575815733437469,0.0,0.31858406727230015,0.0,0.0,0.0,0.0,0.0,0.00950869605654762
p_32,0.9745094375474513,0.828967901534684,0.6873210735923382,0.8217411325776528,0.2626641601751565,0.8029591474011616,0.7778829821272898,0.8799415987870948,0.8229082035974706,0.5912816241937503,0.6824324306589593,0.7096430436353593,0.7069660313558835,0.7612172402951075,0.8216969820044691,0.7717897512581844,0.7059925060580875,0.5196998075075066,0.8357327419382311,0.030769226035503687,0.3046874960327149,0.8236757645807001,0.6968503815604699,0.8466591160085624,0.37610619052979877,0.764531228898079,0.813135161639037,0.8551586128802551,0.8491967046723414,0.5949043025784417,0.7402384831885938,0.8223975362493771,0.8276436280109807,0.6283185771203698,0.8471031551134215,0.28124995605469433,0.36786059663252085,0.0,0.002262443413320776,0.0,0.4105960196921189,0.0,0.0,0.0,0.0,0.0,0.014707583472842262
p_33,0.9740237198255549,0.8480893868737068,0.6850579074163397,0.9202630752854655,0.45738635713939835,0.7877581614527468,0.8200169909233103,0.8812503965428233,0.8498386685904211,0.7422980841566423,0.6712395867926516,0.8432671060994184,0.7584338814123766,0.881788571677089,0.8317671317536476,0.7860663792768111,0.7279577968049818,0.6728016291124578,0.846815197516118,0.6170212109551904,0.4569892442406637,0.8379743998476409,0.6812226063734783,0.9168503756382198,0.4979591768985146,0.8126897236096815,0.8437420066474778,0.8905421135395639,0.8261421309312917,0.7164117396481896,0.7227839155354246,0.8361619513741965,0.8498698268733877,0.7263157831024931,0.8634095821675519,0.11111108024692215,0.42945629436024574,0.0,0.004169562166994009,0.0,0.46737840489468085,0.0,0.0,0.0,0.0,0.0,0.01183747791108631
p_34,0.9726908512790406,0.8381774353168807,0.7141541303928274,0.864791477802412,0.6034482711328506,0.8458060447631583,0.85226034146129,0.8785046724226111,0.8381124853223539,0.6193088838008385,0.6800186290637666,0.7677806308149929,0.8309317950193216,0.8926392980445755,0.8454649382188787,0.8212809896144602,0.6746887938809593,0.6575809143306566,0.8540656965948074,0.2528735341524673,0.42857142568348094,0.8367502779157958,0.7064652212203548,0.8822753644793937,0.3967111983894019,0.8384973326414432,0.850464049966286,0.862009075655774,0.8533123019979177,0.6403858634260404,0.7430880460589365,0.8361853659826238,0.8333333315106446,0.7243319217698178,0.8586898625433252,0.1694914966963565,0.40314510076379484,0.0,0.002629848766404676,0.0,0.3310613404959947,0.0,0.0,0.0,0.0,0.0,0.016261800130208334
p_35,0.9697959864580986,0.819580950994892,0.6705537152467792,0.8631469395736513,0.4978479160843048,0.7503197610450011,0.8166561003757408,0.8073977594126607,0.7969465637793941,0.550721318352735,0.7413656716547175,0.7499999972747092,0.8121911021165752,0.8704199559710435,0.8060106633000381,0.8188520252268245,0.6481481457475994,0.5134020565628654,0.8207661470586577,0.36111106095679707,0.4081130890712164,0.8172581907577173,0.6586591785892913,0.8540159874124401,0.6402438991857525,0.7661188367135169,0.8275972310453146,0.8533074554675144,0.8361089071687696,0.5903214728402684,0.7632543348075878,0.8233108101154469,0.8161104699283994,0.64743011138476,0.8245345797063274,0.4496123682471032,0.3674954495603672,0.0,0.0051020407512494806,0.0,0.28741092295236437,0.0,0.0,0.0,0.0,0.0,0.01756344749813988
p_36,0.9703030199773351,0.8370437031476705,0.713966519358927,0.7787547860028685,0.321389790212923,0.7805016160298937,0.8341496113368552,0.8469708160108188,0.7619888935361069,0.6186700490340733,0.6810287960408249,0.7234242675285781,0.7408829158863662,0.8456884590520634,0.7876700527056397,0.7986059228314515,0.6176226075743033,0.49235992790865934,0.8109215010914513,0.1428571224489825,0.1325648395884029,0.832478471311806,0.712506985745672,0.7980687670137216,0.45772058402830346,0.7792104739405297,0.8393228788031,0.8746180332373197,0.7363110609864513,0.6170617055534937,0.7299960568979187,0.8058847561864448,0.7811659175310182,0.552407928099094,0.8076216706400202,0.02702702337472657,0.29296235439474344,0.0,0.0,0.0,0.0277078082152669,0.0,0.0,0.0,0.0,0.0,0.017557489304315475
p_37,0.9704831957078044,0.8205169672816394,0.6559239150095149,0.9126418843498749,0.5816326481153686,0.8009472840004468,0.837534974363569,0.7609229253377355,0.7842391982969223,0.788402624957984,0.7315153198439265,0.8417550408780308,0.7901179595145383,0.8805355910444943,0.8163172795282524,0.8148380986644511,0.64394568954296,0.555819470833498,0.824641658204085,0.748299268823179,0.554592717766651,0.7992297854259539,0.6375946908186169,0.8990479039114404,0.4864391908448015,0.7967374415337293,0.8330959637085841,0.8004800898048009,0.7920227909971215,0.7452421567853496,0.7116868778619435,0.7830459760739392,0.8224147243572963,0.6581027602954272,0.8071845912062491,0.11111109053498323,0.37979093911240874,0.0,0.006179196672609698,0.0,0.4597402537696071,0.0,0.0,0.0,0.0,0.0,0.016328066871279762
p_38,0.9721472538235439,0.8154784634669513,0.7163042056526348,0.8241807010291324,0.30151843490760916,0.723090007525237,0.7781891659975365,0.7205351944615851,0.746425061951288,0.44500632054992884,0.5029097950947872,0.7784452283066339,0.598571736423779,0.7851559284480941,0.7574737263978434,0.6166618934535875,0.46269727320176246,0.38558909069533503,0.8021505369156358,0.24175821519140492,0.40166061026642136,0.8206981352838146,0.7138326042365951,0.7853024741978697,0.3760683728541165,0.7938306332730952,0.7600762492829775,0.8207564858888675,0.7512597334502293,0.4525257244474676,0.5807259061728705,0.7633616973292268,0.6727089610455463,0.297655450584552,0.8070143550726746,0.23333329444445092,0.3166740366356743,0.0,0.0028996012943109774,0.0,0.25413222877962577,0.0,0.0,0.0,0.0,0.0,0.014604840959821428
p_39,0.974501259496943,0.860383304117518,0.7379560170646099,0.7969796449133424,0.49714936719327973,0.7989721468363759,0.8496249089965612,0.8772486189090445,0.8143596368969819,0.7234681257959844,0.6482758605272869,0.7922705279215172,0.7883333316909723,0.9044426082203441,0.8368905415734379,0.8038674010942889,0.6928982692279353,0.6891891840150962,0.8467932445123867,0.399999942857151,0.3082802508499331,0.8527302504748244,0.7329686020330627,0.7780406998122411,0.42502951092054886,0.7967018467905228,0.8522714885157725,0.884114362553367,0.8037442145522253,0.7467144557546387,0.7099957084727677,0.8227482671066703,0.8061104563898697,0.702175538618338,0.8522096968579266,0.31746026706979885,0.2445081160982988,0.0,0.0022727272469008266,0.0,0.3530834298297046,0.0,0.0,0.0,0.0,0.0,0.015083240327380952
p_40,0.9728270402955276,0.8298764044243263,0.7145501749215366,0.7087248315805594,0.40759493154943127,0.7488640693065892,0.7286889741739082,0.8299020583500389,0.6749367690293427,0.5843740917955522,0.6348987094040085,0.6756756722939156,0.6735947079036497,0.8300725432944863,0.8085325986508407,0.7677858634238417,0.634740963714667,0.5419463041783028,0.8051744407642694,0.0,0.13802435537179492,0.8158573023644095,0.6991969769828661,0.7448073924926275,0.2849807408859982,0.7911852119186393,0.7562999628147669,0.8677290383086159,0.6660307610992837,0.5673308301402148,0.6374115255057401,0.7810759118807051,0.726734924398783,0.4887218008366782,0.8106587706804894,0.0,0.3016759752460018,0.0,0.0,0.0,0.23170731354104707,0.0,0.0,0.0,0.0,0.0,0.01527433849516369
p_41,0.9704249212974063,0.8442974237369969,0.6876869898526202,0.8828429005039901,0.5304878008346966,0.8090437949743595,0.8087671971399537,0.8162279023170368,0.8119180621516716,0.6673206881760184,0.666101693033611,0.8528419391309578,0.7748011704169084,0.8576337658310517,0.8268212243161575,0.7967032945145514,0.7525602882307225,0.6203615545160651,0.8298400706964935,0.5517240745144741,0.41838648959481006,0.8285201182551294,0.6804139418131576,0.9099135213017828,0.5489510441525258,0.8073231423132707,0.8229703770550353,0.8332687082633652,0.8353617749961726,0.6753557068802479,0.7301833185381272,0.850043675774004,0.8296013084937156,0.6581352773479409,0.8450071463702193,0.2068965160523248,0.5138711032271827,0.0,0.0021119323958613263,0.0,0.4869358612002867,0.0,0.0,0.0,0.0,0.0,0.015226091657366072
p_42,0.973634848815552,0.8587532934128477,0.7092038781819098,0.7524429961299325,0.3959827776760003,0.7879250659774167,0.8194295323187745,0.8595579351816255,0.8313597375372809,0.7165651892540781,0.6836842087271467,0.7560854408540216,0.8420500709895792,0.8777732682498354,0.8524180359076838,0.7977296161049288,0.6167265232594843,0.6726057856525183,0.8362109184916371,0.7017543551862124,0.30949589320637877,0.8448916976926074,0.7083702989572611,0.7718334802729553,0.3881481423978053,0.8020550649974825,0.8509026134015565,0.8822504051918914,0.8263171151672333,0.7260259945491495,0.7590930544187694,0.8286094722954066,0.798598947213913,0.7254763533840766,0.8560641804095667,0.5693430241355457,0.32989690381549586,0.0,0.0,0.0,0.3594936663355232,0.0,0.0,0.0,0.0,0.0,0.014650762648809525
p_43,0.9639339404426003,0.8255541615532388,0.6914047986893223,0.8471688782571515,0.3068987730051659,0.7787338658269741,0.7829137528681286,0.8261407930171333,0.7813121263736337,0.6294757310322026,0.7473801544094089,0.7916440564524035,0.7445736419678806,0.8464458940902131,0.7463414628274261,0.7128180021702103,0.7287958089745347,0.7057162970662223,0.8230635190693304,0.07407406035665548,0.18451915414762193,0.8224605129137005,0.69917219492691,0.8624418019691247,0.5954198442981179,0.7798889212160403,0.7894996102391583,0.8815936871649731,0.7190832757895583,0.6532946534162498,0.7184079587693374,0.7632473066122697,0.7481495525751575,0.700341292147841,0.8482483940110149,0.2528735341524673,0.24375380716786224,0.0,0.0018206645342709851,0.0,0.34243175895424516,0.0,0.0,0.0,0.0,0.0,0.022313145228794642
p_44,0.9765364659760503,0.8309491808748609,0.7361213239096458,0.7834196885779484,0.5131313079481686,0.8389206866277854,0.8330597289236389,0.8432472872410629,0.8082394437143059,0.7116975180073872,0.6957475975425306,0.6788537515866909,0.8133933800403498,0.8770890928605922,0.8309270508824781,0.8126349870069249,0.7311827932419932,0.6257396403421625,0.8314933170332236,0.2499999609375061,0.38150288702309754,0.8220361868612761,0.7154346789162068,0.7534113911846013,0.4610169439433114,0.8215136612709703,0.8427560462942456,0.8616734138204716,0.7990599285557463,0.6697498416336454,0.7165375348208989,0.8276450504098929,0.8285648870941523,0.6106194651667544,0.8466135449734925,0.6491227500769517,0.3307086588133177,0.0,0.0,0.0,0.29720670058986925,0.0,0.0,0.0,0.0,0.0,0.010658336821056548
p_45,0.968263445087847,0.8367531104264254,0.6612947561173537,0.8879665894819935,0.5004616758960141,0.7828424110627934,0.8234902631719558,0.7970078566370639,0.7644579714768697,0.5989292358019911,0.6594508958303831,0.8360560068959859,0.7265270867115755,0.8551733620657052,0.8232539189337672,0.7941935458251821,0.7102212830691208,0.5687303193207731,0.8268390696952306,0.38554212222384066,0.35107117932915566,0.8087443834528419,0.6441522421681359,0.8998529902509856,0.3903559082622743,0.7472488097591111,0.8008357660727848,0.8332668750593752,0.7479153295403942,0.5754501641193887,0.6019056458240631,0.8108108099961712,0.8005625856524259,0.6251851805541838,0.8177128109907886,0.06896550535077493,0.3585619661373606,0.0,0.005515339519078457,0.0,0.17795753106210788,0.0,0.0,0.0,0.0,0.0,0.0181243896484375
p_46,0.9649547159096606,0.8457039071308977,0.6330831796539422,0.8964755273679205,0.5171548073878259,0.7598529907732837,0.7712387617523587,0.785058906137652,0.7602427911478974,0.6079071447129644,0.6812564349092265,0.788431308429955,0.7181521215162107,0.8092964992874777,0.8215514690575642,0.8216793012589741,0.6491295912993053,0.546906182166605,0.8429723091106096,0.11764704152249389,0.42393786923737836,0.8459201615314786,0.6285618584965658,0.9098837831819114,0.46692606640524464,0.7727971680817021,0.7956806346040224,0.8020344725617211,0.7028443105004437,0.6239452114174573,0.7445887427980069,0.8387560291093544,0.7940920915317344,0.5960264856804527,0.828679244501246,0.0,0.4397291176535931,0.0,0.008578431346267061,0.0,0.27162629522814624,0.0,0.0,0.0,0.0,0.0,0.021240960984002976
p_47,0.9716688009186994,0.8047353105674245,0.6531685633727701,0.9022213701143225,0.6437045516888459,0.7539841145903191,0.8062890467193381,0.8262443989282242,0.8275939167848906,0.6302380944878118,0.7118155599083125,0.836078429186723,0.789705880901276,0.8351620309781719,0.8085189902752783,0.8074219825487152,0.674140505702016,0.6626984061240238,0.8204438458829437,0.24175821519140492,0.4742371161869079,0.7947991611883801,0.6382016362948265,0.9084573315761267,0.6528925581293238,0.6950670149894146,0.8262521298900631,0.8276353270994332,0.7703802824017171,0.6426229500671863,0.711132906544549,0.8325227311984323,0.809940692431684,0.681440436921141,0.8323208940002691,0.2820512458908659,0.49053200860896295,0.0,0.007083065012610866,0.0,0.2830188641102579,0.0,0.0,0.0,0.0,0.0,0.01454438709077381
p_48,0.9671409694924479,0.8260718836397271,0.6735479144011582,0.6302077719558534,0.41129031705254954,0.8020665290065413,0.7778129681715973,0.8478665174303276,0.6553453005735965,0.48497710210546513,0.5641025628448104,0.7010692668476556,0.7705690453596067,0.8251293420805426,0.8188595599245824,0.796236556999364,0.5888671846246719,0.4377031371863149,0.8392437040696665,0.0,0.22556390553451305,0.8085192911514673,0.6612232359614587,0.7040723974820791,0.026200872790373957,0.815314836324844,0.8126249890770285,0.8362928165675949,0.7269639055527758,0.47999999944347826,0.5100559806965458,0.7992372064845459,0.8306205472262956,0.5324553101368268,0.823010475259134,0.0,0.1992527995111731,0.0,0.0,0.0,0.08934010061583654,0.0,0.0,0.0,0.0,0.0,0.021960594540550594
p_49,0.9765301130404755,0.8437719158899581,0.7185221565408544,0.9097807492116994,0.39430893908222625,0.7880854311698847,0.8219984037555325,0.8674345071886662,0.8728953440377514,0.73039552386849,0.6888361026950749,0.8026796565082835,0.8593979921613405,0.9003756158206044,0.8212792633556865,0.808045974689523,0.6978760264504723,0.6322350789649592,0.8320820354952554,0.5306122088018905,0.44547872044229575,0.8379047802642011,0.7113400318678714,0.9111852985319301,0.516071423963648,0.8163023259882201,0.8446802277725188,0.8551485497821569,0.856987492270813,0.6722434986169689,0.7561564443356918,0.8502000577240167,0.8276414065431126,0.6822204289443248,0.8469930062032699,0.2083333116319467,0.46519524354728214,0.0,0.004474272880600975,0.0,0.3883040890256832,0.0,0.0,0.0,0.0,0.0,0.008164760044642857
p_50,0.9749754694463455,0.8338235001557479,0.6901636605911359,0.9267893162867169,0.5672782852932787,0.8260620838749699,0.8103583274624975,0.8222112165270452,0.7997825189618288,0.7365225828842611,0.6941015070120672,0.8463243427293603,0.8676354017600589,0.8690108914641445,0.8109011164133851,0.7947247683637477,0.669050713039497,0.5647840469016163,0.8191625518201111,0.456521689508512,0.4820562537242664,0.8154967730058087,0.6854292296663854,0.9233710290945081,0.5814598072637517,0.8033320668575101,0.8401704367727738,0.7864795736597224,0.7656360623487892,0.6921485079827773,0.6952264364865938,0.7898368875053985,0.8294102067458073,0.6951219427424153,0.8255606262893822,0.2068965160523248,0.3573255376056794,0.0,0.0036957191139645237,0.0,0.32475247203215374,0.0,0.0,0.0,0.0,0.0,0.011740984235491072
p_51,0.9720708528361983,0.8243073442777272,0.6811557589779831,0.9097915985963608,0.5899384705394916,0.8015322384073471,0.8163535202537886,0.7942633632371164,0.8032764860973862,0.6202460841439512,0.6844569272367582,0.8473553410590072,0.8157223059116517,0.9068816290357434,0.8229655508507583,0.7812002103526282,0.6358553833922647,0.4046021054208811,0.8047405134237403,0.09756095181440198,0.4360641506889287,0.8170112913400396,0.6766634412253856,0.9288340605256118,0.5936842074016621,0.8083389751725516,0.8420871270299335,0.8062055923302226,0.8073947806380034,0.5987332855753227,0.7110894924341209,0.8217163569483115,0.7848238461115884,0.6222990438867845,0.8378686956823324,0.3333332716049497,0.4811052398167198,0.0,0.0017426662743460172,0.0,0.4047618994079114,0.0,0.0,0.0,0.0,0.0,0.012124343145461309
p_52,0.9645078992016098,0.8485915038862795,0.6906698055298172,0.8314913529895388,0.411143127654725,0.7973603651333967,0.7850003523799958,0.8330845353938826,0.7790420735921645,0.6719034383830794,0.7157313690990539,0.7207547135813456,0.7237820956952674,0.8492058468567351,0.7789730050954201,0.7445255454324803,0.6663511563352997,0.6586206839774079,0.8388907784630055,0.13636360537190786,0.3149284221377462,0.8390241343321316,0.674654060607389,0.8114580169661579,0.6226537176527267,0.7692636641001567,0.7976634261932478,0.8856965799753836,0.7937044734733293,0.6470643665563431,0.6655037054829837,0.8304239393531326,0.7519801961584648,0.6073957465979879,0.8304366616252169,0.514285640816337,0.37656903450569845,0.0,0.0,0.0,0.2327746719480943,0.0,0.0,0.0,0.0,0.0,0.02426539829799107
p_53,0.9691539967383263,0.8559644214759486,0.6821727811457036,0.903120427092551,0.5804255269751019,0.8031805791342809,0.826768835356949,0.8701088209828034,0.8535187207543374,0.7737704910784352,0.7380837728982096,0.8039160816673676,0.8497088330445932,0.8851766443899423,0.8428294565476458,0.825396822877299,0.7245042467262597,0.6807843083860055,0.8573764527095055,0.5714285343228225,0.4333116432445567,0.844998140559041,0.6675535400762699,0.9045765074176976,0.5754189890556891,0.8257171445336565,0.8609173185543233,0.8705499663450696,0.8672546848211085,0.7115013501432832,0.7115692996298527,0.8410776299248309,0.8174518179404394,0.6761506219568986,0.845644982685001,0.3442622668637486,0.4866595491640366,0.0,0.006116207888723671,0.0,0.32716650119604185,0.0,0.0,0.0,0.0,0.0,0.01506710960751488
p_54,0.9719537404262402,0.8418288205497307,0.6726382198583158,0.8738094149050679,0.5279720233568879,0.8117724827373975,0.8303764571507397,0.8741988641431979,0.8433135101046695,0.7746705841552085,0.7234254400711341,0.7784045093537287,0.7555444785558323,0.8898102080542085,0.8396636162649814,0.8371686547125876,0.7231386503649636,0.5749999944711539,0.8269378349703206,0.562499941406256,0.3923972998626775,0.8344118901298869,0.6822809031659812,0.8623318599221426,0.46727272302479345,0.8113925118146906,0.829601157382683,0.8782353685590748,0.8418684652085902,0.7427698566774238,0.7539646561985396,0.825984769365437,0.8213318873272011,0.696647582202391,0.8455096728794786,0.4999999431818246,0.4915590839545229,0.0,0.0023809523526077104,0.0,0.3738120340674548,0.0,0.0,0.0,0.0,0.0,0.01451139904203869
p_55,0.9709826181030901,0.8336422620450478,0.7314710394908805,0.8131929662822304,0.20289854745735028,0.8039538713177419,0.8223359240348226,0.7823420657517509,0.7256855056231836,0.4846563006499015,0.5069179857491117,0.7517347696540679,0.8039122877363744,0.8490347081746062,0.8115942022146999,0.7933613819697023,0.7139090286291726,0.5275645462137855,0.7885877312492242,0.0,0.11344019588853026,0.8268786199808532,0.718826442834851,0.8589044906882117,0.30547549992110234,0.7976793482544506,0.8569797605743276,0.8526984440290609,0.7724369035789749,0.5732892868586227,0.6617283937001474,0.8278139931961634,0.7507780685880343,0.5455720714571941,0.8383279538663532,0.0,0.36335721410769084,0.0,0.007083825182009148,0.0,0.14626865453330368,0.0,0.0,0.0,0.0,0.0,0.016285487583705356
p_56,0.9686797912518585,0.7969838651141193,0.71241714430265,0.7064445845059776,0.03470031491008967,0.7575162112503644,0.7588705598705107,0.7575171609989765,0.6974103300132802,0.4053999183867236,0.5395948422200856,0.6341141516525431,0.7850882919750317,0.8070105781448327,0.7169671745566647,0.6845978160756209,0.6684819582420627,0.443540178600812,0.7783597836147605,0.0,0.14416775695717227,0.8156187996886459,0.7160179371671336,0.6866779628123312,0.31917098114848724,0.7445214836923625,0.8063901490080111,0.8105580983682876,0.7629778661797748,0.5375034089121707,0.7223843252972398,0.7397617592037546,0.6946460964277539,0.478707779157799,0.8008265770141261,0.0,0.2678414073317938,0.0,0.0,0.0,0.18219037684554373,0.0,0.0,0.0,0.0,0.0,0.01761358351934524
p_57,0.970661022410102,0.8425458609115672,0.7112074515936708,0.7836579442693568,0.31782945490054687,0.6916777216429331,0.7822171302940292,0.8182157866332481,0.8192454884425965,0.6581188747521578,0.56547183510338,0.8053559738557936,0.8086642586585084,0.825170232998077,0.7718120798894195,0.7619885596964616,0.6835551709594024,0.47628865488362215,0.7942545331453583,0.1627906787452699,0.18863636149276863,0.839454223048,0.7085417730753037,0.8868517100047315,0.470085466737283,0.7161604650669599,0.8364425758030275,0.8438414467444313,0.8505701131720643,0.7353595249688168,0.7702438142547717,0.8131027330731627,0.7892734865171672,0.5814814760973938,0.8233428474283676,0.15533979074370963,0.4730139449786905,0.0,0.005326231620156703,0.0,0.2810304416741166,0.0,0.0,0.0,0.0,0.0,0.01952485584077381
p_58,0.9695093558939957,0.8245805220851384,0.7099247207824442,0.8877365826445992,0.4093851099564312,0.749732085312972,0.8065977845163902,0.7719431894368269,0.7671170650992198,0.4487450147211529,0.45006461057769137,0.7565720274538064,0.5863509735692874,0.763080489638038,0.7941121662063423,0.7351198850913402,0.6758767244921121,0.20689654962579565,0.736877522933313,0.0,0.4199507363303526,0.8269507549344546,0.7038251099339008,0.8792242600306868,0.472826083744388,0.756617746436062,0.7660607175484044,0.7869968695914574,0.7140369959586105,0.4576897971963348,0.49381856086745857,0.8094244472183756,0.7737020294195767,0.4581704420784172,0.7467532461315741,0.12903224419008127,0.4215938285278756,0.0,0.004099410699207249,0.0,0.3492822924726999,0.0,0.0,0.0,0.0,0.0,0.013951619466145834
p_59,0.9667119737395277,0.8469811839962658,0.6753749173751493,0.8740117498824937,0.4781553340029693,0.8198174839728772,0.8303237060490041,0.857738519307764,0.8702886664940267,0.7325990680906108,0.7143972905118529,0.7587034783565286,0.7874114197844698,0.8838518368122745,0.8360484535964406,0.8205734530872791,0.6775067720076478,0.6292775605581981,0.8337740830810596,0.5473683634349091,0.47043189056191437,0.8310309392201937,0.6661089848795118,0.8505530305879477,0.5673758814948947,0.8194041653521211,0.8448966298672655,0.8716894703906927,0.8721842560463373,0.792332267497706,0.7390560021055123,0.8444582419078358,0.8329991382612456,0.6089743540947568,0.8430757151401769,0.17241376337693734,0.5398280771356557,0.0,0.0052980131748607525,0.0,0.3492723456416596,0.0,0.0,0.0,0.0,0.0,0.020564488002232144
p_60,0.9748029377021944,0.8384271084035684,0.7268993518871191,0.8429040762376085,0.4032921769208624,0.8056831485171387,0.8202527102650455,0.8697759483905917,0.772944658650712,0.5752708250137553,0.5966149492322169,0.5986547051644916,0.6991635399504945,0.8737948378834368,0.802795171247123,0.7353276987090028,0.5617283921721791,0.5817344544763281,0.8210380403349469,0.035087713142506465,0.21276595529112508,0.8487538181260843,0.7381083592139669,0.8371489379446873,0.2015747999752,0.7963452064633818,0.8389134983260244,0.8795806431686741,0.7719786088000229,0.547876303513528,0.6854937003545435,0.8144227581753037,0.7747529728276811,0.6205980025209435,0.8305844791133355,0.0,0.2665706032667824,0.0,0.0,0.0,0.36020582572545756,0.0,0.0,0.0,0.0,0.0,0.013894507998511905
p_61,0.9667520386950441,0.8170584944871302,0.7065191499624132,0.8945112630582578,0.5294525257834198,0.714666256668545,0.7113273871857746,0.8173378201129524,0.5455573134235165,0.42124131702751366,0.4980066436910189,0.8402154383479077,0.48892534664099524,0.715780217005916,0.8020999336251056,0.814285711377551,0.6091615306478394,0.15749730142937107,0.8149093221407917,0.0,0.3404054675134113,0.826670070407475,0.6868011263878435,0.8686518117615883,0.48177269133829387,0.6480366175090241,0.6864818805583336,0.8350122355955767,0.5006503246616806,0.4855169064531367,0.5923785432682346,0.8164115561847555,0.8088672592352871,0.2662889493268277,0.8062709958881383,0.0,0.48347825918790166,0.0,0.0032493907304376097,0.0,0.33093524882252473,0.0,0.0,0.0,0.0,0.0,0.01997535342261905
p_62,0.9663427948048643,0.8021320338498225,0.6477716565977313,0.9114500339377531,0.5739014608927999,0.7876482684507794,0.6680946040260056,0.8150943391013148,0.803850781222803,0.7012345672599593,0.6824287998860054,0.8027175312184021,0.8386185230162975,0.7697091577628802,0.8232817589482352,0.7719962132702737,0.7648546119947705,0.43323441493717485,0.7602141441155122,0.2631578254847827,0.4612660448815137,0.8015815803341826,0.6502967106079811,0.9086279603987406,0.6277190762727217,0.7160619129928756,0.7607511571997525,0.8261896720714211,0.7966220961803635,0.6192449864240562,0.6711956503500118,0.8203665979426003,0.7799564248911862,0.5848056485441198,0.8125656442160167,0.07999998400000319,0.4666666646723646,0.0,0.0028050490686882955,0.0,0.15297450208251415,0.0,0.0,0.0,0.0,0.0,0.017889549618675595
p_63,0.9679512373018764,0.8102771491235374,0.6069062295357248,0.9164806545914284,0.5700164721169008,0.7259277598421716,0.781379088765948,0.8138367369411755,0.8020320184697783,0.5785957728989833,0.66644272533946,0.8397435882483198,0.7484362231481201,0.8533361641889455,0.8140826500855854,0.8031400941934176,0.6990022153575326,0.5192083757950131,0.8267898375415802,0.6837606253196047,0.5117845100613316,0.8133715704179537,0.6341930831360257,0.9080078357438116,0.61627346838578,0.7325347445654085,0.7815337737365725,0.819038513507895,0.7470335764364636,0.6390996451200055,0.7021857904311863,0.820982220717319,0.7551867199026646,0.6951456243189745,0.8437007865711607,0.0,0.458216487778417,0.0,0.005021971092140797,0.0,0.3068072837314738,0.0,0.0,0.0,0.0,0.0,0.015029471261160714
p_64,0.9785529058977133,0.8427575265738912,0.7413886527880963,0.868895581232551,0.5678033261871267,0.7911598152288276,0.8236526310181577,0.8219427343741276,0.8367499989540625,0.7089414175653223,0.6857427203639146,0.8078215679565488,0.7152158169394363,0.8782388112197429,0.8012543243931074,0.7617504031287131,0.7256235800240983,0.6945996210931135,0.8182746765546711,0.5858585266809568,0.361997223564513,0.8409935083305272,0.7398269690888494,0.8447032718554058,0.4510010489883978,0.7878920334422762,0.8489129707104882,0.8657008158757613,0.8236057058059589,0.662068964814781,0.7326364675200082,0.8286933541671476,0.8309821644104813,0.6753036382566507,0.8303662016139045,0.3037974298990595,0.4402173883137406,0.0,0.007670182093286845,0.0,0.2532146364667197,0.0,0.0,0.0,0.0,0.0,0.01093110584077381
p_65,0.9756611549420638,0.834147020499048,0.7329000714877444,0.8331045083018812,0.4033898270899167,0.7927224810478607,0.843849110512283,0.8088345019107425,0.7816697382385176,0.5595353333768578,0.6485184277318274,0.7928814812840534,0.7763948481193244,0.8793068955143181,0.7472489677207282,0.7372919461599372,0.7235834581792363,0.4806337985859701,0.8040057217840565,0.2545454082644712,0.2064264828975026,0.8206322281548496,0.7092493929811394,0.8373771302492365,0.21589560835236526,0.7577944641059039,0.8291860900021187,0.8259822750750565,0.8204225341795491,0.5752212383461399,0.7063625433220587,0.7847687804841252,0.7707201870821248,0.5388525741550285,0.8071975104622908,0.1052631301939131,0.29602356188495166,0.0,0.003996003956083877,0.0,0.24757281252945618,0.0,0.0,0.0,0.0,0.0,0.01476774669828869
p_66,0.9673255241388531,0.8357710326450105,0.648197319255371,0.89407474899031,0.3831891176367229,0.786415941401511,0.788814521443122,0.8603637626472406,0.8066452592396409,0.5614749699201683,0.6078017907016294,0.7627840882003405,0.8286497586897709,0.8511989991851086,0.8074396029440619,0.8239305616121185,0.7119422548820792,0.5054413481808785,0.8267158520272635,0.0,0.43636363258559624,0.8239638326825753,0.6520608483803015,0.9004372805824014,0.5874649149909736,0.6310210356920357,0.7892087954733746,0.8460316446298332,0.7995851687845669,0.6079875913041392,0.6498524264828215,0.8278097220827917,0.8003318561937725,0.6468781919459755,0.8205897043272466,0.2716049047401352,0.4462521763727358,0.0,0.003972194598091414,0.0,0.2520193820352281,0.0,0.0,0.0,0.0,0.0,0.02001488095238095
p_67,0.9745744332899057,0.8426168515144173,0.7462006553187419,0.862255324555041,0.39366515391781504,0.7948833388609646,0.8018997500757419,0.8627779226456825,0.8273125055181515,0.6908014130377291,0.6655714605360914,0.811744384537293,0.7582675469207009,0.811726015198545,0.8210965653376052,0.8164478552973795,0.6950226212894903,0.6562266916015906,0.8367828129973078,0.5599999552000036,0.3223880564936512,0.8398953880346677,0.7517324049293806,0.8977039216931547,0.46450303788536473,0.7942314454564515,0.8314036388050303,0.8619888722184471,0.8528159944048145,0.652722062413828,0.6775784738170887,0.8373477664976565,0.8332559200342409,0.683584451359362,0.8593898532024977,0.15555553827160684,0.34973637654010215,0.0,0.002439024360499703,0.0,0.3473170697822725,0.0,0.0,0.0,0.0,0.0,0.014992995489211309
p_68,0.9717059190263727,0.8495895273131303,0.6891987702835979,0.8489509804561403,0.4682352886089966,0.7669714458888053,0.8354784848851954,0.8861081884247228,0.8355293039123929,0.749948884941782,0.6380368081849774,0.7486804679306517,0.7417218524153799,0.8736574756604875,0.8381952146581254,0.8301008512280815,0.7173657361138152,0.647527905522106,0.847509166579457,0.21333330488889268,0.4005956783276569,0.837390975419324,0.6840125686053941,0.8853702048448668,0.5472636761466301,0.7035822292661792,0.8077432680717426,0.8577322012861078,0.8647337659963248,0.795386756019699,0.7449411747177855,0.8476639175032745,0.8112018650847098,0.7138461483550297,0.85526193708367,0.1126760404681633,0.4991491747070382,0.0,0.006006005945885826,0.0,0.25747126140837634,0.0,0.0,0.0,0.0,0.0,0.016387067522321427
p_69,0.9709293011789396,0.8461824881269042,0.6854820454678542,0.8170338066611734,0.518590992968777,0.7625021578055756,0.7821318992588743,0.876702422034047,0.8321013716577331,0.7347263221272697,0.6668414137173226,0.8045343112606179,0.7491717918855377,0.8734453451957054,0.8265432786067676,0.8174165433456704,0.7549721529237384,0.5856031071439387,0.8368263465224305,0.338982993392713,0.36678200374756054,0.8433362774170698,0.6767257019991539,0.8613020180413973,0.5761166766078699,0.7748962653486305,0.7972960640747657,0.8782608690273969,0.8531593747081615,0.7518331087970328,0.6996484161234344,0.8415004327390498,0.8100358400605573,0.6328195772183175,0.8501377925970371,0.0,0.4676966259290967,0.0,0.004389173340240137,0.0,0.24724601900555668,0.0,0.0,0.0,0.0,0.0,0.01675807407924107
p_70,0.9779756452527902,0.842766253704387,0.7417207170582264,0.8742311213521184,0.3493150645055358,0.82007044464175,0.8218391626825892,0.7839461414894117,0.792896071421823,0.59247198487456,0.6178053817436742,0.645895150119213,0.5426065145908316,0.8592991912384177,0.7681856179262274,0.6840482178748297,0.5527924967273032,0.4726688064898006,0.7826826564747107,0.13186811737712995,0.4987593021168778,0.8488732006720641,0.7491625900561322,0.7775802684270746,0.14492753360638527,0.8182533436543431,0.8072169930110528,0.8586811604662695,0.7698386557240274,0.6597417175184899,0.7217898818642221,0.7860647686103388,0.7255683132749747,0.5457875424555095,0.7833787459269596,0.0,0.37788778566099185,0.0,0.0,0.0,0.26481714672361734,0.0,0.0,0.0,0.0,0.0,0.01060791015625
p_71,0.9751162274459074,0.8237288393145922,0.7265882154892868,0.8357205296094007,0.06570841754192161,0.6714408610589782,0.7654123631990011,0.7160369125769998,0.78962175597622,0.470900031304039,0.3416354411689763,0.6494040252798847,0.6374764580097071,0.8058060550369843,0.7102976940689243,0.7421018673691107,0.4808775556451895,0.513947586526225,0.7300694376988052,0.0,0.3415525082963241,0.828715950944786,0.7295443130807793,0.7837219931505933,0.303167417384984,0.6821144386656575,0.7605128428973211,0.8202908414861676,0.7705771041029126,0.5464770792163868,0.626556810449211,0.7524091205491755,0.7694274008961467,0.4830508440462511,0.75127161686057,0.0,0.27850304370319373,0.0,0.002816901395225815,0.0,0.3269230729937131,0.0,0.0,0.0,0.0,0.0,0.011242530459449404
p_72,0.9666927096384933,0.809429274359749,0.6609357513095703,0.9066903325849424,0.4788405769342575,0.7466483325892864,0.7485424905584726,0.787458236451132,0.6866205572542088,0.6042654021927344,0.5951916816218504,0.787530152556077,0.6660608799044505,0.8313038983186422,0.7577042684405765,0.739823006230715,0.6627933984132155,0.5359605858526051,0.8079424253811304,0.36559135853856356,0.43786176221361334,0.7890119500545062,0.6214981555456979,0.8835433204859459,0.5155875268849669,0.7246221687878104,0.7595405460307268,0.8503114573395133,0.6457930670715204,0.5771133570906503,0.6830122576991852,0.8020814634827907,0.7933834562605009,0.4328859024086753,0.7622084541160637,0.0,0.46718257246436634,0.0,0.0015952143537483264,0.0,0.45618914525467114,0.0,0.0,0.0,0.0,0.0,0.013703700474330357
p_73,0.9671995968964882,0.8452047463015611,0.6834921466086509,0.789929077453951,0.4645849164921179,0.7918339675674416,0.8124671488491185,0.836719576276868,0.8467292250146482,0.7501047331900872,0.714119018170084,0.7863444542142521,0.7263115072665484,0.8848116980126893,0.7746337539889286,0.7900437870706528,0.7087214195227712,0.6103781828462781,0.8307032582927073,0.5631067414459474,0.2010968903007597,0.8289892306423512,0.6663512643121834,0.7796106888983746,0.5644268730084833,0.7866940099643929,0.8424780823323658,0.8675754620428565,0.8234339049879125,0.76722233303151,0.7390704078714441,0.8308631987506843,0.8286482502355212,0.6891053969078353,0.8360248439786825,0.3170731320642522,0.33247200402694227,0.0,0.0044593087574213075,0.0,0.2734883695489454,0.0,0.0,0.0,0.0,0.0,0.019349452427455355
p_74,0.970113028434038,0.8252067614676678,0.6265807597921734,0.9211710498716056,0.6727828723316925,0.8318719921967725,0.8409327747330293,0.8442359243671341,0.8407752427018147,0.8245135471681092,0.7745635890908639,0.8805364374792016,0.8387999365167108,0.880551714071128,0.8104637326867257,0.818060197932909,0.6978021950635707,0.6267806208282942,0.8238143281293498,0.12698410682791955,0.422572176629168,0.807730626746559,0.6329944563086215,0.9289198358318748,0.6730024615522616,0.8251451137498816,0.8589670131197671,0.8475264755204364,0.8188607726910481,0.7994409495862624,0.7466970370234692,0.7868733339950674,0.7873440803549009,0.6758080247227422,0.8285714277494332,0.3728812927319843,0.48312993365710716,0.0,0.006322444665284627,0.0,0.3162217626671277,0.0,0.0,0.0,0.0,0.0,0.013262212844122025
p_75,0.9752196372456206,0.85065532172012,0.7097291838799323,0.8436865606149954,0.42105262714681446,0.8048767804916094,0.823522688254942,0.8751630231753544,0.8365511758310616,0.6953937585487224,0.6690909073530106,0.7774129981043565,0.7404095063770075,0.9032591997423263,0.8173760584227369,0.8334303994367198,0.7574879202657393,0.6276303693720918,0.8245094401846451,0.08510636487098619,0.3129251670269663,0.8360156647573256,0.701845341619377,0.8491240609884853,0.5643712532606943,0.8168068086503263,0.8505758789860867,0.8742201421155191,0.8343100681482285,0.65664272816804,0.7288569945441902,0.8345060761815717,0.7989130413073015,0.7145421838910038,0.8444286215339724,0.0930232341806432,0.32923832654186463,0.0,0.014903129435124748,0.0,0.5492371629786802,0.0,0.0,0.0,0.0,0.0,0.010651942661830357
p_76,0.9700698522276512,0.8353810024906111,0.6944527769043973,0.8472342634256781,0.27785817253461403,0.7534727599397177,0.7871374671518225,0.8172623056352221,0.7951211968579263,0.5505979754477944,0.577545193678532,0.8350772276156521,0.7667294986646337,0.867214965188322,0.8307472429249212,0.7684848461561065,0.7149552589903908,0.5428571363945579,0.8333333325842024,0.3235293641868582,0.3958499569365526,0.8248704799165939,0.6799838579400889,0.8953612948314109,0.4598540104027919,0.7241111081413918,0.8090453254084138,0.8394731558203696,0.7807665494344718,0.6273299020842426,0.7095238078344671,0.8233025466118923,0.8126068878265162,0.6267539698152108,0.8541629195700747,0.17543856571253233,0.4439584448115995,0.0,0.008995502114010463,0.0,0.19745222615521935,0.0,0.0,0.0,0.0,0.0,0.018698265438988095
p_77,0.9747868917224507,0.8321976256677428,0.7298867982108247,0.8142302546845095,0.37142856700680277,0.7639935805174357,0.7306144177358852,0.8391395948654321,0.7731027351921751,0.5591712874760163,0.6023041460776403,0.7468354394019695,0.748135672965755,0.8178172997869333,0.8310331957935162,0.7807486611134488,0.6628948577892745,0.5980611439369042,0.8351314895186013,0.0,0.15172413583828778,0.817637073332466,0.7104251379216389,0.8110723683120526,0.3630214164259141,0.7235878895789453,0.7104582067403633,0.865002712498642,0.748518844386085,0.579290950507893,0.707462685058715,0.8120397636118927,0.7899199227745646,0.6012861687999504,0.8490532003164534,0.0,0.2054794500442324,0.0,0.0,0.0,0.0,0.0,0.0,0.0,0.0,0.0,0.014741152808779762
p_78,0.9742896477782663,0.8372158793853525,0.7155868725016009,0.8552090640453178,0.39322033231829945,0.7733879983489899,0.7594682753492008,0.8471048946309903,0.7852253268892965,0.6222269391548382,0.7501194439796478,0.7775061093011161,0.6582649453157533,0.8400412446390166,0.8222568894204296,0.7711887333571926,0.6873652406754409,0.55107778302645,0.816549990292093,0.4166666087963043,0.40600176164164375,0.8329410559889991,0.7211098678951663,0.8706806278163975,0.2375478881695807,0.7266088542201407,0.7698775482453121,0.8625417257614797,0.7419671660699212,0.5811780041499913,0.71040907106033,0.8291486849459114,0.7956469146417245,0.5890307994813614,0.8190510546463549,0.1355931973570852,0.4069444416184414,0.0,0.002844950172902558,0.0,0.2662337619117896,0.0,0.0,0.0,0.0,0.0,0.016180565243675595
p_79,0.9742049334995978,0.8463873729585005,0.7166562577160739,0.8752589386313344,0.3668005305649193,0.7885917592136485,0.8020563942464758,0.8517819469014201,0.8408365817785223,0.6847104476716266,0.6538995263560934,0.7752502239524557,0.716106012446213,0.8718247863973017,0.8226431806550979,0.7643949909196245,0.7391516297457258,0.6593920447436318,0.83986499077455,0.5925925194330223,0.3636363609704079,0.8353449898902839,0.7106431905998757,0.8799109268437989,0.5914634086233393,0.7988601148741533,0.8173570662258628,0.8728888883716214,0.8518388781648116,0.7086044822759999,0.6944096247319889,0.833189094728268,0.8163046371244177,0.7257799612004929,0.8572242255010213,0.17142852244899356,0.43662906146895114,0.0,0.004419889453923874,0.0,0.35799999642,0.0,0.0,0.0,0.0,0.0,0.015567888532366072
p_80,0.9712796187321682,0.8267323663030318,0.6926633679180539,0.9086341174919369,0.5964912235202805,0.8188344353572905,0.8111840057559393,0.8555210319935941,0.8457453076292396,0.7925708321874625,0.6921917374368654,0.8066339962056766,0.8014105404576642,0.8611044511985326,0.8162344973886871,0.7770334903443907,0.6455639739386358,0.6084396407415148,0.811282160823251,0.6446280458985086,0.4566744703941776,0.8059536515257237,0.6791428682399782,0.9001434621492198,0.35862068553309556,0.8064397681665189,0.8382359200801559,0.8401995900459317,0.8439207275373104,0.8444681980719151,0.7179633846740178,0.832152821601038,0.8253968230983101,0.6451612842015059,0.8430873612774731,0.2807017051400517,0.4865470824745119,0.0,0.005560704330117218,0.0,0.3961218781700571,0.0,0.0,0.0,0.0,0.0,0.015353538876488096
p_81,0.9633683266246121,0.8213568919008253,0.6393543218413624,0.9007913528033218,0.6426895962260392,0.716739241955822,0.7150055061386501,0.8754556495288848,0.8157664221667644,0.6280950595643958,0.6701271718917021,0.8289438658447889,0.783853553663803,0.8750926669387383,0.8445301196679228,0.7943221297962858,0.7308892327188407,0.5560081409775138,0.8363119046534081,0.0,0.4280891260763732,0.7966127936746472,0.6167448527966496,0.9116377092341837,0.5813734658384434,0.783098148864283,0.8052011297680919,0.860966056879265,0.7224334591899504,0.5916922343737406,0.6571756586517207,0.8409958196974415,0.7762602414296988,0.6372092973859744,0.826064200256399,0.0,0.3568464713838337,0.0,0.010968921289132346,0.0,0.29090908738292015,0.0,0.0,0.0,0.0,0.0,0.01923857189360119
p_82,0.9746446601839422,0.7960725685733128,0.674880499115058,0.9106872538493193,0.7414448633961745,0.7896554011056187,0.8060539763256499,0.8391230230769864,0.7613895891797217,0.6490566030737934,0.6645502627921951,0.8483146047558179,0.8224101467496072,0.8487915854712005,0.8196513462021645,0.7403673001787278,0.7634069370528117,0.5263157842471123,0.821120324233271,0.2916666362847254,0.4954954927055434,0.7995657678996407,0.657878175713804,0.9217243557527808,0.7344521187835532,0.7369492098196915,0.7981305079706024,0.872173746339613,0.7609185043213434,0.752068711896859,0.6855378263367529,0.8349456459210675,0.7863843452522531,0.6868451608050622,0.8353669311800469,0.10909088925620194,0.510941473226761,0.0,0.0033338889759395086,0.0,0.44933920209978856,0.0,0.0,0.0,0.0,0.0,0.010783168247767858
p_83,0.9683379641652688,0.8233428871434607,0.6836420520719859,0.8792031388834278,0.29341963006019817,0.7623206191554189,0.7107276394328246,0.8162708496209643,0.8163081418895054,0.5976162090612441,0.6065789460382041,0.8301955089967497,0.7472375677706534,0.7336834435168351,0.7635912466009573,0.799062288013857,0.72073921724593,0.4575471644157174,0.7789080720682146,0.114285697959186,0.2955854098312341,0.819663406720373,0.6756649804255865,0.8694736838949279,0.22841225308618032,0.7070481851338911,0.7463881586343104,0.8351376021682942,0.7740447949340746,0.4923831648691155,0.5981072542626557,0.7822839946247443,0.8079618704570735,0.3991640501654749,0.7778215473923364,0.0,0.31410256208908616,0.0,0.00693641615824117,0.0,0.31578947036011085,0.0,0.0,0.0,0.0,0.0,0.016407557896205356
p_84,0.9693617354608408,0.8268550881874547,0.6864103392305603,0.8217413998365675,0.4712041835476002,0.7990242524042851,0.8216949875124698,0.78351969336984,0.7311665397692536,0.5642708669026684,0.609519061526242,0.7733333302087542,0.5819742472618762,0.8388635386681617,0.826762908729629,0.8003107982379932,0.7232832152650011,0.5341614859435538,0.8140304427415367,0.25210081915119165,0.18686401307248832,0.8150170003952654,0.6794405582713168,0.8474386274815388,0.6045112736502912,0.6939925167751307,0.7981952796071721,0.8029941414607322,0.7756270750479589,0.6514014995544793,0.6800382027697274,0.820787292109127,0.7604490070206616,0.6078886263891058,0.8179805884403366,0.1720429922534417,0.37667071460102847,0.0,0.0,0.0,0.2068965475274534,0.0,0.0,0.0,0.0,0.0,0.01895533970424107
p_85,0.9692673812649188,0.8233744882627291,0.7035878466124725,0.8507386390505702,0.3058542376839398,0.6928737411181076,0.7296687584902428,0.8351036919353163,0.7949773126569829,0.49257540546104944,0.560994262789686,0.7079249490116915,0.5608218525313522,0.6884149535105841,0.7079365072755028,0.6640788275184268,0.6104708573906129,0.37154988989862114,0.7737536520200534,0.0,0.46439628195420257,0.8022226926910205,0.6863649384845751,0.8430244093660804,0.46873025604087015,0.7812599730258377,0.7685157919850136,0.8373588945971124,0.7700184305037698,0.4755815230122572,0.5742535088505962,0.7704820801741235,0.7176279807328516,0.5530302977932737,0.772186939609032,0.0,0.42838597824151453,0.0,0.003006012016518006,0.0,0.3330266758691198,0.0,0.0,0.0,0.0,0.0,0.015491449265252977
p_86,0.9804400608370417,0.848179725813806,0.7589176602478366,0.8709069490102447,0.3786982216509026,0.784088106960333,0.8380769417585057,0.8777508924543433,0.8476771692020462,0.7365734332270835,0.6567760323629784,0.7684336358372513,0.6251655612578395,0.8743833533833393,0.7727457343899821,0.7970770073156913,0.6877828028364147,0.5677830895711078,0.829543245063612,0.759615348095416,0.3150046568965083,0.8406710996367549,0.7561520798969115,0.8916579611656253,0.530643905891048,0.7990877495658427,0.8474808169115691,0.8876954848700528,0.8564593291190679,0.7543949822613396,0.7137884853713828,0.8225221587202638,0.7794352669700712,0.6612184200503832,0.8563755895394244,0.5454544834710814,0.41661422015975946,0.0,0.002312138714958736,0.0,0.5123010056106946,0.0,0.0,0.0,0.0,0.0,0.011448160807291666
p_87,0.9748306855913161,0.8472042456063618,0.7223440614135005,0.8135174113513858,0.5414069408601341,0.7971241535284719,0.8390715064107162,0.8811654521950232,0.7959032566684313,0.7069600352878671,0.649542216048977,0.6794742129450242,0.7399817833789122,0.894194461749883,0.826423437602337,0.8256227735405891,0.6613055787071637,0.6351665326478193,0.8442690641054703,0.3030302571166277,0.352941172053302,0.843081269283494,0.7265028706778852,0.8382523673460114,0.47007041839726743,0.792279614867747,0.8449375828907256,0.8814432984527628,0.8268059171617482,0.7127550538407201,0.7261552453308554,0.8239588200056539,0.8281573477532159,0.6748911416916463,0.8287546656181156,0.3103447740784872,0.441828251787893,0.0,0.0,0.0,0.24395604127520834,0.0,0.0,0.0,0.0,0.0,0.012782505580357142
p_88,0.971467392327055,0.820830875288293,0.667587874590798,0.8387167530360753,0.5358490515485939,0.7750524106983615,0.8096342477722246,0.8251262279031836,0.7874635188586937,0.6130958015606028,0.678974357233399,0.8063175361333436,0.817700452311459,0.8328266460373456,0.8204969576033643,0.815660682937301,0.7315045688632394,0.4986149538447373,0.8133125317964011,0.15789471606648472,0.3593984935383572,0.8226385917064489,0.6785714827922478,0.818791945769975,0.47392497279117135,0.7868252960195949,0.8253715814944522,0.8329099802782294,0.7583848182277309,0.7267361104802638,0.6868544584815623,0.8345139700565585,0.7706900621989802,0.6228187877663168,0.8281616681198073,0.10909088925620194,0.3636363609917356,0.0,0.0,0.0,0.34455958102902096,0.0,0.0,0.0,0.0,0.0,0.016082618350074403
p_89,0.9695474147987755,0.8212746043774056,0.7030010264332265,0.8028121097614174,0.2560975578524688,0.7367473215883017,0.7334034730308806,0.7908286852623353,0.7586531660482068,0.5595223279518319,0.5594703226307157,0.5801587278565129,0.6929034944674409,0.7499628435719655,0.7528394805982114,0.765383347267577,0.5664243206661457,0.5874886619447991,0.7626830092248187,0.0,0.24396134971061173,0.816750015282638,0.6920546687647389,0.7848055899272498,0.18749999755859378,0.7902711133405178,0.7624543938300251,0.8484030056080302,0.7771227884395802,0.5615405325053319,0.6272954911784319,0.785012056404181,0.7803932407078559,0.6064189137971375,0.7708970209006053,0.0,0.35244519095746046,0.0,0.0,0.0,0.3169398849373427,0.0,0.0,0.0,0.0,0.0,0.015988013857886906
p_90,0.9696858722325741,0.8330963208068264,0.7065400283865919,0.6216240143260214,0.2088235263408305,0.7575250480295017,0.8149711927562467,0.8029380898200744,0.6553917755540857,0.519445982803938,0.5265475886309088,0.5268138780488412,0.7071390409344152,0.7767869105127683,0.7593341476917764,0.812863873543488,0.5048473949556647,0.35120147549721376,0.7785430671918459,0.0,0.2586466126519307,0.8223757613825787,0.7120264439951582,0.6604704090852899,0.3225806414449235,0.7838192477992743,0.827997449298398,0.8280525708523463,0.6974289571076739,0.5500741048591212,0.663006755356827,0.780361294240421,0.784084878556804,0.5237449082513914,0.7496196105244128,0.0,0.27254508744944805,0.0,0.0,0.0,0.27306272726860115,0.0,0.0,0.0,0.0,0.0,0.014774722144717261
p_91,0.9650934900883986,0.819467705568948,0.7191527289061865,0.8211216103228446,0.3330266758691198,0.8301690995895924,0.7632856016757719,0.7813581408559803,0.668197222402758,0.5456116097567281,0.6388692568217857,0.7680797981044893,0.8049281300394796,0.8239198316121298,0.7866553657549462,0.771715192630988,0.6780054090529362,0.49923429939330555,0.7921237687819102,0.114285697959186,0.24813559153806378,0.8154762758784726,0.7035823623511496,0.8584170346089124,0.3795782421800417,0.7532969529892457,0.7709174840866299,0.8491084310959037,0.7279352219352883,0.5805233337105267,0.706230419933466,0.809445768169364,0.7918867509150925,0.5206073715068158,0.7979216396588108,0.18749997070312957,0.3858024671512219,0.0,0.0017137960435835815,0.0,0.11293260267882327,0.0,0.0,0.0,0.0,0.0,0.028160022553943453
p_92,0.9769011456522517,0.8366547679613012,0.7211716435547619,0.9064866889372611,0.5584415544123986,0.7950992815813531,0.8110104686762674,0.8628045352740515,0.8412150079318463,0.7403657394975042,0.7074864916195356,0.812095030204927,0.7300275465334538,0.8872317080012289,0.8329223172699113,0.7962441289632421,0.713075503819243,0.5639913170933697,0.8138457337931809,0.5199999480000052,0.4230769205343935,0.8416747667367296,0.7324065990533819,0.8727158896299582,0.6589303700356692,0.8235260976244256,0.856079489134696,0.8507289974249428,0.8418794241129807,0.8171493461885772,0.7456674455604978,0.832174775812788,0.8065753402559579,0.6928571366709184,0.8284807248721263,0.23529408996540116,0.4666341915897019,0.0,0.004147656556832614,0.0,0.48041774829741846,0.0,0.0,0.0,0.0,0.0,0.010421898251488095
p_93,0.9695155988066171,0.8404902851671459,0.6708171049373505,0.8813721870596193,0.41170534397875536,0.8158665762858162,0.8139318198022679,0.8322044160844736,0.8409147391984654,0.7459198447649253,0.6718893993735268,0.7496307210131804,0.8164383545666569,0.8839362185177336,0.8366604159736843,0.8469128817397438,0.6963222392423039,0.6018237021091823,0.8211404217014411,0.2769230343195332,0.5008441164837135,0.8368399781147828,0.6694363558150132,0.8410105625389249,0.5488565431511794,0.8109125115348036,0.8094188119767451,0.8626348916014867,0.8160334236636201,0.749202551087318,0.6976551137214047,0.8436597101726488,0.8430887583317154,0.6558496955093963,0.838622429824538,0.34782601134217145,0.48771929539345443,0.0,0.0037950663776559167,0.0,0.2788761677536299,0.0,0.0,0.0,0.0,0.0,0.016559273856026787
p_94,0.9693528479406557,0.818255509450265,0.6771207025863157,0.9046313576456394,0.3734015297518986,0.7215374870362113,0.7008890203375115,0.8158434966695789,0.7953890478998367,0.6374986422348294,0.6868741524035882,0.7904230869451522,0.6933040599488386,0.758310447532844,0.8095288956206294,0.7913327373365012,0.7245349835051594,0.60819827828219,0.8326138139397431,0.4210525761772926,0.43781094285344974,0.8111736332885536,0.6727803251252753,0.8981490775853838,0.5607171918441957,0.7641619620488217,0.7090904039069644,0.8472185943802438,0.7552131747174748,0.5874272402940311,0.6992366394421459,0.8279013089370482,0.7669601223020194,0.643253228805423,0.8407491816066305,0.357723548152557,0.4418125620915934,0.0,0.0042949176500005895,0.0,0.2585969703081572,0.0,0.0,0.0,0.0,0.0,0.019205147879464285
p_95,0.9711245192336431,0.8259432013602447,0.6927093607865588,0.7270584532314123,0.42829827506407003,0.805926821649251,0.8394564599157152,0.809671295429278,0.7694854452069452,0.5732591869278781,0.6211731698500277,0.7665970740434359,0.8029705249408899,0.8439550979371023,0.789272029948078,0.7319414429279063,0.6702800331062329,0.5383903742979614,0.8152589495870186,0.24324321037253913,0.1717305129229787,0.8151606816774991,0.691790654897528,0.7460031754939088,0.48089468330946245,0.7751479287692458,0.8080523674869544,0.82131871773317,0.7385750023198011,0.5804423480628244,0.6927680780728975,0.8349758100385453,0.8013323797255951,0.6321839019905756,0.8352368297164792,0.4507041618726532,0.19521912156156254,0.0,0.002262443413320776,0.0,0.17621145115695375,0.0,0.0,0.0,0.0,0.0,0.01838131859188988
p_96,0.9716244442112836,0.8223654318571041,0.7284208270373276,0.8322681127706815,0.5449871418595789,0.7524706749901933,0.7466135056821027,0.8078992787044882,0.7871609608111324,0.4673083300505495,0.5220282615917949,0.7893372795655783,0.7906341447987627,0.8044024857592228,0.8157715832632805,0.7787926024085707,0.6863398349055695,0.5454545401793565,0.8282325613102492,0.07017542628501293,0.27863776802231405,0.8089099975263847,0.7159781472751314,0.8264700363516403,0.28744326342748466,0.7098468058796977,0.7879241899866869,0.839852856929769,0.7732019232978976,0.4879938027132967,0.5848116392569033,0.8320027463026846,0.7690987107959255,0.6074918517305224,0.8288632393682113,0.0,0.2979094050704756,0.0,0.0043010752225690835,0.0,0.16528925392163563,0.0,0.0,0.0,0.0,0.0,0.021192423502604165
p_97,0.9744495953469366,0.8472884240314147,0.7354796159198816,0.8718018381235331,0.39716311704642626,0.7487368783599637,0.790212538362558,0.7940321639246114,0.833396776001273,0.5700033249417988,0.3875383516933247,0.8433601307364564,0.8391025627578484,0.7363894897693065,0.8260524217374381,0.821676452691734,0.7051696255849368,0.5682859709597986,0.8271230850650044,0.3098591112874491,0.2487046610647266,0.8453599789074906,0.7331035855156783,0.8492024534667469,0.607080669720948,0.8227086027055902,0.8360213580256552,0.8605839018976376,0.8370736644642149,0.6594827580027336,0.7074891857330089,0.7912996577464501,0.786127165736688,0.6050054341131074,0.8371891509945506,0.2898550304557927,0.34231609364664173,0.0,0.00854700842525629,0.0,0.3062499968098959,0.0,0.0,0.0,0.0,0.0,0.014950706845238096
p_98,0.9769366940515887,0.8370459411599687,0.7374123286690929,0.8288567488355965,0.46848988741391334,0.8078037471211115,0.8578573274193683,0.8708764221671521,0.8475617235627543,0.6997593254113926,0.6578219992873908,0.8240601472779693,0.7463011297948192,0.8841517617458748,0.8291429200702393,0.7865982469465793,0.6710027063902293,0.6801051649421107,0.8460886747189225,0.43589738001315637,0.3678571395727041,0.8307714136149256,0.7271162986146974,0.8190369220700289,0.45707656082277776,0.8151741151754685,0.8780820642695729,0.864596888600981,0.8240244824993312,0.6978731855517063,0.7130079204880962,0.8349137922037567,0.8303138534567138,0.6355685069429688,0.8459169380812721,0.34920629377677875,0.41645675552933037,0.0,0.0019138755797715257,0.0,0.2222222201473182,0.0,0.0,0.0,0.0,0.0,0.01252078101748512
p_99,0.9768583550213185,0.8519916128873785,0.7247332127952443,0.6353654704220795,0.41802252292837894,0.8133326752162902,0.8424797006107314,0.8513004142238502,0.7966029715535,0.7476434589485336,0.6979564322974255,0.6492917810238427,0.7534214781873777,0.8933293220239514,0.8285131620054569,0.828694815670118,0.6524486546111822,0.6557600500629853,0.8489172813001599,0.4166666232638934,0.15831986820161764,0.8454759228898995,0.7264280444479756,0.7245275465208204,0.44004170552615535,0.841846027335921,0.8702029485144489,0.8721758903855568,0.8249824271262352,0.7535781461081392,0.7193235703870415,0.828105616845556,0.8335246823570043,0.6529562940041369,0.8521150026006982,0.1842105020775655,0.2705313983523536,0.0,0.0,0.0,0.2620320832260955,0.0,0.0,0.0,0.0,0.0,0.010246058872767857
p_100,0.9788327791529133,0.8476635590109761,0.7443133585666932,0.7911248069083977,0.5506692107966614,0.8034051776548256,0.8377595363926124,0.8507716606812664,0.7902453174767814,0.649663243182441,0.6649440118721102,0.7924366102602638,0.782250684395584,0.8661190140520698,0.8202346681201742,0.7876173540024933,0.7180771120777311,0.4999999943946189,0.8199256796023645,0.2711863947141704,0.48708486725398625,0.8400956739091957,0.7227002338412075,0.8355210587629717,0.5919999947377779,0.7817304597035283,0.8568234520347746,0.8786642869751056,0.8201661726233401,0.733649288326857,0.7374719502930143,0.8242410655043788,0.8313609446958556,0.6678932781242569,0.8481779358075882,0.0,0.5172219056057487,0.0,0.0032653060957934196,0.0,0.19607842862635255,0.0,0.0,0.0,0.0,0.0,0.011279151553199404
p_101,0.9735215316552374,0.8295162969218819,0.6739635167702164,0.9006766693437255,0.4935262719457253,0.759334874610288,0.8208870195015281,0.8583391480946907,0.8534914349756372,0.6449050507075772,0.7079136670275865,0.8108726729302641,0.7364159370628257,0.8928376904798411,0.7855358620369504,0.7688252983101457,0.7265339263448438,0.4841075735439172,0.8182402047726945,0.0,0.5022869001983912,0.828239567080987,0.6840031191355783,0.912927505370942,0.46389124499667594,0.7843587067819711,0.8566287409809159,0.8600024860997125,0.84732824326416,0.7185628734240409,0.7462311539039418,0.8351211751736977,0.8157894714003654,0.7286821642663035,0.8364171952164069,0.33333328282829044,0.5695509289173022,0.0,0.004750593786614459,0.0,0.3413025528334497,0.0,0.0,0.0,0.0,0.0,0.01220456077938988
p_102,0.9656728968515095,0.8110603210209751,0.6369030453150313,0.9131658239128505,0.6939866338797922,0.7913935204440895,0.8203068591528941,0.8141344554062161,0.8130511451895193,0.7039904696795826,0.6323057937551029,0.8632454899771276,0.737252986735172,0.8602705527678928,0.8237731724931591,0.7731179974651784,0.7381974217244746,0.56709450913542,0.8283958535922261,0.4857142163265405,0.4017743954260178,0.7931960949378449,0.6296097440932038,0.9083808948908437,0.46370023057220744,0.7535432271832497,0.8351903500605107,0.8276670569052579,0.8001148753588242,0.6028809295587672,0.6899541032892552,0.8284171158824085,0.7921321010390188,0.5954198422780336,0.8392430637155585,0.7226890149000827,0.4156597369953613,0.0,0.004264392278631212,0.0,0.36768801716311955,0.0,0.0,0.0,0.0,0.0,0.020354062034970238
p_103,0.9734412447059425,0.8514055469192198,0.6966720511249969,0.8274587128250809,0.3337423271933457,0.7681300811223856,0.7925604794237984,0.8757246171944324,0.8337267232707491,0.5465230159812402,0.321717054415608,0.7597470982099731,0.7181110011730502,0.8794881930633849,0.787037036308299,0.7627291222944778,0.694386690777616,0.6827956928064902,0.8475767657717567,0.0,0.15912208286526636,0.8474895599318713,0.7061956098090337,0.869183493784499,0.4739756315174349,0.6935103766329193,0.7972884119195934,0.8635772544842315,0.8603947198687557,0.7225882577219115,0.6893093214285176,0.8330985246237452,0.812239900092436,0.6610878605766707,0.8402061847649808,0.345678969669263,0.3449392684620302,0.0,0.00949367073585964,0.0,0.319430312111594,0.0,0.0,0.0,0.0,0.0,0.014962041945684524
p_104,0.978379201790275,0.8465050512071798,0.7409196260079681,0.8170307676854748,0.3348017571982121,0.7973585804234337,0.8329294358422921,0.8750754370976286,0.8457876207350573,0.6782124010369142,0.700600238413925,0.6985596671884791,0.755502956791709,0.8841127984202144,0.8337836477196201,0.840903447900463,0.6316232101277408,0.6183656224232046,0.8472464025957607,0.039999992000001594,0.24688561441805648,0.8442712542328241,0.7246103951389437,0.7914857379382838,0.3970802861740104,0.7995027242237996,0.8391435068870701,0.8987263120540923,0.8361188997912296,0.7393915900606554,0.7068654003909995,0.8268017579556474,0.826575474287798,0.674402725771995,0.8522291795006738,0.0465116170903216,0.27090908844628103,0.0,0.0029585798378908307,0.0,0.21839080145990228,0.0,0.0,0.0,0.0,0.0,0.010789126441592262
p_105,0.9733161968395841,0.8486805306653488,0.7097421231239317,0.7754426365514304,0.5592920304487431,0.814564029218768,0.8111986155947482,0.8455528530834828,0.8181938024809574,0.7815767158504505,0.7226438170804312,0.7387777136896825,0.7781431804246314,0.8254716979731451,0.8209679075214448,0.8366219393932598,0.6946284006820147,0.6045694147225886,0.8417899261919211,0.42499994687500664,0.3868225251134695,0.8384413656177032,0.7146749595242796,0.8043058642878205,0.6492374680520155,0.8184764989527447,0.8352952684752147,0.8953031591828619,0.8256087000054274,0.7352018808945493,0.690273222534922,0.8329872433175247,0.8169951348426027,0.6160919493019774,0.8427530049770396,0.2903225338189461,0.4161943286138111,0.0,0.0,0.0,0.3751363099767033,0.0,0.0,0.0,0.0,0.0,0.016119094122023808
p_106,0.9698581663894124,0.796659277467107,0.6699711939539901,0.8821519123646229,0.3593556337130653,0.7676763350599001,0.8158834136326573,0.787205638496713,0.8048350531291425,0.5570799889243075,0.6308978144219525,0.8221419956145801,0.7324408568999802,0.8279658590212343,0.7985507238110241,0.7801544837190895,0.7373798054766232,0.5131414203611837,0.8026875312105056,0.35294110726644956,0.33910034367404607,0.7916103204135958,0.6609113962269112,0.885162713408655,0.3978638131126327,0.7237512294843695,0.7913070578735552,0.7902655330252518,0.7537439760987837,0.538765431433623,0.6150420568653091,0.8178224160510499,0.725647897749038,0.5390199588110711,0.8147552690114727,0.0,0.41599999778133334,0.0,0.021403091303173707,0.0,0.38187701647448197,0.0,0.0,0.0,0.0,0.0,0.016451881045386904
p_107,0.9755945368474648,0.8464197017296307,0.7374841231436569,0.8929505710818703,0.37722419481347336,0.804506523882133,0.8377617762398825,0.8671693087553114,0.8461719107020058,0.7480474392555709,0.7204193691452337,0.7664954533129377,0.7450980374340076,0.8917522929081572,0.8237468730849767,0.8240215093396429,0.6693711933601867,0.558904104484894,0.8363600659307352,0.5882352446861139,0.45760743055977104,0.8322174620432364,0.7270544143568992,0.8870032523042459,0.49683829722819967,0.7838726420995925,0.8509232547990028,0.8317877933837676,0.8638531224799081,0.730564429537647,0.7341417893326918,0.8202685136203243,0.8269230745136273,0.664926016841375,0.8409752173763668,0.49462360272864486,0.4529485542474997,0.0,0.004987531109881159,0.0,0.39999999506172845,0.0,0.0,0.0,0.0,0.0,0.014215523856026785
p_108,0.970935282832595,0.8358125498944452,0.6977789195250732,0.8480548652902596,0.4486607092783403,0.803225058395398,0.834862983284563,0.8690734177974135,0.8292438647605861,0.7012340757352368,0.6728830628203551,0.7575890859762908,0.8007469639575221,0.8877515981478193,0.8087899535685027,0.8090815252603676,0.7430671542162808,0.6909372525876278,0.8254945867623231,0.7628865586140949,0.2919310943614588,0.8214203943044915,0.6780563855952058,0.8528624245487298,0.5056994766248759,0.8382418066767487,0.8648128670917572,0.887636796571873,0.8602751976056884,0.7276906158412205,0.643596985302267,0.8250849317555,0.8226600964959111,0.7103235692579078,0.8501616268775798,0.21874996582031783,0.3788819846360094,0.0,0.00865800853307347,0.0,0.47922437009384533,0.0,0.0,0.0,0.0,0.0,0.013966151646205358
p_109,0.9743515501913808,0.8461621354431352,0.715389194328873,0.7945809290240611,0.4882629050673368,0.8141438264019619,0.8402651969691601,0.8789272450385509,0.8265592568942277,0.6658238509631017,0.5855161772328809,0.8576891536255418,0.8551838268646603,0.8669003323686707,0.8534365916230043,0.8337292141716647,0.7132924306204808,0.6162361566767882,0.837635303138463,0.7663550685649468,0.36215665959148874,0.8470546875871298,0.7222237790391359,0.8488402056386339,0.49242423776113414,0.8256924120405271,0.8608551946139877,0.8506112464238318,0.8355513298056663,0.7399741260424181,0.6711816892312432,0.8467018217719476,0.8374274210865846,0.6897590309506098,0.8428775599400881,0.3846153353057262,0.5034482723900119,0.0,0.00486618000919562,0.0,0.27827827549270995,0.0,0.0,0.0,0.0,0.0,0.015006801060267857
p_110,0.9794040487126142,0.8348976278023446,0.7542194962846851,0.8561184146105919,0.4038461473742605,0.7918987339544588,0.8478489414189326,0.8693868961671117,0.8474613922370166,0.6403499172877529,0.6360742688698295,0.6345083448700782,0.6017993981946038,0.8839951314308544,0.8275862060019606,0.8089053781900202,0.6255060697089774,0.5960841146041761,0.8453551402689009,0.5901638376780594,0.39964157347991425,0.8322983237223481,0.7536358536209169,0.8582196078009366,0.4649933888376039,0.8086050119736623,0.8570314049020146,0.8725452440329252,0.8644954609028346,0.7090350590943385,0.7431086385380852,0.8154773861150981,0.8179693564841096,0.6382085329726485,0.8415545582571426,0.46153841081995484,0.43389334964285353,0.0,0.004366812195292487,0.0,0.2749731442000736,0.0,0.0,0.0,0.0,0.0,0.011690266927083333
p_111,0.9731497851952687,0.8032472831785019,0.7032275290576971,0.857912832981176,0.2951807184460735,0.7908589102181651,0.7732358856142011,0.8428212636862593,0.8042713557735285,0.5457227132451524,0.6746150008082091,0.734798532106965,0.8346570382045903,0.818403762463935,0.8304491717915374,0.7756410233809993,0.6693851923795947,0.4742647015233024,0.8137892052238964,0.3043477599244,0.3989169639086917,0.7786728668380821,0.6691958571486774,0.8675799083020678,0.25830257826010006,0.7662898838843067,0.7736827537420657,0.846402586415058,0.760380421293922,0.6017661894430549,0.734473445692004,0.8268878379526591,0.7828106829767402,0.6696900931996214,0.847983453184184,0.0540540394448542,0.36771929566512773,0.0,0.0030165912063862565,0.0,0.008230452505546245,0.0,0.0,0.0,0.0,0.0,0.016870407831101192
p_112,0.9788609614768818,0.853971243274919,0.7494002067846562,0.8708880011072029,0.4195250604284293,0.8203725561223123,0.8367909043571179,0.8853450068348212,0.8341346143820497,0.6546294345426943,0.6391104649767695,0.8079942869093708,0.8348214272403995,0.8871670700587988,0.8131912726400901,0.7856365593426644,0.7253453237219873,0.6027397211705099,0.843905417639032,0.15384613017751841,0.4291845456722357,0.8519527423023234,0.7497504375337648,0.8614691089051211,0.4444444396500061,0.8413101106464154,0.8529456182398407,0.8603830101313882,0.8151748656607293,0.6758990867676875,0.7011786440924922,0.8373716214603932,0.8318263992977876,0.6480446875654854,0.8648550716803849,0.32258059313216236,0.4699453519812476,0.0,0.002534854213753432,0.0,0.25287355958515,0.0,0.0,0.0,0.0,0.0,0.00963686988467262
p_113,0.9759433550674582,0.8387378329927372,0.7401886518850413,0.8860155464919512,0.558096975680723,0.8207838206064945,0.8656753488110281,0.8485137493517121,0.8055786835911962,0.6528233145238403,0.6511292632120873,0.8103186615693525,0.7918233064101896,0.8871881111838575,0.8185564822798727,0.7953626292926324,0.7232341149567564,0.6255924111318255,0.8308485175493756,0.11320752580990079,0.4241877218033599,0.8379280042551247,0.7483685349652685,0.881900135478574,0.46936851584007055,0.8062448827514059,0.8604262378215655,0.824605431473646,0.8144796371315669,0.6557854846441412,0.7435028231785248,0.8026953034294638,0.8476523455353338,0.6289198551487818,0.8225776097623917,0.1851851508916387,0.3359746407608983,0.0,0.00697674410492158,0.0,0.3337969355521984,0.0,0.0,0.0,0.0,0.0,0.014550926571800595
p_114,0.9773442833373375,0.8415709503252554,0.7424917728106741,0.8773144365746941,0.33974358429898105,0.7947704322740592,0.8149477874609753,0.8595578668521351,0.8437839001477719,0.743697855258188,0.703661585845664,0.769890792629131,0.7645488500679422,0.8945422687876404,0.8420521098343243,0.8067523285292206,0.7565745085752713,0.6474820097303453,0.8435906765808534,0.6280991216447007,0.4663518272352313,0.830054892533406,0.7208803718146407,0.8948950975050187,0.4823151086630618,0.8066695339911774,0.8314606740982873,0.883518607489416,0.8397136623719124,0.660157360261487,0.7425699284471812,0.8543389360705689,0.8290827721944457,0.7179161326688938,0.8558624466289899,0.20202018161412305,0.44837421307259434,0.0,0.004115226309223414,0.0,0.4347826034446546,0.0,0.0,0.0,0.0,0.0,0.010610816592261905
