ViTVNet_ncc_1_diffusion_1,,,,,,,,,,,,,,,,,,,,,,,,,,,,,,,,,,,,,,,,,,,,,,,
,Unknown,Left-Cerebral-White-Matter,Left-Cerebral-Cortex,Left-Lateral-Ventricle,Left-Inf-Lat-Vent,Left-Cerebellum-White-Matter,Left-Cerebellum-Cortex,Left-Thalamus-Proper*,Left-Caudate,Left-Putamen,Left-Pallidum,3rd-Ventricle,4th-Ventricle,Brain-Stem,Left-Hippocampus,Left-Amygdala,CSF,Left-Accumbens-area,Left-VentralDC,Left-vessel,Left-choroid-plexus,Right-Cerebral-White-Matter,Right-Cerebral-Cortex,Right-Lateral-Ventricle,Right-Inf-Lat-Vent,Right-Cerebellum-White-Matter,Right-Cerebellum-Cortex,Right-Thalamus-Proper*,Right-Caudate,Right-Putamen,Right-Pallidum,Right-Hippocampus,Right-Amygdala,Right-Accumbens-area,Right-VentralDC,Right-vessel,Right-choroid-plexus,5th-Ventricle,WM-hypointensities,non-WM-hypointensities,Optic-Chiasm,CC_Posterior,CC_Mid_Posterior,CC_Central,CC_Mid_Anterior,CC_Anterior,non_jec
p_0,0.9754463701946943,0.8260663424311282,0.71967731189283,0.8695049586948309,0.32892249216519387,0.7465484365747287,0.7736923727073388,0.8111211520859491,0.7854504109328639,0.6359933950071619,0.7255765723618124,0.825957097947442,0.7132370335940398,0.8402716365207362,0.7403367769418898,0.6660486658955999,0.7116382479183163,0.6412078095807477,0.8142265186341276,0.23880593450657692,0.32812499743652346,0.8058191077575724,0.6741505696876472,0.817050274099819,0.4095744644541271,0.6811533831618176,0.7948860477461978,0.8847807869953752,0.7753534099948473,0.5975897913544544,0.7040391659631844,0.772968594643239,0.7074157287473805,0.5742434864585257,0.8324182999281758,0.5161289490114598,0.30188678986374967,0.0,0.0016570008147721556,0.0,0.344923500070605,0.0,0.0,0.0,0.0,0.0,0.015232631138392858
p_1,0.9736806964617133,0.8209144435478811,0.718397792566608,0.8184937477066044,0.1500815636202029,0.7906811897099257,0.7740347958241472,0.8331681873099515,0.7794210582993034,0.6624309386165461,0.6781062628114405,0.5737991241318815,0.8325305653343266,0.8267252232998487,0.7770132757272863,0.6987128954591203,0.546128880175573,0.587096769458897,0.7819853244648854,0.0,0.23935557837335353,0.8151938104006317,0.7064920057569747,0.757408171062808,0.15613382609416682,0.7893897940313096,0.8284498118671767,0.831407615376566,0.7056377635983395,0.5920537207684633,0.587106675773011,0.7403174596459706,0.6692749069658974,0.47898088866891153,0.7057335575836985,0.0,0.19473081105692083,0.0,0.0,0.0,0.28037382522491067,0.0,0.0,0.0,0.0,0.0,0.01578950427827381
p_2,0.9768430430387375,0.8417673709740593,0.7404335215853611,0.8675586577140011,0.4325323435070948,0.7988436383847866,0.8319121108532624,0.8307467586691335,0.823045266463343,0.684054668924767,0.705949983598879,0.7719587597032628,0.811569970219746,0.8850447252005166,0.8014169610320724,0.7640984888427362,0.7283582058492186,0.6544821527025052,0.835438335033954,0.5333332622222317,0.4136078745424541,0.8201988950843296,0.7071016677535156,0.8349313288190391,0.5345247722621871,0.7922822872726454,0.8613904907551198,0.8708064802320024,0.7950342021851606,0.6469760892557711,0.7020632717962496,0.8026769833706191,0.8105185529355651,0.5746527727894725,0.8381907637791534,0.0,0.34828495735897136,0.0,0.0,0.0,0.23646408578492722,0.0,0.0,0.0,0.0,0.0,0.01398954845610119
p_3,0.9707276346630003,0.8279384355867662,0.7003410784097879,0.8328209709726561,0.41356673508132674,0.7382730863998276,0.6636926413007226,0.8084224669270188,0.7557741010940634,0.5696818976586033,0.6669687343294773,0.7504198832703396,0.6788707528035494,0.8284844873165004,0.7377579919690834,0.616080935526941,0.6963657651568356,0.6364347096447638,0.8035102375231841,0.22641505161980158,0.3870967716451825,0.8003138023586049,0.6617371845430052,0.8733504851550542,0.27554534700866423,0.7538272119418711,0.7778019442558708,0.8464552898429787,0.7661731348990621,0.5970642552765002,0.7250718081143377,0.7533895192805153,0.6863817080358308,0.48320413124545136,0.8239089821498481,0.0,0.46161879654507154,0.0,0.003933136637825598,0.0,0.05673758731116815,0.0,0.0,0.0,0.0,0.0,0.01910008021763393
p_4,0.9752950674459585,0.8372001975335662,0.7240003819230918,0.8920779840873468,0.3551401835968207,0.7647508638654297,0.8277543126336948,0.7657122900571972,0.8372333807856354,0.6983884803104906,0.7022900748041656,0.7620041727139729,0.7744471731786288,0.8780374746611689,0.7879981455190013,0.7113043457643352,0.7518409397944,0.6188881405298852,0.7810061111603139,0.19230765532545088,0.37692823355514266,0.8202837452861925,0.699142356463218,0.8676993997262129,0.5494327346075143,0.7590688590294813,0.8299970885675335,0.8543259106822167,0.8275356236090364,0.7342779495979446,0.7918313553099883,0.8214433836359982,0.7810115829866866,0.5729099120355806,0.8125714277975511,0.14705880190311735,0.4791666642898479,0.0,0.0017873100823296685,0.0,0.3343195216816639,0.0,0.0,0.0,0.0,0.0,0.012700980050223215
p_5,0.9746366239299188,0.8320936899759268,0.7217756024433486,0.9078410995902695,0.28151260208495166,0.7488567191002439,0.7824541062197137,0.8538506755709285,0.8490290707722201,0.7874748942966269,0.716641677369711,0.8359868566186837,0.6913099855354302,0.8598569967599883,0.7919959972066073,0.760580782327523,0.6645138117527312,0.6507806027051717,0.8308266973057833,0.29999995000000834,0.2673267307826964,0.8160632746116102,0.6930190605418824,0.9075996556043591,0.4690026890969988,0.7446713176903695,0.8125316202789847,0.8804089390867755,0.8521888035404166,0.7910350592476192,0.7408383845482773,0.8410878415227065,0.8067096753375234,0.6481345965754601,0.8363866068262933,0.32258059313216236,0.3801065696855739,0.0,0.005312084958087085,0.0,0.35603714619137544,0.0,0.0,0.0,0.0,0.0,0.014181663876488095
p_6,0.9704716184220412,0.8168128453317886,0.6694323265588427,0.9130975911088909,0.371120105458029,0.7214717786143011,0.8067166329773194,0.7639126077593118,0.7626927406760778,0.5659218462713949,0.41949521201190826,0.809623428845127,0.7839349249552027,0.830251813772044,0.7976077455879934,0.6281075580210361,0.5940130935733718,0.6375838854856389,0.7942173828357868,0.34285709387755803,0.38656613854306965,0.7889691027083418,0.616851883076016,0.8770730786979738,0.28545618531656564,0.7262602721142498,0.8250692066281479,0.8337979304752537,0.7827547583619767,0.6289661624763304,0.6974244105320843,0.7623762369248476,0.6157079048707436,0.5311004742336486,0.7836236926971919,0.0338982993392713,0.4279518051664973,0.0,0.003625377621598927,0.0,0.10928961450028377,0.0,0.0,0.0,0.0,0.0,0.01704464867001488
p_7,0.9776271852650309,0.8315810497172007,0.739854800181537,0.8405077517258384,0.3448806747892173,0.8040525702443296,0.8386145024104952,0.8137084631158339,0.8373720346800932,0.7259773125283798,0.6867557698985279,0.7863733116168441,0.8121546947303959,0.8720276781649046,0.7678142506326919,0.6731506022011476,0.7162489865955982,0.5608465566073578,0.7583419487185432,0.11764704498270058,0.4917833201960845,0.8171503988386908,0.7098050044879876,0.881056265553342,0.32579185151819173,0.7917212141413499,0.8488745077349865,0.8675809606617604,0.8166939433987679,0.7089516960875776,0.7240821964348138,0.8046330455057062,0.7238144848259133,0.5747282569651613,0.8146462548462492,0.20779218080621029,0.4537815098812635,0.0,0.0020746887751588302,0.0,0.3523654102387372,0.0,0.0,0.0,0.0,0.0,0.01098385765438988
p_8,0.9755564083022445,0.8400352816354314,0.7308142940730895,0.8305101531300099,0.48990953034161777,0.7948772337076742,0.8387231760511356,0.8004560998857149,0.827777108162502,0.7540257641364475,0.7613028664042225,0.7733428340222992,0.7588126145476575,0.873009793570606,0.7824401359379246,0.6952491289245389,0.7270773612927028,0.697492157543165,0.8088920752878342,0.38356159129293266,0.43945468773492635,0.8146773174385438,0.7022628978553711,0.7672413786743689,0.5737051747115126,0.8061424775412358,0.8576072821288943,0.8742666003869789,0.8211159011876181,0.6971054061200378,0.7101414511864267,0.8387682979921572,0.8197251392623952,0.6313497777115401,0.849049570584188,0.04347825141777143,0.3076923051472928,0.0,0.0,0.0,0.37997432118133095,0.0,0.0,0.0,0.0,0.0,0.01399565197172619
p_9,0.9728756875164364,0.8448746502948609,0.7007457028631378,0.8974897708455463,0.3018867886555121,0.7889123263350329,0.8244618259275656,0.8074597410683854,0.8252862110188076,0.7423335819536896,0.735771476442823,0.6743801625025613,0.7860884123484425,0.8864502585320744,0.7807917879022583,0.7960961979919965,0.5114638425420465,0.651975678936355,0.8081129069930714,0.38596487842413346,0.28419452671584705,0.827130641877656,0.6773634746205071,0.8640789557978145,0.35128204677843533,0.7777643209465409,0.8176977724017376,0.844380582967214,0.7967972815761285,0.6664668258728349,0.7274316923990565,0.7197048302551542,0.7320224698538694,0.4376811562486873,0.7873783536937203,0.05263156509695655,0.23986094878411965,0.0,0.0,0.0,0.2965116235972148,0.0,0.0,0.0,0.0,0.0,0.015819149925595237
p_10,0.9736113577979796,0.8404971151086403,0.6942114670600421,0.8100838559094542,0.1835032420435288,0.8051027257136826,0.8411604423246571,0.7924418600043943,0.8127247568288731,0.6948366269717259,0.7235103447431803,0.7495508417191848,0.8342262347555086,0.8848357813883203,0.7217553679718075,0.6479481621476453,0.7162629726805234,0.604949581989463,0.7811857276391079,0.0,0.4642857110969388,0.8293378978466653,0.6697128171849959,0.8300162342432709,0.4039024350838787,0.8275231329816216,0.8704769846876277,0.8904016332134405,0.8202689840778848,0.7335720500013819,0.7271221517036809,0.7954776932211473,0.715362618364017,0.6296958798774966,0.8081640288286078,0.540540491843199,0.4052019137220951,0.0,0.0,0.0,0.24920127397442055,0.0,0.0,0.0,0.0,0.0,0.017303612118675597
p_11,0.9707454559209605,0.8401365552189209,0.7324411197981048,0.8896242940465823,0.5245066803023126,0.7672353705363085,0.7999061025615558,0.8441655270012641,0.8273959447914166,0.6697344447610637,0.7407049716545028,0.7876614032006405,0.6907942659927271,0.8368433599227443,0.8130210392883872,0.7361928771062717,0.6979320505984783,0.6033834529757195,0.8075697203111856,0.0,0.45316331312818386,0.805365618395391,0.6685688034032812,0.8856319676545058,0.6818469280085584,0.7318549711351402,0.8190874280469339,0.8492279740176282,0.828448973904264,0.6256232821556699,0.736070379432868,0.841010967247486,0.8318706678247791,0.6230215782516433,0.8270780105845176,0.22727267561984643,0.45332094540956364,0.0,0.006514657938015258,0.0,0.31877213319041164,0.0,0.0,0.0,0.0,0.0,0.01538667224702381
p_12,0.9724266751396364,0.8295178645187351,0.6937946284372752,0.8734915150297087,0.34374999664306644,0.7952416761707249,0.8158513053557979,0.849911036647012,0.8151704262900019,0.6152716585716206,0.7349209865681705,0.7649208251525748,0.7658556027805035,0.8879235981380278,0.806074532115022,0.7797381878778081,0.7232027519448869,0.5144747682839143,0.7968877220692231,0.030769226035503687,0.48902821010013664,0.8080992596134667,0.6435475558533357,0.843942920329955,0.36835278380865394,0.8074554444323375,0.8483243352790517,0.8514626214239097,0.814069239227885,0.7166301961524834,0.7224301106704158,0.8121757846606873,0.7890859460052225,0.6185873559956331,0.8301130141905642,0.0,0.39972527197990887,0.0,0.004126547441105408,0.0,0.369357040090875,0.0,0.0,0.0,0.0,0.0,0.013616943359375
p_13,0.97901660485122,0.8473908762582424,0.7258838695410388,0.8473171514733776,0.3101265790071036,0.7791378921544868,0.8243444318531455,0.8339847986786185,0.8570095627979828,0.7239902073398713,0.69911715414193,0.6980470671104303,0.6431446823510664,0.8626006224579363,0.7586505182108018,0.6962709914709052,0.7038445259660138,0.6180492195255313,0.8134898445933577,0.5617976896856528,0.31746031386099416,0.8382268925821975,0.7067954558468328,0.785655171871962,0.660601814831338,0.7517208095421196,0.8327134403470898,0.8918686047970551,0.8495100316734601,0.6351487920997768,0.6705305379613675,0.8294820708869701,0.7933673449148791,0.49999999574829934,0.8190315939250032,0.11111109053498323,0.3802938601530349,0.0,0.0020725388386265407,0.0,0.3191196654866621,0.0,0.0,0.0,0.0,0.0,0.009624372209821428
p_14,0.9774579385934248,0.8394866725744599,0.7331304469623542,0.8119026633146461,0.4665523116076131,0.7732565744411208,0.8137288550616739,0.8319768085450012,0.7957126441294977,0.725155590518816,0.7155963285918694,0.7265952458006741,0.5710704422886176,0.8666448285663423,0.8132002436206964,0.8025579514986465,0.7081790619044798,0.6227347559906528,0.8106046842104552,0.5526315062326965,0.40987124023743304,0.8225594006472944,0.7082364704677718,0.7778726303757276,0.5096774138744364,0.7673841719966433,0.8271939043071996,0.8572539430919496,0.7957992988515503,0.6907580470500955,0.7125448011647676,0.8131934024855638,0.8198821398414498,0.5670962807650016,0.8231166905251878,0.19512190362880397,0.30408162955018747,0.0,0.00156128023761686,0.0,0.36507936025027304,0.0,0.0,0.0,0.0,0.0,0.015327526274181548
p_15,0.9665589984933005,0.8279198717914764,0.6499850657011651,0.9171734336465535,0.5298013213136585,0.8047196433728724,0.8213167519516228,0.8306780771358275,0.8491692194722226,0.7359999992252632,0.7247827212936984,0.8246194554938905,0.8555691543995482,0.8711880173279024,0.7703021444790497,0.749251942701221,0.6528247192041298,0.61538460831935,0.8100432179357449,0.5486725178165913,0.44030667885921865,0.7986369482994939,0.6192434198133119,0.9143192997269538,0.5401002472424796,0.7828493359082043,0.8079989523091737,0.8383022065614246,0.8136190184713545,0.7321739122476371,0.756886225732009,0.7947740873219662,0.8083681985819575,0.5433884241385494,0.8222155740131464,0.22222218106996647,0.4205870509827621,0.0,0.007299270019713358,0.0,0.37985610964235816,0.0,0.0,0.0,0.0,0.0,0.01909266880580357
p_16,0.9717713115544553,0.8061684889288258,0.6854084860325375,0.8770131768538614,0.488328072628845,0.795633963499014,0.8149840342979924,0.7779834624349109,0.7640973324142543,0.5456162636015042,0.6522539083434823,0.8022013570663601,0.7775441531170224,0.8279401323905673,0.8034997418389092,0.7592216068567481,0.7181054212448227,0.5639024335229031,0.7833138113493884,0.2711863947141704,0.23866597061664424,0.7898881600453123,0.6551131685917592,0.8670148994403943,0.3757009310682156,0.778356481293799,0.8218765422076595,0.8103852155059961,0.6880868534505769,0.6403022661960929,0.7274606026157049,0.8175961336645902,0.803255681158418,0.6598512949827947,0.7867813483143673,0.09677417793964871,0.47224749557667195,0.0,0.0032520324674466267,0.0,0.38980509160712007,0.0,0.0,0.0,0.0,0.0,0.016595458984375
p_17,0.9727295591884947,0.8314802753103371,0.6997527140684348,0.7747213524544438,0.4793963988427371,0.7883126441783279,0.8370693068864914,0.7523906187550667,0.7267759554207937,0.6624005245201406,0.5648006124141093,0.7962316790082634,0.8083842204845945,0.8651178967166971,0.7744529635548411,0.650222220777284,0.6687653002141822,0.5456971277805395,0.7055879894566776,0.0,0.3937007839571235,0.8115227070784966,0.6730388352613682,0.7783131055813178,0.29130434465973537,0.7753293411316576,0.8424719507304973,0.778844125301179,0.6879716973019202,0.5650586194838952,0.6243864114973761,0.7799227791883202,0.7620501619148307,0.46734954886459956,0.7722417147974724,0.055555540123461075,0.4175988037464668,0.0,0.0044994375196913666,0.0,0.3834482705731273,0.0,0.0,0.0,0.0,0.0,0.015289161318824405
p_18,0.9757069213058333,0.8341084732350174,0.7071222306959314,0.6790386928838835,0.2401402257656422,0.8162883923150711,0.8164848450393473,0.8085370507980629,0.758567378564072,0.6851798277068945,0.7302590003574247,0.6955391914441784,0.7686062228944379,0.8796799776816264,0.7252101684136432,0.723157892833795,0.6684050383815513,0.6109191388326252,0.7857970528175823,0.47058816608997556,0.21621621378134895,0.840025493932561,0.706871254197552,0.745026811325872,0.4797297256779584,0.8242887169303701,0.8478846811871484,0.8806049064717614,0.7874680296835448,0.6862355485131543,0.7556646511411166,0.7957125980600304,0.7903188252494326,0.5350578588491637,0.8163950942244288,0.202247168286835,0.31902984777024396,0.0,0.0,0.0,0.2108262078229885,0.0,0.0,0.0,0.0,0.0,0.013344174339657738
p_19,0.9710837085304762,0.8056740285982509,0.6922530445030308,0.8211299716106347,0.3194578865492944,0.7724390801366513,0.7136210849146599,0.8176509536947499,0.7745444645437253,0.5643324441915042,0.6876475198330776,0.7942925057697482,0.6182807878923094,0.7874285712879592,0.739947505784832,0.7504254091025938,0.7606531232152404,0.5353645208339007,0.7924275735802394,0.0,0.276672691892652,0.7862977575690325,0.6522094305245851,0.816356776599059,0.3294797640248589,0.7494126223873019,0.6808703469049716,0.8787526744856297,0.7932846330984434,0.5444199273668332,0.5913841432796734,0.8086070206850541,0.7425185163184637,0.5755166885888976,0.7951784169184173,0.0,0.4063629760928201,0.0,0.0,0.0,0.19746834943118105,0.0,0.0,0.0,0.0,0.0,0.019031488327752977
p_20,0.9719821074329805,0.8207109023473199,0.6813790760478111,0.7437020019064796,0.08401083897004284,0.750529094059751,0.8031345924088596,0.7888468805345714,0.6671440838339386,0.529282640680233,0.6314164403098873,0.6735096696663653,0.6860004158439382,0.8488696189456689,0.717248156543245,0.7192345736745807,0.641914188770981,0.5282051236905545,0.7857747665416251,0.33333330246913867,0.146118719237158,0.8099932752868796,0.6402182013561194,0.7438211057325844,0.6307782291938079,0.7303350743456911,0.8069384239818631,0.880392557309143,0.6434420532360277,0.552099391899792,0.6900404533037171,0.7858815047849077,0.7015002568507495,0.533779260643617,0.8025379133375596,0.1739130182734756,0.3010933532288196,0.0,0.0009407337679175269,0.0,0.114379083098381,0.0,0.0,0.0,0.0,0.0,0.01456545875186012
p_21,0.9754467021086503,0.8404406120361982,0.7058357740669757,0.8908430135340246,0.49666666390740744,0.802582654807913,0.8144308189893178,0.8271186436297041,0.8339133176906957,0.7458945542386392,0.7642343252533724,0.7137417766917903,0.7320662155486078,0.8742432855824203,0.7512991826732561,0.7693198241119542,0.7150964785656584,0.6461538414201183,0.8163802167516835,0.1846153562130221,0.5045620414937863,0.8197637567323347,0.6754952370097921,0.8728876922114223,0.6304619186612864,0.7995529446380535,0.8423254919312817,0.8586449859844743,0.8056483768398746,0.7001369231399936,0.7627053863914686,0.8181572052899945,0.8112845773451531,0.577691808009724,0.845090267859894,0.2650602090288905,0.44980271613413975,0.0,0.005717008071857988,0.0,0.5813953413256416,0.0,0.0,0.0,0.0,0.0,0.010966855003720239
p_22,0.9710174126900348,0.7932344112647495,0.7059905791257877,0.6938923540592686,0.10833333182870372,0.7645433220862164,0.7952979943097306,0.6859367976207195,0.6644711834522214,0.43690783760022844,0.47605699491694237,0.5268987320929638,0.6410698864515317,0.7872401753855747,0.6701676422236239,0.5656192221663078,0.526666664911111,0.5402160831919803,0.7121373977219678,0.0,0.09090908979227162,0.8013564916261317,0.6907301683577182,0.6287124183233918,0.2027168212882255,0.742476707110542,0.7229281493961565,0.8384512679272613,0.6524719255469273,0.5340860667510801,0.6950858482433672,0.7286821698933599,0.5669064734606559,0.2712609950787317,0.7096455064223862,0.09655171747919189,0.2607861911717527,0.0,0.0013201320044875775,0.0,0.29132569081300014,0.0,0.0,0.0,0.0,0.0,0.016060965401785716
p_23,0.9746869561219457,0.8283676066137617,0.7053930967572435,0.8654835757872921,0.39215685924993887,0.7898680139413102,0.8015787843071155,0.7847097002809182,0.8519091223362566,0.7395822391733156,0.720541977448483,0.7051509737781928,0.730077119378926,0.8450927014337307,0.764257726638814,0.721291499478247,0.6469115164986998,0.6056879277041666,0.8175553130054812,0.514285640816337,0.30049750944778597,0.8131613253970846,0.6639489831200502,0.8718691777727856,0.5884146296614738,0.692339028374029,0.7931759593133222,0.8798350779146992,0.8490209945163706,0.7282858071361458,0.7349557505863811,0.8240890679918127,0.8228896923280951,0.5851528341691934,0.8358668106805404,0.4132231063451978,0.44359755759453084,0.0,0.005390835531079645,0.0,0.330303025298439,0.0,0.0,0.0,0.0,0.0,0.014964221772693452
p_24,0.968775199794085,0.8264891728642796,0.6504241595398562,0.8866768158306294,0.4492063456412195,0.7608185355939303,0.7888114491920615,0.8282403865366436,0.8351982306462243,0.780439711347294,0.7521489953387083,0.7337243380242687,0.7332624851577844,0.8490629810250755,0.7995161769987742,0.7568965495491478,0.688028708823305,0.598684203961796,0.7564776926198348,0.19999995000001247,0.432334239635176,0.8063525939164636,0.6316652210589224,0.8738605232054154,0.4490603318589483,0.7996296401146871,0.8262262135955518,0.8369421117120497,0.7969380643048879,0.7212930736095038,0.7370414183738665,0.8104691350020058,0.8134308128528815,0.5791775977324795,0.796630326266967,0.14035085257002586,0.5251865647146149,0.0,0.0,0.0,0.316348191970826,0.0,0.0,0.0,0.0,0.0,0.017570713588169643
p_25,0.9712391966492733,0.8262920502887854,0.6694472629433997,0.8894808787936903,0.3229571953019728,0.7848403915083707,0.8080191701630013,0.8113721479903688,0.8332871769131998,0.603698646389849,0.6514902589732686,0.8088603043627712,0.7912174068002011,0.8726080513110229,0.8214190561926835,0.7682219400549257,0.713790109653989,0.5237226229587352,0.8200623398318104,0.15999996800000638,0.35434955822546244,0.8105711415248884,0.6509490158795125,0.8741264770623214,0.5078533987098307,0.7887601555721455,0.7998199490230958,0.8653483414266211,0.8049803064350397,0.6524682990859679,0.7194833138439541,0.821134532867878,0.8135593198793449,0.6358381450384959,0.812970360668057,0.0,0.3433734919073886,0.0,0.005486968374664357,0.0,0.3063725452650424,0.0,0.0,0.0,0.0,0.0,0.013497488839285714
p_26,0.9781219456597102,0.8270387654920314,0.7351380636570993,0.6711271224299818,0.23019801695299486,0.7305817491367245,0.775613182472827,0.8211349845109502,0.6618333734801752,0.564471608276349,0.6044883660603493,0.522670021897544,0.606624054019105,0.8404037404125866,0.7424847585216683,0.72733423299278,0.5679144354656982,0.5909797776751183,0.7032673572861551,0.09523807256236366,0.12169312008342434,0.8070152112962699,0.6910490060095239,0.7569397420811275,0.5231984153682289,0.6693417198418085,0.7643037618778563,0.8677936232213019,0.7129174843898362,0.6216965040263251,0.6835494313542354,0.8046793390383545,0.7746010612546507,0.5434439135588949,0.6962338943704709,0.040816318200751385,0.2171189956459395,0.0,0.0,0.0,0.1782608656899812,0.0,0.0,0.0,0.0,0.0,0.015629359654017856
p_27,0.9637012617612599,0.8038803817860566,0.6238749161069624,0.9045875938199602,0.5532348418072601,0.7838074025924484,0.7882335453813811,0.7602703492446251,0.7469404680077365,0.6803738311398375,0.6702388911135546,0.8113603343370013,0.7849137150241706,0.8565581034186005,0.8050415116484531,0.7794729515274862,0.6445632775594892,0.5267406606787017,0.8073849537913246,0.40579704263810973,0.406346406318438,0.7770442952785959,0.5887576374656596,0.8934183844006804,0.6710144903224112,0.7335883089583318,0.7688237114892319,0.8477016793749913,0.7088970882442629,0.7336514166585729,0.660927784168035,0.8059730429497013,0.747227084800855,0.5066445140644144,0.8335987921589414,0.27777773919753623,0.5046728956240719,0.0,0.008271787272461485,0.0,0.3817330166073417,0.0,0.0,0.0,0.0,0.0,0.02020757765997024
p_28,0.9771679957758749,0.8085104204215872,0.72802764261014,0.7552447547511635,0.3457330377928552,0.7556552796145124,0.7591085557533727,0.7783256037206123,0.6287313425504533,0.519354838216931,0.6367658876975747,0.5940901990975106,0.6141425372657502,0.8250940679327401,0.7840729362879589,0.7308108088356464,0.6399310019839111,0.5779685223321279,0.7913348738836075,0.06666664444445185,0.3478904489423357,0.7831322225855045,0.6731531466258979,0.7284065653154566,0.2811950741441991,0.7025034333174701,0.7711087343478711,0.8686127611115408,0.6693812909519496,0.5674173729478236,0.7037470712260987,0.772670327866753,0.733910219756868,0.5053102263537718,0.8104063335853073,0.0,0.43194887902908063,0.0,0.0,0.0,0.0,0.0,0.0,0.0,0.0,0.0,0.013518269856770833
p_29,0.9709343210560747,0.8366432650228828,0.680319302682642,0.7731874948095577,0.2577030776232062,0.8142559360127206,0.8155488407764163,0.8536611319424963,0.7919066595895634,0.585622592316274,0.5966598018836426,0.7752365900030103,0.7818038582477278,0.865855096258643,0.7849187689946677,0.7910060513375438,0.706024093550104,0.45640073788125474,0.8357651842248345,0.2127659121774655,0.14393939212197737,0.8166383006707695,0.6358881366029122,0.8276231257845135,0.3404255281027377,0.8208173945991499,0.845553359624114,0.8584598083988422,0.7885757604087252,0.6324650203248038,0.6931629981235794,0.8041099792559129,0.8218277431035991,0.5530434734517959,0.8319986065181071,0.06521738421550172,0.1987179471256575,0.0,0.00643086806381241,0.0,0.24793388088245344,0.0,0.0,0.0,0.0,0.0,0.01651495070684524
p_30,0.9751113038054584,0.8321127014230534,0.7123522302655529,0.7549235591461889,0.27087198264497236,0.8034901929541128,0.842447916616806,0.7912190078557754,0.8025903930894869,0.7239540971139838,0.6943543138776676,0.6854974675990831,0.727239285033586,0.8737058205394264,0.7774446263880022,0.7827082714494467,0.642665642885233,0.6213017705525017,0.802054390164137,0.4687499267578239,0.2891566238261666,0.819433627203037,0.6779077173229907,0.741374352543578,0.4299262336151082,0.7811063956052767,0.8278836381587981,0.876875907225606,0.7652396454569106,0.7126353127329799,0.7195991506656405,0.8156855534799472,0.7967817264552771,0.3694581258038293,0.815928483692866,0.2608695274102134,0.2809917334260576,0.0,0.0017467248755744552,0.0,0.33546734525650007,0.0,0.0,0.0,0.0,0.0,0.01406191871279762
p_31,0.9742634124686422,0.8270485697243973,0.6897238517193669,0.8925068651456431,0.465517238292326,0.8115239165117853,0.8184650348681412,0.8258369145675665,0.8057210954764653,0.6763485469793094,0.7111650468175607,0.8206175023714787,0.6957593671209088,0.8684496234676372,0.7828758697430603,0.8262619980605078,0.7385295723092051,0.6123595448280942,0.8017217686585568,0.4651162520281249,0.49275362054345884,0.8126307243945772,0.6527713838397416,0.8979606436858817,0.6403041776402725,0.78076049590032,0.8147119390276388,0.8215586302753327,0.8089062872413674,0.6774884447328504,0.7245669657853941,0.8201395804385448,0.8239554294597341,0.5617173473907214,0.8307748866340887,0.17857139668367916,0.549218028752447,0.0,0.0019267822550406335,0.0,0.33943833529379325,0.0,0.0,0.0,0.0,0.0,0.01155366443452381
p_32,0.9734894774392852,0.8166991079434736,0.6734572889715046,0.8148051434070076,0.1812949614202164,0.797544468564283,0.762384659691293,0.8372578582314941,0.8042830024338805,0.5856953315816001,0.7000770992030915,0.6646736389403406,0.6349123249544298,0.7650591384949912,0.7965897903633296,0.7862725083714831,0.6813702455121058,0.5250463773186792,0.8010363612963135,0.038461531065090176,0.3902438976799525,0.8059311843996699,0.6609606283252758,0.8321035982291044,0.3785488919185185,0.7422653380329666,0.8033830389091339,0.8606738947996538,0.8441903737779974,0.6044896433033738,0.7279982249434754,0.8068520827573361,0.7894593838917159,0.6005888066674308,0.8269124416341821,0.3076922485207214,0.31131221437726503,0.0,0.0,0.0,0.4152249063109878,0.0,0.0,0.0,0.0,0.0,0.016896565755208332
p_33,0.9730781694623739,0.8385553484019972,0.6774090789993502,0.9182874434576437,0.377267226393383,0.7678363328323614,0.803621727596423,0.8534634140790482,0.8335843363032326,0.7745116991157304,0.757349713125604,0.8047961611395776,0.6822366928312673,0.8616864423117169,0.8095567857692096,0.7554630566928093,0.6993006967269021,0.650356772167617,0.833257026981726,0.2068965160523248,0.485472152024987,0.8208352705490037,0.655446324274727,0.9110132650220115,0.3932960849911052,0.7876480966000382,0.8312324444914813,0.8846354160907322,0.802714248802822,0.746519778921863,0.7689260546458494,0.8004000880191153,0.8381962840017793,0.6494925788486138,0.8477305995170841,0.11764702422146345,0.4084778393803607,0.0,0.004178272951404784,0.0,0.45980253230179785,0.0,0.0,0.0,0.0,0.0,0.012688046409970238
p_34,0.9731540332856271,0.8358765139530994,0.7209592996184722,0.8756958632669665,0.5869565174858223,0.8229169548852443,0.8502578393029054,0.8440153149969395,0.8354049710952236,0.6846879529347896,0.7412497299951691,0.7423092259596115,0.8150641012579102,0.8889387788811088,0.8194363451706158,0.781890810168067,0.6890618570706192,0.6611570193292808,0.8352572699460785,0.32835815994654327,0.42076870923284754,0.8273394811531404,0.6866748978913013,0.8782300881069779,0.40416666245659727,0.8113256258609467,0.845828841500276,0.8910880317051341,0.8450704216910694,0.6755644933946755,0.774142057513683,0.8250140205412095,0.795747566623507,0.6627218891339783,0.8408647874881581,0.17021272974197238,0.3536585338897978,0.0,0.0026333113717359356,0.0,0.3920187747415637,0.0,0.0,0.0,0.0,0.0,0.01619989304315476
p_35,0.9690479664982725,0.8071086445021344,0.6669351986388105,0.8651151452560355,0.3802435698224386,0.7390547524161158,0.8103286252710263,0.7494897407081912,0.776778182770905,0.541750166397517,0.6911984070333207,0.753042230661982,0.786209627925085,0.8552674760583718,0.7254558558509778,0.7493969425103271,0.681241182365158,0.5552460486978082,0.7926591891809629,0.4067795920712556,0.4955947109273419,0.8009246981183172,0.6247032777810528,0.8449202991910312,0.5803667714111824,0.7475613675775642,0.8161577518097191,0.8599403997126754,0.8405873088088788,0.5487518184834302,0.7303979262293433,0.8086404059223715,0.722388058042737,0.5884244325689354,0.8003235075482356,0.15217389650283733,0.41742081211866056,0.0,0.0,0.0,0.3055975748018521,0.0,0.0,0.0,0.0,0.0,0.017415364583333332
p_36,0.9705921966792146,0.8265362255773232,0.7106463025624048,0.7562087495705186,0.2700660975442295,0.791167863602223,0.8378824578023281,0.81447963762111,0.7455682993410215,0.6251170527259213,0.7036727865115343,0.6846052020970216,0.7061384399082751,0.8385826200329318,0.7208103457350001,0.7197161664477543,0.6036789272421449,0.5214007741525232,0.7692426578290242,0.1492537090666106,0.093979440617042,0.8196541697977948,0.6958323655130031,0.7801302926709281,0.45841392206562936,0.7660070389562484,0.8353717047854136,0.8897435893211094,0.7451761474602563,0.5935126251349696,0.6789134245086703,0.7824999993479167,0.7022972322965373,0.46085858294912513,0.7603636918166408,0.03124999511718826,0.26851098235548426,0.0,0.0,0.0,0.016638934831298923,0.0,0.0,0.0,0.0,0.0,0.01848115466889881
p_37,0.9697093880360474,0.8126939992491882,0.6538603788128765,0.9103766633329133,0.4770909056211571,0.7800541402792992,0.8245529650842751,0.7273961439537089,0.7665803098878493,0.80004116414527,0.6655647364584993,0.7867203203486514,0.7551198240629198,0.8581737331087541,0.7702624571970604,0.77583081336607,0.47741215706243123,0.5961538389885356,0.7885448580909385,0.5166666236111147,0.5149572622064249,0.7807039307982012,0.6126636439410841,0.8725222343249196,0.3615062731254705,0.7647828360113074,0.8144186354296478,0.7287354635202695,0.7844342027849025,0.7476496774521899,0.7302452297987485,0.6753307023957639,0.76947203144414,0.5251101275320694,0.7515618484469369,0.16666663888889352,0.2023201846760084,0.0,0.004125838039577937,0.0,0.44408427157075736,0.0,0.0,0.0,0.0,0.0,0.017993309384300594
p_38,0.9713905346080243,0.8021348859647076,0.7077689234897869,0.8113255991196924,0.20904522402969625,0.7399969898002628,0.7921092937367606,0.6492009738910468,0.7083377694512429,0.5085474917824664,0.4237784273276775,0.7548351432034719,0.5878538997452909,0.7796565562241501,0.685424751309374,0.5120302770693964,0.5960550296766866,0.44357976222198675,0.7683284450650241,0.3380281214044899,0.23467784057266716,0.7979097740582592,0.6801946474626681,0.7883430179056339,0.3089005208647424,0.7701551928431843,0.7608710732793357,0.7906916440068117,0.7155921345272153,0.4815925165108616,0.6092715219561078,0.6870244286273284,0.5526123923387305,0.210433243055409,0.7579151593986109,0.1999999714285755,0.3756862730365244,0.0,0.0029017047410166675,0.0,0.2761506237635896,0.0,0.0,0.0,0.0,0.0,0.015824672154017855
p_39,0.9739051431157776,0.8526932920170394,0.7349821015761439,0.7987595666410929,0.3868092657147124,0.7937198960740737,0.832503791091755,0.8413388266403236,0.79878577536992,0.7419884246851616,0.6802471945977405,0.7666068188213337,0.7162512448329985,0.8820160727580181,0.7919490231698705,0.7542918434702471,0.6606579510560705,0.7208791155979553,0.8127399643867889,0.41509426130296956,0.34913294394065963,0.8381562719461227,0.7087522559904916,0.7591252111819458,0.37780400970715455,0.7742008664501915,0.8378765005084035,0.8775566759727528,0.7658072100504898,0.7172608535851916,0.6856526414549027,0.8036276841970141,0.7977528071213652,0.6401137934558052,0.8315761008997242,0.14814812071331096,0.3045186610558088,0.0,0.002298850548289074,0.0,0.32616940169191655,0.0,0.0,0.0,0.0,0.0,0.015427798316592262
p_40,0.9724074714811317,0.8214798969379942,0.7101800978205701,0.713429038057942,0.30346231870201307,0.7277054292282885,0.7061581440115293,0.7992300084286822,0.6938431930088466,0.570561158975065,0.6665212635408478,0.6145194242611481,0.6367160760850261,0.8142469767952734,0.763780918053197,0.6792003791546873,0.6538124423584029,0.6020864336655258,0.7689763773472628,0.0,0.18295739119101015,0.8020800558939596,0.6723312436288809,0.7070818400779996,0.28571428196966864,0.7690969405427059,0.7407203325689576,0.8694278293254555,0.6692588084213137,0.6004819271320656,0.6807419086804619,0.7566431207899066,0.7248787232042534,0.4707520858582724,0.7862499066105503,0.0,0.30491329259455713,0.0,0.0,0.0,0.2107279653117248,0.0,0.0,0.0,0.0,0.0,0.016188557942708334
p_41,0.969278820298509,0.8354334736259026,0.6843825286855124,0.8713533880607649,0.41109101620801075,0.8021736679800163,0.7912491760623125,0.7663587124776307,0.7912558925685729,0.6824252695755509,0.7050247313068869,0.8218071660226977,0.7615305051467829,0.8451154394139438,0.7627744707954295,0.7346938755518534,0.6948601148508129,0.667326726066072,0.7822683229452312,0.515151437098267,0.42401343230892763,0.8076057609321308,0.6422987797194044,0.8954454640254088,0.43485086000901996,0.766522452404439,0.8020658753769494,0.8151410693124339,0.815698752564706,0.6889830501176027,0.7676861994683956,0.8063883981908795,0.8315276250500335,0.6155143287056127,0.8255242291306067,0.2105262603878262,0.49781311929298955,0.0,0.00842105254293629,0.0,0.45660880565275297,0.0,0.0,0.0,0.0,0.0,0.016507103329613096
p_42,0.9735791942689087,0.8494417459676413,0.7054253705966232,0.7296178338139986,0.26096737614209925,0.788947707995107,0.8253448524711465,0.836342333260722,0.8208653446274898,0.7339073383211282,0.7189508852688329,0.7130107998449469,0.8490918792079436,0.8866976422497508,0.8063939626624366,0.7402286606215669,0.6370089889398532,0.6322770771387098,0.8234442829020946,0.45595852559800387,0.28859060079876286,0.8303291487360996,0.6824316488904386,0.7594914192589212,0.3670520178171674,0.800868585920093,0.8535545087088803,0.8838550241916598,0.8211524060599247,0.7293883632726123,0.778155448044062,0.8205176819754265,0.7463134197792716,0.624668430870899,0.8440575313739047,0.6507935991433651,0.3617810727107507,0.0,0.0,0.0,0.38127089663426594,0.0,0.0,0.0,0.0,0.0,0.01563299269903274
p_43,0.9652046149884795,0.8083443565668169,0.6853209219945333,0.8379968320242865,0.2329020318367096,0.7476108258766113,0.7821964861337413,0.7596028090290129,0.7339553928835283,0.5515387944936812,0.6507360771266566,0.7526286642151946,0.7210383558290617,0.8491161614821471,0.6180360032266564,0.5011945832195525,0.7072599507953832,0.6408450659095418,0.7636840373945558,0.0,0.09508716247949951,0.8182013172238417,0.6962759782104126,0.8549199081407628,0.5752118613601067,0.768806238598519,0.7894535727429975,0.8740625300116575,0.7387162613532363,0.6435668784343381,0.7271358661514192,0.7381041583079024,0.7216575435464083,0.5898221913560872,0.8069744590643628,0.3013698217301614,0.2343749984741211,0.0,0.0027285129480285903,0.0,0.24999999660326092,0.0,0.0,0.0,0.0,0.0,0.02334100632440476
p_44,0.9759128588586425,0.8170597827679592,0.7250313484833397,0.7713953959624374,0.4434857597628494,0.8213824696091061,0.8355786315966038,0.8172525005098932,0.8071769239073622,0.7155524552002068,0.7361002330041758,0.65900734991265,0.7689169125205547,0.8706266129784509,0.7877920831780715,0.7704735354582909,0.7392845609433304,0.6414825328475943,0.8061636748979013,0.0465116170903216,0.38352059637812286,0.8022727078699802,0.6845310596730952,0.7223692065184184,0.44111348564118325,0.8055971495828994,0.8405936168541595,0.8717127067007112,0.7751673758062478,0.6570264759093417,0.7262290972642148,0.7965616038482655,0.7981065069867302,0.5236631805552355,0.829877987471602,0.43181813274793945,0.3355025283043924,0.0,0.0,0.0,0.29340511045215195,0.0,0.0,0.0,0.0,0.0,0.012103707449776785
p_45,0.9683961959342646,0.8271302416433238,0.6608730572509794,0.8875796175988376,0.41111110784832455,0.7624246061072502,0.8168614751138371,0.7753289647612883,0.7202603341927681,0.6487794142854856,0.6902480945953129,0.8390101867859965,0.6896109433740681,0.8524226400533201,0.777903740309282,0.760708532171631,0.7346938750520616,0.5906838395373257,0.8201627716634613,0.15686271434064425,0.2811296515973707,0.7952777199445482,0.6201932840274845,0.8949195327403703,0.3857758579118981,0.7175188163203947,0.7878933641394734,0.8390765376782233,0.7246032595005902,0.6298725397477137,0.6928799135114136,0.7911488321803084,0.7718433284802976,0.6104815820787424,0.8314182808854242,0.1081080788897084,0.34218009316502324,0.0,0.004143646394531608,0.0,0.16370106567377146,0.0,0.0,0.0,0.0,0.0,0.01779363723028274
p_46,0.9658539985408806,0.8363751380718708,0.6396455324086406,0.8976890332944779,0.39457626851134736,0.7673198207194357,0.7765912927476161,0.7492140528656919,0.7085744335763093,0.6175744022849378,0.720268004976626,0.7722342709258312,0.7091285336649149,0.8287256380783523,0.7447459694503714,0.6668503701657471,0.647866953550734,0.5636910675657867,0.8075525212236925,0.19999995000001247,0.4221840050636973,0.8325907272873265,0.6037280105654778,0.8979538067757192,0.4580152636792728,0.7495521523404933,0.7888468604208476,0.7969257040723452,0.6914906901268391,0.6471224310379401,0.7550274205780909,0.8222357963528448,0.7674285692359183,0.5198902570652246,0.8057553949402736,0.0,0.45209059036545907,0.0,0.009188361380740088,0.0,0.2736625486248709,0.0,0.0,0.0,0.0,0.0,0.02107049851190476
p_47,0.9703848658143525,0.7964561309664677,0.6521598564377697,0.8966792877885104,0.574257423711961,0.7527371782825875,0.7997273611944351,0.808730402207974,0.8234769015582717,0.6747385793343549,0.7335258578799531,0.8338590934966901,0.7490265473468557,0.8283685325411106,0.7688617959739564,0.7651843797039468,0.7227479820443463,0.6132075413848346,0.7696570165571253,0.2972972571219923,0.45835209158778883,0.7725662164389893,0.6018591665740636,0.8955499190696206,0.5815923174387786,0.6732403753476917,0.8191681217745994,0.8425316450363723,0.768161434116411,0.6725724012804403,0.7303501026423601,0.7921843466154993,0.771461714699937,0.5875613699872229,0.8116049834372281,0.22580641519251365,0.45663716612107447,0.0,0.005157962588143254,0.0,0.2905660322534711,0.0,0.0,0.0,0.0,0.0,0.014597720191592263
p_48,0.9684054627269917,0.8193171945826071,0.6770977339774558,0.6270235261957441,0.3650975847864801,0.8177400010902904,0.7948613224919331,0.8378120016793351,0.6553745917664909,0.4680851058560339,0.5786356644469497,0.7041609478547738,0.7678809827047856,0.8421582534983665,0.7967109165873678,0.7692307671472622,0.5858208927900145,0.49792530603811924,0.8197942525542797,0.0,0.24399260177462845,0.7962715823958848,0.6371880255170732,0.6979335487257562,0.026578072648204776,0.7882210275310454,0.8099635364323962,0.8535060290009457,0.7110599730892277,0.5617765171724822,0.6328530247207435,0.763727642753135,0.8150532289798137,0.48663101170560596,0.8075651847157866,0.0,0.17204300844028214,0.0,0.0,0.0,0.10776544995617354,0.0,0.0,0.0,0.0,0.0,0.02213134765625
p_49,0.9756423058907177,0.8326539431638947,0.7093620704970025,0.9057090700240105,0.3194444419795954,0.7687224667486997,0.8109531960659957,0.8290363235768097,0.8673978056193666,0.7358564944452429,0.7382288345005396,0.7812499976524939,0.8454022207931974,0.8875488860176853,0.7244797900376079,0.6120689636327925,0.6760563353076203,0.6464646410230249,0.7889858226199693,0.5391303879017054,0.49363250155468463,0.821073849016822,0.6829069446534347,0.8995356558013667,0.4056603741693367,0.8100212218366669,0.8449240342362104,0.849982266905082,0.85658110228664,0.6787637081966463,0.7570445956133912,0.805812679600067,0.7856177323989788,0.6030534305110425,0.8066938029790196,0.20618554575406745,0.48594377266092487,0.0,0.004469273693080741,0.0,0.3427172540671083,0.0,0.0,0.0,0.0,0.0,0.009893217540922618
p_50,0.9740281365898285,0.8202364893543431,0.6797091719653738,0.9201509340697231,0.45735900805584934,0.807602494514616,0.7747693279578732,0.7697764261385924,0.7719154727035917,0.72139417482069,0.6679352981257486,0.7853864498157033,0.8467532456535672,0.8726338653117549,0.7611877867407071,0.6289017322864111,0.6789536246166658,0.6010581946977969,0.7961379303024019,0.1999999714285755,0.3589494145965495,0.7962181964531435,0.6497482579737331,0.9099278614601816,0.4903299189694826,0.8042577392800146,0.8359331612805402,0.7586957996333158,0.7675965906763201,0.7143199225163794,0.7333047929509744,0.7177062987178026,0.778087748470485,0.5550049499008429,0.7878847085609334,0.24242420569330217,0.3167916897957539,0.0,0.0030826140472175892,0.0,0.30750604954593164,0.0,0.0,0.0,0.0,0.0,0.013702392578125
p_51,0.9711652142452394,0.8097141585725564,0.6733457192431068,0.8929437131544437,0.4176334092885866,0.7966431387771234,0.8149880079311439,0.7493222239308853,0.7560396582096919,0.5172858610458129,0.46582163769619367,0.7874911144500869,0.8116531151564141,0.9017595054670398,0.7470864846175767,0.5060494463281182,0.6613738327187648,0.2984496095111472,0.7393856380949074,0.0,0.27235954933770984,0.799090105497266,0.6473562443639347,0.9165128911069219,0.4916979084536802,0.8148688044271519,0.8449507652222954,0.7959951528627032,0.7852103465048206,0.6294375739536796,0.6836518030581463,0.7783859082710858,0.6679296328337493,0.39574815702577143,0.7910293696246323,0.3076922485207214,0.47900763206422503,0.0,0.0023228803649161427,0.0,0.40404039723837715,0.0,0.0,0.0,0.0,0.0,0.0137908935546875
p_52,0.9638537139713991,0.8391571248629627,0.6839787892682716,0.8095814481687065,0.2571428551020408,0.7931726395587684,0.7830174547022978,0.808844108139466,0.771003616814949,0.6760589655942723,0.6935771617003186,0.674274842252616,0.6463281746647894,0.8285845079119505,0.6785896773851919,0.5625813152157655,0.6881211514996632,0.6774193493756504,0.7903211910872977,0.0,0.3366336603363307,0.8209496432704246,0.6454552421944356,0.7786248344974162,0.4635761558703566,0.7289380265211668,0.7723061109771683,0.8745426910144973,0.7588492632124496,0.6233790459712856,0.6983274815231727,0.7690508665279177,0.5424317604406159,0.5285198517796401,0.8006893573453776,0.2727272314049649,0.4154078518473727,0.0,0.0,0.0,0.19090908873966944,0.0,0.0,0.0,0.0,0.0,0.024794805617559524
p_53,0.968736327706173,0.8473752990741333,0.6792771130673881,0.9015233946880021,0.5042857106836734,0.7894722087648982,0.8162003363727997,0.8446423265986095,0.8578088567564608,0.7689899633836755,0.753636158528449,0.7842266015433862,0.8345541792945768,0.8828282466363148,0.8057965291740965,0.766412211400268,0.7349063125089995,0.7137315693271407,0.8118991467332676,0.5629629212620059,0.47101015857136785,0.8232477625001682,0.6319151685510712,0.8946766514573075,0.5169340417385558,0.8188210779816473,0.8609922609847037,0.8628440913193629,0.8465608456276887,0.7405682340562941,0.7430287414349448,0.7985779766128002,0.7450052556650755,0.5833333289930556,0.8238322905260829,0.5960264505942748,0.4682826174920958,0.0,0.0,0.0,0.3309178703995426,0.0,0.0,0.0,0.0,0.0,0.015840948195684525
p_54,0.971027118855672,0.8326137258829341,0.6648896529372837,0.8649966143692184,0.3937896937629521,0.7826807183666978,0.8046128596796339,0.8416267043397729,0.8427316508320606,0.7805246265516846,0.7709073660959315,0.7523885320366698,0.6747262758331974,0.8648834514143471,0.7624536034748451,0.7126368727060169,0.6853690086949977,0.5577841398492441,0.7970353470191607,0.44444438271605796,0.4250989235438162,0.8193064565430846,0.6557983520966169,0.8267444154839175,0.4087468426514143,0.7803417594180647,0.8029178550029927,0.8639254449569137,0.8192388995517457,0.7366404509612418,0.7462751955603085,0.7792578489255396,0.7930497904744559,0.6325439218293054,0.815117466045949,0.5684209927977902,0.4646946542714949,0.0,0.0,0.0,0.43478260259771945,0.0,0.0,0.0,0.0,0.0,0.01575869605654762
p_55,0.9717820909703779,0.8254990027431754,0.729272070453484,0.8021158124709823,0.14204545252776346,0.8096846068936934,0.828538726528736,0.7396162365095393,0.6658130594042451,0.4467473830835754,0.5465407582452482,0.7309721148041743,0.8039735086026929,0.8563052552713185,0.7711571668642857,0.6732340204871841,0.6858085785946911,0.527624305748451,0.7646887719861193,0.0,0.11499436172497901,0.8149270426023945,0.7006676244311535,0.8600293170397253,0.3181102312108625,0.7795794682566723,0.852975081971334,0.8699285744764936,0.7658531378388009,0.5896507868632976,0.7304747306078202,0.800713966264423,0.6905851175280879,0.4167219614019777,0.8094635220687898,0.0,0.4114285692912802,0.0,0.004728132331818767,0.0,0.09830508307957486,0.0,0.0,0.0,0.0,0.0,0.01641148158482143
p_56,0.9704190709155257,0.7842968712288229,0.7187509383610481,0.6893719459821767,0.030598052425618187,0.7481815205385765,0.7650943212324889,0.7231521252539613,0.6998061469124811,0.3693820221013423,0.5042391778129425,0.5974842746419138,0.8061972599167281,0.8477602136271312,0.7016314861262499,0.4866437437539176,0.6474516673200292,0.49355797330467815,0.7205662597557482,0.0,0.1691093554779103,0.7981401354811603,0.696459911599843,0.6888424565910218,0.28349944315061526,0.7344959680852698,0.8064569371929847,0.817438691700351,0.756985142760004,0.5287187034897656,0.7061928919671211,0.720560262216358,0.5890909077520662,0.38376891070310243,0.7504547965273631,0.0,0.33441033655565156,0.0,0.0,0.0,0.07108238980480792,0.0,0.0,0.0,0.0,0.0,0.017623465401785714
p_57,0.9699906589115964,0.8307352920250152,0.7016877687739185,0.771526830983371,0.24308587887128183,0.6620040690557324,0.780629927603892,0.7884312505185743,0.8179436795263658,0.6707160572583488,0.5244977079229861,0.7870195312318224,0.7701019240088951,0.8266701130411468,0.7100242796479151,0.6068812417161349,0.6735661894197231,0.488669945924434,0.7691423875509705,0.15189871494952975,0.2497285532059875,0.8225906955169024,0.6813604182854339,0.8813979317775793,0.43027329761546396,0.6751361881833996,0.8238885626928597,0.8560665511138668,0.8438741207415479,0.7337129452908114,0.7644300130511724,0.7538384506393204,0.609732639719691,0.3671811505509249,0.8003218014478506,0.12371132745244047,0.4422724469012068,0.0,0.0026631158100783514,0.0,0.23284823042777308,0.0,0.0,0.0,0.0,0.0,0.021695382254464286
p_58,0.9695491362147546,0.8115361981229944,0.7051487006968957,0.8936614398583792,0.3121951197756438,0.7552855405635507,0.8107993053934466,0.7251339257054543,0.7785363507263908,0.33329446025271786,0.3652205475309121,0.7360774798598937,0.5779538555629135,0.7604400050938205,0.7401454260044533,0.6076679140741772,0.6144359789102793,0.3024691326906468,0.7108573314210052,0.0,0.36254501583106236,0.8176354743441228,0.6862165045985982,0.8809555690080195,0.4084805624842363,0.7417396355738193,0.7693425139203894,0.7624626943945713,0.7143958577878666,0.43911048306964295,0.5486878443565473,0.7906530640939462,0.6813784743610082,0.4780564225857647,0.6827001461905265,0.17241376337693734,0.46746031560531615,0.0,0.00256476018834378,0.0,0.3007518751766635,0.0,0.0,0.0,0.0,0.0,0.014801897321428571
p_59,0.9663681657033087,0.8374452614347735,0.6702749524511539,0.8652451403882924,0.3785425062900556,0.7999895988350955,0.8208148417550688,0.8050228305907404,0.8619697148517461,0.7458139778051054,0.7340165916690664,0.7281738439642629,0.7718788868272939,0.8777092124362804,0.7974589721572695,0.7563176872553619,0.6463081100897533,0.6030828458277183,0.8011090565608974,0.27777773919753623,0.45618556407096933,0.808745441376491,0.6355112786711341,0.8426314225261018,0.5004255276559529,0.7929182520192917,0.8412218161581175,0.8497329371811674,0.8506182174481224,0.7822212784743595,0.7526485473223203,0.7937873850416756,0.7353547225924205,0.5504587117116534,0.8175976264779065,0.12499997395833876,0.4988558323864083,0.0,0.002652519858719896,0.0,0.2874251462583815,0.0,0.0,0.0,0.0,0.0,0.020837547665550595
p_60,0.9748165794208525,0.8305451316160511,0.7213622533703282,0.8457473689997944,0.3811394854504962,0.8004378125445769,0.8146084545520023,0.8266134911596646,0.7465220458069771,0.5959355541963242,0.7041149560110713,0.5728155308909626,0.7000310826856354,0.8609051508039889,0.7788953906557284,0.6991432051428562,0.5546751159288161,0.6093749952392579,0.8067448901960177,0.03921567858516106,0.15094339464419923,0.8367911308308664,0.719388522431953,0.824562293415599,0.163538871802428,0.7831098735479741,0.837023835058702,0.8725718352540623,0.7701248377420095,0.5544403015443645,0.6577021936766815,0.785256676274851,0.7126630191151389,0.5336787530202154,0.7829657788722694,0.0,0.31521738885700784,0.0,0.0,0.0,0.35802468399126164,0.0,0.0,0.0,0.0,0.0,0.013858177548363096
p_61,0.9675910303657944,0.8041475402863711,0.6999100317087378,0.8924229500673216,0.45626911035921036,0.7065021843468254,0.7071611167818359,0.7439568172119474,0.6089086852907476,0.4650009532090397,0.43259983629568083,0.7942477861462983,0.4564516110626951,0.747408030619785,0.7658577712303404,0.7668893809692302,0.534611287181546,0.21720429873973873,0.7967720983241146,0.0,0.18052929971394469,0.814895988157874,0.6655017770787396,0.8649527524264599,0.5071482279371842,0.5814248332709058,0.6576874639332261,0.8166222320524967,0.5418026095617836,0.5258432412935656,0.5947968628032843,0.809890407743963,0.7275862048057867,0.24691357821470306,0.7502228554553193,0.0,0.5355072444365679,0.0,0.0032520325115121067,0.0,0.4139941630613096,0.0,0.0,0.0,0.0,0.0,0.020661272321428573
p_62,0.9650857719088705,0.7931269879224718,0.6425087471988978,0.9076074463554108,0.4351005457946341,0.7730991815796392,0.6632172728611024,0.806330642085851,0.7619854712324632,0.6524074423053833,0.6388443000565963,0.751842749790219,0.8124717565710623,0.7567576721162594,0.7673513505217824,0.7032679715579477,0.7307692284270216,0.38475498394274077,0.720663994733196,0.0,0.41718298051555974,0.7796290654819528,0.6160131126194095,0.8865912760133033,0.5556978197458526,0.6926251454832167,0.7433913603581713,0.8444996399473824,0.7473130565432049,0.5810949816195051,0.6738962027526563,0.7949260034280419,0.7531034461983352,0.2312223841588926,0.7890279106939097,0.0,0.45545345403334614,0.0,0.004204625058131569,0.0,0.06222222083950621,0.0,0.0,0.0,0.0,0.0,0.018457321893601192
p_63,0.9669353310733488,0.803027048865524,0.6072561719608365,0.9069949342768557,0.5124999981158088,0.7000830792639517,0.7667254183601689,0.7902046287888597,0.8031971032978479,0.6409148657675796,0.7518887858812668,0.8177251510266862,0.6658488698090067,0.8549790120827044,0.7898724457755132,0.7776749898930774,0.7138857762769155,0.550251249368703,0.8160644102213511,0.6391751918376091,0.3908905493171633,0.7963546015314543,0.6007517703199363,0.8946238316405342,0.54519773754615,0.7048984466179891,0.7663463320587149,0.8055253124622174,0.737391303431812,0.664211171682982,0.685219215843478,0.7975830808825352,0.7585250879996531,0.6194225667592077,0.8270676684052096,0.0,0.4650432038097847,0.0,0.0,0.0,0.37647058380622844,0.0,0.0,0.0,0.0,0.0,0.015925816127232144
p_64,0.9776442586783581,0.8280571636552824,0.7274119026173724,0.8696697158979416,0.409061486025492,0.7714041315815847,0.7826879209955052,0.7699978080374765,0.8257792116903276,0.7234170847000834,0.7078754562548639,0.7767584074105247,0.651428569877551,0.8491054104963164,0.7036830970249437,0.5554086205887103,0.6384465994623433,0.7290076266316067,0.7605450998789792,0.5609755413444462,0.3594080312938123,0.8290851196918526,0.7138036293886997,0.831838934577348,0.35045316867620174,0.7525753475004575,0.8296356185966293,0.8419727652809402,0.798190044216949,0.6497710567034704,0.7515567946069213,0.7489530980433908,0.7601974519090738,0.5902401193629735,0.8148413045911119,0.27906973499189125,0.3529411740842382,0.0,0.0038350910466434223,0.0,0.2609699738918017,0.0,0.0,0.0,0.0,0.0,0.012901669456845238
p_65,0.9747905765921338,0.8238189154929598,0.7219273661288483,0.824447765695373,0.30102442631186427,0.7770527179177236,0.8389711213923761,0.7967633980336829,0.7758990864520946,0.5184355031733324,0.6666666651093982,0.7656840485045954,0.7410462323832294,0.8625172889407534,0.645396219312124,0.6227423031728764,0.7001114801185006,0.5656742507384042,0.7817310112021777,0.21739125708885715,0.22638145965791925,0.8037162080366832,0.6779263947847814,0.8211402001338756,0.2331125796938731,0.7346888778209972,0.8161647340736236,0.8323530886078756,0.8182275921220701,0.5690907225436322,0.7041694226689402,0.7533092652971384,0.6602824978207267,0.4479166633339534,0.7937743183947096,0.0,0.3437727578749253,0.0,0.003996003956083877,0.0,0.23618090155551633,0.0,0.0,0.0,0.0,0.0,0.01636410667782738
p_66,0.9663296009833942,0.826777993026393,0.6410834952657789,0.8944053622723268,0.341730554855087,0.7784290062694853,0.7806629372421682,0.8462175915436145,0.7923152421927987,0.5915756624112578,0.6690537067287629,0.7601268025356576,0.8135650399636156,0.8496831767160397,0.7735047156903652,0.779886145541157,0.7126436758205462,0.47350619533814886,0.825465487280924,0.0,0.5081433183375952,0.8043990135373723,0.6176045914694693,0.8990966046557276,0.5890151459373566,0.6132802644243405,0.7821145042655615,0.8625887623878231,0.7939737306284139,0.60020528534744,0.6731295036710676,0.8284553683694872,0.768753522930757,0.5706618911389814,0.8177446257554769,0.22950815909702307,0.45662586239156006,0.0,0.007944389196182828,0.0,0.3147540932007526,0.0,0.0,0.0,0.0,0.0,0.019965616861979167
p_67,0.9746360564523584,0.8341871504310729,0.7420134769852047,0.8685347828112204,0.33583489366008545,0.7852231358270936,0.7976380218268453,0.8204626909848688,0.8206804936950235,0.7552523867619351,0.7426197228457911,0.8230114446051909,0.7499475985119523,0.8203618677597847,0.7857623850064817,0.7794486196003794,0.7130894635826819,0.6701649125175044,0.8310510241334051,0.6060605448423692,0.29328287328966063,0.8285910155742598,0.7357240739922799,0.8868786302661175,0.421550090533553,0.7652736341434295,0.8175023733024078,0.8745060339236858,0.857968702424032,0.6762659444566429,0.7239316223847615,0.8035864380278449,0.8045078178369186,0.6517857094361182,0.8449430377902922,0.1639343993550165,0.28924980441415465,0.0,0.009732359978925062,0.0,0.3198380534429347,0.0,0.0,0.0,0.0,0.0,0.016053118024553573
p_68,0.9704656643787658,0.839730353950849,0.6828291150249729,0.8577648044042128,0.3787878752008724,0.7609700366721269,0.8199251269163357,0.8533182071166658,0.8362691950809968,0.7572271093906728,0.7225716265488665,0.7189337486517688,0.6648488964670555,0.8479608535405331,0.7940261348329951,0.7071851642874448,0.7351018810645833,0.6761833157311546,0.8119147410934499,0.058823512110731724,0.4969532803185289,0.8164910095540863,0.6457837706523399,0.8848001784480614,0.4834558779094129,0.6678773726233671,0.7831145795826099,0.8522248238570113,0.8597165760082208,0.784081953522378,0.7537622666221107,0.8276762393777102,0.7431614603167237,0.6629370583011395,0.8414544104453171,0.14705880190311735,0.5102505665703271,0.0,0.0,0.0,0.27232796087367556,0.0,0.0,0.0,0.0,0.0,0.017144630068824405
p_69,0.9700982112360953,0.8345720609522779,0.6752692279339563,0.7986275167068132,0.4293353672319682,0.7525713623157946,0.7836907917112693,0.8769917908757896,0.8266348311093847,0.7466548703453999,0.71439451456107,0.7939636563167118,0.6862530131851502,0.8700242234227513,0.7760811274320071,0.7564368133872837,0.7454755458395242,0.6146341403450328,0.8196353428521409,0.3783782761139794,0.4491392766108038,0.8290735910272046,0.6496736892389678,0.8496361296823437,0.47677475480477866,0.7423863387148176,0.775152323555168,0.8697265861253701,0.8371081243287164,0.7533021735894105,0.7519607824706843,0.8035145515612141,0.7427937895155382,0.5509688243389316,0.825946968914823,0.0,0.45916398418544063,0.0,0.0,0.0,0.27566806925923953,0.0,0.0,0.0,0.0,0.0,0.017338053385416666
p_70,0.9768816566588789,0.8309585956641788,0.7339210993921671,0.8559936065913708,0.2978723374075751,0.8151417636077705,0.8184328664113951,0.707221435188312,0.7767028234372102,0.5462819691032293,0.5115646248560455,0.5763612192281486,0.5194957475241989,0.8387702122355158,0.7390392272508505,0.643742951962393,0.5673469364598084,0.44373503237242595,0.738633476641577,0.07272725950413463,0.3714458537722574,0.8320135054427295,0.7160113037328911,0.7473723922021386,0.14420062469904976,0.7785740259741643,0.7793307596640577,0.8479925971068768,0.74619460959951,0.6684205574852762,0.7360765536151646,0.7530050399835159,0.6903241052984999,0.4808324179582014,0.7471880941796262,0.035087713142506465,0.307030126922309,0.0,0.002318840566267591,0.0,0.2549371587982557,0.0,0.0,0.0,0.0,0.0,0.011979021344866071
p_71,0.9746921393077231,0.8133621522177212,0.7228806239599697,0.8507044177093748,0.044568244504620554,0.67035105830061,0.7525878171465169,0.6590211899291986,0.7673136295023009,0.38093246876339903,0.23269896143447458,0.6280312345744709,0.5734939746473298,0.7967124012731636,0.6960690308052864,0.6503796611080235,0.4578313239221948,0.5059476565745626,0.6791508451163697,0.0,0.34650455575983224,0.8174693117847253,0.7047280529081118,0.7674432043658922,0.2544642828742826,0.6395735893819632,0.7370415166389519,0.8238993706705857,0.7726779896727166,0.5645071668357515,0.6867678112410835,0.7201705915283798,0.6320413420360689,0.26047903996647426,0.6988822584260171,0.0,0.2739211981808518,0.0,0.0018770530179396854,0.0,0.33636363126721774,0.0,0.0,0.0,0.0,0.0,0.013160051618303572
p_72,0.9659321542466867,0.8017768637108516,0.6581431758654935,0.9003033557321141,0.3784923543569196,0.7414350504148307,0.7442237903397091,0.7273917021807409,0.5715349291828578,0.6187290963813407,0.5565289934156675,0.7383177555093098,0.6296045183511763,0.8150692773200063,0.6792558133216225,0.6334688325424497,0.643011266739364,0.37551866830374825,0.7811106245901962,0.22950815909702307,0.20689655097315224,0.772398148791484,0.5978996677643247,0.8804107940827246,0.5243101148205643,0.7170169919413043,0.7566306765043418,0.8125282526234884,0.6761715835901667,0.5745001068861534,0.6914805610184439,0.7693576461382227,0.7962909278577487,0.39567746969511663,0.7383705290504881,0.0,0.47629252484250595,0.0,0.0015952143537483264,0.0,0.3560209361950971,0.0,0.0,0.0,0.0,0.0,0.014855085100446428
p_73,0.9672192791031149,0.8337455565845426,0.6819057307016737,0.7618784906131449,0.4312546924774253,0.7897951292900927,0.8084349174677241,0.7923871665076742,0.8295206960382344,0.6934079594802985,0.6826666651496297,0.7630147600504477,0.6689801413746287,0.8724077691903059,0.6778995237979124,0.6311259846255655,0.6603174576971529,0.6402695818005932,0.7800657546460756,0.2749999656250043,0.25667527772028187,0.8152124944728641,0.6430592196643146,0.7504527909674362,0.5206812609839314,0.7659586114184936,0.8293541995484298,0.8714316143633194,0.8010869554333058,0.759735777620294,0.7435783863073996,0.801552105689623,0.769917742021345,0.6453124949584962,0.8056543378328109,0.19178079564646633,0.3726708045600093,0.0,0.0022296543787106537,0.0,0.31082529141666354,0.0,0.0,0.0,0.0,0.0,0.01952325730096726
p_74,0.9693504996413105,0.8136771011597155,0.6243264846361751,0.9137807412142789,0.5238402044979374,0.8119696558388144,0.8277745053305309,0.7929589265207049,0.8065435347688195,0.7480468743358959,0.6236775802930036,0.821631204216966,0.812453447322429,0.8630259302694788,0.7076663849949857,0.6452425940603572,0.6437640005834054,0.5276073565684319,0.7617401903214676,0.0,0.3713768099122427,0.7853203653604267,0.608694279403951,0.9015419840253404,0.6169052467044811,0.7950451795837935,0.8408434450578143,0.8084982531952137,0.7862314795742102,0.7854051919891767,0.720265779135624,0.7622319621345434,0.7891694530296031,0.5148514809005653,0.788216101345153,0.338982993392713,0.3043184875022993,0.0,0.004640371219910629,0.0,0.3364737505185229,0.0,0.0,0.0,0.0,0.0,0.014795067196800595
p_75,0.9739415004491659,0.8414814716528015,0.7009719562634679,0.8317621879406847,0.37421664839555374,0.7771579791979975,0.8120250735056912,0.8479620439681033,0.8124501186320163,0.7446564479776285,0.7422321632059852,0.75864361449919,0.6870503581676026,0.8902185571047502,0.7724275716559166,0.7703661630134369,0.7222222199424804,0.6344950792270324,0.7965121608109113,0.0,0.3677758286534516,0.8226341469709694,0.6734209852565651,0.8397750808879698,0.5431734277256574,0.7975479324905314,0.8356832694230087,0.8621503197044431,0.820103708522665,0.6420901133155208,0.7454370779408331,0.8089255570889504,0.7863109652753679,0.6451612852465674,0.8147372089970865,0.0,0.3516483490721733,0.0,0.005979073154273944,0.0,0.5616883025699951,0.0,0.0,0.0,0.0,0.0,0.011652483258928571
p_76,0.969369481790106,0.8232252953046425,0.6863031103998819,0.8458587221587347,0.2204928635474337,0.7471009770040127,0.7921621971244875,0.8021945251343583,0.7865134087563013,0.5593991800644069,0.6224328579949608,0.7978803916278566,0.7742885162554256,0.8653989679616122,0.7815584952934693,0.7271105804782682,0.7199046455307722,0.5576470522629758,0.8269282203950707,0.22641505161980158,0.46661775152884993,0.8045234248658527,0.6434962699262229,0.8704719172189798,0.4294587362071097,0.7107297023003257,0.8072046513888622,0.8564225219106455,0.8026783263150065,0.6291016059865336,0.6974692345078495,0.8075079049194044,0.785621253488874,0.5793721921132539,0.840719848830943,0.1428571088435455,0.49102428463028364,0.0,0.0030165912063862565,0.0,0.26559355602427454,0.0,0.0,0.0,0.0,0.0,0.019609578450520835
p_77,0.9743033290050205,0.8243530554613937,0.7237369977136736,0.798880248336622,0.307228912578023,0.7555106763649211,0.7176033106161845,0.8139452508151873,0.7641876123812029,0.48194081757839335,0.616674017166577,0.7118329433325616,0.7280473355549176,0.8113683318727539,0.7891671512432856,0.7098472861773373,0.6614173197711101,0.6195965373227915,0.8263433262799241,0.0,0.134952764710489,0.8010379265485769,0.6741002942708624,0.8012749440124204,0.3945068614917995,0.6971903786677409,0.6820802507882513,0.8707048101482581,0.7604192653351395,0.6003483243516563,0.7284384679866837,0.8092887174901365,0.7558365740373625,0.5770925067761197,0.8319814592815924,0.0,0.18554687318801882,0.0,0.0022471909859866183,0.0,0.0,0.0,0.0,0.0,0.0,0.0,0.015555536179315476
p_78,0.974040451472485,0.8298199644872897,0.7126000713501467,0.8488962634641242,0.3114754055809371,0.7835410024457629,0.7604661199289312,0.8170466257205599,0.7598379618636604,0.5929831671131787,0.6756302504786789,0.7749494918183858,0.5961319664501366,0.8363200700556309,0.7997119629670693,0.7653646523754039,0.7053836341441981,0.5473484796652606,0.8089273105072977,0.2903225338189461,0.38514680150995856,0.8172386462705378,0.690612894776728,0.8549379492882793,0.20783645301811834,0.6976921124276713,0.7484134240867183,0.8581388473511735,0.7551671511233636,0.5766776671323678,0.7218889089957637,0.7973133141077506,0.7761266728961592,0.5057306554030755,0.8063079108995831,0.2553190946129586,0.3968042583435136,0.0,0.0,0.0,0.24622029705787696,0.0,0.0,0.0,0.0,0.0,0.01698463076636905
p_79,0.972907406522047,0.833847866613911,0.7035050199508747,0.8712001083354324,0.3003264385165785,0.776321085395802,0.7811146512183804,0.8263865351709101,0.830170888827141,0.6987046369042771,0.707497358216744,0.776595741238494,0.6566951551360515,0.8618953740650046,0.796195057078291,0.7275387745755376,0.7293339597102788,0.669387749637651,0.8266715777982395,0.44444438271605796,0.3644128087942149,0.8169698690930882,0.6747786851267343,0.8671343201521775,0.5682730866639248,0.7771565710919472,0.794233388779941,0.878996498903736,0.8397917861887891,0.7061503409544934,0.6866277577096479,0.8352302937610571,0.7784297267995816,0.6913580193568054,0.8388154713621921,0.07407404663924198,0.3734439808198895,0.0,0.002209944726961937,0.0,0.32713026124260275,0.0,0.0,0.0,0.0,0.0,0.01638735816592262
p_80,0.969862813933787,0.8172339546805459,0.6841226359426149,0.8999348937356879,0.4931147508648213,0.7840612589948777,0.7914039892006379,0.8413545095346991,0.8453877153836997,0.797455327161142,0.7383553745303181,0.7858197903034719,0.7738784356478321,0.846587250312583,0.7824909738464678,0.7091267212438387,0.6592082587813758,0.617309691164654,0.7718857851983205,0.3636363305785154,0.4113475152993646,0.7860814650045491,0.6442944586169538,0.8873272115598743,0.28681424170534897,0.78698863614006,0.8128832645213456,0.8500437003058786,0.8211792494671043,0.8146396980871731,0.7595399875600104,0.7974656802561081,0.7865655449984681,0.6246719105453027,0.8305534889721093,0.09090907024793857,0.4481605329758216,0.0,0.0027842227248991982,0.0,0.3317683829144228,0.0,0.0,0.0,0.0,0.0,0.01727992466517857
p_81,0.9628052662809112,0.8153314211476719,0.6387431271802915,0.8980604744252353,0.5781792871565026,0.7115568549417766,0.7125880583484642,0.8469804556984978,0.8078962863761104,0.6447110667914899,0.7076696870677047,0.8286099842682592,0.7628494121667057,0.8757573823464893,0.8130472425545586,0.7294700938039352,0.7456207130783674,0.6095423504426256,0.8265045371164821,0.0,0.37064676386413703,0.7780033811168592,0.5855411345104595,0.9069689029470733,0.540132195088459,0.7805385856558259,0.7953886356484122,0.8827230395855524,0.7300509329007386,0.6129486270080359,0.6734154914757582,0.8268705617814759,0.7715550904622165,0.6123032860350266,0.818522063871075,0.0,0.36951705640444366,0.0,0.005499541654449664,0.0,0.3009845245993738,0.0,0.0,0.0,0.0,0.0,0.01979253859747024
p_82,0.974664891094647,0.7929086425763735,0.6833286747440662,0.9144283929169915,0.6661073797562609,0.768229600945026,0.7990400236860911,0.797230824802799,0.7235607396353528,0.6435156723586195,0.6094398324443987,0.8335358424458424,0.8105571835622329,0.8363618159489477,0.7602910595007369,0.7506279126278151,0.7492668594235086,0.5541211464337523,0.7578984416457816,0.11627905624662137,0.40182128399646394,0.7836559219000377,0.6359488031797783,0.9196498663605648,0.6977863296545411,0.700175368925673,0.7878069010627233,0.8826442183197301,0.7545505927025997,0.7503379424453177,0.6898408795842328,0.825589633742697,0.7425658432665935,0.5500982264233966,0.8234876700164204,0.12307690414201475,0.47727272491466044,0.0,0.0026675558475032415,0.0,0.3730272543324641,0.0,0.0,0.0,0.0,0.0,0.013009498232886905
p_83,0.9678079757934477,0.8098424298023478,0.675871654117,0.8762566480535381,0.2738853474109836,0.7719597058805878,0.7250473138846254,0.7780862479004959,0.7784702540753878,0.5741648608206991,0.5799745426814287,0.8102661581553876,0.763274727822279,0.7612250965207716,0.7366962937357772,0.756431671378444,0.6977205130567541,0.44497040893526146,0.7929147725188587,0.0,0.21936589357869843,0.8009263695246359,0.641931203858716,0.8683829907186928,0.24169986398804963,0.725993377295635,0.7634201382123137,0.8396711197073027,0.7708240525937372,0.5677596302608657,0.662291168133868,0.7743767741933557,0.7883171049003697,0.4491362720812258,0.7866563219679439,0.0,0.38290186404032595,0.0,0.0038595136863777933,0.0,0.2429667488111669,0.0,0.0,0.0,0.0,0.0,0.016797020321800596
p_84,0.9696369412824742,0.8216056810760062,0.6883801638194139,0.8201320127179798,0.3854961795277082,0.7807686828255368,0.8076726782918301,0.7741902675679105,0.7269728486082557,0.5903460053499082,0.6532180579893899,0.7579349875413576,0.5367825369528899,0.8232008456027895,0.8007120764539379,0.7667698638628228,0.6970658180132203,0.5676855845616979,0.7886331989283161,0.35897431295201115,0.29895104633784053,0.8028319986325186,0.6580178140871429,0.8448305032179872,0.5720894327518162,0.655239099715357,0.7784792604421044,0.8230871057330754,0.7779571123150137,0.6267328774811372,0.6637023153201445,0.813217150536436,0.7415080685581593,0.555228272789188,0.8145154493436765,0.228571395918372,0.41363101989641,0.0,0.0,0.0,0.18111753022894933,0.0,0.0,0.0,0.0,0.0,0.020141746884300597
p_85,0.9687656279110337,0.8137214043050015,0.6999573253580674,0.8497267757372597,0.22333000774346953,0.681632041379936,0.714758126516244,0.8111604306841088,0.7574290108326778,0.36259363253441756,0.49555176888973734,0.6780407246063821,0.48374452274903273,0.694636516430786,0.6573012226134354,0.5520361973108073,0.5847066559502088,0.45138888366448054,0.7454659155316127,0.0,0.32735961572664507,0.7837967990676917,0.6571753678826671,0.8370447689523762,0.44247787330924226,0.7658979121727187,0.7627493888763422,0.824901259591937,0.7518180879321744,0.3892681753631954,0.5893380187671587,0.7262674372862645,0.6597118711879983,0.4433164091089982,0.7378364815767962,0.0,0.4566385247251016,0.0,0.0030120481852107224,0.0,0.3279098832551955,0.0,0.0,0.0,0.0,0.0,0.016477021716889882
p_86,0.9793519654880699,0.8371290499876056,0.749705825829968,0.8641093090171937,0.322128849284812,0.7724589071229705,0.8203441819411296,0.8520955593976551,0.8514680473088231,0.7816400198229603,0.7448648628517165,0.7494181507004726,0.5606173747557446,0.8360107205080636,0.732466467971264,0.7601017215029621,0.7108167744267226,0.6090090035224415,0.7983146059940874,0.6315789141274256,0.31802720818004077,0.8219110775464671,0.7264997431240879,0.8747147503367945,0.5227447916519291,0.7524077478756607,0.8129666994997595,0.8822052205324971,0.8475916596602066,0.7460010180886388,0.7339077528284141,0.8152662595511377,0.7747697438605365,0.6357894692225301,0.8527315906698962,0.36111106095679707,0.3783783761058356,0.0,0.0011574074007094479,0.0,0.49594812810456845,0.0,0.0,0.0,0.0,0.0,0.01358395531063988
p_87,0.9740324834463449,0.8385579125378447,0.7170490266832282,0.8123199335901221,0.4421052595780951,0.7720766717524408,0.8224277093734539,0.8660087598997263,0.7996556379293376,0.7237975585751997,0.6969622111707527,0.639808150408594,0.6675073546290304,0.8760212179354897,0.7873692070372111,0.7833333311574073,0.6492293290554445,0.6516690809022563,0.8280987341165189,0.37735841936633596,0.3813953444023797,0.8258341072059222,0.6979694914462323,0.8178575815902979,0.4820143841545469,0.76515004819108,0.8219286602209872,0.8700719912752417,0.796019899507438,0.7011742595573751,0.7291447767826335,0.8156751644800045,0.8148898434669793,0.5911864366699224,0.8063976187405639,0.21428567602041498,0.4050811545160116,0.0,0.0,0.0,0.2728551297770024,0.0,0.0,0.0,0.0,0.0,0.014051019577752975
p_88,0.9708246657213305,0.8091020301380756,0.6584559821967649,0.8304646682263048,0.42019543631762674,0.779184171085734,0.8177241653839784,0.7999110958493576,0.7729369544170465,0.5518957104668168,0.7059995003584777,0.8073619598880901,0.8281068508941022,0.8436078697140604,0.7698040877663926,0.7706868556768879,0.7095218934932828,0.5182546703628258,0.7903308753725948,0.146341427721603,0.3548387071890694,0.8045233983195904,0.6436670436412771,0.8040240391925634,0.41590720450781105,0.803265059127991,0.8373717703653416,0.8452352226506422,0.7318808351135162,0.7146274468728383,0.7093481774313427,0.7996388072643336,0.7732628016992961,0.5981424111570129,0.8164350653487433,0.1081080788897084,0.4377457376294513,0.0,0.0,0.0,0.45901638591776417,0.0,0.0,0.0,0.0,0.0,0.01703709193638393
p_89,0.9692253514275646,0.8156835917172613,0.7039498014313482,0.7951654671682501,0.19269776680833908,0.73806702357253,0.7448300896540417,0.7283533383473061,0.724234661880431,0.48359815417273433,0.5077252186647844,0.5393258406070288,0.6733584260281087,0.7416877275836663,0.6981034296837979,0.6064080923898546,0.5091420516556187,0.5791366854394183,0.6925830344688396,0.0,0.2577675459405346,0.8016798524043137,0.666706359491383,0.7585782044239646,0.19273742747573425,0.7759810827678169,0.7553927755924192,0.8182355020560792,0.7657347111378339,0.5709360904654786,0.6331409714898166,0.7788461531119475,0.7441086755084317,0.6331738386509264,0.7206208419575125,0.0,0.28169013864092224,0.0,0.0011337868416451994,0.0,0.30196935881905124,0.0,0.0,0.0,0.0,0.0,0.017564900716145835
p_90,0.9700314886522828,0.8229588479319107,0.7063957599808367,0.6077423770060446,0.1944035317466343,0.765009555861029,0.8180233279456568,0.739843663580401,0.6481058867364888,0.4857238079260929,0.5073078724485907,0.5219435716224782,0.6895814769553313,0.8053286959591763,0.6701836251697437,0.6199158467884548,0.5328571409540817,0.2595155686893117,0.7339212031923621,0.0,0.19576719317768262,0.8077121604936481,0.6891114746167768,0.6520240316635241,0.3052884578691291,0.7883224102501654,0.8332780676315888,0.8187332636653734,0.6551772840017273,0.5673684204554017,0.6663874331593981,0.7424834219797589,0.7121455304651002,0.19195483280201248,0.706480940273183,0.0,0.2806673181485052,0.0,0.0,0.0,0.2044609627423613,0.0,0.0,0.0,0.0,0.0,0.015428815569196428
p_91,0.9668033845429581,0.8075006370534321,0.7218266350426018,0.8184730119909772,0.21415269819224678,0.8015996876703082,0.7615679276427356,0.7332929722287092,0.6201988244236344,0.5151515147130137,0.5562422734306158,0.743271845348437,0.7903977054991084,0.8586896167603151,0.7202005493124692,0.6313757909253493,0.6555059499423141,0.48429118402842003,0.7587017177568647,0.045454535123969284,0.21155184264751675,0.8027977681259025,0.6888549367063466,0.8358281607903013,0.32181638379253324,0.6715019498070242,0.7372647455937857,0.8700713989403468,0.6948728629690779,0.5645906481569113,0.6942372869589198,0.7906134454156694,0.7051091780684563,0.4204851723686983,0.752300276944428,0.27272721074381573,0.34782608501769186,0.0,0.0017211703810570535,0.0,0.05679513069381074,0.0,0.0,0.0,0.0,0.0,0.028502982003348214
p_92,0.9761148582642767,0.8246456476828546,0.7101189016096378,0.896289344637865,0.4673659646423895,0.7690998082652958,0.7957148281603665,0.8065493527522728,0.8264991985882291,0.7346407837356006,0.7546112520321941,0.7651292968138381,0.6486822978861128,0.8639097360760483,0.7707786518254827,0.7042513841520289,0.6326144508792491,0.5369978801585847,0.761058737526234,0.449999943750007,0.4129826501791682,0.8271463962719702,0.711535196634687,0.8617527838881772,0.6342710964998921,0.8085203453738286,0.8431550823989625,0.8358956435849665,0.8244618176882705,0.8093901975220817,0.7563462773782897,0.7992256629800648,0.7970818676112351,0.596989961563629,0.8103036197129294,0.24444441728395364,0.5210157595402112,0.0,0.002490660014567621,0.0,0.438356157711474,0.0,0.0,0.0,0.0,0.0,0.012062000093005952
p_93,0.968488157359523,0.8291977132285231,0.6639853631827861,0.8686414102812198,0.3104575138034517,0.803826935951673,0.7993907840872094,0.7753410460050992,0.8209671455383695,0.7210481010604877,0.7050818611416504,0.7146034072846427,0.7682017948247625,0.8722419861620537,0.7486271424984566,0.7241281521856304,0.7150837963858806,0.6105860055710207,0.7851367304577662,0.16901406070224495,0.47085455307948754,0.817604421165929,0.6356625766406353,0.8139334549295072,0.5403141304679149,0.7752997804621892,0.7927818484562796,0.8599900344018214,0.7484401954753217,0.7243791173599806,0.7133319831816064,0.8100443762203222,0.8149779713243999,0.49455676131759907,0.8304009995263009,0.24999993750001562,0.4807121633192157,0.0,0.0037950663776559167,0.0,0.2608695623091465,0.0,0.0,0.0,0.0,0.0,0.01691167922247024
p_94,0.9677462361291762,0.8088879159226724,0.6709649739146952,0.9007701156942048,0.2786885217347488,0.7397313510797611,0.6843482182655461,0.816173850601963,0.7953343268746313,0.6481817205415573,0.7017001527519315,0.7888365810731789,0.6246632111405944,0.724879992044398,0.7806998470107587,0.7826343745344525,0.7326106561309365,0.6245282959950161,0.7875708415208414,0.32835815994654327,0.401652037162354,0.7855440812448287,0.6281302697888786,0.8977634708454001,0.5599999950222223,0.7322778418899667,0.6841796529429182,0.8773425253040786,0.754287209380433,0.5932242983724015,0.6976069598800896,0.8057524388230586,0.6675114022617552,0.5994962166289151,0.8112185678808331,0.39999996800000254,0.4383828522241458,0.0,0.0028591851117999636,0.0,0.25539567885979,0.0,0.0,0.0,0.0,0.0,0.02045171828497024
p_95,0.9705236870373183,0.8120140582758434,0.6830417705953538,0.6883267574160078,0.38265305797063726,0.7955415375583974,0.8317762221580323,0.7636035671091274,0.7595042462616568,0.5877266715651175,0.6849255969701842,0.7621998421293577,0.7857961035835141,0.8524263972783768,0.7694399122988582,0.7202988774089691,0.6357346331471931,0.5893358223635564,0.7988338185569939,0.2413792687277123,0.14325068673208421,0.7982146504493979,0.6628494289647395,0.697438893078743,0.4877161011126834,0.7260036915303404,0.7980977649610276,0.8572352112610521,0.7448992842821323,0.5414127730293243,0.6417086617669578,0.8280854136553697,0.7749003964768416,0.6040955579855328,0.8262818207007155,0.3571427933673583,0.27109004482379107,0.0,0.0,0.0,0.2172523926956487,0.0,0.0,0.0,0.0,0.0,0.019608270554315476
p_96,0.971175007936012,0.813132602631331,0.7240064146303005,0.846689895009424,0.48882035089575676,0.754626783957152,0.7309871417474677,0.7895973836145528,0.7792176616520067,0.4814293443622855,0.548405796041728,0.7627627598995391,0.80104291856991,0.7949824951261468,0.7863218775209919,0.7549759763098239,0.6468615206187756,0.6001813182213842,0.8010757199755646,0.10256407626562146,0.35171695783853324,0.7943256871588281,0.6910140338462434,0.8232481142644547,0.21988303836394107,0.6844858472030368,0.776169783452564,0.8645833329003489,0.7688809087146847,0.57281993140111,0.7080745328679676,0.8026607531957524,0.7534102817347109,0.4576894741891871,0.7893625995868615,0.0,0.32783704822660475,0.0,0.004338394746872074,0.0,0.14931237427677066,0.0,0.0,0.0,0.0,0.0,0.022792416527157737
p_97,0.974243978170162,0.8321177127579739,0.7232872490147458,0.8615008595720554,0.2963503628003623,0.7364754288267462,0.7901186259992489,0.7470326034221302,0.8209650991294379,0.5429902577901417,0.34099783006291146,0.8319088295387213,0.8454122326372803,0.7778641558293938,0.7475355393301489,0.7173616769763922,0.7210610903494329,0.5864939816235525,0.804613182250515,0.10714283801020749,0.29727626227800574,0.8277576084605858,0.7036037242173608,0.84282103692212,0.4807121633192157,0.8197350953656598,0.8446291997258979,0.8716867782728109,0.7992052641261577,0.638817357521395,0.7122470698354696,0.7555720646772176,0.5982651781951296,0.4938505156683963,0.8222971766178794,0.11764703575548317,0.3365785790224021,0.0,0.008510638177154068,0.0,0.33553500217258914,0.0,0.0,0.0,0.0,0.0,0.016321236746651785
p_98,0.9758558241728817,0.8233987059181842,0.7222283591120534,0.8259916969407336,0.3945841354488962,0.7892396618527012,0.8396477574723756,0.8420805718395118,0.8467010046030157,0.7367910802357818,0.734294539819015,0.8029795128380651,0.6349979686662648,0.8687069162572509,0.8031145708530427,0.7514242856029256,0.6266218134232493,0.6938020287344864,0.8064426540716073,0.39024385484831037,0.4566801582455048,0.8098813940330103,0.6952438133959217,0.7854566026841221,0.4020833291449653,0.79969475119423,0.8682807200738087,0.8582577890026669,0.7715479043519201,0.657002898473455,0.7030121964077366,0.7678437256972805,0.764131549937997,0.5548936122987778,0.8286189676200602,0.0,0.38948233040688307,0.0,0.005741626739314577,0.0,0.3199079364797706,0.0,0.0,0.0,0.0,0.0,0.0136383056640625
p_99,0.9762153508427492,0.8411011024789338,0.7150218156021325,0.6448578588577991,0.36040044092991724,0.8076656430603977,0.8355674197835468,0.8184555605544169,0.7997455732007361,0.7390063773590078,0.7208964500500178,0.6190476156977943,0.7329443430589221,0.8850232674530654,0.7779482255244984,0.7210616841458302,0.6585563639150187,0.6548223308704167,0.8365980652644036,0.35294113494810175,0.16289592514485784,0.8306762226558452,0.7001998708045379,0.6941540837261382,0.43813386979580254,0.8298386466001926,0.8640497235611452,0.8711332498773932,0.7851959353253204,0.7500616415303184,0.7388635899052394,0.8153013217224627,0.7942830346900586,0.4947491219676247,0.828293095444055,0.1999999750000031,0.28207639292775327,0.0,0.0016680567000162078,0.0,0.2962962928669411,0.0,0.0,0.0,0.0,0.0,0.011679949079241072
p_100,0.9773284733070632,0.8362653645917851,0.7332891691535082,0.7681132422126322,0.4890624961791993,0.765648566878567,0.8061172446293264,0.8246840873361035,0.773590416632208,0.6946184049521087,0.7179623223190175,0.7719897490521359,0.7277375357312793,0.8534342024978231,0.804217535178449,0.7873934363539307,0.6447241014292153,0.5704845752149276,0.8161663715752734,0.23809518140590918,0.5186721955831799,0.8178321097644312,0.6847558231944154,0.771024734528254,0.4934579393134772,0.7365699509283508,0.8318474203440608,0.8577017726650459,0.8046362228674261,0.7285955285442899,0.7363136487298264,0.7265315108786563,0.7582529183386162,0.5619694349578147,0.809363905968182,0.0,0.24948024775134964,0.0,0.0,0.0,0.21643835319947463,0.0,0.0,0.0,0.0,0.0,0.012806193033854166
p_101,0.9723319108154511,0.8177853808523177,0.6623858755374775,0.8875701398726253,0.3294422806132148,0.7487947479872821,0.8181807178843112,0.8193334627302453,0.8483797828398723,0.6246863417078667,0.7198938972947111,0.7796135514432552,0.6784090896242252,0.8829373206194631,0.6548543681373127,0.589248791904725,0.6719160079793175,0.5970873713945708,0.7683440066163367,0.0,0.4962991799910433,0.8085906030846685,0.6523053788286222,0.9047580750824934,0.4420233428636316,0.797027428510464,0.8606853667592298,0.8299482775135939,0.8505747116357688,0.7136086654100557,0.7572633534272181,0.7774961978940739,0.7862219770742974,0.6149019559615533,0.7862829141927365,0.39344255845203957,0.5575551763750248,0.0,0.004761904724111868,0.0,0.42047929825185953,0.0,0.0,0.0,0.0,0.0,0.013119652157738096
p_102,0.9654336377201616,0.8041882149356433,0.6345528006075956,0.9048225286691391,0.6721311446413669,0.7765232093011173,0.8134657050859577,0.7831069331210282,0.7875110967926737,0.7177428340384266,0.6658986159771921,0.8692718558637282,0.7158617290613833,0.8401261277984424,0.8118451990465628,0.7397034576065253,0.722992851101333,0.5273885283135219,0.7896075574222315,0.04878047590720099,0.43105445868450487,0.7741193307157632,0.5990371531286762,0.909129015566595,0.4295611976169269,0.7401841849312085,0.8285854971955724,0.8650093220229899,0.7771754625147284,0.6428021546794943,0.7233333316111111,0.787313432019783,0.7704630769199923,0.578525636390019,0.8297340702929377,0.6336633035976927,0.4560892748370243,0.0,0.004255319103666818,0.0,0.39766081289969574,0.0,0.0,0.0,0.0,0.0,0.02170962379092262
p_103,0.9726957866189198,0.8401867277216419,0.6841888074977627,0.8104349961173722,0.2497704292950374,0.7597816402640913,0.7680056700389816,0.8581675534557761,0.8340206174819322,0.5927549600914226,0.29995427457715074,0.7240875877173353,0.6645512224284877,0.8664734847617866,0.7272551477064149,0.6098722109499568,0.6197183068493525,0.688612093517686,0.8398284194215311,0.03448275267538747,0.1203208540064057,0.8329706882817579,0.6756331751701965,0.8630294654333394,0.41486067683322314,0.6453808581925125,0.784406308049357,0.8679708024128637,0.8529375679468446,0.7129503401042353,0.698113206015548,0.7980943298731831,0.7693050174485884,0.6208955177545111,0.8204934296053564,0.2068965160523248,0.32324840506967834,0.0,0.006359300375845782,0.0,0.38865247675670245,0.0,0.0,0.0,0.0,0.0,0.015996297200520832
p_104,0.9774583007365013,0.8377043343016589,0.7347820430791047,0.8054182443311175,0.2835443002083,0.7729947020277946,0.81649308026705,0.8458378823658099,0.8392912642842283,0.7023786114582479,0.7498358486543317,0.6731141166677267,0.6776145188469869,0.8626282327585196,0.7887815894916976,0.7614213178644128,0.6403326376701345,0.6306913943449293,0.8169799435048296,0.040816318200751385,0.25971142886002857,0.82748833514228,0.6892804565149072,0.76445027403095,0.3552794986921802,0.7607985670141174,0.8155455990998712,0.8775595482252614,0.8131744595175647,0.7335699887426174,0.7154436844807089,0.7978856311409076,0.7555886717446878,0.615482229597194,0.8249107638315698,0.04999998750000312,0.29457364087361204,0.0,0.005908419410510792,0.0,0.1646423729467966,0.0,0.0,0.0,0.0,0.0,0.011997186569940477
p_105,0.9725698336530899,0.8361260826907714,0.6988557090524183,0.7444732958492012,0.37162682828352483,0.8047677761714614,0.8031460161351657,0.7906976739899726,0.797471687124741,0.7487543112794612,0.7291046468305367,0.6630054884522941,0.724387396209131,0.8162044588063817,0.7483243235153251,0.7417525754078541,0.6701260167897478,0.6006655524071086,0.8068316733885911,0.3214285140306225,0.4050862815160193,0.8227349583468075,0.6785284533659551,0.7684529822559202,0.6452084810153,0.7846428981237328,0.8077731160660694,0.880623530929782,0.7808713575910398,0.7202503170819886,0.7050390033627684,0.807983481655704,0.7901892807512949,0.4376731271629285,0.822000375944622,0.3050846940534417,0.4164648876798637,0.0,0.0,0.0,0.34232121521311587,0.0,0.0,0.0,0.0,0.0,0.01795901343936012
p_106,0.9687635746224952,0.7861292568361457,0.667399345106155,0.8639181199135368,0.26794258116801356,0.7712585407160549,0.8147183647398787,0.7522358931366275,0.802159175493147,0.5940520438735415,0.6585122300087063,0.7923954352537504,0.6908195555912424,0.8041912895326693,0.7126760555658981,0.6693949118111812,0.6975476818118447,0.4717948657462197,0.7515912749286334,0.33333325396827285,0.2202304723416743,0.7729603663969232,0.6277085073286645,0.8664103613652308,0.36185818628535227,0.7193419295866291,0.783254276660449,0.797926918229543,0.7449245175105095,0.5591344964849588,0.7014585216466306,0.7883897121028816,0.7399999977575757,0.5481099609268903,0.8177777770508642,0.0,0.4126016239197072,0.0,0.007185628656459537,0.0,0.3703703638382652,0.0,0.0,0.0,0.0,0.0,0.01815185546875
p_107,0.9747542249339436,0.8346504466921385,0.730235791215159,0.8707627115569341,0.29063097236490465,0.7820771612367221,0.8252847305534521,0.8222475751156603,0.8428520742073407,0.7527084307558093,0.7489401772281202,0.7184249601841568,0.6705357127889828,0.8774056895012589,0.7875218141497362,0.7296110391166529,0.5244789116603058,0.5174574707479188,0.7934937688637936,0.3777777358024738,0.4920198101705019,0.8131289499737525,0.6977811062394841,0.8574292392451772,0.39003436091035776,0.7484888605294775,0.8331768301724384,0.8240984571268348,0.849056602759665,0.7360104101728849,0.7379371386942516,0.7824175815987258,0.7617401303320652,0.6035502913938589,0.7980178386540954,0.4578312701408108,0.3697253826542171,0.0,0.0025031288798106526,0.0,0.5010019939678959,0.0,0.0,0.0,0.0,0.0,0.015277535574776785
p_108,0.9700403034148435,0.8229144624754008,0.6887775883773781,0.8210912000795264,0.34687809368802686,0.7993803657942656,0.8336315550901789,0.8245390616109081,0.832418951580525,0.6815407697033109,0.694742086482078,0.6989066412998038,0.7726703617015376,0.8878299723181207,0.7505330483131101,0.7106371015699211,0.7232349992600762,0.7149187539518556,0.7943249250794465,0.49367085483095857,0.3593495905743936,0.8016511218254463,0.6458686454154287,0.8397790049976275,0.4532520279141054,0.8299440189563737,0.8620349114222906,0.8796341657795013,0.855592468598458,0.7176021150772827,0.6722137055567907,0.8012536865770155,0.7822784790322064,0.6613011357390937,0.8289987607611711,0.23529408304498778,0.34978229064018657,0.0,0.0,0.0,0.4137930966536438,0.0,0.0,0.0,0.0,0.0,0.015626743861607142
p_109,0.9737517029578818,0.8347759344095286,0.7071834584393373,0.7880872042641531,0.43673851511960154,0.815731717784294,0.8391894831970618,0.8520169118660628,0.824109452946987,0.6960985619136565,0.6746810582073576,0.8577740931848271,0.8604792593839201,0.8728607695068837,0.8116785383649258,0.6846245514073312,0.7281286750563802,0.6233521598554411,0.834221649665299,0.6055045316050889,0.4118773906908296,0.8311760384554864,0.6937034320245992,0.8250366493562135,0.48378127447839414,0.8162598672787527,0.8642709546953302,0.8552100635798658,0.8334718090997367,0.7477005234420923,0.7086165299087557,0.823242278397407,0.8158528556692515,0.6597170464652491,0.826319241891162,0.2941176038062347,0.49714647750699764,0.0,0.003249390712840043,0.0,0.29032257730043115,0.0,0.0,0.0,0.0,0.0,0.01568240211123512
p_110,0.9783572264424044,0.8258633179830897,0.7471459161479918,0.8506481646655797,0.3220568292008548,0.7667440409990534,0.8234702202322907,0.8089273011274398,0.8584090395984832,0.68526481312505,0.723252494714093,0.602832857774318,0.5338882267125795,0.8644880008899163,0.7695167277831656,0.6804845203755463,0.6323232291296806,0.6273653520570207,0.8036809808700099,0.3448275267538747,0.4214285676658164,0.8151927586890434,0.7204387220003255,0.8338195750621706,0.4534412894272431,0.7777184149881284,0.8449296916681363,0.8740948876720551,0.8523814634422304,0.7137492168644386,0.743758211248887,0.7795050104525414,0.7572254315364544,0.5690834434399218,0.8070760388931407,0.35616433477200893,0.41317364960199365,0.0,0.0029154518737940826,0.0,0.254172012141566,0.0,0.0,0.0,0.0,0.0,0.012512788318452381
p_111,0.9724825795086208,0.7912434337688754,0.6921103633823404,0.8509097656651923,0.23076922815871914,0.7814997992831172,0.7499327126279369,0.8101238782517494,0.7891001257425854,0.5261961580563744,0.7048022582278667,0.7236002809227488,0.7983785675037389,0.8254239753938744,0.7889280117479186,0.6445982526494184,0.6759950227736473,0.4536453604532371,0.790710584020438,0.19354832466183075,0.4446381826971388,0.7614045086738613,0.6350381744297244,0.8631405098599937,0.24092408843359592,0.7561835428172927,0.7514610330137965,0.8569134593927205,0.7720767879324296,0.6537852384607906,0.7615687886250907,0.7917545534115489,0.7612940811387523,0.680613663315107,0.8350298020770016,0.045454535123969284,0.386123677329384,0.0,0.009022556255299906,0.0,0.043956042748460364,0.0,0.0,0.0,0.0,0.0,0.017538306826636905
p_112,0.9781291919866343,0.8447875450763902,0.7405234812722166,0.8701909235008198,0.4236343319550242,0.8245028386474641,0.8190833072538023,0.84975167775487,0.8133301125171093,0.684589631039272,0.7024719085337711,0.7912164489675272,0.8231249987138672,0.8887355401803737,0.8132649024740773,0.7602040794778796,0.7533225259211587,0.6199021156614836,0.8352748288590259,0.13636360537190786,0.4579663694318145,0.8380697852375538,0.7227961894433699,0.8518222318908819,0.4976635455880427,0.8247624529730024,0.842884189881417,0.853974715634254,0.8153900449283562,0.6757493180645784,0.7474833995556149,0.8382237863475902,0.8120063169773398,0.6234939712086297,0.8469776721301709,0.19512190362880397,0.4705882321838187,0.0,0.0,0.0,0.17158930841646544,0.0,0.0,0.0,0.0,0.0,0.010632760184151786
p_113,0.9754740517095353,0.823288102465196,0.7300573313101689,0.8834488899239071,0.5052802558466267,0.807973985350495,0.8584368647854472,0.7742113691098772,0.7763213522449035,0.6903927062671873,0.7160814895620254,0.7873668718789317,0.7797006529941519,0.8765898932835011,0.7870350682390701,0.7398171218071014,0.6855241236043089,0.61213234731496,0.8152064902769565,0.1428571088435455,0.4248888851120988,0.8232946310117645,0.7254349429053761,0.8526815452811952,0.45043310442316553,0.7905742730178374,0.8547259206564918,0.8132743841420914,0.8020537461196704,0.6846863809712881,0.7471095212379452,0.7532710272551703,0.822749296549989,0.5682715030128532,0.7969581741473781,0.24999993750001562,0.26013513293804785,0.0,0.0069605567637986455,0.0,0.3485341962779447,0.0,0.0,0.0,0.0,0.0,0.015315028599330358
p_114,0.9761822110719361,0.8324105542921426,0.7302112755517709,0.8875159357695022,0.22018348371349217,0.759202858399673,0.7924468596827099,0.8434512423258537,0.8389802440801455,0.8035009431924653,0.7576136821910436,0.7383351969453706,0.6709646593338953,0.8640203718467248,0.8056814739541841,0.7819512176049971,0.7533718665594994,0.6269070691615322,0.8207723028666025,0.608695599243861,0.5331882451948409,0.8137741091594278,0.695084574759456,0.8851244767556669,0.4408602116677403,0.7808074835442914,0.8156275362786375,0.8881614184345209,0.8210481906347694,0.6677994895989809,0.7411290307638528,0.8220289847130154,0.7996352842497486,0.5451306380930485,0.8340595489886896,0.2127659348121346,0.4193548365278104,0.0,0.004118050761029164,0.0,0.3999999935483872,0.0,0.0,0.0,0.0,0.0,0.011472574869791667
