Vxm_1_ncc_1_diffusion_1,,,,,,,,,,,,,,,,,,,,,,,,,,,,,,,,,,,,,,,,,,,,,,,
,Unknown,Left-Cerebral-White-Matter,Left-Cerebral-Cortex,Left-Lateral-Ventricle,Left-Inf-Lat-Vent,Left-Cerebellum-White-Matter,Left-Cerebellum-Cortex,Left-Thalamus-Proper*,Left-Caudate,Left-Putamen,Left-Pallidum,3rd-Ventricle,4th-Ventricle,Brain-Stem,Left-Hippocampus,Left-Amygdala,CSF,Left-Accumbens-area,Left-VentralDC,Left-vessel,Left-choroid-plexus,Right-Cerebral-White-Matter,Right-Cerebral-Cortex,Right-Lateral-Ventricle,Right-Inf-Lat-Vent,Right-Cerebellum-White-Matter,Right-Cerebellum-Cortex,Right-Thalamus-Proper*,Right-Caudate,Right-Putamen,Right-Pallidum,Right-Hippocampus,Right-Amygdala,Right-Accumbens-area,Right-VentralDC,Right-vessel,Right-choroid-plexus,5th-Ventricle,WM-hypointensities,non-WM-hypointensities,Optic-Chiasm,CC_Posterior,CC_Mid_Posterior,CC_Central,CC_Mid_Anterior,CC_Anterior,non_jec
p_0,0.9751224585276848,0.8213110281476439,0.7091786224893583,0.8609857759181017,0.2734177192116648,0.7432789104376523,0.7649866481097174,0.8031437121454535,0.7540548499645313,0.7273286820605984,0.7624466553758971,0.8287785810686598,0.7007910639814076,0.8324584065640136,0.7135874870834922,0.660257911699278,0.715563503701025,0.6520270215200421,0.8197287718582286,0.2539682136558391,0.234893615022182,0.7967773271738119,0.6596806983876513,0.8030052379356182,0.3767361078408324,0.7046653420326858,0.7980003487183922,0.8758265975946269,0.7437217271194483,0.6492596353009386,0.7402692760336125,0.7641638529658208,0.6643470177120228,0.6190822970205222,0.8394004275165949,0.4307691644970516,0.2136602433129576,0.0,0.0033085194101859436,0.0,0.43557167993517826,0.0,0.0,0.0,0.0,0.0,0.014648582821800595
p_1,0.9729393892992654,0.813952739027286,0.7059991961920942,0.8003407150480746,0.12620027261728023,0.7947416309576308,0.7677648949163263,0.8331450863368184,0.7763999467740504,0.7079334325015996,0.625026024099467,0.5191451446164508,0.8186922644109903,0.8204237581254928,0.7318718373853071,0.6493301795394532,0.5044802844781349,0.5313773387825808,0.7498748533707035,0.0,0.23393045064351475,0.809243430518255,0.6940545334278093,0.7401677381807933,0.14559386694264623,0.787373178634569,0.8261396475668166,0.8293581733906448,0.7116059533927074,0.6310526797231251,0.5944248123391739,0.7422831043449469,0.6294518801984039,0.48679973929942216,0.6966015426887198,0.0,0.23354036976968484,0.0,0.0,0.0,0.19656019173070782,0.0,0.0,0.0,0.0,0.0,0.015381876627604167
p_2,0.9756993994903721,0.833618756060849,0.7220729716182538,0.8549438092100559,0.43485763214100404,0.7966559700510454,0.827635075233564,0.8289962820142526,0.7858697033330735,0.742725879738869,0.7493217559703695,0.7896995674261821,0.8036991784964245,0.8711567936396796,0.773031282876989,0.7580052473543168,0.6918918890150025,0.6761268724864201,0.8448763909748289,0.19354835587929742,0.36220472124055364,0.810154473847279,0.6853393276721599,0.8319669480137067,0.5524956923193142,0.7974170889015783,0.85671486927847,0.8779541868391988,0.7807334700662016,0.6650596870235771,0.7481035816162606,0.7936307067450905,0.7779715903863155,0.600188141108296,0.8337944655792545,0.0,0.3318056798184631,0.0,0.002534854213753432,0.0,0.4730679046119929,0.0,0.0,0.0,0.0,0.0,0.013114711216517857
p_3,0.9704415150730917,0.8195331440819724,0.6875826591618149,0.8113096191795109,0.3567888963648276,0.7159204486046057,0.6309095553631587,0.8320614873279926,0.7273836754730989,0.6904293021953236,0.7087462285464321,0.7585022303040115,0.6769632354210067,0.8180129252238098,0.7000208891790047,0.5982118650820594,0.7134502896161782,0.5143796177947443,0.8225511385144262,0.1846153562130221,0.3150492242260955,0.7876819016630926,0.6442847823626119,0.8734591191306251,0.2305159140448308,0.7690564154289407,0.7679232023251487,0.8205658650315998,0.7387510216270098,0.5975598563456932,0.6923239570896089,0.7363838451867508,0.6720812165683218,0.4403036546562895,0.8287884010797477,0.0,0.3752151441467863,0.0,0.001966568318912799,0.0,0.08593749664306655,0.0,0.0,0.0,0.0,0.0,0.018716721307663692
p_4,0.9750709318880436,0.8288962169467601,0.7088749703599218,0.8842674004423713,0.28656126199050136,0.7576886678620508,0.8247627410027517,0.8251748247168527,0.8035657425410531,0.7553493649352875,0.7741094683446798,0.759859152254017,0.8197012787700902,0.8798917974622462,0.7236311913680598,0.6588027111211952,0.7324792738037705,0.586357034932097,0.8012428200722693,0.24657530868831387,0.28887251076733594,0.8111930504735255,0.6823781297845447,0.8648389304781223,0.5155279463080128,0.7512319655788066,0.8315957841227333,0.8536667409432234,0.8189397169528221,0.7557015478595012,0.7955974824896732,0.806926585641926,0.727593297891292,0.6357894692225301,0.8314497263918066,0.18181812672177977,0.44812833984958106,0.0,0.005347593535226439,0.0,0.503018098530823,0.0,0.0,0.0,0.0,0.0,0.012469046456473214
p_5,0.9740453202888004,0.8248202837937197,0.7085320196944612,0.8979142616976044,0.2950819643675799,0.7429522192682387,0.7787684591205559,0.8502432239690507,0.8118285515429964,0.790143963833385,0.7447577711623096,0.8232030244055408,0.6886462867060125,0.85153414028279,0.7516957854556056,0.7093791257946528,0.6683081228691237,0.6278688473125504,0.8244591516107289,0.1777777382716137,0.2929427410589698,0.8056157796727402,0.6733766742285032,0.8961591499967256,0.3860911224689314,0.7482870310364124,0.8107940399092833,0.8614108890546852,0.832583064488121,0.8047684540992495,0.7856605645884668,0.8313010073631292,0.7955917061254482,0.6666666610971874,0.8351484082477596,0.16666663194445167,0.37537003922220225,0.0,0.002659574450401766,0.0,0.5593561255662751,0.0,0.0,0.0,0.0,0.0,0.013874453590029761
p_6,0.9712446136793689,0.8117411746229275,0.6636188983634024,0.9043157504231364,0.36708033724963857,0.7258215318405916,0.8067172122550226,0.8008255929361165,0.7378640767514761,0.7218225411796135,0.6415882950846701,0.8398020295915549,0.797261715293555,0.819198429880526,0.7776172582320936,0.649727766010558,0.6068702261122603,0.60199999398,0.8208875415960725,0.22222219753086694,0.37526958752502093,0.7827232060451569,0.6053828204042717,0.8694033380022708,0.21882951468337986,0.7447125550988482,0.8208065866019533,0.8396056786908018,0.7220908222302616,0.6771152995647575,0.5763037717464462,0.7495254445001126,0.5792553176083635,0.4775862027794293,0.8137412767814088,0.1851851508916387,0.36708229243350476,0.0,0.0,0.0,0.166064975954333,0.0,0.0,0.0,0.0,0.0,0.01641119094122024
p_7,0.9769470704819656,0.8285078403878842,0.7277473520470172,0.8274144447802719,0.34520981516065075,0.7921053436900748,0.8333445576799602,0.872331009584948,0.8148244125763582,0.7528990282333374,0.7251818804853747,0.7425531888561943,0.8190028886939977,0.8669553235845393,0.7354279057067302,0.7012909015271963,0.6366392350080587,0.48979591402133177,0.8070636851333236,0.09999998333333611,0.4108380566424823,0.8072011976720698,0.6893488828431986,0.8720408238222611,0.27194860522538966,0.7674125139985188,0.841655780705852,0.884398012853572,0.8234146331421773,0.7634438555183024,0.7627863902735793,0.7934636458853411,0.7176097284039933,0.5539682495716806,0.8155671753664852,0.2499999479166775,0.41682847626648234,0.0,0.008247422595387396,0.0,0.4368230968082474,0.0,0.0,0.0,0.0,0.0,0.010877627418154762
p_8,0.9746995213490761,0.8341188829794484,0.7158938746789236,0.8103505680395993,0.49365302895872337,0.7960678794799616,0.8371441350814909,0.8041308084887373,0.783144405146446,0.7662850767234474,0.7675855495066883,0.7638839098391833,0.7429449016261377,0.876785133071191,0.7675155489173624,0.7180820314324609,0.6933045331414524,0.6344605423956479,0.8274925284546839,0.3999999384615479,0.40031274120162047,0.8030519881659727,0.6801012752272214,0.7496106870341688,0.500754144036545,0.8056096388708457,0.8555424184898764,0.8673634783593073,0.796339296822375,0.724803276140128,0.7665882334903806,0.8163844663729246,0.7847203252804357,0.653666141547066,0.8455376488120463,0.07999998400000319,0.26248941352676197,0.0,0.0,0.0,0.49433961331434695,0.0,0.0,0.0,0.0,0.0,0.013196672712053572
p_9,0.9720617174386902,0.8391712273891834,0.6843284748784763,0.8937973262366262,0.29756097198096376,0.7928162105533123,0.8222591018391608,0.8736575353724765,0.7880604461245655,0.7772830524513558,0.7389184380786382,0.6655710736829454,0.7854020961857472,0.880798185781261,0.7217793768040893,0.776584687299672,0.5384615362346503,0.620856906864536,0.8224352274628118,0.52525247219672,0.24461538273372782,0.8196548783783272,0.6576472227576237,0.847446213646865,0.38254171524336694,0.7650183416683731,0.8107692532392133,0.8634998462375116,0.7726450358549692,0.7225221743901638,0.7627865944383012,0.7108488416808343,0.7564853535383951,0.572501873985711,0.8022465259609356,0.0,0.1715006294356833,0.0,0.006339144165299967,0.0,0.4772234169799693,0.0,0.0,0.0,0.0,0.0,0.015159824916294643
p_10,0.9728170724084476,0.8371684422570005,0.6791850664331416,0.794654087633829,0.15533980445419415,0.8126578195850593,0.8354430379204795,0.8467169595715468,0.7830045512718933,0.7298531155916503,0.7712479494936831,0.7331670796823403,0.8414866568591381,0.8811451560489542,0.6485728839849989,0.621588087402022,0.6733449448025045,0.5811467387643661,0.8278175711054333,0.0,0.4605722228850508,0.8192485428780996,0.6485195533202315,0.8287118495062727,0.34550838750732094,0.8318930629893498,0.8632755308423703,0.8947849948796676,0.8227709179385859,0.771276097021556,0.7585360851389571,0.780462829428156,0.6009236604158553,0.615686268473664,0.8098229575387179,0.5555554938271673,0.38530838263819556,0.0,0.0036264732218814757,0.0,0.49999998774509835,0.0,0.0,0.0,0.0,0.0,0.01719331287202381
p_11,0.9702267898853574,0.8312539878492138,0.7153645490006517,0.88332204891404,0.5184243931485109,0.7602146345033679,0.8024476779520486,0.8758288120097476,0.8158530681297087,0.6820884423243325,0.7363465142741372,0.7581560256802977,0.7266881010964924,0.847291820390247,0.77194066669557,0.7141261844943434,0.6898375493394878,0.5119388680808131,0.8075577318728804,0.0,0.42726784526426276,0.7956805367675729,0.6514347496572058,0.8696857086131871,0.6321049304678018,0.7381179006478463,0.8207350849000125,0.8807129211453132,0.786156040929881,0.6581374584368368,0.7748046394155704,0.8207797115624719,0.8162175265447499,0.5837104028377798,0.8547145276925162,0.26666660740742054,0.4283036531007326,0.0,0.001305483020199197,0.0,0.5553235792208021,0.0,0.0,0.0,0.0,0.0,0.014970179966517857
p_12,0.9726995035004097,0.8222750918061217,0.681483051026973,0.8668657593677448,0.3059440532697198,0.8049811387526743,0.8140193238084154,0.8546772518382941,0.7968980787827449,0.7153828769873697,0.780234068530052,0.7299798763381091,0.7664891422234963,0.8876219745082409,0.7727083325284289,0.7550783495209565,0.6528013554634916,0.562114532492383,0.7963718813638351,0.0,0.4644243178239048,0.8002972621569957,0.6314651414122335,0.83649539487872,0.3135135101241783,0.8063337391569567,0.846304210029368,0.8611321566938348,0.801872073989445,0.7526788605339552,0.7644894186649278,0.8084937479574382,0.7793696252740125,0.5901089640393213,0.8312818132056624,0.0,0.39108554715251226,0.0,0.004123711326035356,0.0,0.6447058671833914,0.0,0.0,0.0,0.0,0.0,0.014046514601934524
p_13,0.9779914467150937,0.8386295920485699,0.7064958976268215,0.8320034041749105,0.3025906704394749,0.7938851340946445,0.8255512590726962,0.8395248375596518,0.8326802032624627,0.7691698814987931,0.7502835092985178,0.6748285961075975,0.7163323763575609,0.8629340420404027,0.7342001122281514,0.7173423403227974,0.6799204744337157,0.6001813182213842,0.82418834172756,0.39534879123851263,0.3260643787532256,0.8303202211344707,0.683609814249512,0.7715177838911772,0.5966149464272571,0.7544332881876133,0.8267109244761781,0.8909957796399431,0.8335738325714601,0.700442907312906,0.750563823295977,0.8106805854138922,0.7369778217200159,0.4551223893461252,0.8403822491812071,0.2127659121774655,0.36752898869287254,0.0,0.0,0.0,0.505263147257618,0.0,0.0,0.0,0.0,0.0,0.009701974051339286
p_14,0.976854802593726,0.8349493575395811,0.7228362232206573,0.7889408094568141,0.44798657342293147,0.7592072407513505,0.805098424781839,0.8218792244130919,0.7439563286405558,0.7495361773757092,0.7456477487098174,0.704788467202285,0.6024993336812036,0.8646350830790208,0.757728098451462,0.7188991836032036,0.658637299867043,0.6216216163714391,0.7995539440576582,0.2539682136558391,0.2897914347992159,0.8150211224498091,0.6923049997687939,0.7522167481508893,0.4882729159032738,0.7601960121444175,0.8191255152235126,0.8320606299408275,0.7475207709092458,0.7363755407108135,0.7719613552640725,0.8081056178404404,0.7832278460357915,0.5827160445866992,0.8256774929601408,0.09999997500000624,0.306695461050805,0.0,0.0031176928829486136,0.0,0.44710577949888664,0.0,0.0,0.0,0.0,0.0,0.014316231863839285
p_15,0.9662249851994312,0.8169890712385379,0.6332135704032716,0.9110755268451892,0.4723854261316955,0.808757201379833,0.815800163909285,0.862222780133051,0.8139425328718126,0.7595338975004938,0.7535193223610972,0.8351893077167276,0.8542586740009355,0.8621104427078348,0.738615240777631,0.6940667469281002,0.6271744211228283,0.5720571994273136,0.8060318107766662,0.6153845562130235,0.4609101490028579,0.7852557605110945,0.5982635541544127,0.9045402650161279,0.4493284465852964,0.7873300095678333,0.8031401338101777,0.8533890305528978,0.7828275340002554,0.7544336843059148,0.7594517940466641,0.7539049691382796,0.7354512208730637,0.4677060081547215,0.8369758435250697,0.30303021120296625,0.34762563232998783,0.0,0.0014630577800800455,0.0,0.5614753983304221,0.0,0.0,0.0,0.0,0.0,0.018094453357514882
p_16,0.9715743764889067,0.8001659291897095,0.6737833631379083,0.8735884671791356,0.45742092179184357,0.7927576599663819,0.8040018422289033,0.806068601099743,0.7450287218367525,0.6434246405271853,0.7037593969844052,0.8033057824684106,0.7706845846898687,0.8151421029185962,0.7948274098413325,0.7548638109701771,0.7175572491696288,0.6030880962480646,0.7943722936558691,0.3544303348822361,0.27672273317025103,0.7819087785501265,0.6400972980022219,0.8526431342456329,0.33390118966012616,0.7848023306287034,0.816216457395382,0.7986781566781066,0.668662076221697,0.6722648160249911,0.7609178367606271,0.8144886924009519,0.7564674375365226,0.647000976922311,0.8175359872709516,0.1860464683612864,0.3282732432245102,0.0,0.0032467531940462147,0.0,0.5131086046234344,0.0,0.0,0.0,0.0,0.0,0.016093808128720237
p_17,0.9722285471980449,0.8214231276764086,0.6830742316308303,0.7585329654661157,0.38480096269721975,0.8010751322866659,0.8402055834152656,0.7486710606269025,0.6719681900199203,0.6553402056450802,0.5580852295036287,0.7919366422176506,0.802570862223845,0.8487013447877746,0.7372262766642084,0.6343266328613384,0.6594795514517489,0.5233644822188032,0.7218638531366292,0.0,0.33269961660931924,0.7960159126333368,0.651924140888733,0.7504645442963109,0.2719033205246393,0.7825901427630585,0.8444996514734763,0.7259242607450701,0.6558763127722234,0.510634327881871,0.5767564502227228,0.7851385149771718,0.7075928901278724,0.5350233453300645,0.7585933781414594,0.0,0.3478893715583015,0.0,0.004494381971973237,0.0,0.4024144788246584,0.0,0.0,0.0,0.0,0.0,0.014620535714285714
p_18,0.9747050629522942,0.8274818735676941,0.6878287588328257,0.6408523902972519,0.2333333313888889,0.8178890215582685,0.8047734347419735,0.804658804946521,0.7221719447677156,0.7551943847491048,0.7643125767565555,0.6609589012801417,0.7841593312085241,0.8820587117730762,0.7014596233314506,0.6821621603184806,0.653413998904866,0.5273865373443933,0.7895527363238045,0.4507041618726532,0.11995386251494969,0.8330445955702306,0.6896764812690889,0.7181505158893667,0.4060150345412403,0.8312364676601215,0.8435242147660453,0.8581376065995371,0.7441556735743037,0.7072550217499298,0.7797563246864924,0.7820224711778816,0.716556613556966,0.343906507980747,0.8158894638895601,0.2857142274052597,0.1437670596563507,0.0,0.0,0.0,0.35499999112500025,0.0,0.0,0.0,0.0,0.0,0.013296799432663691
p_19,0.9710657152421064,0.7987995739175981,0.6791111670160347,0.8022771787449332,0.3056351451228735,0.7864259981630976,0.7173382812314012,0.8124548296720941,0.7428571418116016,0.6311709033962252,0.7079037783311148,0.7982062747729055,0.6566055243635813,0.7933295525637397,0.7183219170394671,0.7245438471908656,0.7225959607336923,0.5663157835124655,0.793373847487381,0.0,0.14574898637905884,0.7794624736330408,0.6388551003460087,0.8088304362820704,0.31737345667067773,0.7819439972678741,0.7021285882133151,0.8646375896676263,0.7831044301851459,0.6507639874125932,0.7349397572652054,0.7857889228988622,0.7317365247552798,0.5607028709209037,0.8314606733519366,0.0,0.3802281339906606,0.0,0.006106870135772976,0.0,0.33766232304492105,0.0,0.0,0.0,0.0,0.0,0.01799737839471726
p_20,0.9715878972069084,0.8149564296443995,0.6659545474428773,0.7242675741475012,0.0947867287347544,0.7597681717556705,0.8019445106000431,0.8002619511646263,0.6933856492525425,0.6667743232403922,0.6601171345926372,0.6441458708478085,0.715376225266355,0.8354181772970422,0.7055381814732794,0.7408841537886925,0.6604613490066314,0.48171700729954686,0.8076296806950224,0.11764704498270058,0.11428571273080664,0.798740334311872,0.6226083643324406,0.7349529774804444,0.5987549485073291,0.7308767597584875,0.8056728500534617,0.8642051914033483,0.6751454462520019,0.604655070494366,0.7185697794721843,0.7756132749137687,0.7240584147474803,0.6168958702233407,0.8203395031720259,0.08955222543996635,0.3048576188872896,0.0,0.0009407337679175269,0.0,0.3090908997245182,0.0,0.0,0.0,0.0,0.0,0.014045497349330357
p_21,0.975382639348239,0.831054464400451,0.6923767039541273,0.8853998054757527,0.4620355387074015,0.8002609653718104,0.8093390866633732,0.8519109094944134,0.8155217610744397,0.7506103934856903,0.7857872150586335,0.7000340459651547,0.7454277890573308,0.8613980459543982,0.7320274044851612,0.7615516236122315,0.6666666641182466,0.6631178656797121,0.8138145929076305,0.19444441743827534,0.41983630033781266,0.8075386623289771,0.6571915823524813,0.8674900243710849,0.574522289334253,0.7995685779000106,0.8376548331033564,0.8449801808953792,0.783919597114551,0.7326255680858011,0.7956318237214668,0.8178959654856743,0.7921176775128568,0.5999999955882354,0.8416135110577545,0.24561399199754524,0.4761904739673647,0.0,0.005722460630794179,0.0,0.6437413941713701,0.0,0.0,0.0,0.0,0.0,0.010996500651041666
p_22,0.969537329539911,0.7896258864758485,0.6931088245885648,0.6863468629815875,0.05209512964784678,0.77593061899232,0.7947396928467672,0.7510520271848451,0.6615769703860114,0.5726837834885447,0.5313339289808999,0.5117202999137056,0.6807174872629653,0.7891335374073265,0.6853495555147606,0.5920844311554501,0.5267353021363822,0.40924092139114904,0.7321817870768222,0.0,0.06609195307339148,0.7927361846036429,0.6765639954380662,0.6157455677652541,0.16515609098533646,0.7470003366097158,0.7106820625641148,0.852149705715976,0.6572838063591355,0.6088988590307545,0.6583973210112279,0.7327251370854257,0.577937034609836,0.308868499167672,0.7309619232373398,0.32380949297052447,0.15794669143191814,0.0,0.0,0.0,0.3693516626846432,0.0,0.0,0.0,0.0,0.0,0.016541253952752976
p_23,0.9739056816052966,0.8233627772335956,0.6910361612539786,0.850956264200431,0.37713310258418853,0.7998107362354158,0.795209116129701,0.7766120099242833,0.8341563280330527,0.7905249414929991,0.765443353623334,0.7211759268664403,0.791473193770635,0.8497841406498313,0.7465069852001475,0.7478312870241361,0.6328157757750071,0.6301369812237149,0.813447475643439,0.5135134441198048,0.2635814862818764,0.8031314759256254,0.643557224440372,0.8632161691840935,0.5610465075505341,0.720663473724877,0.7934815177471684,0.8730646750449849,0.8309927350714373,0.7228348134858851,0.7559262494382655,0.8037132534257728,0.7947740860240226,0.5340728959265222,0.8444733653951163,0.4479999641600029,0.4538063528913056,0.0,0.0,0.0,0.4288288211021834,0.0,0.0,0.0,0.0,0.0,0.014006115141369048
p_24,0.9683436688310375,0.8187211439382519,0.6377963248497366,0.8763757553571634,0.42926828919294074,0.7650104658022996,0.781485482374619,0.8183843651292989,0.7748577610744274,0.7544505213779706,0.7231176311688294,0.7383237340424704,0.74069291856963,0.8506423383260766,0.7837586519436319,0.732794648278644,0.6962923989053579,0.5357142797353317,0.752730492224018,0.19047616024187933,0.39284031845105827,0.7937717386984862,0.6119361068239604,0.8743174327025961,0.4514851440447016,0.796771662146404,0.8169692785076308,0.8109956760592401,0.768004553418724,0.7529489573884368,0.76679484106131,0.8094714748631517,0.7779005503372912,0.5382198896521477,0.808705856386743,0.242424168962373,0.5140280535369336,0.0,0.0,0.0,0.4642233775877247,0.0,0.0,0.0,0.0,0.0,0.016910516648065477
p_25,0.9715092706696162,0.8182384620169304,0.6582795955270236,0.8812930759957691,0.2964867155399596,0.7907555553547286,0.8029590340705591,0.8301571376183232,0.8029344062098182,0.7086910493841103,0.7533971914604652,0.8014260220983029,0.7852736302780625,0.866661438182627,0.7821454805454211,0.7225641007113741,0.6817599287408802,0.5394401989869364,0.8110074619300304,0.1199999760000048,0.28902627288233174,0.8013949136553445,0.6377323496450825,0.867288098475054,0.4475639930011231,0.7955935185715592,0.7954307835206258,0.8635157940297108,0.7713004474132149,0.6621096044052922,0.7114406764588121,0.7903404877957619,0.7917241357469679,0.6874999940321181,0.8194874675495284,0.0,0.3590759052206211,0.0,0.010928961599331126,0.0,0.4979253008729191,0.0,0.0,0.0,0.0,0.0,0.013336181640625
p_26,0.9771308257272416,0.8219952026501436,0.7213802803698556,0.6408839773640683,0.1999999979166667,0.7359805866454928,0.7684592795902814,0.8378703395441837,0.6383507195251481,0.6110134733342966,0.6603475500388082,0.47073474177624697,0.6195402281047694,0.8149223398439653,0.713827787428067,0.6965419876621666,0.5687156393367534,0.5369340703976643,0.7054794514929281,0.045454535123969284,0.08776595627970803,0.8011811610950781,0.6776540527388851,0.7433159500510588,0.49215685792003083,0.7037318124110996,0.7743722175914501,0.8641524057904677,0.6934242071268154,0.6584440220762766,0.7103714213306852,0.7905867708992466,0.7520743420110376,0.47173144459601196,0.6856766106101231,0.0,0.19897435693359636,0.0,0.0,0.0,0.24210525678670378,0.0,0.0,0.0,0.0,0.0,0.01481875465029762
p_27,0.9634496042042765,0.7935464920057598,0.6084566034683352,0.895598957626467,0.5427037552820705,0.7851472183667658,0.7840990476174738,0.7834793487407673,0.7299058645599401,0.6636529761819246,0.6733735732766073,0.8087649388964726,0.7896596600527066,0.8489116515926838,0.7782278998875788,0.7833503896849184,0.6768909003942457,0.5663716764037905,0.8063424186652927,0.39024385484831037,0.41299078810959383,0.7662201996764963,0.5780521728290466,0.8905937990771216,0.6776859479781316,0.7254403839296947,0.7588944897786273,0.7990838523991068,0.7092548843576821,0.7797613700728794,0.7170721001159936,0.789509077923423,0.723979296365787,0.479999995826087,0.8107819581791816,0.3589742669296751,0.44791666520860457,0.0,0.007079645996815203,0.0,0.5979381355237389,0.0,0.0,0.0,0.0,0.0,0.02069760277157738
p_28,0.9770366616528962,0.801026655511008,0.7167659496444014,0.7492348761156249,0.29424306722555366,0.7626164730476597,0.7496174351212247,0.7909029839790312,0.6031212477753647,0.6002206688118604,0.6502073856405147,0.598214282746953,0.6418449551490831,0.8311413032591793,0.7357573393585871,0.6876868695632322,0.6562499973016036,0.5751633945158795,0.7980192852071764,0.04878047590720099,0.28693789945083586,0.7757053234024948,0.6651765977959329,0.7040124323933227,0.25728987551818394,0.7132005158107112,0.7688591131357984,0.8611414594135886,0.6465923449642658,0.596507786128827,0.715125390448422,0.7473795550078088,0.6756906058682579,0.4268675428319677,0.8235294110564763,0.09090907024793857,0.4027777749807099,0.0,0.0,0.0,0.015873015243134315,0.0,0.0,0.0,0.0,0.0,0.012914312453497024
p_29,0.9706296494455171,0.8291917624714898,0.6683631369944715,0.7374825169667955,0.21098900867045045,0.8085311095004739,0.8083206171889631,0.8373762640936712,0.7808422289726539,0.655968878366194,0.6567421776553567,0.7842981729409271,0.7678434367462713,0.8493030594007622,0.7302021896269986,0.7632279019709491,0.6817640020589432,0.6001899278234575,0.8272924663209517,0.13043475425331427,0.11477411337272145,0.8049201586963726,0.6182740689771543,0.8039088785892384,0.31528046116750036,0.8244662318159393,0.8401970664965572,0.8258102184958772,0.7589690444774394,0.6691888275629366,0.703819359347059,0.7875447241199645,0.8044331544575545,0.57502419578873,0.8281705049614593,0.3511450113629762,0.09479409405754395,0.0,0.006410256307527944,0.0,0.3660714204001915,0.0,0.0,0.0,0.0,0.0,0.01549130394345238
p_30,0.9750291945274651,0.825613496919325,0.6982028923442828,0.729383095594855,0.26603773333926667,0.8147929283461878,0.8469718966014559,0.7913357396640868,0.7486997889247541,0.7288904700339083,0.6924239138950488,0.6643981256299526,0.7417697416902574,0.8717835089852309,0.7578675660102576,0.7811682627690547,0.6306990857496235,0.5667215768803824,0.8041585657981924,0.38297868266184226,0.2236135937064974,0.8119250032572658,0.664897436399736,0.7201025051821593,0.3955147768041307,0.7906093296888493,0.8314674355399319,0.8673083157416955,0.7109270304410683,0.7459365486780213,0.7512380938071656,0.787087279695496,0.769230767169041,0.45847631806124695,0.8341838794376801,0.22641505161980158,0.2861586291900573,0.0,0.001745200682851652,0.0,0.47463767256091177,0.0,0.0,0.0,0.0,0.0,0.013514782133556547
p_31,0.9739345076686361,0.8205382819249784,0.6802555294564684,0.886929257009952,0.39197929888758537,0.8212058209686977,0.819847063529618,0.8198697848927721,0.7726504604541136,0.7225389986847348,0.733270497800965,0.8118604019631057,0.6897899348075478,0.8751511649414018,0.7460707786313795,0.7392676744341298,0.7205215399078188,0.5649717460925447,0.7891194091386635,0.47826084357278026,0.39448441010500956,0.8011693114855364,0.6336762291586818,0.893278067798422,0.6470143564095665,0.7889526995500987,0.8168937955085305,0.776273147698916,0.7523358495426394,0.7013949425660474,0.7271028020394795,0.8302700474070541,0.7759254004636185,0.6306878240138855,0.8239357721957283,0.19512190362880397,0.5041152237442632,0.0,0.0057526365699651335,0.0,0.5451127717084066,0.0,0.0,0.0,0.0,0.0,0.011172630673363096
p_32,0.9732338911531583,0.809883183870549,0.6568018618124913,0.777443231227297,0.15099009714121167,0.8003023429578476,0.7515622888864871,0.8514266222283582,0.7819242763171065,0.672762162012911,0.754090583936233,0.6239847079599392,0.6529100511827776,0.7565582543011019,0.7495998162021498,0.7397650383062832,0.6644920751887601,0.5302073892677422,0.8082796680696599,0.039999992000001594,0.3318284386926813,0.79949530307512,0.6492073925536828,0.8120978115171616,0.3712820474740303,0.7485056509231015,0.7974404653119477,0.837143195050845,0.8345166564247452,0.6581166947913152,0.7623718217512889,0.7810627632049281,0.7559471343437676,0.6287425086951846,0.8438438430519484,0.1860464683612864,0.3145235863596338,0.0,0.0,0.0,0.5313807420213235,0.0,0.0,0.0,0.0,0.0,0.016774495442708332
p_33,0.9726917949393653,0.8288847593228312,0.6606504177427217,0.908643546312728,0.3261339057652926,0.7730158728179682,0.7988629546273339,0.8762789524347003,0.819049891598174,0.7824171415015349,0.7403039221131688,0.8017408104406654,0.7121605650244143,0.8649367929290652,0.7646775736709847,0.7497460184566677,0.7116471891758492,0.6355511356946263,0.830130528616633,0.602409565974751,0.3786906265809331,0.8088716102607872,0.6352622976496259,0.9100226497989743,0.3932584225476582,0.789498266724969,0.8351761695935325,0.8881721839740854,0.7930597760979486,0.7568735263581368,0.7722295208667773,0.8036207078003966,0.8005018795467318,0.7078039863175682,0.8533007326939057,0.0540540394448542,0.40255590797088875,0.0,0.00278357687694101,0.0,0.5535055248430715,0.0,0.0,0.0,0.0,0.0,0.012416294642857142
p_34,0.9728146363238142,0.8302973721035194,0.7102273042713236,0.86825569527565,0.5334261801293442,0.8324294254394577,0.8525908454261844,0.8598400706020435,0.8030695833215082,0.7407085031415193,0.7487223152710343,0.7260383357586327,0.8188429738531522,0.8825868456517729,0.7923878927093958,0.7175901002754435,0.6718749973754883,0.6567164121447199,0.8310762644056697,0.33333328282829044,0.37031899881886965,0.8184971875844754,0.6711783036437082,0.874135177898645,0.3572149308050966,0.8182022722414776,0.8427669597846726,0.8772357268524084,0.8251690911814213,0.6877770734752764,0.7660438652192448,0.8146754460821491,0.7458523665644329,0.6425406156385479,0.8357271087650565,0.11764703575548317,0.37157660716819685,0.0,0.0026333113717359356,0.0,0.6159843934505966,0.0,0.0,0.0,0.0,0.0,0.016562616257440477
p_35,0.9688749788588197,0.7998429821530689,0.6545775511391179,0.8529376662345608,0.32240055601953554,0.7478548204583875,0.80949215163303,0.7763509613835364,0.7715535476625461,0.6321401364028505,0.751984125119087,0.7215769069990252,0.7999174900991801,0.8610905585523873,0.6783439483244756,0.7153762248762916,0.6475026926068893,0.5566820225190597,0.7894688043112369,0.32727266776860586,0.30547203664779293,0.7903011880306695,0.6075062407677908,0.8399136479539873,0.5808477206653704,0.7533030443487119,0.8102761828359893,0.8599660003931332,0.8269723522225593,0.6334665651577546,0.7654784222197973,0.7877518967218425,0.7106424700572769,0.5759493625320462,0.8199711079631897,0.4036696877367259,0.42410196741539996,0.0,0.0,0.0,0.44585986314522585,0.0,0.0,0.0,0.0,0.0,0.016310192289806548
p_36,0.9702837792794746,0.8200091973929591,0.6970315214731093,0.7351595140046697,0.25593220122091354,0.8028231575927093,0.8404483489342353,0.8095763561821349,0.735405017897016,0.7202515468996251,0.738391374920416,0.6957708017472906,0.7039665956075855,0.8306205130669385,0.700338599792759,0.714176243386523,0.6159391244856262,0.5509554096261512,0.7738214252296998,0.1694914966963565,0.03823529355536333,0.809032377480823,0.6792017087080604,0.7714196563048863,0.41385434801195076,0.7636811943189239,0.8351176165767861,0.8635892367990179,0.7412848596348546,0.6787669253060915,0.7488656524977991,0.7804270160501562,0.713208463358773,0.516949148891602,0.7852694696815027,0.0,0.23173803331874027,0.0,0.0,0.0,0.005698005535669359,0.0,0.0,0.0,0.0,0.0,0.0185638427734375
p_37,0.969689741383162,0.8027939269585077,0.6397887296494654,0.9091678277649891,0.47641144256449003,0.783520101252448,0.8232311395542088,0.7665518804713457,0.742234055100502,0.7881515587312627,0.7105616750589581,0.7836306384393901,0.7724075317167971,0.8684231037359842,0.7374900253761655,0.7192546561513831,0.49747273078618587,0.5564803738825164,0.805640088450355,0.6356588654528011,0.39179104233960793,0.7689398403838071,0.5929943956345126,0.8630280092123415,0.32639466838971964,0.7589646040770724,0.8151308977359022,0.7982486140806947,0.7181000929584059,0.7688349861952285,0.7363917263218642,0.6312522375179035,0.6604752781740637,0.4540654651101852,0.8084393828885472,0.0,0.21005025020075252,0.0,0.007205352510523147,0.0,0.5598591450729024,0.0,0.0,0.0,0.0,0.0,0.016559273856026787
p_38,0.9707764699059677,0.7969079114209592,0.6970252058462759,0.8252008904963691,0.17768594857762451,0.7394461698369469,0.7843165940782271,0.7309385355519056,0.6821510769176071,0.5474970001663246,0.4057156233176022,0.7176864042540106,0.6242480318735585,0.785982395911098,0.6857763293314046,0.46021258126913933,0.5268761797580694,0.32126276396227704,0.7905787832841166,0.2253520809363266,0.358358356564773,0.7881885803319522,0.6699479929958922,0.7754010692933616,0.2680747338093035,0.782299896101209,0.7500799999538413,0.7749169950667688,0.7025447452787718,0.5108599285119017,0.6299364272203113,0.6936161690077886,0.47611506868272613,0.149282295222179,0.788009771858664,0.04761903628118183,0.25827814462633214,0.0,0.005795001789949287,0.0,0.3456310612498823,0.0,0.0,0.0,0.0,0.0,0.016511027018229166
p_39,0.9730053965857408,0.8458983890827096,0.7191578050097662,0.7613530176531782,0.38846479738367434,0.7897655774829273,0.8318488836032026,0.8369276895185517,0.7373748479069482,0.7338483736023022,0.6924548338098728,0.7747178294595131,0.745098037661456,0.8931719991561573,0.7570364230577024,0.7556261563261155,0.6179826535007638,0.6737480980747489,0.8138475014777848,0.13793101070154987,0.23672566109816748,0.8294668329681996,0.6919212692084129,0.7284640006488988,0.33905579035347866,0.7866960723592202,0.8396145679673616,0.852491654943789,0.7030409477406511,0.738607487092489,0.7431738847399428,0.7940298499816757,0.7734832495350592,0.6245181139204463,0.8440200083274034,0.07999998400000319,0.22811670885838453,0.0,0.0,0.0,0.4344262206060201,0.0,0.0,0.0,0.0,0.0,0.014890979585193453
p_40,0.9718711481844754,0.8164896918599901,0.7015250044710303,0.6840785257423865,0.2885375465559531,0.7105592684835388,0.6844768797819898,0.8086809292449434,0.6616781149881279,0.6470919318507581,0.693194171138956,0.5574740969044198,0.6362589250489313,0.8169509764238105,0.7359044988651015,0.6576154019807074,0.603272885434441,0.5142857100874636,0.7808035355743914,0.0,0.09547738573520873,0.7930608780917405,0.6578591930950587,0.6800316533192371,0.2545871530437253,0.7618814978760811,0.7345343033497331,0.8459764809511319,0.6425162150991113,0.6276467862897395,0.6796389153868828,0.7431544820070336,0.6743849477221782,0.45687331228522027,0.7831425750146725,0.0,0.19815668050570906,0.0,0.0,0.0,0.21476509586655268,0.0,0.0,0.0,0.0,0.0,0.016303507486979167
p_41,0.969157745295731,0.8275468382484891,0.6718577556021427,0.8629451392804154,0.4051565352660741,0.7958073197789657,0.7961634560600089,0.7582526676853731,0.7597670112803424,0.7123738926164568,0.7193154016642654,0.8161410988344706,0.741727544603078,0.8415997625124506,0.7043524978996749,0.7263495437564149,0.7133058960449042,0.599999994059406,0.7774126075317074,0.36111106095679707,0.3383863064137589,0.7956119423971693,0.621380427453523,0.8917530259538003,0.4407318978462061,0.7984397621824296,0.8117258023113108,0.7740610712233814,0.7792701115462352,0.7180801961664648,0.774421895293955,0.808319499259526,0.7875734654699874,0.6151111056434568,0.8234058190740563,0.20512815253124292,0.437981178622835,0.0,0.002109704619095943,0.0,0.5811623130027593,0.0,0.0,0.0,0.0,0.0,0.016042073567708332
p_42,0.9731064820333069,0.841795956733221,0.6901987114826236,0.6958364869827127,0.24599999754000004,0.7844865350381428,0.8158437301216006,0.8314363139125006,0.7864827575358859,0.7644619933223475,0.7677467208316925,0.7041474621928687,0.832253799296426,0.876573202268014,0.7739711711155514,0.7220159132042018,0.6467065838475053,0.5976470541361015,0.8137741039359283,0.687499969308037,0.21086956292533085,0.8205676397625293,0.6652168284688336,0.7111256753144964,0.29919137063084406,0.7922057005764652,0.844716399366916,0.8529886909077987,0.7949113328258657,0.745698278565728,0.7800183300182898,0.785092921327508,0.6543400085918335,0.5243804914118266,0.8428017763089122,0.4418604137371612,0.22841225414659003,0.0,0.0,0.0,0.44268773828680363,0.0,0.0,0.0,0.0,0.0,0.015281023297991072
p_43,0.9641431542904438,0.8022622544945538,0.6676331045746363,0.8286641545757958,0.20737039220880454,0.7706355705751853,0.7739205526324744,0.8096786174950406,0.7241379302130923,0.6844594047571857,0.7166629671252209,0.7816349362216267,0.7361627210323436,0.8492337492619884,0.6061931415271229,0.5658682620612069,0.7109036321743794,0.6716867419300697,0.7921445398333508,0.057142848979593,0.12199036820232449,0.8052072302776863,0.6768702846532191,0.8443196673931546,0.5490196050102187,0.7842493845884118,0.7886207637064924,0.874825313997392,0.7140267383706926,0.6904263872160689,0.7489823594708619,0.6996699664596899,0.6864886717506298,0.6009921998512247,0.8274212169382765,0.32432428049671885,0.15652173815825007,0.0,0.004545454524793388,0.0,0.2781065047617381,0.0,0.0,0.0,0.0,0.0,0.02424069359188988
p_44,0.9756886579092066,0.8085995142435018,0.714033654574436,0.7483183478199679,0.3737373705914363,0.8259336149413607,0.8294191055600166,0.8147905038755112,0.7652396454569106,0.7521016610438889,0.790815037116288,0.6140115992235091,0.8108848848651432,0.8681139369181451,0.7454581351249426,0.7445296938206033,0.7045604735473877,0.5781132031840513,0.8128677160629458,0.1639343993550165,0.28527607143193195,0.7923238793570554,0.6679211710507889,0.7058235435259322,0.44164037390493827,0.8077357713150463,0.8400672084479481,0.8483255224320919,0.7135627521336504,0.698438449910324,0.8008555114048111,0.7924744524950106,0.7435770732619144,0.4590846015320069,0.8377823400432363,0.5909090237603382,0.28209191535584854,0.0,0.0,0.0,0.5079364978584029,0.0,0.0,0.0,0.0,0.0,0.012207903180803571
p_45,0.9687614226874798,0.8199123112213533,0.652041798787316,0.8818284629857635,0.4122383219626544,0.7860003865125271,0.8235318850158703,0.7830330326131312,0.684895521570274,0.7032196358482419,0.7321258323829223,0.8300464013049698,0.7199825654391315,0.8598380410862269,0.7428448453380193,0.7527795920445401,0.7431098987985372,0.5250683634907168,0.8019879668654739,0.22950815909702307,0.22885571976648386,0.7818884611896217,0.6046940051453389,0.8862651240828971,0.38344226161827605,0.7347767594652443,0.7956523373729247,0.8259860784188863,0.6411927105011677,0.6725023334821402,0.6695223802323359,0.7745068277445556,0.7152994586565442,0.6458797279444712,0.8087137642694725,0.11764702422146345,0.36862744917339485,0.0,0.006894174398848071,0.0,0.33796295513974645,0.0,0.0,0.0,0.0,0.0,0.0181549072265625
p_46,0.9659726956056766,0.8307761237857963,0.6290567468567256,0.895303437022884,0.367724865292825,0.7609355643841994,0.771013945050104,0.7848128224160963,0.660981911290721,0.7150972244755329,0.7359617664612622,0.7839506148643499,0.6999999983944954,0.8289379525562548,0.7210389602898297,0.6418764283699187,0.6756850479511445,0.5708737808653032,0.8136047127177248,0.17543856571253233,0.4433585053604686,0.820352960086261,0.5865105058628526,0.8906489182716253,0.44119907424135996,0.7531170644659998,0.7861889026108201,0.814612075733334,0.6265549623933042,0.6768703590212789,0.7643136335610172,0.798614647245987,0.7084848463379246,0.5849189528899299,0.8249742187822497,0.0,0.4458149760096256,0.0,0.006740196057781262,0.0,0.460980027931397,0.0,0.0,0.0,0.0,0.0,0.021393548874627976
p_47,0.971086991085075,0.7924868869542758,0.6460750239023725,0.8924308042094596,0.5261234909531476,0.7630818868197335,0.799230930155957,0.8176541712106081,0.7682413461550032,0.7328047988720754,0.7690677945734433,0.8127555169998486,0.7544147082570277,0.8231470151702523,0.7411347510430115,0.7491694331418343,0.6903588997524317,0.647887317425681,0.7743048889987489,0.1492537090666106,0.44339622432360265,0.760596423908437,0.5891831667632061,0.8892065387402327,0.5270347152701496,0.6923285001373273,0.8155107913082367,0.8237601209363866,0.6965288112080091,0.6892793586640577,0.7028290841645334,0.7543652911040544,0.7077612756857347,0.6688963154774555,0.8019649385455934,0.2372880953748991,0.4283789832582892,0.0,0.0058027079116611605,0.0,0.4920634790459397,0.0,0.0,0.0,0.0,0.0,0.014412580217633928
p_48,0.9674978413676149,0.815963624061938,0.6644785065243892,0.5941249476684682,0.32888888523456794,0.8154387459610962,0.7829393853689248,0.8206106865754577,0.6176036705169584,0.5801674172782063,0.6609756084126512,0.7348119540269432,0.7799227784171375,0.8245078020143214,0.7652824080375039,0.7638164735041281,0.635565816925793,0.5139784890970055,0.8111875918696632,0.0,0.2599653334494743,0.7865453318949547,0.6190345764093617,0.6713179769938661,0.024539876924235017,0.791325248408295,0.8038600626824732,0.8280927238764674,0.6767203504001167,0.53233886170284,0.5534095377347072,0.7525740359276362,0.8207498694895997,0.5285868335643276,0.8228256733547041,0.0,0.18881987343080903,0.0,0.0,0.0,0.353413640425155,0.0,0.0,0.0,0.0,0.0,0.022139049711681548
p_49,0.9751020826942849,0.8254948938705291,0.6936158039093268,0.8952493175095357,0.3067092627259644,0.7827834349537587,0.8117625991781725,0.8650441229469709,0.8426316949959639,0.7814354059507795,0.7602089250707291,0.7895981064137171,0.8397837210589304,0.8790224031094667,0.7008974205374334,0.6400951795357074,0.7061258248918633,0.6389891639080401,0.7958774162751939,0.5123966518680453,0.38610038361582766,0.8102084566986579,0.6617516844235197,0.8943314846289798,0.37854405840196126,0.8099160204538339,0.8403632586902073,0.8414502806979477,0.8210147363921535,0.7403929077715449,0.7889060075084614,0.7888462307649563,0.7311592197008516,0.6123156928680339,0.8251180351037601,0.3265305456060111,0.4691991762361439,0.0,0.00448430488246295,0.0,0.5672191424084873,0.0,0.0,0.0,0.0,0.0,0.009958031063988095
p_50,0.9739532431438176,0.8136084902127295,0.6665546310716707,0.9152220228207382,0.4071856272186166,0.8093385211622041,0.7748102489355988,0.7925238177119219,0.7075119862712946,0.7270816294206685,0.6668381768283042,0.797692306158284,0.8538201475945637,0.8655404475920991,0.7306143513364849,0.6082158166516989,0.6791756361760207,0.5878452973718752,0.7918810206791872,0.44943815174852225,0.3513366047390256,0.7842291170662005,0.6353260217641802,0.904984936212944,0.4748603337217246,0.7904700438876868,0.8310309363738617,0.7127429800484212,0.6209018811446303,0.6943231433069144,0.6778736922356345,0.6911259342115161,0.7036935685261462,0.5018270340824965,0.7998389848044289,0.18181814049587713,0.2652719654172721,0.0,0.002464571773060469,0.0,0.45086704333589517,0.0,0.0,0.0,0.0,0.0,0.013405936104910714
p_51,0.9707332763183033,0.8002274732258288,0.6585221080984147,0.8808679640152672,0.40894100253227916,0.7986239026983898,0.8127725455975031,0.814850356375667,0.7357357348151455,0.6175843463971098,0.5232067498283949,0.7782871799407901,0.8208560845149621,0.8946216861048149,0.712312190468577,0.5028441396392374,0.6631682497108289,0.32165318668775217,0.7715421142080623,0.0,0.3625235387828458,0.7853566292794425,0.6260344466857624,0.9079741862475174,0.41097363953214827,0.8066860045358321,0.8423434580908795,0.7711367375478506,0.7463628867055135,0.6606683796135369,0.6816690091850235,0.7594484666606007,0.5610448592815307,0.40258540717834346,0.8069558413374797,0.34285704489798713,0.4653784200266569,0.0,0.001162790694294213,0.0,0.42007434163430596,0.0,0.0,0.0,0.0,0.0,0.014093453543526785
p_52,0.9628844171795415,0.8314209525139062,0.6674728503758802,0.786491835238439,0.21445978704744284,0.8061173154225482,0.7775960346413457,0.8230951458194616,0.7296286391535819,0.6751141333503082,0.6677053178996099,0.6634615352718195,0.6932139474712207,0.8371000786702758,0.6538128242484696,0.49276184929673045,0.6296127533958417,0.5958219746065216,0.8004547037421698,0.03921567858516106,0.23781676181465145,0.8072572739020458,0.6240821884479907,0.7612884665219382,0.4310344801044675,0.7525519745730981,0.7832848428775765,0.8676270412502115,0.7099094289958585,0.6657070882820195,0.737279333878963,0.7101034985607654,0.4211084581779144,0.36209813568444893,0.8153434426268122,0.11594201218231708,0.4030302999770432,0.0,0.0,0.0,0.2869378953546489,0.0,0.0,0.0,0.0,0.0,0.02433282761346726
p_53,0.9682764997267393,0.8397141121349668,0.6627611276088212,0.894483599588478,0.47224079951678394,0.7961165046347869,0.8129349160385524,0.8668255531786168,0.8251011143214841,0.79784218634192,0.7819343047857339,0.8011834295822975,0.8211435289531028,0.8736568062352739,0.7625628132720239,0.7478839155142566,0.7190201703205324,0.6789605978293328,0.8285118338364815,0.5999999600000027,0.41122635502607474,0.8111433458259523,0.6145458799576564,0.8881191803023765,0.4828209721263927,0.8192012588687216,0.8548986253545986,0.8698938270830221,0.8198504409473709,0.7639281473840356,0.7727077038899963,0.7881791819057522,0.6471081289547133,0.5757575709111316,0.8300835646888732,0.5321100429256841,0.4786139660064214,0.0,0.00609137049653431,0.0,0.5434782510239448,0.0,0.0,0.0,0.0,0.0,0.015341622488839286
p_54,0.9705328047218527,0.8254210170249985,0.6533857034240773,0.8524546539303496,0.3612815244629753,0.7882269299621137,0.8066688846396313,0.8689908251565805,0.8049298756127924,0.7882531830562125,0.7694128769663522,0.7406532831930213,0.7035984831827687,0.8745298273991006,0.7449919864333013,0.7336774954944503,0.7039413349956859,0.5108910840505834,0.803996924669488,0.4523808985260835,0.31641790855869906,0.8080658097624102,0.6331514214500974,0.8217054259508688,0.38679244978936755,0.7874638756523487,0.8050767022915002,0.8750157802834139,0.7900346379029648,0.774936060618792,0.7773043265815108,0.7795551341414528,0.7228229916823478,0.5241635639018256,0.8293627727780721,0.5283017871128703,0.4273412248259353,0.0,0.0,0.0,0.5454545349041676,0.0,0.0,0.0,0.0,0.0,0.015521094912574404
p_55,0.9710464425431871,0.81971859161201,0.7156166051393895,0.7870541034440778,0.142144636631613,0.8130974359471106,0.8245018449697712,0.7335518499199317,0.6641079313048291,0.5971385536548018,0.5903838975207159,0.7350760798475376,0.7984964850490334,0.8397944044416114,0.7334831454081051,0.6717813457881052,0.7073807945546022,0.5532815768999183,0.7687726010290203,0.0,0.09029345270549151,0.8032599737197998,0.681679817245061,0.8481893033623035,0.27653630898692305,0.781025373397196,0.845533119592067,0.8352061825213779,0.733154793001441,0.6284991867179889,0.7061835354348494,0.7941982835463003,0.6975383848463603,0.5505913235834998,0.8271149156962415,0.0,0.34490122613507085,0.0,0.0070588234463667835,0.0,0.23999999314285736,0.0,0.0,0.0,0.0,0.0,0.01636410667782738
p_56,0.9679512260963891,0.7815566819471581,0.7026905709826118,0.691010035809659,0.010638297730873702,0.7451798077727546,0.752026674424321,0.7712114010588069,0.6618562526006562,0.4893557155684557,0.5739247298971221,0.5656711026784055,0.8080611524557871,0.7664691575951644,0.6742445764192057,0.4767665645400974,0.6158133033235342,0.21902017080672267,0.7601458074036891,0.0,0.12965517062544593,0.7878317636029848,0.6863006012734878,0.6530291104224791,0.2617586885300748,0.7466068182252306,0.7969779404614973,0.7996254677707345,0.7269204142187953,0.6037767656349884,0.7114985456382347,0.7119593760182461,0.5777672868119724,0.3127690077993615,0.784587577403395,0.0,0.21034482577288943,0.0,0.0,0.0,0.17669172600203523,0.0,0.0,0.0,0.0,0.0,0.020857311430431548
p_57,0.9686257753538219,0.8240333696031029,0.6861976660443967,0.7551496058235279,0.1968838512968566,0.6605300571141172,0.7578672015991137,0.8106651534956436,0.7812984702179278,0.6766956974780542,0.5695196811673534,0.7949465474734482,0.7694304709241758,0.8009600356104933,0.6871339834186921,0.6217732870442799,0.688032451569848,0.49315068010615776,0.7769080228498794,0.1739130182734756,0.14730290303627694,0.8125536038455514,0.6625666625454385,0.8708958418898861,0.3705650435573913,0.6806004942461463,0.8162222526145334,0.8470286716605112,0.8102746154220793,0.7324011180723923,0.7809694779515809,0.7215189867162138,0.5547073779586358,0.4963503604347595,0.8300163125366914,0.19672127922601979,0.38485033362950316,0.0,0.0,0.0,0.3984819658732075,0.0,0.0,0.0,0.0,0.0,0.022150384812127975
p_58,0.9682047245549654,0.8068323392639224,0.6916852671162468,0.8862793844732891,0.2859033733560333,0.7653288949643815,0.803487682258068,0.7947858858785541,0.7383422634382143,0.4458856044589777,0.4040911530520525,0.7483407058950754,0.5882634716448779,0.7558701105486693,0.7345803350267814,0.6254375711043244,0.6549666526677197,0.27083333076862376,0.7605112674398661,0.0,0.3550815536067657,0.8086208584628377,0.6717555767770208,0.8761462938622973,0.3694004109620923,0.7629508326151394,0.7555540305961724,0.7801733473563525,0.6901035919218608,0.4342937451718766,0.4380093628610901,0.7611061545396021,0.737852776439183,0.5011746241098307,0.7486278808168303,0.0,0.4446287828924563,0.0,0.0041004612913878484,0.0,0.4778419946465897,0.0,0.0,0.0,0.0,0.0,0.01611517043340774
p_59,0.9656544901165134,0.8293793401464952,0.6550851541220233,0.8586131199904231,0.33734939420331933,0.8029520678029124,0.8216454597538531,0.8441051923088337,0.8209497546410854,0.7551217411186081,0.7759346353653512,0.7272024701421852,0.7731958746944415,0.883139486087668,0.7442329218989553,0.7159624392137252,0.6172948974842798,0.5775193742488433,0.8144349115866888,0.29885054036200687,0.41379310070428976,0.7964837304446785,0.6119971937001184,0.8303319958904447,0.4570475358044409,0.8085433799924268,0.8405642636554289,0.8674741293112217,0.8435897425082183,0.8127709051561783,0.7765401209899065,0.7736125646349606,0.7133115899397818,0.605414269028595,0.8295454537465857,0.13793098692034933,0.45432399236099885,0.0,0.0,0.0,0.566523592993056,0.0,0.0,0.0,0.0,0.0,0.020070975167410715
p_60,0.974307588357958,0.8230638358592742,0.7087665418931512,0.8332425559035754,0.3479069735078421,0.8023415976119509,0.8115300871752029,0.834790919553266,0.7457627109866258,0.6770961498707189,0.6681118563448692,0.5393844520637222,0.6838256780233235,0.860699376722624,0.7555222755938579,0.689124156185938,0.5510805473915494,0.5918524166652389,0.7957551516489118,0.0,0.13911290182345865,0.8275235831526702,0.7031011873992251,0.8233916933920035,0.13492063313597047,0.7951145477596023,0.8350460677845996,0.8655449886049524,0.7559021001127333,0.6016834097188131,0.6931007123451612,0.7831305211009081,0.7380104696586168,0.5288270342688732,0.8008849551412229,0.0,0.27513227305266613,0.0,0.006079027294032145,0.0,0.45965769047291716,0.0,0.0,0.0,0.0,0.0,0.01313505626860119
p_61,0.9656856836761807,0.8025405595691303,0.683872423699434,0.8897762776077632,0.4175120105845595,0.7170365704609274,0.6965333959727235,0.7958854596631162,0.616587059686727,0.5711971191978424,0.5135951653464856,0.793988965581151,0.4887218024698337,0.7301318797214967,0.7258405372470312,0.76501111651219,0.5732984278185905,0.1994017926280978,0.7956909353680434,0.0,0.21526023135290434,0.8062268780112413,0.6473480434551896,0.8522533682723684,0.4732715575675584,0.6140604114904944,0.6483440286703052,0.8488040372784704,0.5401221990426455,0.6039215679873645,0.6085018844557732,0.7930761789007327,0.7788125704923964,0.2786885223058318,0.7996983685552848,0.0,0.5021337108743467,0.0,0.004331348120380757,0.0,0.5103189397688754,0.0,0.0,0.0,0.0,0.0,0.021225411551339286
p_62,0.9650093532943486,0.7826723476476674,0.627300128659877,0.9015067478042367,0.4063291113523474,0.7904282538620396,0.6588716334318652,0.8077696751271249,0.7034008760476349,0.676795044826016,0.6486759126136799,0.7280022908340432,0.8295601538978652,0.7523089265834185,0.7443400248351772,0.7263492040433358,0.7294640002237107,0.34685314200205397,0.7069758701464878,0.04878047590720099,0.39351643226692284,0.7684376806961744,0.5995084576922601,0.8790278533918546,0.537579614410321,0.7006035967293042,0.7398809780587703,0.8395421155035121,0.7070929796556499,0.6276325938608087,0.7179487161614421,0.7657200803593103,0.635624121639203,0.2885375465559531,0.764022829399702,0.0,0.43777581448466096,0.0,0.007007708430219283,0.0,0.009345794174163688,0.0,0.0,0.0,0.0,0.0,0.01855192638578869
p_63,0.9676900058666789,0.7953806773218629,0.5994575465178772,0.9010510366629957,0.4922948750841529,0.7075454148714907,0.7720270167130586,0.8138801256694763,0.7713310568759,0.7142172132411686,0.7573964474633241,0.7851420233336817,0.7016444774167463,0.8518819290918929,0.7419853218018682,0.7777078061155295,0.6882076755365709,0.5536104972252681,0.8023255806179016,0.5567009735359821,0.38709677277457194,0.785441976979233,0.5882099433540409,0.8837984685758214,0.5078277861652261,0.7105540022513138,0.7697645143862819,0.8085135038671021,0.6635143761488634,0.7054373514120126,0.7378881969245014,0.7567519538408387,0.7697743931237445,0.6647780862627187,0.8310189704371025,0.0,0.4412383515442189,0.0,0.0012578616273090464,0.0,0.5531914795533426,0.0,0.0,0.0,0.0,0.0,0.0148101806640625
p_64,0.9767409623928652,0.8204662236363567,0.7111997593465631,0.8528298999301296,0.37359550299441363,0.7756966416311889,0.768233408598587,0.7795565820654913,0.783165828161852,0.7430488966988985,0.6971142906223261,0.7953718981971176,0.6571155667213096,0.8587874547924781,0.6924629871102927,0.5681515055530768,0.679573288504254,0.6861451396216293,0.7877069415643402,0.4301074806336042,0.2709950580734294,0.8216532708364325,0.6941212420957754,0.819035215790854,0.3269035499806746,0.7634728944077583,0.8253820274258994,0.8477122690372683,0.7609010660507166,0.705488484624644,0.7693624288203629,0.7302590011262803,0.6708895602564319,0.6037428754780889,0.829646223439143,0.39215678585161057,0.3689064534327638,0.0,0.0038350910466434223,0.0,0.49999998903508797,0.0,0.0,0.0,0.0,0.0,0.012425013950892858
p_65,0.9743516204631589,0.8143660312655034,0.7077707085745675,0.7969356696416541,0.31255195085160475,0.7861784422934042,0.8397199794594897,0.7841276248060746,0.7468268039486464,0.6157807987064475,0.7220732781008193,0.7474668715998952,0.7580786009648939,0.8659346036053689,0.6047067470079917,0.580231696869037,0.6961408741246127,0.5568965469233056,0.7803463412210239,0.1016948980178139,0.10566037636169456,0.7927697464480669,0.6583108246991055,0.8071926865484769,0.16532720820519853,0.7413667135693909,0.8174742423903095,0.8103323321201303,0.8170837992565262,0.6474134571689873,0.7509041574346651,0.7367587535309179,0.6125159626755659,0.5740479508177154,0.8130628728111583,0.06666664444445185,0.24242424054060419,0.0,0.003992015928223394,0.0,0.4567307582516645,0.0,0.0,0.0,0.0,0.0,0.015519932338169644
p_66,0.9660971154450521,0.8189841138600453,0.6285581119476373,0.8873817725319372,0.31818181473829205,0.7845657341228156,0.7793791961002831,0.8504606656919085,0.774348809775837,0.6354913638667898,0.6999760920392635,0.7731741545885739,0.8206992024563877,0.8488877861822727,0.7331298023653755,0.759124085072581,0.7187603009602364,0.5575887991648139,0.8305471116731126,0.0,0.40495867433918453,0.7940989760467712,0.59993433217692,0.8926125597797565,0.5347698282588655,0.6330757006885854,0.7781857165363412,0.8478301822220498,0.7590425521821242,0.6551468765056198,0.6850746251615059,0.8207985135450341,0.7592541030914163,0.5910447702383606,0.831415303016944,0.2222221869488592,0.43650793403340177,0.0,0.005958291897137122,0.0,0.49717512719844276,0.0,0.0,0.0,0.0,0.0,0.01903570265997024
p_67,0.9728747918888245,0.8255275299494437,0.7248304590885573,0.8441027020800833,0.31322956893745557,0.7866780893160531,0.7805312135011514,0.8165296404064638,0.7793132320149568,0.7405951204176614,0.745272996079726,0.8224573755953634,0.7331824712339385,0.7937117151858833,0.7556349908096167,0.7597369732935332,0.7063829757175192,0.6735598177728226,0.8149575262151173,0.29999996250000466,0.1894353352510443,0.821519421550881,0.7155179511288344,0.8778130728478309,0.3642857110331633,0.7782860013123181,0.812336910847704,0.8518579140874896,0.8110260328626585,0.6817878579226266,0.7423599305128186,0.7997383414636592,0.7902368274764697,0.6655290045603327,0.8526269308144575,0.18181815820543398,0.2692015188653877,0.0,0.004866179989462531,0.0,0.5608108013376554,0.0,0.0,0.0,0.0,0.0,0.016705903552827382
p_68,0.9701393484404404,0.8351334190853116,0.671474451421825,0.8312930370929165,0.3222918502928214,0.7682494321005665,0.8181445804879598,0.8686641130498626,0.8159328179574071,0.7710315942415003,0.746466026569845,0.7172630722876009,0.7123088110893208,0.8527144549919761,0.740147249090356,0.7266149852025452,0.7115146483222672,0.6883425797910977,0.8312288806409134,0.04878047590720099,0.36714975592029153,0.8087970206902864,0.6295024822176853,0.8752338893513831,0.4424778721904613,0.6900346269220073,0.7844105631709145,0.8635250199092938,0.846657632286972,0.8086732249415672,0.786601595415702,0.8054159392702678,0.7157516656856037,0.6817826373590099,0.8419166187116425,0.13333330370371027,0.48720800618905447,0.0,0.004012036068083891,0.0,0.46052630569021263,0.0,0.0,0.0,0.0,0.0,0.01625031970796131
p_69,0.9698643673783606,0.8284875744221517,0.6632352786917511,0.7723876552396385,0.39425378775535685,0.74689826281179,0.7830500933119157,0.8673531187962731,0.785819792150101,0.7547587419712719,0.7457135939490134,0.8236048722783679,0.7279135321242634,0.8613861384626454,0.7334043299805889,0.6999405802140802,0.7452563554894777,0.5923809467392291,0.8208341118189321,0.35294110726644956,0.3297609206120287,0.8194623755297362,0.6311409425248711,0.8455153944602327,0.4237288099683999,0.7662174781144182,0.7793433252243668,0.8645475545715684,0.8257655744116082,0.7871853539078845,0.794348506852773,0.7831829179141725,0.6708074515222827,0.6091846240938649,0.8387159148726399,0.0,0.4829886558839983,0.0,0.002928257665239695,0.0,0.5397590231383368,0.0,0.0,0.0,0.0,0.0,0.016901942661830358
p_70,0.9758329353064021,0.826176143032293,0.7172623881762279,0.8545181044228757,0.2656826543756213,0.8153140296324469,0.8162551642848704,0.7893617017277803,0.7669056376991807,0.6250675305014699,0.5933125960472151,0.5724108269342035,0.5301970739663157,0.8400765228161589,0.705096432814248,0.6175219715976128,0.5782391365696303,0.42439431558567825,0.7677273859786792,0.1333333111111148,0.40158520210313603,0.8231592118640239,0.6976066098602063,0.7429265198781004,0.09644669928367133,0.7749680713548386,0.7703021370102947,0.868152321108631,0.708281124606127,0.6978989712133223,0.747122024660165,0.748687600698017,0.6616428016537482,0.4599303103837609,0.7185964905977223,0.0,0.3192904632720587,0.0,0.001156069357479368,0.0,0.43927647443730045,0.0,0.0,0.0,0.0,0.0,0.0121063232421875
p_71,0.9740034857345459,0.8109771075116832,0.7068139061835145,0.8485721139399458,0.0487106010213381,0.685396560847157,0.7496169373143234,0.7408213213938802,0.7670350887788013,0.6021012410677161,0.36028487565922734,0.6071713123220266,0.6469041342412046,0.7879854624769006,0.6273203229089478,0.7027559032061814,0.45159403202224613,0.5037910656799405,0.7237826884531279,0.0,0.35714285359977327,0.8099204288894124,0.6919574451152637,0.7512484027689883,0.24713958527300248,0.6620935484504396,0.7395826042621683,0.8382694399667017,0.7425754765957172,0.5991501410368777,0.6346849407297069,0.7185164152535563,0.6841252681314113,0.4044943789925515,0.7344509633407788,0.0,0.29461756095734126,0.0,0.0018761725990798657,0.0,0.4548872094946014,0.0,0.0,0.0,0.0,0.0,0.01344328380766369
p_72,0.9659217226451873,0.7969519298971939,0.6458027776306695,0.8917444110525125,0.4371157046555858,0.7592618876841112,0.7462261986205077,0.7542745476586012,0.5850593430474059,0.6819301279924016,0.5595767183924303,0.6551351337186267,0.6593611549093935,0.812656580313542,0.7027712364582763,0.665319863079731,0.6233333318492064,0.40396753468018454,0.775689442494564,0.12345677488187964,0.29207739944477035,0.7626714023085872,0.5849794285024561,0.8780455767434938,0.4795180694004936,0.7321464380373568,0.7566162974550121,0.8034102301884339,0.6490212967511741,0.6465859557902315,0.7001209175733154,0.7614431872541346,0.8063492040220802,0.48929663234482695,0.774550483379852,0.0,0.42512652448607763,0.0,0.0011968880885759264,0.0,0.5092936708309727,0.0,0.0,0.0,0.0,0.0,0.015514410109747023
p_73,0.9665048589821348,0.8277105405017571,0.6672730263648563,0.7389843899499543,0.37709496943369436,0.7942925087126369,0.8067450490596816,0.8044204847415523,0.7914153446606602,0.7303822930277845,0.7040905119580276,0.7807308937677288,0.6808597734271039,0.8737427481250656,0.6310690056722263,0.5801965941496127,0.670445341415201,0.5774907695803435,0.7962019846385827,0.45283014595942017,0.1608980340421138,0.803915712919128,0.6251950783617772,0.7353575826638736,0.43356643019761903,0.7742400767203803,0.8296527053058033,0.8458809175929255,0.7739783141868525,0.7859356830822011,0.8111062509595404,0.7649584876753903,0.717234755839571,0.637759705169289,0.8347233424493559,0.37931027942926215,0.3065451507328488,0.0,0.0,0.0,0.49512669600142895,0.0,0.0,0.0,0.0,0.0,0.018864658900669642
p_74,0.9690656890796234,0.8031571146942712,0.6104935270313308,0.9090448440209481,0.5067103093070039,0.8075766147042389,0.830845944325839,0.8530674233288863,0.8037948281862023,0.7876660334082866,0.6960857624131493,0.838116260415533,0.8372309108916975,0.8654690902350863,0.6837029885683427,0.6465487317150581,0.6674049440110559,0.6024590102207069,0.7887835376348764,0.0,0.2451874354347141,0.7713507407999213,0.5885850456258517,0.903217660900509,0.5362588302853892,0.8027857288037342,0.8502708948284146,0.8285907344180564,0.7758275930061902,0.813067508080273,0.7513035575803593,0.7077989593208562,0.7044225240075643,0.5694305637419524,0.8075646305124589,0.4864863550036878,0.27506213639162325,0.0,0.001687763709519486,0.0,0.49999998949579855,0.0,0.0,0.0,0.0,0.0,0.013570149739583334
p_75,0.9735659925137947,0.8352355674480387,0.6907206026147813,0.8115942024426501,0.34697508588100456,0.7715039848950667,0.8109617239748498,0.8339102242547606,0.7848578731175295,0.7642922645834177,0.7686163947178379,0.7530529146775681,0.7307506035575047,0.8904692275537569,0.7333125057447543,0.7283987002996204,0.6693360004359826,0.6554455380648957,0.7987185347380151,0.04999998750000312,0.2226415073335707,0.8109891394968538,0.6550146369690856,0.8198484756116775,0.49820530869917223,0.8015229860817773,0.839139608803002,0.8184182522647959,0.7964217934448065,0.697203785554125,0.7957396430870068,0.803576523538879,0.7578253685946584,0.563033170018643,0.8325488768713352,0.0,0.2863924027975285,0.0,0.005979073154273944,0.0,0.5400696770022705,0.0,0.0,0.0,0.0,0.0,0.011792428152901786
p_76,0.9687746356677163,0.8142173307828001,0.6681282318684065,0.8336923497190322,0.2041763317380936,0.7579951764815992,0.7842553958182498,0.7804878044126139,0.7541397244060247,0.6223806430952898,0.6339969358258654,0.7881644388893311,0.7414036723000385,0.8626645922498973,0.7361293133069798,0.7002456980950684,0.7106382948483476,0.4911111056543211,0.7980456018837807,0.17391300567108572,0.34363766827003833,0.7954980271537682,0.6286786694413372,0.863084484786336,0.3501805022546886,0.7241370405793155,0.8055086414105709,0.8402822316611404,0.778932777853177,0.6853252640098063,0.7488151641868311,0.7800855852415347,0.7323726177756752,0.6098239053769796,0.8313761460262604,0.1333332888889037,0.44107743860225906,0.0,0.0030211479906171,0.0,0.2772727209710745,0.0,0.0,0.0,0.0,0.0,0.01889706566220238
p_77,0.9738825825471779,0.8193826278578588,0.7101972289189739,0.7852550359529392,0.3177189377014365,0.7535453633836448,0.7139634025897578,0.8163059885172089,0.7687687677650232,0.6303909707472884,0.6869326563501528,0.7031835173071932,0.7179251762269333,0.8089051379498424,0.7620565954941644,0.7287870881603667,0.6627272697148759,0.6440922143797391,0.8263543678268142,0.0,0.11392404919083482,0.7948053345651112,0.6568239051554446,0.7898185826103203,0.34428085680316134,0.713709585382736,0.6750784262556049,0.8611713661273475,0.757587204687587,0.6414245175213535,0.744658782939932,0.7897758836916319,0.7270421087594061,0.4796084789591478,0.8426925838348699,0.0,0.17984189545610776,0.0,0.0,0.0,0.0,0.0,0.0,0.0,0.0,0.0,0.015196010044642856
p_78,0.9733246871933262,0.8256831245764608,0.7026845218397307,0.8407643307950603,0.2802850323006528,0.7819997512157626,0.7494002180497837,0.8148871398455648,0.7441037724880546,0.7263127009618533,0.7572992683455765,0.7515200618098091,0.5799999984324324,0.8319956924886854,0.7688595102624494,0.7426206876065636,0.6843609608641855,0.5985266979877837,0.8073378068838141,0.35294112456748167,0.3886097119881934,0.8119769338682028,0.676680640310739,0.8497027719239819,0.19104477326798847,0.6974779596037725,0.7357881794648933,0.8650978559732655,0.7554621838158794,0.6376722181393458,0.7224349914887422,0.7763597086428827,0.753748409774464,0.47226624031484754,0.802690174677188,0.05263156509695655,0.39477303717487594,0.0,0.008522727151665807,0.0,0.39306357245481005,0.0,0.0,0.0,0.0,0.0,0.015845453171502977
p_79,0.9718888612051376,0.8256583048309757,0.684945359733025,0.8506731402115767,0.2283884714152778,0.7699948619141419,0.768438161196698,0.816418426962003,0.8001889456776229,0.7266666659542483,0.7458302197016923,0.76261517875114,0.6260590780259696,0.8559467505945092,0.7626743405327935,0.7354838688108977,0.7271876428301934,0.6474358922481098,0.8269428110579878,0.1034482580261624,0.19129193296722388,0.809592353467686,0.6527605625904974,0.8577786974134258,0.5442307639977811,0.7632358483429643,0.7767256061204146,0.8631137719382552,0.8067828984872428,0.7142709935968357,0.7302504799367764,0.8217037662438959,0.7601228685838513,0.6626505967069656,0.8465453113656828,0.06451610822061025,0.3222811649716103,0.0,0.0,0.0,0.5868725755430005,0.0,0.0,0.0,0.0,0.0,0.015664818173363095
p_80,0.9695609235372374,0.8049570929517824,0.669381614205719,0.888951953659803,0.39536468714816164,0.7771457391270922,0.7839411858217075,0.8458373663807858,0.8272523310576783,0.7736648763552182,0.7607758600194615,0.8010794109441811,0.8018275256009375,0.8434625393194399,0.7429481338228524,0.6888178891731057,0.5949696418258038,0.5928085462312095,0.7817568294527519,0.4680850565866961,0.30845157120017536,0.7726264208741658,0.6235676466438475,0.8829822140569068,0.26007325769163686,0.7955409312998408,0.8096557828599874,0.8154670745179511,0.8037804738440764,0.8237413304298467,0.7494877029982384,0.7449434698216539,0.7058823510188389,0.6173515925356019,0.7871157981318864,0.04878047590720099,0.42170542417723295,0.0,0.0018552875609680539,0.0,0.4773269575816956,0.0,0.0,0.0,0.0,0.0,0.016191900344122025
p_81,0.9623600669213076,0.8065057204172211,0.6225004867440072,0.8945764775394085,0.5548738885148338,0.7117632697627374,0.7043715137612743,0.8844095606585745,0.7541957511448155,0.7403238764898084,0.7266288934687704,0.830269115826621,0.7964770273828208,0.8639479418668938,0.7767223269905786,0.7354014576173921,0.7349443776948815,0.587064670775476,0.8235700701368843,0.0,0.3873684183342567,0.7642830441555303,0.5659871721137869,0.9014557374684705,0.4775022912993362,0.7794268840377964,0.7837449014462528,0.8703797462845698,0.6266364543974868,0.6746556157748286,0.7059602633422511,0.8020229877682548,0.6858248115893207,0.630830034538893,0.8054789639727129,0.0,0.3949104599674342,0.0,0.007326007258919348,0.0,0.4536082380699333,0.0,0.0,0.0,0.0,0.0,0.01895839146205357
p_82,0.9741329361784995,0.7813644437893059,0.6642897257639594,0.9006028973453427,0.6093126358788796,0.7748313712555114,0.7982222074698492,0.8116798671168697,0.6999045793178619,0.7496141968078567,0.6953966682287055,0.8269035512007523,0.7840342112843418,0.8289201011761257,0.7286229570033705,0.7183338999032642,0.7470149225857652,0.5514018640055901,0.7566328772528578,0.07843136485967012,0.368190354613711,0.7681669023344555,0.6134314521091334,0.9111380769637075,0.6748285961075975,0.715867777639726,0.7927253944055246,0.8846899825535319,0.7135004389693267,0.7676412844636417,0.7227935883214696,0.789672414746737,0.7376004412923235,0.6291179529317965,0.8219748386080417,0.11764702422146345,0.4909358133712111,0.0,0.004331889362992521,0.0,0.49910232497123297,0.0,0.0,0.0,0.0,0.0,0.012733968098958333
p_83,0.9670386348952681,0.808290857024817,0.6625691732191169,0.8668674146464496,0.25166825308228546,0.7745172050813341,0.7111598580455292,0.8063203251099352,0.7743601248603951,0.6413429456135339,0.615384614108678,0.7789855056783705,0.7710712329688758,0.7481439889032154,0.7144362478463456,0.7560394666347755,0.6942314081552804,0.4270386220274826,0.7987586977630631,0.041666657986112916,0.19047618869770133,0.7932193065291311,0.630763131222291,0.8552032928232819,0.19444444198933786,0.7263008560758217,0.752466728208336,0.8257454818812685,0.743252437351721,0.6096269264332977,0.6973709447373423,0.7535594631976974,0.7373794647266606,0.45053868314849477,0.7802858543319016,0.0,0.30153845968284027,0.0,0.0061704589040861586,0.0,0.36468329434389074,0.0,0.0,0.0,0.0,0.0,0.01748628162202381
p_84,0.969344730916018,0.8140894470305262,0.6781358315256505,0.8052067729494259,0.39560439198164477,0.7915431327230165,0.8071327828045681,0.7709046943527581,0.7110655728598033,0.6699606729152358,0.6939325827102639,0.7497034371304727,0.5503206006403105,0.8226259184371548,0.7751862955819353,0.7033827209857905,0.7064107770256807,0.5998286152542536,0.7917926912517023,0.1846153562130221,0.1474978037972098,0.7891233330578534,0.6394466692092008,0.8389538491561013,0.5281065049696264,0.6753172865043069,0.7854690618239875,0.8018908461528305,0.7290841426850508,0.6947190052765518,0.7065786462404311,0.7883686191791544,0.6857562391440131,0.6440677918639072,0.82216538719338,0.26923071745563126,0.39878048537328975,0.0,0.0,0.0,0.24915824076908283,0.0,0.0,0.0,0.0,0.0,0.020154244559151786
p_85,0.9675989271606543,0.807947275966291,0.6829376645517584,0.8329301680446236,0.20677671410272186,0.6889630427054311,0.6947603847838316,0.8586057028882504,0.7638007093900778,0.550236152264667,0.5730256030057238,0.654841521794587,0.5285575979463757,0.6866307167653528,0.6743031685048653,0.6153846134835198,0.5689482451788038,0.3900573576476352,0.7710778111833564,0.0,0.39616613165389053,0.7755425548123529,0.6448643186973894,0.8342850514988013,0.382371195640154,0.7647237927871413,0.744349622442614,0.7777637551881854,0.7252629311813019,0.45079702396302124,0.5364213662001842,0.715636982773211,0.6401600384092022,0.42003853159885807,0.7387387380988056,0.0,0.38743004568476086,0.0,0.003009027073698528,0.0,0.4707792131367011,0.0,0.0,0.0,0.0,0.0,0.017934454055059525
p_86,0.978309371574066,0.8298901671375901,0.7337358034726468,0.8427193347150954,0.32376747370296194,0.7749767592347085,0.8205602536427229,0.860544217182416,0.8303030292546679,0.7742991602472896,0.7671163126314168,0.7510917000750627,0.5414979743383148,0.8498556142065706,0.6901590022666964,0.7509147178415009,0.6681974716104191,0.5865546169197091,0.7953852013773978,0.3841059348274215,0.2168458761931373,0.8123835491438626,0.7051695982515733,0.8659148339056634,0.4809160268632364,0.7591938049377562,0.8174152996490502,0.8849619655442001,0.8121974820762373,0.7412371126378999,0.788133496197445,0.8078175887791752,0.7397339481210701,0.5691946788960541,0.8486904080943185,0.5230768426035627,0.3884093687521001,0.0,0.0,0.0,0.49136275448440014,0.0,0.0,0.0,0.0,0.0,0.012667992001488096
p_87,0.9738802245103729,0.8299727556378923,0.7035330046827334,0.7781401845316247,0.3751987251574028,0.7698842991532377,0.8235557486388052,0.8493655781100935,0.7453494208831707,0.7332101040989261,0.767820305368278,0.641641638430222,0.6878496292507281,0.8815120033889478,0.7473149768137913,0.7303754245438696,0.6342393865796881,0.6254826206526438,0.8231899731104589,0.14545451900826925,0.2662538672213223,0.8188348014378248,0.6845157188970115,0.8032128509168718,0.4031413577387316,0.7724253386692159,0.8315439337751249,0.8663938795787263,0.7473806742369931,0.7463245114975279,0.7750952969608317,0.8038054550006742,0.7459602629246085,0.6193447689598692,0.8260366433692993,0.15789469529086964,0.3837534987132108,0.0,0.0,0.0,0.49999998809523843,0.0,0.0,0.0,0.0,0.0,0.013980829148065477
p_88,0.9706692935955323,0.8042668379063516,0.6477584465319162,0.8172594249614122,0.3904448073274728,0.7806857263594459,0.8104937466428043,0.7902274637516273,0.7609629137788382,0.6807507474106893,0.7661510446629868,0.791226641790306,0.8230709259098384,0.8234239913672694,0.724306325500215,0.7293064856563017,0.7055464897816212,0.551917674911902,0.7864406772825374,0.13043475425331427,0.28228228016304596,0.7921251997361677,0.6278303441035035,0.7881155146391013,0.36075949081677616,0.8021040093285767,0.829987440252135,0.8034714792758496,0.6837090394100522,0.7080969565857856,0.7006571477438089,0.7720968735540293,0.6640159029224256,0.6201888117633347,0.8072267703744866,0.0,0.2921646726947897,0.0,0.0,0.0,0.5579196085598201,0.0,0.0,0.0,0.0,0.0,0.01589907691592262
p_89,0.9683791202398015,0.8140684868809462,0.6932505324678389,0.7940087897328194,0.17190775501144911,0.7524474846497503,0.7336714554129945,0.7890293025831746,0.7513903671146724,0.6663619736444676,0.6270152491786161,0.5198611626692589,0.731154101109286,0.7455977375009293,0.692918319727472,0.6554455423912688,0.5058949606791892,0.5777385107973629,0.728992483127276,0.0,0.2955413975090268,0.7981786310761454,0.6578403987396473,0.763016266092389,0.17001180436821955,0.7948815706059948,0.753112299419214,0.8397409714487247,0.776558666869035,0.6140904304076523,0.5652085441196164,0.7536637722825877,0.7449628824364717,0.578947363342567,0.738062283098562,0.0,0.3253424629679584,0.0,0.0011344299425159958,0.0,0.3549160586351065,0.0,0.0,0.0,0.0,0.0,0.01825503394717262
p_90,0.96905904004633,0.8181164697929302,0.6930117934601118,0.592653060686936,0.15155279314841252,0.7728859058673633,0.811273394766238,0.8055150880304293,0.5730899683846068,0.5716109804515738,0.6159153619689159,0.47225501585102314,0.7228464405939206,0.7954378218059482,0.6472764638774138,0.6369462228003727,0.5070118644120393,0.07256637103923566,0.7501671116726545,0.0,0.1779660991812698,0.7977295972650906,0.6761898774909098,0.6362198859304066,0.28165680140051125,0.8053525386620032,0.8287042927557519,0.830141728426841,0.6768973204842392,0.6340046469461613,0.6339897246703987,0.7328684326054222,0.7243882744705881,0.13918305492297237,0.7069343675494059,0.0,0.24422441975550693,0.0,0.0,0.0,0.19580419123999557,0.0,0.0,0.0,0.0,0.0,0.015629069010416666
p_91,0.9625977105054194,0.8054001957338544,0.7083272199781564,0.8007337762895053,0.18151260351670082,0.8202936985363455,0.7147869724437563,0.7617744947057974,0.6266937662300206,0.6112319711455709,0.6182346519828648,0.742927426989768,0.7854659235301358,0.7723101126559478,0.6592016406024432,0.6752428441185538,0.6607473153505463,0.54154302268885,0.7753743754790029,0.0909090771349883,0.1398506439928673,0.7943232420016189,0.6719884391552686,0.8259784180922941,0.28645383704526456,0.7133942755501176,0.6941914613216452,0.8585811930267037,0.6805658965210447,0.6240756658434431,0.7114952450968103,0.7784117187521884,0.7209811635545748,0.5747282569651613,0.7849883850283186,0.146341427721603,0.3312392899415232,0.0,0.0,0.0,0.12217194293728637,0.0,0.0,0.0,0.0,0.0,0.03179713657924107
p_92,0.9758127888726709,0.8159812215618675,0.6961061730426341,0.8823499385253292,0.45669291061966744,0.7671442113222521,0.7927391637496921,0.8418008613961211,0.8206723282442011,0.7618307251366916,0.7591373422040015,0.7706275012800333,0.6958295541798968,0.8819736280932413,0.762062492257853,0.7124384214518521,0.640419945105287,0.5830653742436723,0.7730284047798999,0.4791666167534774,0.33209417390276225,0.816599715027023,0.6920434511375972,0.8517980103856932,0.5676063040248146,0.8052393397967115,0.843295079983467,0.8284129535227454,0.7859263322859523,0.8192053588729828,0.7534903997524206,0.8049235352434506,0.7612359529178765,0.5841860410773392,0.8115456230804976,0.34042545948394476,0.4173989436845389,0.0,0.0016625103837800896,0.0,0.5527272626776861,0.0,0.0,0.0,0.0,0.0,0.012557838076636905
p_93,0.967930855976642,0.8231580181783609,0.6470260277495375,0.8547510644533886,0.2699186969925309,0.8115812666838912,0.8051204885659875,0.8223406613244834,0.7954657456931177,0.7462396887469775,0.7090432487788484,0.7222857115341497,0.8051999983896,0.8761644831011345,0.7318129980252988,0.6949303270236278,0.6907775743552348,0.5677031036338706,0.8125286190928395,0.16438353912554257,0.40246913331809175,0.8066703091088555,0.6141112891766876,0.801778837896969,0.5277777721391264,0.7829841408256112,0.7890847584447221,0.8527061995877652,0.6909975659759428,0.7240794324677383,0.7053625211782235,0.8008859348827398,0.7973967153440953,0.5039508296404668,0.8404420487346406,0.24390237953600497,0.44943819927668077,0.0,0.0037914691583747,0.0,0.4233261247661744,0.0,0.0,0.0,0.0,0.0,0.016277640206473213
p_94,0.967920710242168,0.8008998324044471,0.6589023098785601,0.8982035925494222,0.2708333305121528,0.7384779239110965,0.6760056725346059,0.8110560558706609,0.7521060616598453,0.6966479276528754,0.7269999981824999,0.7983281058922741,0.639233614980985,0.7160090026205073,0.7677840460584312,0.7581138984748502,0.7271036693300619,0.6285714229591838,0.7841796867341996,0.3111110765432137,0.36184210327937444,0.7782531241827584,0.6158384552160793,0.8910116940131182,0.5348047492800955,0.7709863398552699,0.6958605511792462,0.838613732808345,0.7142664317529135,0.6434957525217974,0.7350993360096989,0.7754378640789847,0.5987748836172156,0.5973282385751122,0.8032671162617051,0.3673469012911325,0.46509129717996084,0.0,0.007153075771437227,0.0,0.4727272584022043,0.0,0.0,0.0,0.0,0.0,0.0202667236328125
p_95,0.9697673249816904,0.8040261044042165,0.6653596845640395,0.6561804204150108,0.3257142833877551,0.791215608179157,0.824121995605709,0.7591604038563564,0.7494677065302091,0.6244607664399432,0.7091836719617695,0.7389690691176533,0.7644701674878225,0.8313332031922902,0.7258569929485738,0.6916471488637856,0.6417670656957145,0.5931707259202856,0.7947312581376138,0.15686271434064425,0.12387096614360044,0.7838848359216731,0.6414033010046802,0.6257284503559812,0.42780748281811515,0.7361569120132604,0.7944593191845376,0.82228436649543,0.6985801207591885,0.6245961655991857,0.7268170409505195,0.8177455854977406,0.7615480630173581,0.6179775223035813,0.827060766635707,0.31999993600001275,0.20452488502692412,0.0,0.002262443413320776,0.0,0.31319909813872265,0.0,0.0,0.0,0.0,0.0,0.01856442406063988
p_96,0.9700221788322241,0.8072635731375618,0.7071316439998839,0.8210023861994153,0.4660493791199894,0.7612351804151192,0.7118444457638567,0.7802214939009923,0.7490820064270722,0.6158152548077425,0.6175097991086246,0.7600767725141007,0.805158168839093,0.7953761977299446,0.7569528409423452,0.7493163155211571,0.6615314877139488,0.5950570285640967,0.813913328826648,0.09090907024793857,0.30798844746883114,0.7856154746095707,0.6758782810918705,0.800529992290695,0.174329500245886,0.70958254252619,0.7700971366408421,0.8333159699795208,0.7502383213176379,0.5624201101806348,0.6736292415635412,0.7857887414994886,0.7271944906902013,0.61441012973547,0.822995201488181,0.0,0.2759889579025855,0.0,0.0021574972798543983,0.0,0.23794211453562333,0.0,0.0,0.0,0.0,0.0,0.02349126906622024
p_97,0.9729057248768501,0.8238717282003541,0.706685135223348,0.8475221235187955,0.2863128471626198,0.7303444401136407,0.7806805906313232,0.737599432164159,0.7981639333794571,0.6130602305687891,0.38595753545100375,0.8291987430019996,0.8219990106668879,0.7443489333576472,0.7089576717609563,0.6644915696995879,0.7196620556080565,0.5910714232940052,0.8023169211399943,0.20779218080621029,0.1928286837224806,0.8186416318549319,0.6855675331504758,0.8194518120722359,0.386174014385137,0.8170323748888607,0.8301928577509032,0.8487270731734317,0.7916666656548228,0.6712885924650688,0.739761090572182,0.7138154794377735,0.4856396854160843,0.5466666605925927,0.8323537145079799,0.03636362975206731,0.2698072785880994,0.0,0.008510638177154068,0.0,0.47520660175192975,0.0,0.0,0.0,0.0,0.0,0.016268048967633928
p_98,0.9746303968955113,0.8129601755791722,0.7029253578930219,0.8085839768674131,0.3105802021281553,0.7856725388144853,0.8333226979239792,0.8352582126531876,0.7982456130347799,0.7632333262342507,0.7481212103075849,0.7983128803745672,0.6382710855260784,0.8647118089037432,0.7435079718183281,0.7515299854604345,0.6452615191855955,0.6782911885066156,0.8112697072382967,0.3999999272727405,0.3605283577270524,0.8006723680012968,0.6741529006778789,0.7685535451072608,0.35991378922506695,0.8004344433551202,0.8658910991026915,0.8664897223217766,0.7167675694699032,0.6829997005447668,0.7507246358678149,0.7214700185670857,0.6799999982337662,0.5118483363805845,0.8307023340290176,0.0,0.38679244978936755,0.0,0.003831417587821671,0.0,0.5590908963842979,0.0,0.0,0.0,0.0,0.0,0.013002813430059525
p_99,0.975519982079458,0.8326256824791992,0.6974507401451094,0.6016561124192342,0.3316782489406331,0.8058535126537782,0.8290372482458709,0.8180261286793433,0.7422657943984033,0.7684439966730013,0.763289034959948,0.5900262436219095,0.7123226934567316,0.8813723497615303,0.734880878909712,0.7011636526339102,0.6441947541415927,0.6056337985518747,0.8319418030652709,0.4578312701408108,0.12448132607909647,0.8203859660480114,0.6798972172000297,0.6611157362742939,0.3741429933972283,0.8274702532779434,0.863186945293566,0.8501973816485574,0.7297617756497125,0.7814159987462016,0.7854330693200137,0.8030357780962813,0.7292069614864436,0.4471428539489796,0.8326783168888048,0.3076922485207214,0.1838034560163471,0.0,0.0,0.0,0.48529410872621126,0.0,0.0,0.0,0.0,0.0,0.011892264229910715
p_100,0.9767021478883157,0.8295775636359403,0.7161249273414295,0.7430942497077094,0.4424514167230836,0.7604973754184899,0.7973997507245718,0.8423489273621169,0.7172535719504147,0.734592752416029,0.7790549149960283,0.7674418571600264,0.7446619200519086,0.852101569108883,0.7578393216321363,0.7248648629057706,0.6488326816691017,0.49889624173403707,0.8160179785309858,0.05714284081633119,0.41117478215490844,0.811186863031015,0.6674479542552407,0.7694294430796963,0.45783132105809715,0.7399710306883396,0.8358261615938893,0.8539111642283084,0.7837252910348791,0.742964351946045,0.7760501258388255,0.6926061643752898,0.704016911458729,0.5663551348938772,0.8237669446940036,0.0,0.21100225914843815,0.0,0.0016326530478967098,0.0,0.37967913423317823,0.0,0.0,0.0,0.0,0.0,0.012384614490327382
p_101,0.9723348149681382,0.811394675461793,0.6538622589428751,0.8814823513004397,0.29672727056925624,0.7544233904493854,0.8164739971498777,0.8712214297915818,0.8238797877028837,0.699975978020687,0.7404500242269753,0.8092783481979429,0.7022166442864562,0.8803161522104908,0.655870444514334,0.6538186985945085,0.7263325348992341,0.5947302309318666,0.8110228857440235,0.0,0.3999999983157895,0.7993642312304601,0.6337796171992358,0.9015192618281281,0.3637758989733239,0.7788749868734166,0.8521492501506964,0.8373272468382609,0.8149683071489904,0.7439407532047344,0.7790777683434784,0.7547130928662686,0.7382779177656211,0.6394809950001762,0.8335393090279121,0.2399999520000096,0.5782873501315394,0.0,0.004758128431735699,0.0,0.6211603989563073,0.0,0.0,0.0,0.0,0.0,0.013085065569196428
p_102,0.9652286106102305,0.7967870887241721,0.6222555118381459,0.8982194109837132,0.6318656348984764,0.7921065451810658,0.8152176754598499,0.8007507032838594,0.735002220804322,0.7664007083705666,0.6845606774843757,0.8627008715458109,0.7120115757066774,0.8490161958156511,0.7809706249670385,0.7334446278980394,0.7246503464831715,0.5328719661721804,0.7968219953608088,0.44444436213993294,0.3999999975460123,0.760590998284888,0.5789227947219228,0.9012924553948624,0.39498894329411244,0.7517257305161216,0.8301179725693735,0.8176610666038095,0.7201070780486213,0.6709597514910716,0.726637145824663,0.7688962510158457,0.7002288311715513,0.5811808064466716,0.8250623779456036,0.5882352364475258,0.3939541667774053,0.0,0.0021231422279921206,0.0,0.5539905973241644,0.0,0.0,0.0,0.0,0.0,0.01996038527715774
p_103,0.9718111956852176,0.8329567002423884,0.6666845036533635,0.7791803764408134,0.23813632236293078,0.7654908115325766,0.7611083783706954,0.8534492486996448,0.7870284569331192,0.6178691755340198,0.38318753918671317,0.7163323748026151,0.6807902864061169,0.8682499241268773,0.6898835801988322,0.6765799239737796,0.6493506462272696,0.6624434329190639,0.8410963804719667,0.0,0.10765550110459927,0.8223857738324807,0.6514171225914862,0.8465433850090792,0.3991853319838561,0.6803539469376729,0.7786252550644576,0.8654902414014899,0.8388708458170487,0.7594960682395604,0.7394849769538949,0.7638848211187069,0.6650402520979746,0.6462882039625485,0.8385301728499183,0.2413792687277123,0.33185184939369,0.0,0.006329113823906427,0.0,0.6109979508961721,0.0,0.0,0.0,0.0,0.0,0.015466889880952382
p_104,0.9773042137097524,0.8304337949799441,0.7220619875454722,0.7901250232975027,0.2532751064052936,0.7752790808457964,0.818943839002013,0.8422980322089274,0.7910780660742666,0.7434396821375876,0.7814685297607769,0.6444652877839339,0.7084568025793098,0.8669814537304114,0.7446785513293587,0.7553455973263411,0.6158102742458091,0.6160558410466331,0.832240789555682,0.0,0.20206185358699122,0.8205176904586542,0.6763672776868371,0.7461322639309561,0.27540983305563027,0.7656989217533934,0.816468885613859,0.8761458106607622,0.799440623704183,0.76678783167516,0.7633880931013696,0.7830030555230179,0.7488419949849665,0.5834502062871655,0.8435311455551685,0.0,0.2511373953490683,0.0,0.005891016113534373,0.0,0.36450838454416346,0.0,0.0,0.0,0.0,0.0,0.011509631928943453
p_105,0.9716184565280843,0.8287030796829606,0.6796370773773011,0.7188621555769892,0.38057948018340265,0.7977689814088493,0.7991265825468092,0.8382145649500315,0.7676205607212234,0.7816419604887477,0.7512127494774481,0.6320799589144218,0.7256851789335795,0.8157903610644176,0.714866695984109,0.6672180847333385,0.7127549232189597,0.5672191476314996,0.808263998496528,0.434782545683689,0.34314720463809945,0.8128711003240969,0.6601427281577338,0.7540913308410696,0.6097031092707957,0.7966234897986832,0.8019066523708676,0.8768613969777427,0.7392438060766052,0.7537199534970241,0.7562189039050189,0.7882624853901493,0.7558139514909779,0.3855421655779746,0.8232973219132952,0.41025630506248584,0.40545144458729604,0.0,0.0,0.0,0.6095617408453837,0.0,0.0,0.0,0.0,0.0,0.01811683291480655
p_106,0.969047757560879,0.7791109570103875,0.6596155845861265,0.857543405277852,0.2583249217121602,0.7756218141938569,0.8076258198487326,0.7640306793102192,0.7543495186258771,0.6519854742274974,0.6444557460720861,0.7326519614506402,0.7283649319910551,0.7948342035029182,0.6927054673861751,0.7314759907188025,0.7027027005445249,0.49812264708231985,0.751318177239763,0.30188673549306877,0.11869031296937031,0.7602298794597238,0.6169336020189321,0.861451460561187,0.3425559902166536,0.7339131957290465,0.7765036387164124,0.7788028091105972,0.7132333587039814,0.5802613152353461,0.638099672477644,0.7712474473286264,0.7500730758547995,0.49421487194863745,0.7965777730075746,0.0,0.36568364415183036,0.0,0.01433691739143468,0.0,0.45161289281997946,0.0,0.0,0.0,0.0,0.0,0.01788969494047619
p_107,0.973880281790492,0.8281273066305859,0.7152847986305512,0.8627478209566516,0.28225806167078565,0.7775864046453133,0.8177875751492388,0.8461059890016933,0.8354489882046909,0.7662987067022373,0.7776268098332727,0.7045123700709156,0.65858774025032,0.869746150487661,0.7476233581398559,0.7124650273159309,0.5693501427286607,0.4874884106812937,0.8026454511620383,0.49180323837678375,0.3997741366472381,0.8056938576404665,0.6817290696620999,0.8570895170087326,0.35038759418304194,0.7490929543667295,0.8269795120192434,0.825654534258559,0.8359413192714654,0.7756120085213746,0.7819614693915029,0.7564955972122659,0.7222053901175237,0.5756336829465766,0.8161337916221015,0.5454544462810097,0.39303482342640034,0.0,0.0024968788702012627,0.0,0.5616161502703808,0.0,0.0,0.0,0.0,0.0,0.014638555617559524
p_108,0.9697781879617822,0.8171387855685042,0.6784127740263419,0.8064260658409175,0.32983793775178327,0.7970870743377826,0.8288352365729618,0.850630455409726,0.8171235438513913,0.7329241727054799,0.7470328118523789,0.6475789446417728,0.799922673883776,0.8784302200763292,0.7012802268834788,0.6824671596731378,0.6783239832453843,0.7080745286640177,0.7994505487184519,0.6588234906574417,0.22261174213311358,0.7916140080977319,0.6290642000817054,0.8335596982136315,0.41758241341076513,0.8234304930427604,0.8569729446571055,0.86815077951027,0.8363636354011926,0.7855449105704781,0.7284768195839364,0.7892258421649785,0.7678892003901276,0.6893880659226331,0.8205079954651854,0.34285704489798713,0.3173652670855893,0.0,0.0028943559639022292,0.0,0.5492424138401059,0.0,0.0,0.0,0.0,0.0,0.014965093703497023
p_109,0.9728360887810666,0.824427152873418,0.6861030014592171,0.7567199301643008,0.3016344702701748,0.8160111541230433,0.838212833364167,0.841576054693338,0.781054511960865,0.7408951069357,0.7207291406386326,0.8661330365273722,0.8683327105951353,0.8637448778079913,0.7733169876664451,0.604983961004234,0.7477227693159494,0.6158139477598703,0.8201399108798417,0.5555554938271673,0.3193430627797166,0.8197606092079474,0.6723570759605438,0.8058042600766877,0.40624999647352433,0.8096145824716701,0.8517534889949305,0.8442381275677573,0.8093892087877729,0.7760792224054618,0.7206208409742332,0.7934572195185277,0.713632203308252,0.6561723226497737,0.8249473877702819,0.32835815994654327,0.425345041246267,0.0,0.003249390712840043,0.0,0.4891518641192926,0.0,0.0,0.0,0.0,0.0,0.01595342726934524
p_110,0.9772312842193069,0.8162364399940595,0.7277562751593649,0.8363327821925008,0.28044280097856333,0.7641209114110711,0.8128303584880181,0.839076107081151,0.8288349836820009,0.7302076899751103,0.7663683448743092,0.5410779668180117,0.546293446489408,0.867793427067081,0.7394506128118638,0.6731141180626855,0.5739534857025419,0.6207928151025219,0.8286941893996879,0.2499999553571508,0.31781701189552963,0.8074156204864895,0.7044775949775677,0.8202780598958528,0.403940881724866,0.7732296918952479,0.8401026481048985,0.8667390120093658,0.8297709077827788,0.7433306378907331,0.7911349881550594,0.7723993719054895,0.76467391096556,0.5972222176140262,0.8222885935950265,0.24242420569330217,0.37066245764461786,0.0,0.0029112081301949917,0.0,0.48275860959175615,0.0,0.0,0.0,0.0,0.0,0.011885288783482143
p_111,0.9720159634645669,0.7834957436853255,0.6772813406873124,0.8470318584244639,0.19238476761137507,0.7811444254695036,0.7361903605185147,0.8316315673092791,0.7844155833968629,0.5979993397845451,0.7295397852424852,0.7299638962817188,0.8202080222507281,0.8140572102645476,0.7348655249536767,0.6487499979726562,0.6630469477385916,0.5204460918174155,0.7821936661017038,0.11428568163266238,0.4024713115404121,0.7522144689065696,0.6195178504756899,0.8581894292437688,0.21839080145990228,0.7497712080895833,0.7350914840231046,0.8591773949759728,0.7427201908415576,0.6954622175598628,0.7733218941168306,0.7584990685230734,0.7447263810922458,0.6383962942297896,0.8340957885966803,0.0,0.3827160464296601,0.0,0.0030120481474089134,0.0,0.05839415845276794,0.0,0.0,0.0,0.0,0.0,0.016904413132440475
p_112,0.9768845079331745,0.840421922840703,0.7255116653588216,0.8536619648312347,0.38906413891625513,0.8239104492232767,0.8169573703421791,0.8453675863102664,0.783227071133856,0.744427062236579,0.7342931921154163,0.7858924090278147,0.8317586593208045,0.8739773189568251,0.7664804461488264,0.7402781699112172,0.7568590326179153,0.6187755051528531,0.8257752433050227,0.20512815253124292,0.42173560079695377,0.8288935535355509,0.6992733662580487,0.8422007936232554,0.46952595406855585,0.8282965861274377,0.8383015417999862,0.8515675671072608,0.7829961454925384,0.6990887892571639,0.7650745606979154,0.818777505311709,0.8005412698226216,0.6266666614444445,0.8448196743646695,0.27272721074381573,0.49095966278887576,0.0,0.007575757480104073,0.0,0.2959830804231907,0.0,0.0,0.0,0.0,0.0,0.009880138578869048
p_113,0.974586744879953,0.8171583788331962,0.716306926142241,0.8701056079644266,0.4858490527842056,0.8137235343761651,0.8590776998475275,0.8049846956684605,0.7610998173091903,0.7316779785791924,0.7464573779235724,0.7718145280328056,0.7485727317913389,0.8758174373862692,0.748780222542795,0.7211347497272773,0.6695023365822954,0.6080448960893836,0.8120879113442419,0.044444434567903424,0.3656462553941645,0.8148116339754344,0.7049293964742706,0.836082042345717,0.3844797144225775,0.8006323751339188,0.8520563320900025,0.8298342536851745,0.7827723640580465,0.7093098054321204,0.7808277010539956,0.7166130322640658,0.7570498894873918,0.5526552605521579,0.8072323727090478,0.06896549346017466,0.28815004016922385,0.0,0.011574073940114886,0.0,0.4816326432319869,0.0,0.0,0.0,0.0,0.0,0.014804513113839285
p_114,0.9755771763590525,0.8237991324698813,0.7174978697706883,0.8773575683646511,0.2087781707143752,0.7635243256911977,0.7914298688065784,0.8598904296189006,0.8202724786700027,0.7778066296392222,0.7623108063050292,0.7231343256599465,0.7202426062162178,0.8773096436390964,0.770988472129972,0.7283324867502977,0.739716787795965,0.6263817197761111,0.8223577957811252,0.5263157433056366,0.3796992457412328,0.8047139872613152,0.6775978863324427,0.8837897341118104,0.40624999697730657,0.7832432991940464,0.8153016440813627,0.8766674746078902,0.8110303539856453,0.7058290266468779,0.7986306870748476,0.809417691299857,0.7584038675733885,0.6214135715786314,0.8506475348451994,0.23076920118343575,0.3924324303111761,0.0,0.004115226309223414,0.0,0.5396226313278749,0.0,0.0,0.0,0.0,0.0,0.011343819754464286
