VxmDiff_mse_1_diffusion_0.02,,,,,,,,,,,,,,,,,,,,,,,,,,,,,,,,,,,,,,,,,,,,,,,
,Unknown,Left-Cerebral-White-Matter,Left-Cerebral-Cortex,Left-Lateral-Ventricle,Left-Inf-Lat-Vent,Left-Cerebellum-White-Matter,Left-Cerebellum-Cortex,Left-Thalamus-Proper*,Left-Caudate,Left-Putamen,Left-Pallidum,3rd-Ventricle,4th-Ventricle,Brain-Stem,Left-Hippocampus,Left-Amygdala,CSF,Left-Accumbens-area,Left-VentralDC,Left-vessel,Left-choroid-plexus,Right-Cerebral-White-Matter,Right-Cerebral-Cortex,Right-Lateral-Ventricle,Right-Inf-Lat-Vent,Right-Cerebellum-White-Matter,Right-Cerebellum-Cortex,Right-Thalamus-Proper*,Right-Caudate,Right-Putamen,Right-Pallidum,Right-Hippocampus,Right-Amygdala,Right-Accumbens-area,Right-VentralDC,Right-vessel,Right-choroid-plexus,5th-Ventricle,WM-hypointensities,non-WM-hypointensities,Optic-Chiasm,CC_Posterior,CC_Mid_Posterior,CC_Central,CC_Mid_Anterior,CC_Anterior,non_jec
p_0,0.9733256716345712,0.7383527659538401,0.5716661668829868,0.8072641456895993,0.07191011074359302,0.5515654351046391,0.6010479378593055,0.7272353541997763,0.5880028220352819,0.6056185840035849,0.5997679802788709,0.6331821107155472,0.3622222208806584,0.7405032489708151,0.5099951238322817,0.291395516465301,0.3975035986677695,0.14884392956037623,0.6706719362287179,0.20833328993056457,0.3862660911050121,0.738655599391228,0.5530728783032784,0.7194920407762964,0.03072196573391758,0.5339909860799282,0.6112018595989193,0.8190380082862215,0.6555642013142969,0.5454360222642257,0.561410380878726,0.5858661191629069,0.385153833004796,0.24808183984602405,0.7561428247671719,0.0,0.34296028571335485,0.0,0.0033030552989012775,0.0,0.02178649190007643,0.0,0.0,0.0,0.0,0.0,0.0
p_1,0.9727909312990919,0.7534486690846843,0.602347439672926,0.7423390492392894,0.0,0.5739135713522998,0.6151973778970937,0.7531736180427729,0.5410689341867857,0.5506047596171637,0.4282982784762615,0.12998522799124648,0.5562565705671488,0.7778287396936957,0.574540223389972,0.2840929886800421,0.2113365975413814,0.013114754012362268,0.6327903390608718,0.0,0.3585564568270494,0.7465929386863739,0.5839853281642501,0.693100357646617,0.0206185563467602,0.5617303243480448,0.6582574959169993,0.8223721476940968,0.7374377538055255,0.3617003979828494,0.31340390589920397,0.5245483105611269,0.384651973387265,0.08160621708804264,0.6278616302246973,0.0,0.12198581387254165,0.0,0.005119453881233329,0.0,0.01197604754562732,0.0,0.0,0.0,0.0,0.0,0.0
p_2,0.9778012831913376,0.7630060690720575,0.6270758719059589,0.8172287068648786,0.16498316220567066,0.5856978288727164,0.6903677709062422,0.7671153395410099,0.7248712181681797,0.5473473467994521,0.5932909436674174,0.5443298941013923,0.6351911546863401,0.8065781783443395,0.619128226175277,0.40789200330655867,0.33867276694123133,0.3271428548061225,0.7230528505536745,0.03124999511718826,0.3086232956987648,0.7493324395796109,0.6000412464971244,0.7936408483094676,0.12684365594625877,0.5293096729838647,0.6687191176312456,0.8072576206199171,0.7498005839540008,0.48066410155834777,0.6468245637249538,0.571721520996902,0.4584310181092317,0.5538683980197513,0.7518092099080517,0.0,0.3534798502428585,0.0,0.0025252524933680244,0.0,0.01030927808481242,0.0,0.0,0.0,0.0,0.0,0.0
p_3,0.9676410332628177,0.7241031691201032,0.5461168440286736,0.7422707533599061,0.006993006870751628,0.6163512602862815,0.5257627574310341,0.7104120917579472,0.5963500494376347,0.5973831147617442,0.5197246927652767,0.4752563509796863,0.41555915586528636,0.6962966999078539,0.45790715926641706,0.23766894815223988,0.2300194920564352,0.2569992802799765,0.5834446972852412,0.18181814876033658,0.20763358620127034,0.7218638976463987,0.5349521743088997,0.7293190767231191,0.05849582091231447,0.5916105869182956,0.6122172539436052,0.7770216622564241,0.5976226598411448,0.5576759238731676,0.5655215287338388,0.5131862970312658,0.3156494257181949,0.35081584877146943,0.6676185461278887,0.0,0.3095652155967234,0.0,0.003929273045881404,0.0,0.011173183733341691,0.0,0.0,0.0,0.0,0.0,0.0
p_4,0.973040642963632,0.7555756042353209,0.6168889909008868,0.8477947840521052,0.15460526061504506,0.5917856615861316,0.7304815695923433,0.7423368093904723,0.7351050142144181,0.670361572384656,0.7522308700356354,0.5514792877653677,0.4759080788833504,0.8111278048415761,0.544425715694166,0.35985258972501066,0.30446816803294513,0.5949535153057536,0.6989951132119525,0.0666666555555574,0.2415094326603265,0.7583816282772123,0.6141310344158597,0.8016930899633561,0.17886178619428475,0.5634603697014801,0.7144386316155499,0.7618993520607183,0.7245502282662306,0.6478566472152691,0.7372444090631676,0.6316518292466352,0.4579055432075862,0.6960907900624793,0.7122265552719802,0.0,0.29385307199473726,0.0,0.0017841213043343327,0.0,0.024242423752678308,0.0,0.0,0.0,0.0,0.0,0.0
p_5,0.9739518346144984,0.7533230165006769,0.616720891187551,0.8718007114955727,0.12121211891643714,0.595447189428105,0.6706538689793522,0.8364164752493062,0.7450980383662813,0.6054506585273863,0.6495480676878634,0.7256493486860136,0.49854510023102133,0.771304205152111,0.7351566377571789,0.5483604283594367,0.4626807328539244,0.4583620064806469,0.7776780900971846,0.19230765532545088,0.3666881835591467,0.7504859549105002,0.6026125333045641,0.825495329252563,0.19144602461413393,0.5714920661870545,0.6761332689597008,0.7984633204473057,0.6741499556733327,0.6632380569051152,0.749431558095881,0.7105570698183122,0.5277955260323844,0.5775034253943524,0.7402290485909571,0.05263156509695655,0.2933771193575418,0.0,0.001326259938154775,0.0,0.22125812969071304,0.0,0.0,0.0,0.0,0.0,0.0
p_6,0.9708127052830027,0.7330233456232138,0.5514382367668165,0.8515041719226217,0.16073781079396823,0.7110767356112566,0.7429842919139066,0.7329218754376104,0.6067266060531395,0.6580320195556467,0.7158230356400498,0.5704718399681222,0.6243491182138629,0.7643300445623857,0.5932977167622169,0.3026805653338039,0.11661506647773444,0.36872427680062325,0.655872525780971,0.2769230343195332,0.34777303021492967,0.7383152393001501,0.5512458748067188,0.7348118839217819,0.09597523071245773,0.6169097138231078,0.6987272288048373,0.7670238299859337,0.591884904358902,0.5613997185858087,0.6736198513331778,0.5701543122200033,0.3845490595196602,0.46511627568956193,0.7119212869255425,0.0,0.3104106957477999,0.0,0.0012106537456982218,0.0,0.00909090867768597,0.0,0.0,0.0,0.0,0.0,0.0
p_7,0.9757527188585642,0.7479750078155957,0.6143481879304782,0.8199110923085335,0.12925169848211399,0.5944366225960074,0.7357752942155148,0.7524153933435443,0.7913706908821748,0.5574882583427655,0.6510456997462322,0.563459981554325,0.6111908163290511,0.7933160929538101,0.6249242570946029,0.511239859765377,0.22761009288663983,0.487106013702679,0.6986907283274144,0.23076918639054106,0.3877940216923457,0.7493807760052258,0.6040656138121049,0.7992774690284266,0.10196078231449447,0.5419357499861894,0.708490608209491,0.7591947572116449,0.7409200959553026,0.5569526622069595,0.6173929725141237,0.659500473538307,0.5277947454127576,0.5836023203124446,0.7019834289882138,0.0,0.29672446822912996,0.0,0.0020661156811351685,0.0,0.0727902933658528,0.0,0.0,0.0,0.0,0.0,0.0
p_8,0.9739761781470926,0.7609565773958995,0.6191797277957798,0.7813740282959506,0.23798076637042348,0.6518627062969692,0.7582919921823027,0.6919785513231985,0.7402747454868729,0.6161271998711649,0.6729238917100104,0.5138372552092637,0.5587044519333213,0.7938880803026379,0.5391038450675011,0.2518869953593121,0.2799054360288159,0.5270555128105726,0.6762911397471074,0.2499999553571508,0.3433283332584083,0.7473908850627473,0.5972877786280587,0.7307219024500391,0.2696929202978248,0.5792616922512669,0.7282920092659033,0.7805513099108217,0.7517670331470638,0.5934699756993821,0.6836958677236163,0.7178414966966931,0.5070733852628794,0.643250684275133,0.738209816539774,0.0,0.4003496468500905,0.0,0.004592422450144404,0.0,0.0,0.0,0.0,0.0,0.0,0.0,0.0
p_9,0.9705989233611743,0.7660870642011461,0.5693745239643612,0.8129903838083327,0.2010309226538422,0.5888878188562565,0.7020312769993918,0.7363790181971918,0.6734488813445757,0.6457627113171502,0.6574889855772963,0.5718270545242814,0.5317414078866004,0.8094537126579238,0.5913613477802162,0.38686131292734477,0.11271081812953179,0.3395989953659211,0.718744328870673,0.20253161993270632,0.131205672983418,0.7495290111842576,0.5430359962608386,0.6946714866808112,0.11878009440160363,0.5494067080943906,0.6620986869128855,0.7297036854193546,0.6860741436714899,0.4433370243232401,0.5934547898221073,0.4547427822284103,0.42124609369372157,0.472826083744388,0.6403594766010136,0.0,0.024038461393999632,0.0,0.0031670625244096394,0.0,0.0,0.0,0.0,0.0,0.0,0.0,0.0
p_10,0.9734066483997806,0.7644777327516897,0.5640281943381529,0.7226258428109589,0.03966005553370948,0.6385031087147223,0.7420815709876052,0.6770351837092636,0.7352860652405063,0.5332358045778223,0.6876923063698225,0.5848003409841118,0.6374407570350696,0.8327590775272042,0.4904847390897849,0.3808785519873939,0.2597114303012684,0.47999999630769236,0.682187793647019,0.0,0.20873124004958227,0.7729636138269886,0.5667700496110801,0.7764982023204737,0.201904758058957,0.6058519792384527,0.7315486938416595,0.7993970601686993,0.7426719268000678,0.5422473437849651,0.6798923996639334,0.637921967990407,0.468449643818534,0.6166794137974031,0.715885457754051,0.1538461242603607,0.36948915066837545,0.0,0.0018165304103857365,0.0,0.0,0.0,0.0,0.0,0.0,0.0,0.0
p_11,0.9690991352452082,0.7415210620571251,0.6086145109630525,0.8551505106133835,0.36026200480063314,0.6105496671163935,0.7083423054978027,0.7788109322181962,0.7311539390934936,0.4740900418919741,0.6219292977393064,0.5678614556268164,0.17394821936105087,0.7324265356357083,0.626617189222127,0.35416234097122207,0.28838659279662276,0.2577565611952541,0.6918500323998017,0.0,0.3809523792247057,0.7409856366213186,0.5777074453824864,0.7729606804676641,0.4273339708630032,0.5053252145135604,0.6317351400507379,0.7634948526465636,0.6755980853162703,0.5558651161918867,0.666239314815728,0.6848021962715162,0.5316405464557815,0.5666443364591807,0.7246888509800611,0.0,0.1303555144468755,0.0,0.002610966040398394,0.0,0.013303769106346584,0.0,0.0,0.0,0.0,0.0,0.0
p_12,0.9723334522526128,0.7449744074190096,0.5721532086077533,0.8366670753725746,0.14417744650318953,0.6643075083098506,0.7082170980113551,0.8184334794450233,0.7201570350629898,0.6233687398853124,0.7140465102994484,0.633830842617757,0.6267179751876911,0.8452239254233685,0.5598463830170191,0.2625435177912277,0.4267219035384676,0.44274808784776853,0.732374604759405,0.05714284081633119,0.3651960761936515,0.7461157639071366,0.5546530337189887,0.7884603700039718,0.05591397729217253,0.6184943798025102,0.6947514416603584,0.7804237144684821,0.6993921313230965,0.5733846806018563,0.7339246106172864,0.6044022611021787,0.33570467153296546,0.5525606431768151,0.7427094266558613,0.0,0.3300561774574707,0.0,0.0034399724683867473,0.0,0.015345268149737388,0.0,0.0,0.0,0.0,0.0,0.0
p_13,0.9787474761962583,0.7816593037579704,0.6172578101026938,0.8271913255605827,0.0257069402131892,0.6001611342893713,0.6660310984490636,0.7277064994551444,0.7219833029066743,0.6661203672347079,0.6985431440072037,0.5274462975689361,0.12516527049288112,0.7786047725037369,0.5623717211375465,0.33544017982970614,0.3281249981689453,0.3424855466583414,0.6840396589593405,0.4857142163265405,0.38546255082089703,0.7830898579950818,0.6025618656773473,0.7505880296623504,0.22671155750043145,0.5210923101824271,0.6252323124799236,0.7786467183618686,0.7894153836437965,0.5396218819995757,0.652601464951544,0.7003992008978052,0.5289125704975083,0.5072574445587666,0.7167229995841599,0.0,0.29821073262215975,0.0,0.006230529530316412,0.0,0.0,0.0,0.0,0.0,0.0,0.0,0.0
p_14,0.9761567981739108,0.7561217153686582,0.6115672546570489,0.756123863228991,0.27299702859054853,0.5956214357884435,0.704587204415096,0.7384973787586714,0.6675517781896552,0.550695460696655,0.6214392791952038,0.5110864716680351,0.31805682713997785,0.7579883886363585,0.5811261520687403,0.38567814674902096,0.3850451208206054,0.3188010877465866,0.6388142492512662,0.027777773919753623,0.220379144308304,0.7500292550498461,0.5928384245346984,0.7255843064215522,0.06738131596659547,0.5680577436397505,0.7023594104851641,0.7963724436453713,0.7232411706498205,0.5738565830479743,0.6561747812327814,0.5849686022517969,0.4071416061488857,0.46207376157220764,0.7024673434103634,0.0,0.23178016449486064,0.0,0.0,0.0,0.008948545661106361,0.0,0.0,0.0,0.0,0.0,0.0
p_15,0.96302974667825,0.7438646462044092,0.535126803792842,0.8670736123792195,0.3230769199704142,0.6177977721226459,0.7215294968411069,0.7546923255199024,0.7306785059932309,0.5703336755114182,0.6717588755744037,0.7055313272767241,0.7397220179374953,0.8213761545676636,0.5842400257344323,0.44189777574628064,0.1129106889731111,0.45405404996347704,0.7322414771165098,0.4347825614366781,0.32876712155549465,0.729514109105798,0.5304604351428355,0.8147206879393185,0.1278625941997844,0.5468797104550266,0.65439159189474,0.7545276868048679,0.6766084353407067,0.5400107694776406,0.6964573254902228,0.5912521767067427,0.41303509368870983,0.4295081932007525,0.7229551444828891,0.0,0.17878787811065197,0.0,0.005826656913134327,0.0,0.035999999280000014,0.0,0.0,0.0,0.0,0.0,0.0
p_16,0.9687627701742395,0.7181961204889462,0.5546299970423445,0.7853688271548999,0.1609756077929804,0.547301587214714,0.6398964259725464,0.6756980919680962,0.6190987116160157,0.5414319363500646,0.6766381754333366,0.5792483636468612,0.6469584973082475,0.7362413476901866,0.5995836218899736,0.298746660573769,0.29330708517073284,0.23219814061766145,0.6773766142121758,0.1199999760000048,0.3345305267597202,0.7244163395737111,0.5530528741019967,0.7575788193423713,0.10992366244391355,0.5276786110288297,0.6292495232023633,0.7433995842519137,0.5793485785456014,0.48544339042337603,0.5847929924665745,0.6204089729795425,0.35699008291466056,0.406542052908551,0.7437336911965418,0.0,0.46994033744864455,0.0,0.0032467531940462147,0.0,0.07723577078789085,0.0,0.0,0.0,0.0,0.0,0.0
p_17,0.9691144656967665,0.7379525874100745,0.5592061940083514,0.6848666960649149,0.030267752849036638,0.576568423918904,0.701947742349666,0.6563745519114199,0.5578144846787618,0.5496688737282597,0.42044879294677107,0.49429323751407706,0.550438102560238,0.7981167107694805,0.5085516554537305,0.21300726526137292,0.2873623477327617,0.14981273314723637,0.5588619534338352,0.0,0.29152542125825914,0.7346569312782132,0.5530895112055617,0.6735180215419139,0.05991440713388863,0.5533468310090578,0.6890155704507654,0.7306504784496046,0.5839277216073138,0.5749055032959293,0.5737601999784052,0.5442432199078134,0.34775864689350294,0.31409062499012647,0.6542685798434953,0.0,0.29297458674906884,0.0,0.00448430488246295,0.0,0.004878048661511009,0.0,0.0,0.0,0.0,0.0,0.0
p_18,0.9736832942196416,0.7676535507160597,0.5921110923826444,0.6740179179025754,0.1822222181728396,0.5828146879215002,0.6715548750963929,0.690160832218467,0.633300712102194,0.6348200926939209,0.6968879282300992,0.535933144646612,0.6062159544818456,0.826202784430211,0.5927142118084,0.4265749292053861,0.3144399438971664,0.5680880291053093,0.700634868386265,0.24561399199754524,0.2687651299180977,0.775408556638738,0.5889558353921593,0.7068891733987065,0.11315789324792246,0.5894691945660367,0.6931203257219843,0.7879774301280504,0.6839603413228843,0.5787939510122118,0.6981577693305656,0.65522093943595,0.4801898840967868,0.5484311013067455,0.7418246970719541,0.0,0.29636898629667335,0.0,0.003319502047141062,0.0,0.005434782461011346,0.0,0.0,0.0,0.0,0.0,0.0
p_19,0.9688431104186045,0.7167121492543382,0.5528897020349982,0.7533625504357242,0.004132231319581998,0.6957932243929434,0.5705665595063864,0.7209030747256281,0.6186252763045659,0.49643867645971446,0.4988754845657831,0.609515257587454,0.1719696963182966,0.6918378503957138,0.488037306885607,0.2807603921438053,0.3151326036654571,0.06183889290611153,0.6111062976599616,0.0,0.3091334858415283,0.7245031508122343,0.5563191671209651,0.7145605078911429,0.21596243624501324,0.609165178422998,0.49136694854618196,0.8115645844734239,0.7210473304115719,0.4359744644799339,0.48752327655954697,0.607295021711218,0.3836930447967765,0.25346260212283517,0.7257948834761376,0.0,0.3525588923431447,0.0,0.0,0.0,0.0,0.0,0.0,0.0,0.0,0.0,0.0
p_20,0.9715149919218399,0.7238547111550214,0.5194906511023873,0.6990153276834684,0.0,0.5350972711184812,0.6352182784569612,0.7286116916407802,0.5575662200923601,0.5847522621684673,0.5339701116407793,0.3858267691218716,0.2282260923276712,0.7799009982052624,0.5014833754460528,0.22687169088260223,0.2771362570604142,0.2693997052020519,0.6651173246381908,0.07272725950413463,0.2679245232467071,0.7397357930868165,0.5211897140565936,0.6278809570061749,0.31096911276923206,0.5107033113297679,0.6197879016070391,0.8061739082032633,0.6265887129809498,0.5020337009197031,0.6019752302837824,0.621941006213882,0.38935628959233753,0.4151193606424446,0.7289564611410114,0.0,0.19366852706081447,0.0,0.002820874457823815,0.0,0.005934717924785819,0.0,0.0,0.0,0.0,0.0,0.0
p_21,0.9738487641566883,0.7615350501758048,0.5990937870448255,0.8753205015639395,0.2310679589216703,0.6950770385766484,0.7400805500114791,0.7921354004296466,0.7271344767248159,0.6023313900063852,0.6981805196250793,0.5466101671753806,0.6672509475102222,0.8281675078504556,0.5567642399557315,0.47211720115284217,0.38938810274117197,0.5586297723410424,0.7383434809088802,0.14545451900826925,0.47091670325306323,0.7587754331545239,0.5914158651258073,0.8308804540705395,0.3302564068691651,0.68310685478574,0.7580407199175319,0.7706889857709168,0.708333332508923,0.6069930064270461,0.7866438342694455,0.6859027198993288,0.5006479470828339,0.612990523592757,0.7513538598550566,0.0,0.4344224554329385,0.0,0.004768717192328483,0.0,0.14669926471027794,0.0,0.0,0.0,0.0,0.0,0.0
p_22,0.972707843645147,0.7139323391118202,0.5773740298178339,0.41918376709801275,0.0,0.5434818843599348,0.6347733234484113,0.5175653410581214,0.49558550128300943,0.5341031558628921,0.4194982527477005,0.2505368629167011,0.1108971886372846,0.6933783913835466,0.33841584124909324,0.19898513918270183,0.16057692230491863,0.2001105572133192,0.54399629787615,0.0,0.0041928720294995385,0.7445792178129226,0.5802979376407678,0.5598516185477934,0.0,0.6237549377621895,0.5317771925803756,0.7742281613548124,0.6766196402182993,0.5161929936250884,0.6031838752691926,0.4570616109411738,0.3235398224362127,0.3213610565761748,0.6554088181746346,0.08333331597222583,0.22164276112590925,0.0,0.0,0.0,0.0,0.0,0.0,0.0,0.0,0.0,0.0
p_23,0.9758112506760812,0.7620326010015632,0.6048984460782937,0.8324461071878743,0.18252426830049964,0.6766766174036183,0.6599209998948788,0.6641217586316386,0.7272498417529896,0.697739847418419,0.7227645436884722,0.4836363607052342,0.1859727064869162,0.7557303185457965,0.5879300613785335,0.4521169343444634,0.2688971482720127,0.49927849567620136,0.700518839244264,0.47058816608997556,0.28741327762722224,0.754093111093814,0.5672164858294628,0.8197628929290709,0.2941176432977284,0.5290710280133396,0.5865147874146039,0.7552089132282959,0.7508593243146285,0.6840438996580372,0.7664330351081019,0.6712385695436008,0.4900019404193323,0.6228813515333238,0.7529870757108128,0.04705881799308023,0.4515195336358934,0.0,0.0,0.0,0.08029196933773779,0.0,0.0,0.0,0.0,0.0,0.0
p_24,0.9643782327182562,0.7489972827459184,0.5378791157792985,0.8367042436850529,0.22985468652767918,0.573781524409574,0.6380188242107687,0.7214392799271728,0.6057520288898417,0.6036250452182121,0.6614331709713503,0.4062214077272906,0.60543179552813,0.7722144845452272,0.5861008604078507,0.2595320618294366,0.389342032655405,0.2874341588605406,0.5761522115302926,0.09677417793964871,0.35060448898702723,0.7298211934272003,0.5240256526967779,0.8109122251351797,0.07917888446951783,0.553531384837834,0.6399776200241485,0.7198001244723298,0.6657031353292339,0.5803372567819098,0.7065891459174629,0.6062745883120402,0.36074692022100335,0.5032894695453168,0.6707371023177267,0.0,0.3757700186048767,0.0,0.005641748862598747,0.0,0.003179650187922891,0.0,0.0,0.0,0.0,0.0,0.0
p_25,0.9698500767762877,0.7464327783804964,0.5405207283301395,0.80227514493728,0.004319654334348719,0.5818181817215744,0.6407643500036411,0.7646616537246715,0.634296414346848,0.5570223319533277,0.6900279577073104,0.614446526198656,0.5647327791805293,0.8122597669651397,0.6559605904867384,0.4256375526390487,0.4156820600661544,0.28937452683214376,0.7165347623891288,0.0,0.39095314708438494,0.7419025825706885,0.5436889586533066,0.7488106052553533,0.09644669928367133,0.6072337446546581,0.6442804371576811,0.8050827418409676,0.6159848953857963,0.5564690604105701,0.7080291958497928,0.6146173023071002,0.35849403056291274,0.32671957455873296,0.7521015061442494,0.0,0.4169381080329765,0.0,0.0054794519797335345,0.0,0.005763688594706381,0.0,0.0,0.0,0.0,0.0,0.0
p_26,0.9789955897727854,0.7578391025144723,0.6073797217848421,0.580596450760543,0.120845917799217,0.5462189884681806,0.5845338730366314,0.7713946967172911,0.5900917423974413,0.44892703824126434,0.5132207701286704,0.471380466090006,0.10297482778618519,0.7792514840697785,0.5309906213959356,0.35645471975805704,0.3118189412253232,0.25037036851577504,0.7081139666242536,0.0,0.15384615109398658,0.7538928805199895,0.5811067583003336,0.6373320974556136,0.39137133449350797,0.5058881328431437,0.55265523895289,0.7965935141409578,0.657235852957892,0.49012601044750237,0.6369689273351793,0.6287269009990626,0.45430051719315956,0.24799416303432412,0.6637949911193729,0.0,0.20852017703452716,0.0,0.0,0.0,0.006134969136964138,0.0,0.0,0.0,0.0,0.0,0.0
p_27,0.9566064224099512,0.7210994289189906,0.507871860072955,0.8201611597930869,0.2638362375751612,0.5447959429077339,0.6140757926848543,0.648631274094053,0.5787610613778161,0.6280590004793337,0.7078651672137357,0.5956315278335583,0.5866398779843297,0.7643045961222954,0.5991345391432588,0.30439489000996994,0.13811420921596188,0.4621676860111269,0.6526594419284809,0.3188405335013719,0.39796782219319293,0.7049249985856776,0.506323488261759,0.7814031370431669,0.36668262150941777,0.4750555801734005,0.5479629976658564,0.7095920082383006,0.5838114748116686,0.6092195339030402,0.6005741615300016,0.627755938619248,0.39359698607608856,0.42690814730331084,0.6876180398220004,0.0,0.4114184802489156,0.0,0.0047337277966457755,0.0,0.012499999804687504,0.0,0.0,0.0,0.0,0.0,0.0
p_28,0.9773808812705067,0.7143955705834901,0.584769104076136,0.7093458751769481,0.1227272699380166,0.5516361428802283,0.583925399601545,0.7065953991091938,0.5647539118113474,0.4942743437876437,0.40318906540320687,0.39443961429678875,0.08742632570026362,0.7285563935086597,0.6057340767695458,0.3804034574302111,0.3067202739418709,0.16359918088889447,0.6070802100087066,0.0,0.43579766197822833,0.7285170061080527,0.5711539341689231,0.5805558297096669,0.12527963925548907,0.48171278445756377,0.5494470986288161,0.7990891207954202,0.6475670752074044,0.5429250677617988,0.5998122643932849,0.5758896881517899,0.4657335021528204,0.3530764787057132,0.710974177882208,0.0,0.15923566752200902,0.0,0.0,0.0,0.0,0.0,0.0,0.0,0.0,0.0,0.0
p_29,0.968823388586315,0.7579888470725931,0.5468801350575309,0.7090978586495624,0.1766381716057501,0.6838715727195623,0.7091002875356586,0.7827853900991063,0.6727837370514064,0.504829635383898,0.5785753116212157,0.545550844568057,0.6052163586093172,0.8098407097485245,0.5933758972532164,0.3041268544335701,0.4601293078656826,0.20632279362460237,0.714879999428096,0.0,0.14953270795120394,0.7557692521564351,0.537070352862144,0.7517755060178629,0.07224334463415695,0.6378652253609415,0.7052436878219791,0.7957514479178965,0.6243261004282366,0.6064462286362301,0.5935181558111712,0.5851916202479085,0.32571428516686673,0.3751023720302836,0.7546275043945024,0.0,0.3614864834333912,0.0,0.015999999744000005,0.0,0.0,0.0,0.0,0.0,0.0,0.0,0.0
p_30,0.9750938489566733,0.7556063796345668,0.5914633762577872,0.70814083104338,0.05541561573260414,0.6384665578077542,0.7427705900446343,0.6923574803622816,0.6315298500098766,0.6488671770834101,0.6075307737010667,0.4970178901738673,0.5379346666545451,0.8113080485923785,0.5280752672124159,0.3012462391464413,0.2700251875565482,0.39213197720728443,0.6194064997492491,0.22950815909702307,0.29887217764217877,0.7560336719167977,0.5804578303588843,0.6522434383856237,0.07085346101685248,0.5649263275860186,0.6701283166138724,0.7771608965941863,0.700036894969823,0.604244693593504,0.6899676364240006,0.5699866686631245,0.3661479273192028,0.5266457647232241,0.7349628050053398,0.0,0.2179176737859752,0.0,0.003484320527140065,0.0,0.0,0.0,0.0,0.0,0.0,0.0,0.0
p_31,0.9706362675288337,0.7427276197478846,0.5619132767003645,0.8521116777026249,0.1829733140664128,0.6165180757095094,0.716451111861291,0.714082503149882,0.6328235437182579,0.5893852012614748,0.7321711554434011,0.6167964387742034,0.5084990940018116,0.7955063658491293,0.5466753297090369,0.39668681352879603,0.3833590126861047,0.47308566737615115,0.6733410111869044,0.2222222076978949,0.3707865149602323,0.7441651855579063,0.5551568200345849,0.8187010440524228,0.25876662323135885,0.5647647646516987,0.6804408715084617,0.718552749820473,0.6356198859211833,0.5409236897320593,0.6803999986392001,0.6466222638947458,0.44839113989053253,0.5561224442506595,0.6907354659987138,0.0,0.4243926602657776,0.0,0.00576368870544007,0.0,0.0,0.0,0.0,0.0,0.0,0.0,0.0
p_32,0.971375416220647,0.7410764088119511,0.5365496292238404,0.7266095506602684,0.0,0.5848483416623619,0.5529400324220437,0.6912770644517626,0.7137286530674618,0.5370316296476578,0.6785845914511895,0.44611906219955494,0.4084979485333658,0.6586589081935912,0.5569677195400206,0.27862985613847174,0.35966892129669736,0.19968304120694896,0.6930530459081515,0.0,0.19327730821740466,0.748124453814186,0.5532661204086309,0.7559040411127564,0.25844929903679326,0.5742975926080772,0.6186898641934974,0.7531297526891718,0.7254058544118137,0.47602920893636447,0.641638224161027,0.5923076917081906,0.3454175145714511,0.325281800923657,0.7304092204452625,0.09090904958679565,0.28097344821932024,0.0,0.002267573670435673,0.0,0.029325512336495243,0.0,0.0,0.0,0.0,0.0,0.0
p_33,0.9693029626251675,0.7668465180543511,0.5663973255211711,0.8802647945441032,0.07962529087528593,0.6294407093186062,0.6950054195408321,0.7790235505849062,0.7414973613856803,0.6753979075257863,0.7319508434486351,0.6799294870815172,0.4744051893496568,0.7957433849711134,0.621590113521112,0.40130916313869797,0.2727272716398434,0.4211320722933429,0.7581756337680513,0.3636363085399532,0.42146892417249193,0.750238894117325,0.5526866193149793,0.8458017140785272,0.14396886879437998,0.6208127207383722,0.7009718087389124,0.786036325656295,0.7061822808079258,0.5695670443783448,0.6763722197985989,0.642897185062342,0.42490842393564926,0.6063492015369111,0.78537440455349,0.0,0.3018404889457639,0.0,0.0027758500848310197,0.0,0.11186440488365416,0.0,0.0,0.0,0.0,0.0,0.0
p_34,0.9704490668218891,0.741935936380494,0.5801442934217922,0.8401995612517199,0.20927467051992069,0.6148455160861255,0.7273961500393168,0.7913593251889571,0.704458736831507,0.5848068102612911,0.6678845439022936,0.6109510057110902,0.6349686608278179,0.8405981950765922,0.6736039556216733,0.4520575705411361,0.3299161214822175,0.36253776161225254,0.7500824804106875,0.1428571173469433,0.383473206046009,0.7460970286956238,0.5592614614602416,0.8022951991381243,0.08347245269662015,0.5843814204219778,0.7040631377139632,0.775415582508529,0.7006437760722707,0.5842237289006562,0.6995338818581321,0.6377867474276,0.4384728814706327,0.5707195994372234,0.7453462953158895,0.08695648393196351,0.3062787112842365,0.0,0.0013166556858679678,0.0,0.013363028655611835,0.0,0.0,0.0,0.0,0.0,0.0
p_35,0.9672433952298952,0.7238962868820652,0.5322848980338412,0.7871431994304902,0.06719999892480003,0.5425782330824948,0.6484120899494331,0.7020475175284685,0.6347273681382645,0.4867971973353717,0.5517789692868635,0.5680033048036242,0.46080476762800365,0.7823391061452183,0.5151694242364367,0.3573896346307301,0.34650455776593764,0.184640521367316,0.6356589141750205,0.09836063961300989,0.2576112397095361,0.7301014957161232,0.51760650636524,0.7039580467574241,0.19343695860589846,0.5144788145716179,0.6179624664419152,0.7854896200537379,0.6999734949642546,0.4196333296928574,0.5479102015916952,0.6367190744224948,0.5046428562417092,0.2364963486387128,0.7079632690742411,0.032786879871003295,0.3832116765011455,0.0,0.007633587689140106,0.0,0.009411764484429071,0.0,0.0,0.0,0.0,0.0,0.0
p_36,0.9711148368822693,0.737451785888765,0.570000679280592,0.7100847909885578,0.06417112127884703,0.566420090668487,0.682799021457268,0.7482723667427106,0.5918077263318159,0.6242970627293608,0.6111205566891336,0.41726618404844473,0.41625696356520164,0.7877780354148588,0.5372314328095443,0.4286047043358847,0.39245282772042245,0.2410147974558506,0.6842029398355413,0.15789469529086964,0.05479451960968289,0.7522112204483679,0.5852804992187034,0.7088976506866984,0.14371257269891358,0.5569386678347872,0.6520746626711523,0.8142779663687433,0.6557050315698741,0.5382425851269464,0.6373417711434466,0.5996173812520567,0.48334162028287486,0.451019063438402,0.7293989660528971,0.0,0.40131039802366586,0.0,0.0030349013196524837,0.0,0.028880865383362264,0.0,0.0,0.0,0.0,0.0,0.0
p_37,0.9657042993107844,0.7243576513754677,0.5306214376522366,0.8307808657237984,0.2535947679268658,0.5818453305581108,0.7040778206180768,0.5640839529643236,0.6458997042526258,0.6554768597501922,0.6892537919574854,0.5458477496845854,0.5254658368774353,0.7877727384944876,0.6257833475539578,0.4957146154836354,0.09414024953376501,0.41038960683645365,0.692877054029725,0.3636363305785154,0.19807983730126408,0.7107987035329093,0.5127405010170792,0.7449991147227387,0.07594936602040273,0.6007427525080385,0.6850739172932244,0.6408085576945537,0.612716762200845,0.5091267877292467,0.6780383780852061,0.487502764335874,0.4945240090679781,0.6025531863612494,0.6535050065297997,0.0,0.015800415734717604,0.0,0.0020586721458637565,0.0,0.014760147329148574,0.0,0.0,0.0,0.0,0.0,0.0
p_38,0.9706357791781408,0.7354312131951292,0.5994612958507389,0.7187924700810245,0.059907832721017684,0.5477407165679116,0.6480662911808404,0.5920947826602475,0.47000629510746805,0.5507271314424514,0.5444227690292202,0.49875518568722993,0.46784845162374533,0.6707155758785447,0.44260404608176535,0.2244147799875899,0.3986721985084279,0.3615531485579049,0.5956907472786728,0.1428571173469433,0.32045240188288215,0.7398519679277089,0.5982261917160717,0.6719364652742758,0.06986899461617184,0.610507738173974,0.6101111425894098,0.7348888274856499,0.604781053837376,0.5521081935639338,0.6176088359038193,0.5163125943509934,0.298271975397686,0.3680241299545692,0.6686855453685664,0.0,0.2600178082813098,0.0,0.0014492753570678428,0.0,0.0,0.0,0.0,0.0,0.0,0.0,0.0
p_39,0.9738913655435624,0.7715184662709216,0.6132050345228433,0.7701900677858988,0.05009633814843279,0.6547021282427836,0.7410537758099635,0.7672413788917277,0.6854437861710725,0.589574501028753,0.6130155809110622,0.5273028101086442,0.4892857128295068,0.8018316752362328,0.5659050960757727,0.2618796192990927,0.3578528803323202,0.2751677833881357,0.6503410299528795,0.061538452071007374,0.28676470236807966,0.7754285887420557,0.6039276639811927,0.7271863110958305,0.05074626789930944,0.6627257162091408,0.7408309128694096,0.8269622252731497,0.6899341260950721,0.5804703203247921,0.675566483970549,0.5265588909262388,0.3670212759856694,0.5437140999124819,0.7487452942685499,0.0,0.27999999745454546,0.0,0.0022883294932685414,0.0,0.004975124254350143,0.0,0.0,0.0,0.0,0.0,0.0
p_40,0.9726028896037798,0.7287725924881732,0.5766082584189199,0.6290651618515959,0.0,0.6911713090742508,0.5905163439132758,0.7139393336068389,0.5710828789218598,0.5406374822363761,0.3923412825120234,0.28139904386805215,0.1366548037841466,0.7087952604446005,0.4903392803084596,0.20853406708786293,0.29295003221800114,0.22424666976701704,0.5438255931433287,0.0,0.20400728225851947,0.7360319443919116,0.5662404965306096,0.630233140348166,0.11707316882807856,0.639549978293385,0.5676011852061085,0.8254002709224422,0.6310749334078586,0.4951497978408878,0.4550053649317716,0.48861245724996577,0.3394901536567087,0.33223030885353866,0.6947396739575274,0.0,0.3084025825632264,0.0,0.003225806399583768,0.0,0.006230529400918088,0.0,0.0,0.0,0.0,0.0,0.0
p_41,0.9664360083996973,0.7473415692165076,0.559131261880974,0.8140638009870501,0.22194198963503167,0.6292485796167251,0.6950910217624493,0.6396826305757014,0.6666666657317815,0.5686436776380288,0.6554096296530965,0.5668151431881538,0.5317100777697903,0.7512446177423229,0.5284407522569228,0.25637613604707,0.322310907174797,0.33693971918902843,0.6113865926433548,0.26829265020821336,0.2769931650250881,0.7412492025913406,0.5430073955929337,0.7963704294114057,0.14016172317841344,0.5639962524041707,0.6397740348962742,0.7059266695718692,0.6773671423288816,0.6004009701378064,0.7087264137014025,0.5847425052029761,0.3452200296941957,0.5930831450104257,0.6881796475217226,0.08695648393196351,0.3787625402225646,0.0,0.0020920501873216506,0.0,0.00405679504955791,0.0,0.0,0.0,0.0,0.0,0.0
p_42,0.972333263898339,0.7619123771710021,0.5775099656905301,0.6355496278952661,0.0,0.6754989351006353,0.7518462062634006,0.7018502939960838,0.6813598376817058,0.54285714234356,0.6621728773549309,0.558977335508557,0.7221062759317607,0.8243500116527609,0.6282722506375977,0.4655911773216435,0.3003952549381077,0.5156889460048503,0.7370097211389459,0.30967739937565164,0.276159651821363,0.7590988246622353,0.5705354901912542,0.6932219716316287,0.03607214356568851,0.6282247504788536,0.7381185834050844,0.7872765752661827,0.7278489724020271,0.5250241540821022,0.6041811836164092,0.6069873626346104,0.46731054890915574,0.5708635427101942,0.7482185267235008,0.09523808012093966,0.3534715928451615,0.0,0.0034692107244647815,0.0,0.09649122595413978,0.0,0.0,0.0,0.0,0.0,0.0
p_43,0.9635243217628656,0.7169480544136979,0.550990922289987,0.8192688168519274,0.0647359443826926,0.6077777436881899,0.6563009282895144,0.7347309189877798,0.6665174066198171,0.6780535410777653,0.710432929896322,0.5759943161363837,0.5546547370571575,0.7991362555532806,0.4662501095958373,0.33792961445167813,0.33790737419422223,0.4236760098213333,0.6689288187946875,0.0,0.18046357466503662,0.7356498602104785,0.5761964451741209,0.7611481530424419,0.3781818147438017,0.6943760436027319,0.702377450277968,0.7707372086687495,0.5608350542994074,0.6023071254174039,0.6519893054694302,0.5991425504523484,0.47121777124822806,0.5605263121018006,0.7283476199169764,0.21428563775512938,0.34254888508058745,0.0,0.0027297543096917454,0.0,0.0033444815494233855,0.0,0.0,0.0,0.0,0.0,0.0
p_44,0.9747329789261995,0.7297690309787183,0.6068075564852263,0.7605124829496448,0.2107023376136733,0.6118355750741288,0.694082517124633,0.7157347200438311,0.696051200705167,0.5632552864772892,0.6617242095705905,0.4051371838579265,0.5780998374178749,0.8092088822387165,0.6147245240226967,0.5450303300395933,0.3393987328346569,0.4846153815088758,0.6848262311631576,0.0666666555555574,0.26805778276037096,0.7322720429930418,0.5891946526709787,0.7050101092956526,0.08593749832153325,0.5625021828503192,0.6786372529079142,0.7671125534409176,0.7131381177596033,0.47903840469164627,0.6464808489142153,0.6737703351976307,0.5921521985886797,0.5561561528158789,0.7031890106006997,0.06451611862643247,0.3537300892394796,0.0,0.0,0.0,0.0444444435465769,0.0,0.0,0.0,0.0,0.0,0.0
p_45,0.9651788361573141,0.738468548176312,0.5200399403295072,0.8207086778755694,0.12431444014050384,0.5630131963777468,0.6834687897286501,0.7173258378250723,0.5693107638352575,0.5783198820815115,0.6131793736548291,0.5867507865869233,0.3871181926058493,0.7641587649781934,0.5056898227964779,0.2624184639678413,0.2342126289599815,0.2004735580073121,0.6852545202857847,0.06557375974200659,0.31388329769360634,0.7210491853233699,0.5143371822618015,0.7699446949431236,0.13636363397965676,0.5438871472407023,0.6253475647530273,0.7414634142135772,0.462269128799716,0.5376392477352996,0.565356003249458,0.5611784742347145,0.2939214227317987,0.3787128689436085,0.714027867508463,0.0,0.3088630245798432,0.0,0.0013797861283898374,0.0,0.027100270268285362,0.0,0.0,0.0,0.0,0.0,0.0
p_46,0.961597211311541,0.7440988023109887,0.4969207784192649,0.8233790619103387,0.13351877422087935,0.6228236568283274,0.6603022202311227,0.723049784043978,0.5761760891495726,0.5906615475487353,0.5748479486465609,0.5710964720220981,0.46702198378740173,0.6896473554228975,0.4700072019034806,0.20608439606264103,0.20980707311170788,0.36850393410626825,0.6614641989851455,0.038461531065090176,0.4306538924171016,0.7760271293139428,0.5067515972227088,0.7409978306016817,0.10589650895431398,0.5236507302686486,0.6097757402575753,0.7349735617055284,0.48016005281742796,0.5058912544526092,0.6262626251330039,0.573776984973483,0.36249524465101707,0.463488228946963,0.6957528952156349,0.0,0.29159802186327005,0.0,0.003675344552296035,0.0,0.0,0.0,0.0,0.0,0.0,0.0,0.0
p_47,0.9698897530814742,0.7104350291670343,0.5453291626982149,0.8436686795198928,0.245740835076196,0.5944807100137325,0.6900908235404292,0.7708909790974593,0.6532794929026744,0.5685164207545145,0.5344827574081608,0.5580969790847912,0.5030447431743587,0.7357010548867358,0.5561694285585254,0.288132256862562,0.3827160479061881,0.1663836997760297,0.5845082986038656,0.0,0.38405486333452693,0.715014984883954,0.5478390451425025,0.7774029317372867,0.12617702329400166,0.5255205453242084,0.6798053527463652,0.7431080746870529,0.5079539215491454,0.5857216224080929,0.5806833881479688,0.6066679890785196,0.4119638818435593,0.3194029826910225,0.6699137650352014,0.0,0.24295774540951695,0.0,0.0038672252534088774,0.0,0.0,0.0,0.0,0.0,0.0,0.0,0.0
p_48,0.9656037254538065,0.734692560301157,0.5334443421401289,0.544946589079792,0.010335917045583539,0.5952056974906335,0.6326911368622917,0.7248861501607896,0.5882535245804222,0.46684301699640335,0.524635192232386,0.49713466692596947,0.5351629487273786,0.749547612080781,0.503183361095943,0.13207150340258358,0.34024896030256596,0.20379965281692874,0.6865407788778298,0.0,0.20168066803191875,0.7411717877179136,0.5203741095232486,0.6481822030723127,0.0,0.6830925866136693,0.6522774051266276,0.8080408629603774,0.6209925331269324,0.5416238432254636,0.6758380760976628,0.419750333905762,0.20378506217677414,0.18584825076003197,0.7295423017956987,0.0,0.2599704540624748,0.0,0.0,0.0,0.0,0.0,0.0,0.0,0.0,0.0,0.0
p_49,0.9727768568694534,0.750209911392733,0.5743633556862819,0.8604628063493684,0.2557726419933811,0.6446223592853048,0.7330057215532552,0.7672969600870689,0.7438620523651227,0.594925318881658,0.7016619361539077,0.6303915042123706,0.6647807626153098,0.8343093681976816,0.5254805537265528,0.3798140760164301,0.22192982358802707,0.4623493941088148,0.6808692670423775,0.22680410032947418,0.42162161908935963,0.7579853550814095,0.5727261101816432,0.7958458015152805,0.11078717039668848,0.6481762340471342,0.7480212192132578,0.7416037563207492,0.6944506343944166,0.5857959494372678,0.7559626011143625,0.6315470777762165,0.4533388626019518,0.6901098850541401,0.7088317215231593,0.0,0.3634527997806522,0.0,0.0044593087574213075,0.0,0.007843137101114958,0.0,0.0,0.0,0.0,0.0,0.0
p_50,0.9714157329611344,0.7523509346928908,0.5831660082054708,0.8549829321696806,0.16778177988789614,0.6149549619213006,0.6438440437554667,0.6144612101786834,0.6247990807981642,0.6645010652070845,0.7158369171976298,0.5706315987833601,0.7021029960223497,0.8220676925778486,0.5691667506656178,0.346437345586149,0.16390423522435776,0.48691514284761983,0.6922599515096551,0.13793101070154987,0.19064124700762022,0.7327614353750541,0.5666941913538909,0.8195667797652709,0.25319692986702075,0.6412932500205534,0.7245244393304652,0.6581352829627451,0.5162001316770993,0.6035780375032967,0.6767860743234445,0.5618606272957414,0.5879682165993911,0.56680161369634,0.689878541889448,0.0,0.1428571424423428,0.0,0.000615574020881582,0.0,0.0,0.0,0.0,0.0,0.0,0.0,0.0
p_51,0.9676729338167698,0.7201232136113906,0.5609546738493636,0.7945541183127035,0.17641025550558845,0.616247139470586,0.7083104292133391,0.6304867445510176,0.5874551575307586,0.5545776423322432,0.6413023584391763,0.5895622240688927,0.6831891496769017,0.8444366877398599,0.5042231383773098,0.2436125960712763,0.2036914957030603,0.4031128373298612,0.6354959986161226,0.0,0.1673545959949171,0.7287971368737715,0.5511325403603871,0.8125528108603917,0.10584958118988319,0.5789371454084886,0.7111894769749135,0.7308661325060937,0.6251276805092855,0.4878232481950499,0.6836692704984179,0.6174782441978539,0.4399588044491065,0.503999995968,0.7161694559841303,0.07692304733728948,0.3281733734840957,0.0,0.002319512895565344,0.0,0.004273504182190082,0.0,0.0,0.0,0.0,0.0,0.0
p_52,0.9628453045127612,0.7421714500329851,0.5610098926516154,0.7171123815758909,0.04399999912000002,0.6314797024528623,0.6559574834928984,0.6669803918081149,0.6223548553684823,0.5962953560041484,0.5891939759270257,0.41172950082747156,0.37504332625634895,0.744948222677729,0.40534286873649256,0.12495266920682949,0.258018529878699,0.3836206868992767,0.5905370001714662,0.0,0.18545454376859505,0.7526402522123776,0.5499465439421811,0.6724973850437329,0.01846153827218935,0.5510133346921663,0.590314382483817,0.7897743022293715,0.6829982682958351,0.485146000435763,0.6270037999884254,0.4943015913211815,0.29971387643112685,0.484563755137156,0.6597422876534618,0.0,0.244935541022693,0.0,0.0023228803446819937,0.0,0.0,0.0,0.0,0.0,0.0,0.0,0.0
p_53,0.9685872927974577,0.762088736224579,0.563413358678973,0.8595120158284675,0.18790218548388438,0.6509476666238367,0.7523392796577621,0.7631773464700191,0.7313747356745076,0.692149819828844,0.7126050406860784,0.6356589126755202,0.6677165343815488,0.8182026067723689,0.6249999993489583,0.40677230213420384,0.26181513901373843,0.5527222567007426,0.7087978042284361,0.2315789229916923,0.3643724675282101,0.7633110161415597,0.5595091414027693,0.7827324474802776,0.12903225617254757,0.6353042726359405,0.7692348190686975,0.7560055108392707,0.7073856967088092,0.5850871340014407,0.7421451774248011,0.6362474898373358,0.42024418979865263,0.5633802775138601,0.7153555030877241,0.16666664682539917,0.28275504773301374,0.0,0.004073319714120981,0.0,0.0037878787161386607,0.0,0.0,0.0,0.0,0.0,0.0
p_54,0.9692256971326326,0.7470593403193778,0.5399423866289913,0.8245031467391073,0.1903323234088773,0.6401969471905077,0.7114273146920415,0.71923917495467,0.7527464677518242,0.6423176036236403,0.7470622216392561,0.5231153664176785,0.3418259011258814,0.7805515617598106,0.5856802850201505,0.4253528090483961,0.13820731027437502,0.48982667302315996,0.6732142851132016,0.4225351517556124,0.36312534927979007,0.743628292215757,0.5340790948156624,0.7244946487963766,0.024955436275304166,0.600856355093973,0.6683075864672318,0.7340960518392657,0.7388904212822379,0.5213223782068444,0.7096662018260324,0.6183397677429153,0.465214632131075,0.5314371217706803,0.7019867543929468,0.08163263640150277,0.325028310730304,0.0,0.004761904705215421,0.0,0.011560693418869106,0.0,0.0,0.0,0.0,0.0,0.0
p_55,0.9723334827450584,0.7365585718720096,0.5942625233027196,0.7351942919337853,0.0,0.6106537674842787,0.6909829416767175,0.684638043075677,0.5459981594457243,0.5577609828438161,0.44672454546689105,0.5433202876281705,0.5583828761988517,0.8030353475385612,0.5939863837046271,0.3714991755117398,0.35914178936967445,0.24507936352330564,0.6728141612217715,0.0,0.18430883954783514,0.7506017170161077,0.589795889044804,0.7369259089730179,0.0748663088259125,0.580838670330536,0.663443083281358,0.7903387448434863,0.5876061648447036,0.5627781166017118,0.5356921158663996,0.588235293557743,0.41581305951374353,0.33930704695754454,0.7712036906152777,0.0,0.45029820849752383,0.0,0.011778562876577588,0.0,0.07228915372332716,0.0,0.0,0.0,0.0,0.0,0.0
p_56,0.9658160331697253,0.6769698466207553,0.5640275067925654,0.42296671762952753,0.0,0.5370143642053052,0.6480920192860075,0.5804547054192568,0.5555141109592017,0.48425745299229767,0.39613818012349045,0.27188689357320883,0.5604741608437226,0.572805436794233,0.33186443367369245,0.1407956842335864,0.20898641479108457,0.24679029781176678,0.5066355545379645,0.0,0.03501945457160594,0.6937893529802616,0.5636804636552738,0.5985881200114556,0.15931108547566109,0.5196613823021646,0.6512102154470161,0.7653974049152745,0.6546607474259217,0.5323561740327181,0.5907819163734621,0.44051312111971735,0.2762857138910204,0.3832402213226803,0.6144495091763714,0.0,0.2690991987559955,0.0,0.0022727272598140496,0.0,0.0,0.0,0.0,0.0,0.0,0.0,0.0
p_57,0.9669619516920175,0.7493800081902692,0.5748774113388331,0.7830623812604444,0.028391166744618824,0.7422067807904389,0.7417702218912486,0.7258402868277282,0.731803888748336,0.5975896066695965,0.6882406552898197,0.5489412682822962,0.6448311143401615,0.7156489457051486,0.4819920726503601,0.20696387860891008,0.31957104386288987,0.4094488156736314,0.695392427230683,0.1558441356046577,0.2744186014602488,0.7598180639499498,0.5836842921292653,0.7814630641403275,0.10064239720939618,0.6948498436343457,0.7577045275840597,0.7589080609226412,0.7150328243963138,0.6306911088469824,0.7687907186257894,0.5850660825110985,0.40296105503224805,0.48521606910374476,0.7294541918791496,0.0,0.3533045067739067,0.0,0.0026666666311111115,0.0,0.0,0.0,0.0,0.0,0.0,0.0,0.0
p_58,0.9682151968615467,0.7222747996182713,0.5775925506742107,0.7682741390332697,0.0762155049117542,0.5572806659308456,0.6475165151499225,0.6601389468642985,0.5291426292727843,0.5876551601873362,0.47915213989798894,0.4576576560084408,0.3918961684333771,0.6259754015622933,0.4600510758299425,0.08765088191708285,0.1846808502779538,0.45434623481120356,0.5587650920382354,0.0338982993392713,0.31847133573554526,0.7382199714486228,0.570710576351301,0.7352707416513111,0.03431839814758438,0.5072495863231961,0.5801512451829425,0.7267746192814566,0.519199676112369,0.5730421681353143,0.5976541181155836,0.5439365127354414,0.2821948482975087,0.3155869126646125,0.6553369106623905,0.0,0.3639968264710673,0.0,0.0015349194128039922,0.0,0.0,0.0,0.0,0.0,0.0,0.0,0.0
p_59,0.9646265044083978,0.7460887316646122,0.5515599541550743,0.8021339653024565,0.16466552033163773,0.6350903378108734,0.7181651117210937,0.7435432226555265,0.760273089320787,0.5675518505838808,0.6299181133814298,0.5836415923401496,0.6515986751609738,0.8356064256977735,0.5739715613003674,0.34133222933112906,0.21364092169688606,0.3964627826347621,0.7027555549308839,0.3421052181440502,0.29525483131075086,0.7445774922151295,0.5397250035599139,0.7221697875305898,0.13967310342239075,0.5937582695704605,0.7088104773488723,0.753077734345716,0.7534246565021581,0.5828860753591028,0.7260248548951497,0.615491835309148,0.5110486128745508,0.5800561757018527,0.7201831106677159,0.0,0.24812463792195824,0.0,0.0026420078911227494,0.0,0.022857142421768718,0.0,0.0,0.0,0.0,0.0,0.0
p_60,0.9745377823990258,0.7500415987131728,0.570146095575667,0.7970830336461615,0.12389380256872119,0.6129652118164263,0.6728961011839175,0.7910536141798143,0.5913455831756425,0.5077831450749305,0.3742942537789866,0.35673623949965616,0.3202357548122016,0.8222593424876431,0.6058759942951008,0.3432979742655777,0.30284857344191474,0.1322789350662909,0.6549004876793838,0.0,0.1651785695850606,0.7632849108189607,0.5766526964115395,0.7706386287833342,0.05663716713916519,0.5740593898253807,0.668950908568215,0.8431677014542083,0.6608714542422347,0.4300429180858001,0.4252873556951262,0.5576816922192441,0.39367051110075346,0.1459762935372658,0.7233209579997834,0.0,0.3678977246598173,0.0,0.0040609136643562065,0.0,0.00514138804263784,0.0,0.0,0.0,0.0,0.0,0.0
p_61,0.9632238597591141,0.7175720181467461,0.5602942736807514,0.7599875864777101,0.10588235169550175,0.4466948309445367,0.49845857153053263,0.6603010665658396,0.47566675788134294,0.6047851479516803,0.5713904805074117,0.5305838727280263,0.25605966279639736,0.6025529114827187,0.5518412579979968,0.29489772916408696,0.19014529314546652,0.2963827287258884,0.5949867005762983,0.0,0.26576576456862266,0.7310245832781043,0.5418375943209893,0.7341485616873388,0.3164835130056757,0.3603359437214856,0.3983997985481809,0.7411415230526515,0.6680688330133185,0.6518238737184934,0.7369449864047124,0.653110822542846,0.42837811631861955,0.3657142833922903,0.6719536368217526,0.0,0.2682042824770864,0.0,0.0,0.0,0.002954209705255396,0.0,0.0,0.0,0.0,0.0,0.0
p_62,0.9606363687319034,0.7050702971855661,0.5307627989267382,0.8253273983519881,0.18832391536418158,0.5253448533809242,0.49052882384734076,0.7309597875729003,0.5407008672517842,0.5768174970540888,0.5770577920817475,0.4615881198786697,0.5450390391448504,0.6514510091644501,0.5612714339593565,0.22475247469120674,0.3457067853554301,0.22995780348145778,0.5632610755995673,0.0,0.37660721536040137,0.7146674226237546,0.5326112034063938,0.7639175255270885,0.13599061974219673,0.46964648507321277,0.5524941103764582,0.7812519267460672,0.6001648797548406,0.45141128986752893,0.5613963027486729,0.6003375838331418,0.3524102556873636,0.33204033877393063,0.6647612637317071,0.0,0.3511450366787742,0.0,0.0028011204285635825,0.0,0.0,0.0,0.0,0.0,0.0,0.0,0.0
p_63,0.9624828361486718,0.7305865091148298,0.5089654176889206,0.8108282305702377,0.2222222208655542,0.48934579429089387,0.6216496986829221,0.6718978739404474,0.6261565383518923,0.5638846731776584,0.637960065821602,0.6184289413983032,0.3238566117682051,0.7770146590564597,0.587359927756737,0.3472882960340431,0.3219328512019678,0.34206219032682333,0.6822281161076674,0.3218390434667766,0.3021816987880765,0.7345532293653919,0.5155359544277113,0.756075260873857,0.2549019588619762,0.520169003316972,0.6181725206447815,0.7370229471487159,0.5203003983568406,0.5508844468747021,0.5540919875748392,0.6250929209340936,0.37302839043172636,0.38714185613457824,0.6881612084902089,0.0,0.35239902317050953,0.0,0.0037617554623087432,0.0,0.0040404039587797185,0.0,0.0,0.0,0.0,0.0,0.0
p_64,0.9767111604649781,0.7591878527771367,0.6040929066087375,0.8048591363811238,0.08912188611897921,0.5588566283143859,0.6022730465144087,0.66519075288823,0.6662325814998925,0.623839140645958,0.5878326985022192,0.5103448258263971,0.06127114741074006,0.7194366461129159,0.4505272599837029,0.1809744775765145,0.17250673761451893,0.2763256140677699,0.5502363553500332,0.3809523356009124,0.3343928777215965,0.7576422696210746,0.5851107690304329,0.7446850260059625,0.017021276354308137,0.5120244481755787,0.6291201964079108,0.736147756851282,0.6855471337780253,0.5630464342694322,0.6823995664161421,0.4650876648568772,0.323165416902274,0.5654885615697258,0.6800555141807041,0.0,0.2862930433065966,0.0,0.0019120458708217413,0.0,0.0,0.0,0.0,0.0,0.0,0.0,0.0
p_65,0.9730474300730709,0.7329409510762134,0.5841847701717481,0.7701302823195867,0.1797752775322982,0.5551945346071491,0.694213249861007,0.7310802595563595,0.6434281212902265,0.4980701750016928,0.5188679235493058,0.5637642895173074,0.45761109216006585,0.8034364164352836,0.404789356625464,0.33189250078576865,0.3946459395740676,0.10909090829752068,0.6152988042905986,0.0,0.1832669304455485,0.7287684449626585,0.5613219549339851,0.7527578486825905,0.01622718019823164,0.5082187462873461,0.6420244566698041,0.8014582713560655,0.7320879631921401,0.40138233277024415,0.4840569869673389,0.5546324719571677,0.3601175041297434,0.1718440173704956,0.6936272715573201,0.0,0.3997071713052184,0.0,0.0,0.0,0.0,0.0,0.0,0.0,0.0,0.0,0.0
p_66,0.962440873296892,0.7383867940691109,0.5056632023325368,0.8189042238314913,0.14479637681456162,0.5438460686822503,0.6171227754884759,0.8301252503225477,0.6313730595496505,0.4320087491505571,0.4972886111723467,0.5612903199940538,0.5906663557216941,0.789760183749696,0.574397255548878,0.31157335624790145,0.4546498260442027,0.3302411843205827,0.6933874806273617,0.0,0.3496731997575719,0.7399282452028935,0.5154347470031859,0.7861761618375672,0.16842105009893157,0.49963337723646545,0.6207195894665303,0.7797080463386971,0.6215129421694987,0.49917099535849346,0.570025534138626,0.6450668482042873,0.439267223338775,0.2661870484446975,0.7342616520184594,0.0,0.3654822314411606,0.0,0.003976143101628796,0.0,0.0,0.0,0.0,0.0,0.0,0.0,0.0
p_67,0.9707561691255141,0.7510050025831653,0.6039147848450837,0.8329219761079323,0.1315280438776007,0.5275958839228333,0.6303060560659538,0.7771789818752312,0.6878027293176985,0.5481761596563648,0.6291179585031563,0.6414473663110284,0.5393770561170497,0.6756668366396312,0.5754232446495879,0.38160676465537924,0.3259098298429667,0.30886426378902865,0.710463827204002,0.022988503104769756,0.13474494576761362,0.7606930470184102,0.6123757326383343,0.8086222858274399,0.06150061424968494,0.5359654608711093,0.6375062783669097,0.7747405028124882,0.6993745948896112,0.6038629041811562,0.7067560211795761,0.6107408106924959,0.4219274970434527,0.5751724098263972,0.7572250121880869,0.1333332888889037,0.28993666228053017,0.0,0.0024330899947312655,0.0,0.023121386837738213,0.0,0.0,0.0,0.0,0.0,0.0
p_68,0.9718206468836328,0.761909891068118,0.5742085481077115,0.8143195573496607,0.009049773550910101,0.6293681034747317,0.7282412891048217,0.7881073395703627,0.7506962092859957,0.6229685801526106,0.6705135590103606,0.4954212431528331,0.39347825944391934,0.7788269039981434,0.535132818621323,0.31621349382434344,0.3233190256398711,0.4199584170481052,0.6962238699458666,0.039999992000001594,0.34573002516714857,0.7650871433630434,0.5687189605970508,0.8111298478873821,0.20528771064871368,0.6721775206386444,0.7078350123012481,0.7673531650722566,0.7444011675457629,0.6548580892325895,0.7477055614390231,0.6383793583568037,0.5172288710242494,0.6694271865463962,0.7557061047215855,0.0,0.465890180444314,0.0,0.006006005945885826,0.0,0.07809110459672225,0.0,0.0,0.0,0.0,0.0,0.0
p_69,0.9682717898005422,0.7561211542463018,0.5490170515433997,0.7477684604085959,0.05429864171495261,0.5686831884196094,0.6736386636281958,0.7757130749642965,0.7476482607394025,0.5109561747898843,0.6623504008978803,0.5825968708953199,0.46101463922024294,0.7797034468226934,0.48673481051253614,0.23618192894925163,0.3388466681321114,0.376929322689445,0.6821256032655901,0.1034482580261624,0.3307086588133177,0.7598127366920593,0.5372690422075492,0.7922036691053244,0.08088235194997118,0.6105121809686337,0.6648944877442999,0.7961212412050246,0.7450455265867093,0.5596356936734467,0.6656632160570777,0.5627521760854193,0.29298597135674154,0.4973138872040377,0.7278753722838288,0.0,0.4332460704630493,0.0,0.005852231120320182,0.0,0.0,0.0,0.0,0.0,0.0,0.0,0.0
p_70,0.9791762929916281,0.765375562583559,0.6384102291775197,0.7974747472230194,0.20751879387189784,0.6439850085027057,0.666577323068759,0.7071938025094734,0.6430260040947341,0.6060559121768327,0.5867251086619832,0.3923512720088437,0.21743697364791506,0.7892304882249925,0.5376590856064478,0.47229293034600955,0.25175526453482816,0.40768094233618213,0.668655189476176,0.1052631301939131,0.1474172945593889,0.7706248717359638,0.6299170659890244,0.6729772675513181,0.01855287535152365,0.6458361799672305,0.6037043164028499,0.7831062942304622,0.7225609747624754,0.5475020104142444,0.6916400172199787,0.5109330162155605,0.4580697478376809,0.5207296820302395,0.6710546930958668,0.0,0.29964664099189653,0.0,0.0011580775844928918,0.0,0.0052910051510316105,0.0,0.0,0.0,0.0,0.0,0.0
p_71,0.9775603826034288,0.7480968883985106,0.5930766403119088,0.7386106045874881,0.0,0.46603619301963367,0.5430224354068702,0.6285518067522741,0.5768950810264167,0.6685374705607977,0.4330939940713218,0.22723961961223876,0.06264609601380974,0.7029617828914443,0.44482134730345846,0.3166627155329161,0.20445810836103723,0.24782608516068055,0.628161818712893,0.0,0.2948356779827636,0.7496923919455134,0.5882888437179719,0.6675261880197211,0.09124087424742931,0.4957204397891791,0.5067155984999537,0.7774049213378985,0.678434197072005,0.588950375951238,0.6784696163863922,0.4946408890166875,0.36337156314696606,0.43971630922168725,0.6608955218948541,0.0,0.19415448649108052,0.0,0.0018796992392871275,0.0,0.007736943757505924,0.0,0.0,0.0,0.0,0.0,0.0
p_72,0.9612637279827125,0.6720181005681758,0.47584622972322826,0.7055681611402244,0.08390022580611989,0.5198500939991214,0.5704278824386615,0.6026865355217302,0.4106051641921889,0.6264445949809274,0.5685279178197498,0.39790575817026735,0.10163651980346028,0.7297754940107763,0.4709793347071165,0.19065333599011083,0.29074174258055835,0.325053226933618,0.5776566752723502,0.2499999553571508,0.21758467253648758,0.676337158481643,0.4535313957910091,0.6894365995955073,0.15368196207383178,0.4898401842941089,0.5447617161984347,0.7069315868667129,0.47823629114953503,0.5644884734573362,0.65223054273489,0.5964592979843983,0.3590410697657665,0.3111111088065844,0.6942175230704649,0.0,0.31961668455575903,0.0,0.0011952191211250616,0.0,0.0,0.0,0.0,0.0,0.0,0.0,0.0
p_73,0.9663581779734282,0.7519094470754107,0.5634534969046892,0.7138486972188105,0.16666666418650797,0.6045531046851709,0.69706897241524,0.676744540806869,0.6823562962739177,0.633320796696765,0.6722141811284115,0.5468678530092919,0.3039513667546391,0.7839158903157312,0.37055016143755043,0.2712490756259256,0.2915484952266109,0.3747143916624951,0.6513130638295808,0.12345677488187964,0.1870781081284657,0.7475575522370562,0.5437487370374359,0.7242966744508474,0.113580245511355,0.5653676292910975,0.6924327916583632,0.7715575862186184,0.7350014206212662,0.6183800617032904,0.7214611858968746,0.5767988246923164,0.40823269194041045,0.45350500390912013,0.7278254086299101,0.0,0.3455319119529199,0.0,0.006688963136131961,0.0,0.004750593711387323,0.0,0.0,0.0,0.0,0.0,0.0
p_74,0.9656067056012281,0.7386477983397916,0.5381457990355977,0.8578901480465193,0.25268586053852227,0.658767252395329,0.7647088891738261,0.6890052351776993,0.6972313181529907,0.6645586767869196,0.7220332184870258,0.6252397379646342,0.7116564403534195,0.8024878690029368,0.4857414442897559,0.314261314444361,0.2139319900497458,0.4160583911236614,0.6647433339984646,0.0,0.2229102158556106,0.7269822169571604,0.5424082323688,0.8097745265845877,0.2501240682375977,0.6269532084791829,0.7656578044972651,0.7398234926867185,0.6636413938421235,0.5594145909137018,0.6814303114964846,0.5714007397512169,0.4974190509211191,0.49956933247571633,0.7068125395726648,0.0,0.1967012822336552,0.0,0.0025316455642792287,0.0,0.004048582913996297,0.0,0.0,0.0,0.0,0.0,0.0
p_75,0.9726619215795816,0.7597631611955535,0.5813955000978718,0.7709013385044958,0.17005544972171074,0.5712624232446496,0.683372784714362,0.7699710260916954,0.6951039561433884,0.5550864489796076,0.6739085007856518,0.5543657308304542,0.417169207459492,0.8212785526872177,0.5880295369335119,0.40664482824837433,0.45684463887256266,0.47829786826980536,0.7036682053640602,0.0,0.21679687288284305,0.7504573566445003,0.5739846624846561,0.7662814030270044,0.15924426235837702,0.5894810169645627,0.6908780670449526,0.7707820104435509,0.7121273979690658,0.5453380320993934,0.6727097383361432,0.6475121295333345,0.4163004386410299,0.5297382987332411,0.7100417376953583,0.0,0.34599838038804864,0.0,0.0059701491646246396,0.0,0.07293665886877815,0.0,0.0,0.0,0.0,0.0,0.0
p_76,0.965676907528399,0.7249357989856179,0.5497275709041541,0.7270383932118856,0.04400977887506653,0.5144689163734251,0.6211939500256174,0.6926695838661545,0.5802775740244301,0.48774057431431533,0.5168924703877681,0.6085440261303573,0.48238111364221303,0.7674966583390752,0.5287356316412812,0.1745481099606571,0.1857614324103657,0.04455869713317312,0.6818946856761283,0.0,0.36055469675997925,0.7379276798511452,0.5441383296319536,0.7202477656781845,0.04615384556213019,0.4991052164206811,0.6234897402336427,0.7806990406553053,0.6178282888979484,0.48458411769149984,0.5308749338478432,0.5860007707423827,0.3482280425471186,0.17138484949208227,0.7212773852794078,0.0,0.3591191397000613,0.0,0.009022556255299906,0.0,0.0,0.0,0.0,0.0,0.0,0.0,0.0
p_77,0.9728427879313123,0.7485703831998336,0.5848392753610875,0.7483101385699323,0.009900989853935895,0.5319273208625621,0.5283080171846108,0.7406421064552734,0.6283870959633715,0.5577248813785104,0.49871111789188677,0.48877146308605374,0.3630640071246449,0.7345119980482072,0.5788883216941476,0.33689951680952485,0.3108384436888995,0.27020038610083785,0.6414221933662132,0.0,0.1156249981933594,0.7501597927422764,0.5637180191895172,0.7330132932671591,0.014678898813231214,0.4799385568732397,0.4280898286572862,0.8049290110876351,0.6897156448832323,0.5196922508520863,0.6018041227419393,0.571855690081866,0.38623063616827774,0.3667546149950223,0.7298917692673894,0.0,0.2884431682097119,0.0,0.006718924896764559,0.0,0.0,0.0,0.0,0.0,0.0,0.0,0.0
p_78,0.972176329292836,0.7521918393630349,0.5770206980758542,0.7762876805267698,0.1458333295355904,0.6776749948592727,0.6269541014209851,0.75754035643716,0.618518517637438,0.5656324577517623,0.5816657126326173,0.5871029808127863,0.2862436299849762,0.7461889911166598,0.6236089437091951,0.32975491122188594,0.35865632889583293,0.22727272542798113,0.706882458143794,0.03174602670697989,0.4046242741154065,0.7466210146356828,0.5674238319815226,0.7169102851569598,0.09478672761168892,0.4980947374518601,0.5274882313013136,0.8280831094570581,0.6660367161635574,0.5247737235002579,0.5575380576894122,0.540752189035804,0.3391003454032046,0.2628726269453074,0.7157704468174647,0.0,0.2861150050062061,0.0,0.008486562821972238,0.0,0.020270269585463865,0.0,0.0,0.0,0.0,0.0,0.0
p_79,0.9713739000689463,0.7578124111472161,0.587808272276032,0.8496003153806374,0.23144104298163662,0.5773043508566194,0.636822900201637,0.7638125302031394,0.6922215299412302,0.5553133509942658,0.6377295479179267,0.5397316793615496,0.3477313961969822,0.7823369865683796,0.6528125332903791,0.43248347395542147,0.3181818161157025,0.42225391995539285,0.7044770983032765,0.02564102235371508,0.33886084831390884,0.7539986217666258,0.5732460390886883,0.805159457543838,0.42151162178035434,0.5269080150269494,0.5859479770278937,0.7977534798364382,0.7212250524397829,0.6050370364394696,0.705461766225498,0.6942238652298228,0.4629555457289637,0.5685131153898461,0.7661410782023725,0.0,0.38022813447257203,0.0,0.002205071640517402,0.0,0.02990654149707399,0.0,0.0,0.0,0.0,0.0,0.0
p_80,0.9676496578608454,0.738681878856679,0.5859099893134333,0.8471573905304735,0.2066198575063204,0.6322587786924032,0.6802514807393312,0.7884713191362129,0.7482945996666729,0.526096411266676,0.6547725230714262,0.5144747704116014,0.6596679671394825,0.7820062706227575,0.5816440180645533,0.25590460844782253,0.4731861177413874,0.40782542958746854,0.6253571070580661,0.17647057093425775,0.2252944176892247,0.7208155864921608,0.5678096841107272,0.8100376965000969,0.09411764521337951,0.5919805400505839,0.6691702121017359,0.8037872176381043,0.7337210619982655,0.5935194690507802,0.6782680740040024,0.5787160865698165,0.3997459233543385,0.524590160195366,0.7103701603933595,0.0,0.3274336268697627,0.0,0.00464037120816533,0.0,0.004535147289452443,0.0,0.0,0.0,0.0,0.0,0.0
p_81,0.9586677445423379,0.7249300465007026,0.5141403001158997,0.8356797475928512,0.3115124118339457,0.4968744287156142,0.5156406068749195,0.8255674342086974,0.6812722704483671,0.5826587334607835,0.6080788165358053,0.6293350282235601,0.4709968722785798,0.8229487252739462,0.6556176520951844,0.35906890905953237,0.3414410264275308,0.32639466838971964,0.7271081853335186,0.0,0.33751568169689034,0.7007496631660639,0.4797115611970815,0.7939443384419833,0.28115941621508095,0.5375351122651799,0.552333822146745,0.7861588245045066,0.4919093845447187,0.5594718341396318,0.5333080270766597,0.6969561718316913,0.4002413507637946,0.36506023876469734,0.7455383694634605,0.0,0.37365368527898224,0.0,0.001826484001584621,0.0,0.05357142737563778,0.0,0.0,0.0,0.0,0.0,0.0
p_82,0.9692679703440304,0.7117703759865796,0.5738499766600871,0.8682887044664384,0.3466183553948167,0.5970404096478276,0.6938813590359891,0.7394655410748436,0.6159002821662299,0.6831023927630895,0.6702679328645896,0.616285553217274,0.6836242096479314,0.7987884168862335,0.5195367458387956,0.4155773409161837,0.3827868836771029,0.37283621589323424,0.637932485362461,0.0,0.39188520340482336,0.7348676948907076,0.565282377411784,0.8612600826550555,0.47332421016878107,0.6361223980769296,0.6880792003079175,0.7971489110658518,0.559211254504031,0.6556935811017665,0.6469580106106299,0.7123923762093525,0.5262277940935679,0.3868092657147124,0.7255040395971569,0.11111104938275035,0.44560034483918354,0.0,0.001333333331111111,0.0,0.0,0.0,0.0,0.0,0.0,0.0,0.0
p_83,0.9658224296746508,0.735836570503174,0.5566565248239309,0.7218604648364882,0.18918918492817152,0.4952951498448919,0.5356727834261916,0.6189361698835446,0.5683623088985166,0.6518120799536358,0.6441390450377704,0.5043739052627495,0.5434669428853021,0.6417748775671419,0.48956315850057763,0.19039967826792595,0.24361493004118404,0.3619683039035171,0.6028247198931956,0.039999992000001594,0.2296486698401999,0.7401846766051957,0.5561581338558145,0.7324202588783802,0.0037523451453593784,0.4653733539284179,0.5171764533120499,0.7636016919351638,0.5767382243119319,0.5910594253802844,0.6606606596164681,0.48835403679313466,0.3113816633252506,0.46039970051517615,0.6786640466179458,0.0,0.40181611576721843,0.0,0.0030852294520430793,0.0,0.0,0.0,0.0,0.0,0.0,0.0,0.0
p_84,0.9667254189800996,0.7086583637340184,0.5281049609934089,0.766907606979956,0.0,0.619904159925008,0.6548620396659289,0.7065580713212382,0.5568794675067359,0.4600862556269133,0.39479095203085857,0.5049900174401696,0.1482213431411989,0.7298122733871113,0.48615569774663353,0.15059817003765277,0.2585034000078315,0.1462029797998369,0.6020714495631406,0.0,0.30155641730003485,0.7210283906854227,0.5336568088506506,0.7303925068060395,0.17535544815929563,0.5082767690353177,0.6097390595222346,0.7399581586088085,0.5948644786081022,0.5127933646437327,0.4336813273426642,0.5638904205149012,0.345932763724207,0.12242424168227732,0.6814133011569082,0.0,0.41499999740625004,0.0,0.0031446540386060686,0.0,0.0,0.0,0.0,0.0,0.0,0.0,0.0
p_85,0.9684066155367623,0.7201266904451565,0.5691085162445576,0.7383799008358021,0.0139130432362949,0.44081487721497564,0.5187133605893728,0.722681987916988,0.5437085431702717,0.610495436269153,0.610966810085185,0.34642576454663876,0.26275229261375305,0.5660494545286738,0.42855878932269414,0.15748031469106416,0.25341130505492665,0.3386861289146998,0.5089322462262845,0.0,0.29999999833333335,0.7071789987483084,0.54835565389048,0.7060502060285928,0.17201540215641334,0.5498629149865873,0.5493215408753951,0.7549502238513565,0.5791374116558301,0.5804809046860152,0.6048857358473039,0.5476440632444484,0.35262593720502694,0.3479490781616048,0.6224893913560896,0.0,0.328941775057621,0.0,0.0030105368715239917,0.0,0.0,0.0,0.0,0.0,0.0,0.0,0.0
p_86,0.9778580831776533,0.7687432435791824,0.6483033497770944,0.8410886020703546,0.1103896085975713,0.6192169485291179,0.706546125897873,0.8003696853319726,0.7703288289952475,0.5970093100752287,0.6077661417806149,0.5315134462805562,0.25588361037277013,0.755853647419304,0.4922861145138388,0.4200932589654658,0.43824701020618717,0.34336525072937585,0.6620196270182339,0.06299212102424244,0.18803418642705824,0.7461615829623761,0.6095218112040554,0.8101035193332905,0.3099273570226712,0.5831523601586558,0.6667759229690589,0.799573307574035,0.770770769806343,0.6060664600018678,0.6844919772017853,0.6747156249503935,0.4912497416280632,0.5734265697811407,0.7814361343634711,0.042553182435493095,0.308035712566765,0.0,0.0,0.0,0.20440881353890153,0.0,0.0,0.0,0.0,0.0,0.0
p_87,0.9731646096502756,0.7561102847549188,0.6029704173133641,0.7983416764718855,0.15409309543991823,0.5574354406823131,0.6839113332709142,0.7823945166082702,0.7434420975771694,0.5364356937386553,0.629492907267354,0.41872909418910303,0.235831113595165,0.7665216001938195,0.6704578306790768,0.39665071675442415,0.32860519900351537,0.552329503360368,0.6902237921165878,0.0,0.3475091087787472,0.7613565628607246,0.594514788800463,0.7375504705117762,0.06779660902039646,0.5290195648834081,0.6509919176582568,0.7767138572656325,0.7301886782612013,0.6109090903394787,0.7383109809019374,0.6341883608018871,0.4500099374875573,0.6228868620098383,0.7295149803596135,0.0,0.35771180045103695,0.0,0.0,0.0,0.005235601957183195,0.0,0.0,0.0,0.0,0.0,0.0
p_88,0.9687814274590555,0.720310988563982,0.5318987614757515,0.7715410793755983,0.12020033188313303,0.5599861242632926,0.655282958057259,0.7292315813418371,0.6198630128821615,0.5374699204731266,0.6465342508177255,0.526897936013585,0.5838961023794906,0.7512014011480752,0.5776658264298218,0.36617223740054855,0.3322033879536532,0.18945634110826737,0.6570264435112037,0.042553182435493095,0.3658362963285673,0.7315478012489602,0.533973889069109,0.7051937339610934,0.02427921055721987,0.5845564984881749,0.6898714864078037,0.7679718749133398,0.6271435563116811,0.5580129888028673,0.6126160978858048,0.535073408916116,0.3011970231297363,0.38135086442707194,0.712995030332032,0.0,0.3884514410206598,0.0,0.0,0.0,0.0,0.0,0.0,0.0,0.0,0.0,0.0
p_89,0.9693797660478227,0.7316329286777855,0.5651430308205444,0.5635876835980692,0.0,0.4878381786967279,0.5735295895929217,0.579010255611366,0.5669938363764051,0.6284137925255965,0.6285714275333255,0.28979300292795857,0.3838908724134755,0.644542610897692,0.4772202388439846,0.3514027571293325,0.13383600313932137,0.30413454587151684,0.6553436943956548,0.0,0.032467531940462147,0.7448940846388111,0.5735517744964896,0.6582690654170787,0.005747126271634303,0.5372742400059122,0.5895472957105479,0.7364502843965652,0.6776704231378551,0.6551071872056461,0.7659002675934604,0.6153541743021823,0.412213739607564,0.5150905398048924,0.6618026378791343,0.0,0.1122881344037274,0.0,0.0022701475467074485,0.0,0.0,0.0,0.0,0.0,0.0,0.0,0.0
p_90,0.970967206571865,0.7297940251663354,0.5882811945720611,0.3436692501526425,0.0,0.525649652727375,0.6729122396242865,0.6189799011096986,0.5251412831109386,0.5448482823067287,0.46684262542586175,0.3957420138024921,0.506365739275562,0.6917150555123261,0.3233767502464237,0.21490803443386636,0.24999999874497994,0.31301730389001275,0.6265465093733417,0.0,0.07755101882548941,0.7343080252551367,0.5906138833501368,0.4924516900778205,0.0033277869662597845,0.5726118325292047,0.6906353680313672,0.7514022535113455,0.5921088427318247,0.5854913084555771,0.6483375948715832,0.5295746780122902,0.41391371858936316,0.44430217385209875,0.6660892156300785,0.0,0.17280812995161207,0.0,0.0,0.0,0.0,0.0,0.0,0.0,0.0,0.0,0.0
p_91,0.9568661234564879,0.7194444273641712,0.5703390175655974,0.7646523268665913,0.09311740702191484,0.5246659743129573,0.48966928705872825,0.7042906838876903,0.5086743766585027,0.5471779401499512,0.5418079921223891,0.6344936683762117,0.5868388159374452,0.7448862972892261,0.4963892705498717,0.3239899471796058,0.25975261531992094,0.20341207215608878,0.6690282693137263,0.0,0.29593267674661516,0.7302404723854399,0.5584691345316092,0.6986251617646562,0.25340599109801104,0.48873427003930986,0.44708338902647204,0.7867191892765338,0.5969301928123106,0.5115626028150293,0.5874717824668853,0.6270818242601321,0.4030620209294454,0.3354430358516264,0.7096245901299921,0.0,0.4068736119352904,0.0,0.001724137916171225,0.0,0.11726383982853943,0.0,0.0,0.0,0.0,0.0,0.0
p_92,0.9705275440745954,0.7375514047828592,0.5653282000169392,0.8536263497202805,0.1625668431811033,0.6538401679531086,0.7316400509285911,0.7397731544698312,0.7415600867132618,0.5869326495361158,0.723287669817441,0.5620481910781681,0.3589557637456281,0.8003915413370842,0.5782712817567263,0.28633932842406584,0.2400332215945464,0.3881527639271024,0.6630376578056062,0.37647054394464186,0.32757718300587557,0.7466796710964729,0.581837998725517,0.8169777502220669,0.23662884735308876,0.614685998082861,0.7417265339225558,0.7364633505098582,0.6990157922876908,0.6233238514594435,0.7124318211163592,0.6726498044849517,0.5123762365668807,0.47894301834068526,0.7043100562109004,0.06451610822061025,0.4867057211054271,0.0,0.0016597510304574646,0.0,0.004175365257299264,0.0,0.0,0.0,0.0,0.0,0.0
p_93,0.9657868747698645,0.7498564072057361,0.5395101390179821,0.7926513566627761,0.1063122905928191,0.6077099250163186,0.6688503819697589,0.731190649728065,0.6114106575405509,0.6114072489237675,0.6598428063245425,0.5175113287288367,0.48816730740735464,0.7916882075960695,0.4802563803590977,0.31307406622420547,0.27130852232369534,0.4269841235953641,0.6554859205088834,0.06896550535077493,0.3053359668708697,0.7540205051605191,0.5359319430485224,0.7050949319047296,0.07308969978256313,0.5732768578026036,0.6117974205638377,0.7620465317223252,0.6316233301031295,0.5536164626716267,0.732284740177907,0.6441845890121272,0.4525455678765021,0.49999999605678236,0.7326394277360265,0.0,0.3005249324112537,0.0,0.005681818128013086,0.0,0.005464480725014188,0.0,0.0,0.0,0.0,0.0,0.0
p_94,0.9647358643642141,0.7316436284918039,0.5677216139102451,0.8539208312836528,0.060185183792009635,0.5658378512236184,0.5071565054583249,0.7272033154847277,0.587594081770576,0.5991173869381136,0.6110080383199175,0.49128495950026363,0.4199121510397887,0.6001695718165505,0.4659583689657867,0.22945002911600626,0.25996892667028004,0.19396551584794888,0.5322007449664551,0.17241376337693734,0.37000973529693404,0.7319130541876736,0.5522734250798924,0.7977444489181406,0.1002865315145196,0.5296570968455256,0.4683144704051285,0.7869826066377901,0.5742879130429973,0.5191850237675198,0.5787781338850922,0.5736925509373093,0.33351780052846747,0.5170278597753262,0.6462000495151414,0.0,0.34922227622066093,0.0,0.0071377586928068615,0.0,0.0,0.0,0.0,0.0,0.0,0.0,0.0
p_95,0.9694529882724123,0.7317677237902029,0.5669766908388446,0.5385443577319721,0.052631578024007405,0.5332439163569181,0.656601320658832,0.6234351764480622,0.5926350471519773,0.5141414136220794,0.5942083478860317,0.6170316271677293,0.5590851316420421,0.7764552160274621,0.6184342736654478,0.43466512172425187,0.3226971684365011,0.13621262345338353,0.7173754550689547,0.0,0.1958620662639715,0.7287268773349822,0.5552435661245072,0.6206527546540226,0.28908554145891535,0.5126415762296117,0.6018317017754257,0.7421673815760905,0.6649691762731584,0.46245507805706915,0.5605497760762449,0.6664321513794459,0.4984900332222871,0.1655960016731192,0.7266686796083747,0.05714284081633119,0.27100840051461766,0.0,0.0,0.0,0.0,0.0,0.0,0.0,0.0,0.0,0.0
p_96,0.969371716907788,0.7287504749274253,0.5827307540489183,0.7670148127742407,0.0674846615416463,0.612952667075439,0.5918321802780477,0.7145504629528924,0.6301035946007268,0.53872288479944,0.5642950382436439,0.5497305215593801,0.5902642542690841,0.7075531358151786,0.5695316047571336,0.2791795239078244,0.34504391251540834,0.15735641103574816,0.6744734123770265,0.0,0.44114737446936325,0.7301362008902095,0.5674077089510846,0.7510027763414049,0.022181145615875312,0.5426685312186781,0.5918154891436141,0.793711339797056,0.7012682002098777,0.505667816160012,0.690573127637687,0.5350546546032278,0.28506419586370196,0.37426035226138793,0.7498588362860963,0.0,0.38715595975086275,0.0,0.0,0.0,0.008298754842375317,0.0,0.0,0.0,0.0,0.0,0.0
p_97,0.9695367079960562,0.7535111994260999,0.5994526785952374,0.8438691547040592,0.06572769850191396,0.7004039707042238,0.7120124588536417,0.7039968915040566,0.7170557964423483,0.5490266434475405,0.5431140882681819,0.6616785925124313,0.6844229203300587,0.6270333443892772,0.48537190922447165,0.25983224555483275,0.43341771932446727,0.3455723517237412,0.680752263229818,0.12499998046875305,0.3177124676909256,0.759191353386927,0.5942846393711805,0.7999144013125655,0.03558052401141831,0.5666955766579886,0.7029348881954691,0.7761226841223973,0.7222663479980589,0.5365028485251934,0.6430478891880935,0.5302217448764112,0.312861271111161,0.4114114083227372,0.7011451786471037,0.0,0.42760486855477087,0.0,0.00846262329389812,0.0,0.00925925904492456,0.0,0.0,0.0,0.0,0.0,0.0
p_98,0.976043958660647,0.7466882965060637,0.6209682481890281,0.7506460799478855,0.04329004235302939,0.5852004663045653,0.7034245452575629,0.754266015079422,0.6532408633592414,0.5974539819392276,0.6574892117166854,0.6234646309891375,0.2698519506397983,0.7826751104632474,0.5920975488426574,0.2995892720473804,0.2615384597095213,0.28005283830876593,0.6781241897589393,0.1791044508799327,0.3739332787126976,0.7359581541070875,0.5882519049175385,0.6723352027767048,0.018348623516539018,0.5466681097256795,0.717336831607262,0.7925970144521809,0.7265261419018257,0.49682012292660643,0.6664089666285099,0.4742375346369964,0.37540805154985846,0.42119943918270963,0.7208429785895721,0.0,0.2645590660186434,0.0,0.0038350910466434223,0.0,0.0,0.0,0.0,0.0,0.0,0.0,0.0
p_99,0.9773559725703583,0.7743796113616098,0.6162623554139165,0.6483547916332549,0.15503875568375308,0.6750448212875733,0.7463670613060841,0.7182245477936596,0.6642582441856913,0.6429151106614875,0.6601766708848447,0.3993260286493174,0.6012499981210937,0.8356214559734477,0.6609790771267733,0.4589585161982381,0.4200863908202679,0.48174322448914475,0.7280983318499191,0.16666663888889352,0.20422534851715937,0.7716032027106013,0.6044998873994603,0.6551813463015785,0.07462686427934954,0.6412721099443859,0.7502520366781388,0.8224675052493978,0.6837647050779239,0.6228206450692036,0.6746698667901392,0.6459247941917114,0.5153964578225626,0.5054677976581543,0.7532128071202986,0.09523804988664292,0.3854692191173641,0.0,0.0016680567000162078,0.0,0.003944773097736231,0.0,0.0,0.0,0.0,0.0,0.0
p_100,0.9791667579861054,0.7673418671521494,0.6321707240608941,0.6430678461084709,0.3361111064429013,0.5791312826420846,0.6678193684543032,0.6912056171407183,0.6421100490494012,0.5514318005355767,0.6514382388928972,0.5930176920467829,0.39515614915501546,0.765046702583565,0.5987825117888407,0.43591654166185445,0.15114235412336055,0.2626766395454976,0.7335665616520286,0.07843135717032212,0.26190476007069496,0.7594257164653022,0.5980688845549437,0.6713316976833562,0.07884362577078022,0.5044181078553502,0.6460993077162647,0.7672292109437071,0.7329736025478,0.4768107356652746,0.6311460074198055,0.4983879349990765,0.45682166503692445,0.5217391266540643,0.7062711458759374,0.0,0.04881656768626799,0.0,0.0016326530478967098,0.0,0.006249999804687507,0.0,0.0,0.0,0.0,0.0,0.0
p_101,0.9684998891253466,0.7368239874915674,0.5517384024978056,0.8490041097537135,0.1267787823185151,0.5354175702286514,0.6615024694137314,0.728105787769339,0.7279042831237562,0.5396132246416997,0.6995726480778363,0.5738244966342483,0.4602150523495697,0.8135114789842065,0.38737708622527206,0.21983210855238167,0.20191540222699358,0.3806343874738365,0.6736490048638893,0.0,0.2749371321251587,0.7441515537453763,0.5564673188256056,0.8276500998692058,0.18181817915222612,0.5522925250721936,0.6991741983605569,0.7470131785028863,0.7034769824883974,0.5636931614442982,0.7135437460776194,0.6323499065067568,0.44091953921627697,0.6192337715462567,0.6940691921795147,0.0,0.4803370769651085,0.0,0.0047543581239749754,0.0,0.0,0.0,0.0,0.0,0.0,0.0,0.0
p_102,0.9608791617259369,0.6983158295922955,0.4923372474777573,0.8210198608223978,0.25405405233747264,0.5912435478655702,0.6957200162461443,0.696782319536939,0.5982456132854065,0.5530944000826178,0.5227316685572999,0.5875512975801939,0.3430599355557573,0.768942992759955,0.6354755777527243,0.2968350692022114,0.28206551758986387,0.17789291728935305,0.6350012694649045,0.03124999511718826,0.36488027157993,0.6947477402513909,0.48492824363271964,0.8039078364017411,0.12939840942794087,0.5269397291376985,0.642548073117879,0.7480697380149005,0.5650675847269181,0.5552043344375657,0.4918765221529722,0.6027182941207408,0.30052162157071916,0.17780748544246333,0.7150015653656424,0.03448275267538747,0.413387605547772,0.0,0.0,0.0,0.006493506282678368,0.0,0.0,0.0,0.0,0.0,0.0
p_103,0.9706395652980735,0.7702918960772538,0.57026320980908,0.7950978278541548,0.1126760536930504,0.677341727986115,0.6340914824904235,0.7664709715337731,0.7164667383908578,0.530346820261822,0.600071734935309,0.5135916685159534,0.4617625620474779,0.8046823281174323,0.5614245692662819,0.18667245455465065,0.19566840779933975,0.2045288516835,0.7505033550750811,0.041666657986112916,0.1689750669117027,0.7640938509687336,0.5529429517011331,0.7930219621955644,0.06871609278994407,0.5342252024076773,0.6101180485194894,0.7636065377212452,0.7371727739042241,0.5764705876883581,0.6523401918551445,0.5590477179084811,0.2994139579126018,0.6033057809689685,0.7394569606837856,0.058823512110731724,0.3504208083364896,0.0,0.012658227647812855,0.0,0.0,0.0,0.0,0.0,0.0,0.0,0.0
p_104,0.9777055739836457,0.7575970111644986,0.6097977295184797,0.7792820194863994,0.24633430362656003,0.6175633283255247,0.700084426993623,0.7811044573513974,0.691025347464004,0.6105430177974762,0.6660482362410979,0.4726826244770864,0.1363636358199217,0.7689869443935182,0.6200607896236655,0.37614866167827515,0.4449541258890245,0.33607169278512555,0.6996930416953504,0.04999998750000312,0.2873432122309782,0.7702223175942806,0.5904508486552805,0.7462020601867608,0.05147058728914362,0.5561558145158949,0.6478169363291253,0.8208061291637586,0.7656498826832662,0.6241540361984996,0.7033084299122938,0.6213495458772555,0.411519651491542,0.5321992677266144,0.7198078854134264,0.0,0.2802436877263387,0.0,0.0,0.0,0.022598869418111036,0.0,0.0,0.0,0.0,0.0,0.0
p_105,0.9698256888417641,0.7539466760701224,0.5619540208866496,0.7311098231142019,0.06354008981028608,0.5570239471081276,0.6593711203660448,0.705816554450978,0.7093956885344476,0.6095104644806809,0.7042047519118744,0.487148099833855,0.5695570786975761,0.7215806726835434,0.49737229293948676,0.30549743141430963,0.32457785964081676,0.37837837582176775,0.6717765281282776,0.28124995605469433,0.3333333297720798,0.7600711478831118,0.5648048126715657,0.6813559315618117,0.23900788907544657,0.5486825736837644,0.6322456451665021,0.7775250223057751,0.7007399277874213,0.5301712292554059,0.6957821310265989,0.6825851004611889,0.5295786050859429,0.519021735604472,0.7128900088930902,0.0,0.2428447507125347,0.0,0.00174978126203166,0.0,0.005128204996712692,0.0,0.0,0.0,0.0,0.0,0.0
p_106,0.968264230984028,0.6893931728984065,0.5528101940807343,0.783806274118413,0.0,0.6145643729502007,0.6715127857436793,0.6780487801502992,0.5193127811388902,0.5946532498819639,0.5239179943592503,0.4417139242542094,0.49194414475847437,0.7064636631830954,0.44494985997627434,0.18718978920541293,0.31431571468562924,0.11700182708407837,0.5498298103777173,0.12307690414201475,0.24550898019828607,0.6977656535279216,0.5367747216677018,0.7390557160188785,0.1197604766514875,0.5453684979642087,0.6132863716601996,0.7445687618561192,0.5690218750703774,0.4493176466359363,0.5424373370052942,0.5262813516616343,0.27297297244599816,0.3848895197085565,0.6598504496720201,0.0,0.3486430044434081,0.0,0.0023980815060182076,0.0,0.0,0.0,0.0,0.0,0.0,0.0,0.0
p_107,0.9740094404170934,0.7516022306574552,0.6201037640206922,0.8135233828823484,0.13247862964789253,0.561942480556327,0.6868262378468548,0.7021993895744638,0.7638095229002267,0.6383015294496291,0.6976658689622021,0.5258426942658755,0.27672479045972403,0.7736418668857948,0.5668636456917666,0.3620356444877912,0.1432129505403926,0.5177743391207548,0.6840208965195272,0.3678160496763161,0.21301775033341716,0.742399753926094,0.5979018322408228,0.7724251574993545,0.05602240817895787,0.5125152963784412,0.6658316817332938,0.7144711222612637,0.7570518643480413,0.5965498046776574,0.6954792030823161,0.6213435539425625,0.5138358766368419,0.5835156777278214,0.6940110713856643,0.044444434567903424,0.26183843828803316,0.0,0.007471979981668992,0.0,0.04778156915048517,0.0,0.0,0.0,0.0,0.0,0.0
p_108,0.9693532220091359,0.7323770485439508,0.5685551846515075,0.7603838148289714,0.0958605643603363,0.6304767862226088,0.7340045287765892,0.7323943658165405,0.7238709668079084,0.5505141019238619,0.6708788039998491,0.5448315217314019,0.5459119483121712,0.8277967645131318,0.5932593253392746,0.4523271566824963,0.4099999982916666,0.558235695670326,0.6999825565149289,0.30656932068837073,0.23091247457250955,0.7396973228034817,0.5535455197091126,0.7987206182693242,0.18394648521828622,0.6001882550665254,0.745241224815509,0.8075080317865352,0.7213692414782668,0.5525819821404241,0.6054980353347055,0.6718442777508413,0.5713175270670083,0.6406249954501065,0.7272581672587619,0.08333329861112558,0.4406516645411042,0.0,0.0029027575776087436,0.0,0.08778625786667447,0.0,0.0,0.0,0.0,0.0,0.0
p_109,0.9726509679632229,0.7564830172867485,0.5937765071933621,0.7906259630044512,0.31064571883689845,0.6480171135741284,0.7632998398797938,0.7702733223569724,0.7532981520405038,0.4773000457907535,0.5749552049075151,0.7450187677013608,0.770586534570086,0.8273957840885925,0.6921124966249603,0.4623655903620843,0.37672281584112904,0.33684210253569147,0.742709547789777,0.45161285466528445,0.338103753684224,0.7714601085033226,0.6070003773255792,0.7765775156249888,0.12220566136802294,0.6142036917633807,0.7576520875743246,0.7475994508370124,0.7370062360485886,0.6486759645758279,0.6745157602079078,0.6509143202682204,0.46863084840791885,0.5199161389244156,0.7316404669636111,0.0,0.4946641525758685,0.0,0.0032520324938859146,0.0,0.05223880499554469,0.0,0.0,0.0,0.0,0.0,0.0
p_110,0.9798333016782215,0.743503148412157,0.6419277643438115,0.8077305814655996,0.21727018893397804,0.5603544527141595,0.6580209654129656,0.7636136027729952,0.7208685154151164,0.5871112770821363,0.6046603463573058,0.4812398003161517,0.12028150914727122,0.7665702345280343,0.5850444706434123,0.3687758200287545,0.31085420481146947,0.3563068897509305,0.6722996509823174,0.0,0.37231503283758927,0.7427694193455939,0.6204449620834671,0.7383367134795155,0.04733727717283477,0.5306115119877532,0.658525903926943,0.7812230831281098,0.7548665336812374,0.604565322385075,0.7018400287235449,0.5841443627492454,0.4357582330152765,0.5970937873375576,0.707422186187213,0.045454535123969284,0.16295025589236486,0.0,0.0014545454439669422,0.0,0.02283104970705366,0.0,0.0,0.0,0.0,0.0,0.0
p_111,0.9714483584005761,0.7115521925353957,0.5669857733962225,0.7856864161497763,0.02424242350780535,0.5705757651877256,0.5806214721388218,0.7475116794903963,0.6461462074641353,0.4803741741742717,0.6089278889566427,0.43907351239137205,0.52549999868625,0.7283641508594678,0.5636168337431727,0.29224157364342557,0.2880498237133132,0.44743082650252314,0.706226983004497,0.0,0.38680109636295973,0.7052646799600902,0.5459364869280762,0.7236602457510568,0.022038566885989895,0.49705592863483916,0.5309871192752188,0.7725350540994129,0.602267358759722,0.548573559063422,0.6393668261538767,0.5740090310346121,0.41545893628577313,0.4157795841216056,0.7426412712555948,0.0,0.2593167681730065,0.0,0.005997001409340309,0.0,0.06666666349206364,0.0,0.0,0.0,0.0,0.0,0.0
p_112,0.9769075342776375,0.7770959149125021,0.6205838281020479,0.8280426011642836,0.2738095183767953,0.6424083460935996,0.7195240354258113,0.7888107479852993,0.6726121226927594,0.5837075042759026,0.6731817314918592,0.5600691419184566,0.6366666653402778,0.8275885169283508,0.7165690452530835,0.5595581158512053,0.4248191837654389,0.4358784252344075,0.7710997436292362,0.10256407626562146,0.37116564132541685,0.7704458748108737,0.6021918267058464,0.7892536489690538,0.19123505595149293,0.5796316559564457,0.6700404562159489,0.759058363658571,0.6897392143678538,0.5786644608448785,0.7280972234208286,0.7281658308987466,0.5667495842314478,0.5870445304517913,0.7591799259798195,0.0,0.3489736044796657,0.0,0.0025380710337808247,0.0,0.14646464276604437,0.0,0.0,0.0,0.0,0.0,0.0
p_113,0.9753132550828632,0.7496219027922135,0.6218364282225701,0.8329716117575434,0.24999999677835055,0.5964784499724178,0.7281094457686992,0.7067349998929777,0.6580252472294575,0.5968186977789168,0.685164630623077,0.6049586751861211,0.5644622559637199,0.8162963892756345,0.6209208754795252,0.4558342410995982,0.16119096426493346,0.4282238408092146,0.7134542958631853,0.1199999760000048,0.3929098937008132,0.7489064577798059,0.6107674246926871,0.7374114866554822,0.2456140314968709,0.5533374025073897,0.6939553534378694,0.6956521735247797,0.6973792446851813,0.530833562603774,0.683257151374205,0.5930173025565504,0.5514261007964,0.6123076875976332,0.7052985427362746,0.08333329861112558,0.13787375300769308,0.0,0.0023255813683071935,0.0,0.026030368198907416,0.0,0.0,0.0,0.0,0.0,0.0
p_114,0.9741950937983609,0.755403874680518,0.6179741817764048,0.8470197971390692,0.02424242350780535,0.6853977320721202,0.7137561510876042,0.7621520101844057,0.7167473806546375,0.6552538365194351,0.7258799913808499,0.554313096827823,0.17313915787565065,0.8012587211262918,0.6677827763233413,0.4610976405970958,0.28277817050751886,0.512353702780535,0.7395454923210734,0.3678160496763161,0.3846994514497298,0.7510607813454749,0.5954467690507181,0.7740324591139977,0.18592964590540648,0.6247810523522996,0.6892289443780889,0.7752088120232364,0.6656246503677296,0.6011549743433163,0.7389145073804284,0.7086850490445648,0.5173139458249207,0.6261740724722976,0.7516875596659535,0.044444434567903424,0.30954879166028965,0.0,0.0013708019097271973,0.0,0.07553956698669843,0.0,0.0,0.0,0.0,0.0,0.0
